"id";"data_inversa";"dia_semana";"horario";"uf";"br";"km";"municipio";"causa_acidente";"tipo_acidente";"classificacao_acidente";"fase_dia";"sentido_via";"condicao_metereologica";"tipo_pista";"tracado_via";"uso_solo";"pessoas";"mortos";"feridos_leves";"feridos_graves";"ilesos";"ignorados";"feridos";"veiculos";"latitude";"longitude";"regional";"delegacia";"uop"
498196;2023-01-09;"segunda-feira";"05:50:00";"MA";10;368;"ITINGA DO MARANHAO";"Transitar na contramão";"Colisão lateral sentido oposto";"Sem Vítimas";"Pleno dia";"Crescente";"Céu Claro";"Simples";"Não Informado";"Não";2;0;0;0;2;0;0;2;-4,531491;-47,501308;"SPRF-MA";"DEL04-MA";"UOP03-DEL04-MA"
498199;2023-01-09;"segunda-feira";"10:45:00";"RO";364;436;"JARU";"Condutor deixou de manter distância do veículo da frente";"Engavetamento";"Sem Vítimas";"Pleno dia";"Crescente";"Chuva";"Simples";"Não Informado";"Não";3;0;0;0;3;0;0;3;-10,37739925;-62,55303028;"SPRF-RO";"DEL03-RO";"UOP02-DEL03-RO"
498201;2023-01-09;"segunda-feira";"12:00:00";"BA";101;715;"EUNAPOLIS";"Ausência de reação do condutor";"Colisão transversal";"Com Vítimas Feridas";"Pleno dia";"Decrescente";"Céu Claro";"Simples";"Não Informado";"Sim";2;0;0;1;1;0;1;2;-16,34781458;-39,58236694;"SPRF-BA";"DEL09-BA";"UOP01-DEL09-BA"
498205;2023-01-09;"segunda-feira";"12:20:00";"MG";381;794;"SAO GONCALO DO SAPUCAI";"Reação tardia ou ineficiente do condutor";"Colisão traseira";"Com Vítimas Feridas";"Pleno dia";"Decrescente";"Nublado";"Dupla";"Reta";"Não";2;0;1;0;0;1;1;2;-21,92913899;-45,61170907;"SPRF-MG";"DEL16-MG";"UOP02-DEL16-MG"
498206;2023-01-09;"segunda-feira";"13:00:00";"GO";60;97;"ANAPOLIS";"Ausência de reação do condutor";"Saída de leito carroçável";"Com Vítimas Feridas";"Pleno dia";"Crescente";"Céu Claro";"Dupla";"Reta";"Sim";1;0;1;0;0;0;1;1;-16,3774;-48,9483;"SPRF-GO";"DEL02-GO";"UOP01-DEL02-GO"
498212;2023-01-09;"segunda-feira";"13:05:00";"RJ";101;166;"MACAE";"Manobra de mudança de faixa";"Colisão lateral sentido oposto";"Com Vítimas Feridas";"Pleno dia";"Crescente";"Nublado";"Simples";"Curva";"Não";3;0;1;0;2;0;1;3;-22,32707873;-41,91117127;"SPRF-RJ";"DEL08-RJ";"UOP04-DEL08-RJ"
498213;2023-01-09;"segunda-feira";"13:30:00";"MS";262;766;"CORUMBA";"Reação tardia ou ineficiente do condutor";"Saída de leito carroçável";"Com Vítimas Feridas";"Pleno dia";"Decrescente";"Chuva";"Simples";"Reta";"Não";1;0;1;0;0;0;1;1;-19,09182008;-57,62211036;"SPRF-MS";"DEL03-MS";"UOP03-DEL03-MS"
498226;2023-01-09;"segunda-feira";"15:00:00";"RJ";116;312;"RESENDE";"Manobra de mudança de faixa";"Colisão traseira";"Com Vítimas Feridas";"Pleno dia";"Crescente";"Garoa/Chuvisco";"Dupla";"Curva";"Não";4;0;3;0;1;0;3;2;-22,46068623;-44,45262504;"SPRF-RJ";"DEL07-RJ";"UOP02-DEL07-RJ"
498230;2023-01-09;"segunda-feira";"11:30:00";"RJ";40;35,3;"AREAL";"Ausência de sinalização";"Colisão traseira";"Com Vítimas Feridas";"Pleno dia";"Decrescente";"Chuva";"Dupla";"Não Informado";"Não";14;0;3;0;10;1;3;6;-22,20877957;-43,13804875;"SPRF-RJ";"DEL06-RJ";"UOP01-DEL06-RJ"
498234;2023-01-09;"segunda-feira";"14:55:00";"BA";116;6,5;"VITORIA DA CONQUISTA";"Manobra de mudança de faixa";"Colisão traseira";"Com Vítimas Feridas";"Pleno dia";"Decrescente";"Ignorado";"Simples";"Não Informado";"Sim";2;0;1;0;1;0;1;2;-14,832344;-40,886941;"SPRF-BA";"DEL08-BA";"UOP01-DEL08-BA"
498235;2023-01-09;"segunda-feira";"15:30:00";"SP";116;230,5;"SAO PAULO";"Frear bruscamente";"Engavetamento";"Com Vítimas Feridas";"Pleno dia";"Crescente";"Nublado";"Simples";"Não Informado";"Sim";5;0;2;0;3;0;2;4;-23,52251783;-46,5855702;"SPRF-SP";"DEL01-SP";"UOP01-DEL01-SP"
498242;2023-01-09;"segunda-feira";"15:45:00";"GO";153;514,5;"APARECIDA DE GOIANIA";"Desrespeitar a preferência no cruzamento";"Colisão transversal";"Com Vítimas Feridas";"Pleno dia";"Decrescente";"Chuva";"Múltipla";"Não Informado";"Sim";3;0;2;0;1;0;2;2;-16,82688266;-49,24246442;"SPRF-GO";"DEL01-GO";"UOP03-DEL01-GO"
498246;2023-01-09;"segunda-feira";"09:20:00";"MG";50;185;"UBERABA";"Acessar a via sem observar a presença dos outros veículos";"Colisão traseira";"Sem Vítimas";"Pleno dia";"Decrescente";"Nublado";"Dupla";"Reta";"Não";5;0;0;0;5;0;0;4;-19,8172798;-47,89559069;"SPRF-MG";"DEL13-MG";"UOP01-DEL13-MG"
498248;2023-01-09;"segunda-feira";"16:15:00";"RJ";101;490,2;"ANGRA DOS REIS";"Transitar na contramão";"Colisão frontal";"Com Vítimas Fatais";"Pleno dia";"Crescente";"Chuva";"Simples";"Reta";"Não";3;1;1;1;0;0;2;2;-22,95640053;-44,31282898;"SPRF-RJ";"DEL03-RJ";"UOP02-DEL03-RJ"
498249;2023-01-09;"segunda-feira";"14:45:00";"MT";158;501,6;"CANARANA";"Acessar a via sem observar a presença dos outros veículos";"Colisão transversal";"Com Vítimas Feridas";"Pleno dia";"Decrescente";"Nublado";"Simples";"Não Informado";"Não";3;0;1;1;1;0;2;2;-13,53230705;-51,91888579;"SPRF-MT";"DEL07-MT";"UOP02-DEL07-MT"
498250;2023-01-09;"segunda-feira";"15:10:00";"PR";158;534;"PATO BRANCO";"Condutor deixou de manter distância do veículo da frente";"Colisão traseira";"Com Vítimas Feridas";"Pleno dia";"Crescente";"Céu Claro";"Simples";"Não Informado";"Não";5;0;3;0;2;0;3;3;-26,22652612;-52,68914074;"SPRF-PR";"DEL02-PR";"UOP01-DEL02-PR"
498251;2023-01-09;"segunda-feira";"17:00:00";"MG";116;417;"GOVERNADOR VALADARES";"Acessar a via sem observar a presença dos outros veículos";"Colisão transversal";"Com Vítimas Feridas";"Pleno dia";"Decrescente";"Céu Claro";"Simples";"Reta";"Não";2;0;1;0;1;0;1;2;-18,90130308;-41,94492414;"SPRF-MG";"DEL06-MG";"UOP01-DEL06-MG"
498265;2023-01-09;"segunda-feira";"18:10:00";"CE";116;23;"ITAITINGA";"Carga excessiva e/ou mal acondicionada";"Eventos atípicos";"Com Vítimas Feridas";"Plena Noite";"Crescente";"Céu Claro";"Dupla";"Reta";"Sim";3;0;2;0;1;0;2;3;-3,95617936;-38,51283073;"SPRF-CE";"DEL01-CE";"UOP02-DEL01-CE"
498267;2023-01-09;"segunda-feira";"17:00:00";"MG";40;71,9;"PARACATU";"Condutor deixou de manter distância do veículo da frente";"Engavetamento";"Com Vítimas Feridas";"Pleno dia";"Crescente";"Nublado";"Simples";"Não Informado";"Não";5;0;1;0;4;0;1;3;-17,40773313;-46,72153313;"SPRF-MG";"DEL14-MG";"UOP01-DEL14-MG"
498268;2023-01-09;"segunda-feira";"15:50:00";"SC";101;321,8;"PESCARIA BRAVA";"Manobra de mudança de faixa";"Colisão lateral mesmo sentido";"Com Vítimas Feridas";"Pleno dia";"Decrescente";"Céu Claro";"Dupla";"Reta";"Não";4;0;1;1;2;0;2;4;-28,42532339;-48,8919091;"SPRF-SC";"DEL02-SC";"UOP01-DEL02-SC"
498274;2023-01-09;"segunda-feira";"16:50:00";"GO";153;505;"APARECIDA DE GOIANIA";"Mal súbito do condutor";"Colisão traseira";"Com Vítimas Feridas";"Pleno dia";"Crescente";"Nublado";"Simples";"Reta";"Sim";2;0;1;0;1;0;1;2;-16,75365332;-49,2412591;"SPRF-GO";"DEL01-GO";"UOP01-DEL01-GO"
498277;2023-01-09;"segunda-feira";"16:20:00";"MA";222;261;"MIRANDA DO NORTE";"Manobra de mudança de faixa";"Colisão frontal";"Com Vítimas Feridas";"Pleno dia";"Crescente";"Céu Claro";"Simples";"Reta";"Não";4;0;1;0;3;0;1;2;-3,58383859;-44,65699199;"SPRF-MA";"DEL01-MA";"UOP02-DEL01-MA"
498284;2023-01-09;"segunda-feira";"12:00:00";"RJ";493;8,5;"GUAPIMIRIM";"Problema com o freio";"Colisão frontal";"Com Vítimas Feridas";"Pleno dia";"Decrescente";"Chuva";"Simples";"Reta";"Não";2;0;1;0;1;0;1;2;-22,71330892;-42,95334574;"SPRF-RJ";"DEL02-RJ";"UOP04-DEL02-RJ"
498291;2023-01-09;"segunda-feira";"18:20:00";"SC";101;384;"ICARA";"Ausência de reação do condutor";"Colisão traseira";"Com Vítimas Feridas";"Pleno dia";"Crescente";"Céu Claro";"Dupla";"Não Informado";"Não";3;0;1;0;2;0;1;2;-28,76851141;-49,3025538;"SPRF-SC";"DEL02-SC";"UOP02-DEL02-SC"
498295;2023-01-09;"segunda-feira";"15:00:00";"RJ";493;58;"NOVA IGUACU";"Manobra de mudança de faixa";"Colisão lateral mesmo sentido";"Sem Vítimas";"Pleno dia";"Decrescente";"Chuva";"Dupla";"Reta";"Não";2;0;0;0;1;1;0;2;-22,670896;-43,38074;"SPRF-RJ";"DEL01-RJ";"UOP01-DEL01-RJ"
498307;2023-01-09;"segunda-feira";"09:00:00";"MG";251;411;"GRAO MOGOL";"Velocidade Incompatível";"Tombamento";"Com Vítimas Feridas";"Pleno dia";"Crescente";"Sol";"Simples";"Reta";"Não";3;0;1;0;1;1;1;2;-16,28243518;-43,00788693;"SPRF-MG";"DEL12-MG";"UOP01-DEL12-MG"
498312;2023-01-09;"segunda-feira";"19:10:00";"SC";116;107,7;"MONTE CASTELO";"Problema com o freio";"Tombamento";"Com Vítimas Feridas";"Anoitecer";"Decrescente";"Nublado";"Simples";"Curva";"Não";1;0;1;0;0;0;1;1;-26,75473112;-50,33214569;"SPRF-SC";"DEL06-SC";"UOP02-DEL06-SC"
498319;2023-01-09;"segunda-feira";"17:10:00";"MT";163;593,7;"NOVA MUTUM";"Ausência de reação do condutor";"Tombamento";"Com Vítimas Feridas";"Pleno dia";"Crescente";"Ignorado";"Simples";"Curva";"Não";1;0;1;0;0;0;1;1;-13,86424707;-56,08580589;"SPRF-MT";"DEL01-MT";"UOP01-DEL01-MT"
498323;2023-01-09;"segunda-feira";"23:50:00";"RJ";116;335;"RESENDE";"Ausência de reação do condutor";"Colisão com objeto";"Com Vítimas Feridas";"Plena Noite";"Crescente";"Chuva";"Dupla";"Não Informado";"Não";1;0;1;0;0;0;1;1;-22,49610291;-44,66027211;"SPRF-RJ";"DEL07-RJ";"UOP02-DEL07-RJ"
498327;2023-01-10;"terça-feira";"02:30:00";"GO";364;228;"JATAI";"Ausência de reação do condutor";"Colisão traseira";"Com Vítimas Fatais";"Plena Noite";"Crescente";"Nublado";"Simples";"Curva";"Não";2;1;0;0;1;0;0;2;-17,814425;-51,98473;"SPRF-GO";"DEL05-GO";"UOP01-DEL05-GO"
498330;2023-01-10;"terça-feira";"03:45:00";"SC";101;345,2;"TREZE DE MAIO";"Condutor Dormindo";"Saída de leito carroçável";"Com Vítimas Feridas";"Plena Noite";"Decrescente";"Céu Claro";"Dupla";"Reta";"Não";2;0;1;1;0;0;2;1;-28,54565997;-49,05345334;"SPRF-SC";"DEL02-SC";"UOP01-DEL02-SC"
498335;2023-01-10;"terça-feira";"05:00:00";"BA";242;199;"ITABERABA";"Demais falhas mecânicas ou elétricas";"Incêndio";"Sem Vítimas";"Amanhecer";"Decrescente";"Nublado";"Simples";"Reta";"Não";1;0;0;0;1;0;0;1;-12,5205;-40,0959;"SPRF-BA";"DEL06-BA";"UOP02-DEL06-BA"
498339;2023-01-09;"segunda-feira";"18:00:00";"MG";365;448,7;"PATROCINIO";"Condutor deixou de manter distância do veículo da frente";"Colisão traseira";"Sem Vítimas";"Anoitecer";"Decrescente";"Garoa/Chuvisco";"Simples";"Reta";"Não";2;0;0;0;1;1;0;2;-18,82806651;-46,80094611;"SPRF-MG";"DEL10-MG";"UOP01-DEL10-MG"
498343;2023-01-10;"terça-feira";"08:30:00";"RJ";116;245;"PIRAI";"Reação tardia ou ineficiente do condutor";"Colisão traseira";"Com Vítimas Feridas";"Pleno dia";"Decrescente";"Chuva";"Dupla";"Reta";"Não";2;0;1;0;1;0;1;2;-22,62040692;-43,92593694;"SPRF-RJ";"DEL07-RJ";"UOP01-DEL07-RJ"
498345;2023-01-10;"terça-feira";"07:15:00";"MG";116;496,3;"INHAPIM";"Velocidade Incompatível";"Tombamento";"Com Vítimas Feridas";"Pleno dia";"Decrescente";"Nublado";"Simples";"Não Informado";"Não";1;0;1;0;0;0;1;1;-19,52772702;-42,12719586;"SPRF-MG";"DEL06-MG";"UOP02-DEL06-MG"
498347;2023-01-10;"terça-feira";"08:45:00";"MG";262;368,1;"JUATUBA";"Animais na Pista";"Colisão traseira";"Com Vítimas Feridas";"Pleno dia";"Decrescente";"Chuva";"Dupla";"Curva";"Não";2;0;1;0;1;0;1;2;-19,97239513;-44,28042402;"SPRF-MG";"DEL01-MG";"UOP03-DEL01-MG"
498348;2023-01-10;"terça-feira";"09:20:00";"BA";324;600;"SIMOES FILHO";"Manobra de mudança de faixa";"Colisão traseira";"Com Vítimas Feridas";"Pleno dia";"Crescente";"Céu Claro";"Dupla";"Reta";"Não";6;0;4;0;1;1;4;3;-12,74882798;-38,43296497;"SPRF-BA";"DEL01-BA";"UOP01-DEL01-BA"
498350;2023-01-10;"terça-feira";"08:45:00";"PR";116;101,5;"SAO JOSE DOS PINHAIS";"Condutor deixou de manter distância do veículo da frente";"Colisão traseira";"Com Vítimas Feridas";"Pleno dia";"Crescente";"Céu Claro";"Dupla";"Reta";"Sim";4;0;2;0;2;0;2;3;-25,568332;-49,178223;"SPRF-PR";"DEL01-PR";"UOP07-DEL01-PR"
498367;2023-01-10;"terça-feira";"03:20:00";"RJ";116;25;"SAPUCAIA";"Velocidade Incompatível";"Tombamento";"Com Vítimas Feridas";"Plena Noite";"Decrescente";"Céu Claro";"Simples";"Curva";"Não";1;0;1;0;0;0;1;1;-22,03820204;-42,78241995;"SPRF-RJ";"DEL04-RJ";"UOP02-DEL04-RJ"
498369;2023-01-10;"terça-feira";"11:40:00";"MG";116;480,5;"DOM CAVATI";"Pista Escorregadia";"Colisão traseira";"Com Vítimas Feridas";"Pleno dia";"Decrescente";"Garoa/Chuvisco";"Simples";"Reta";"Não";3;0;1;0;1;1;1;2;-19,385223;-42,1121509;"SPRF-MG";"DEL06-MG";"UOP02-DEL06-MG"
498371;2023-01-10;"terça-feira";"10:00:00";"RO";364;12;"VILHENA";"Desrespeitar a preferência no cruzamento";"Colisão transversal";"Com Vítimas Feridas";"Pleno dia";"Crescente";"Céu Claro";"Simples";"Interseção de vias";"Sim";2;0;1;0;0;1;1;2;-12,74370233;-60,12147609;"SPRF-RO";"DEL04-RO";"UOP01-DEL04-RO"
498378;2023-01-10;"terça-feira";"11:30:00";"BA";324;533;"FEIRA DE SANTANA";"Condutor deixou de manter distância do veículo da frente";"Colisão lateral mesmo sentido";"Com Vítimas Feridas";"Pleno dia";"Decrescente";"Céu Claro";"Dupla";"Não Informado";"Não";5;0;1;0;3;1;1;5;-12,34449694;-38,84017496;"SPRF-BA";"DEL01-BA";"UOP03-DEL01-BA"
498396;2023-01-10;"terça-feira";"10:15:00";"RO";421;20;"MONTE NEGRO";"Demais falhas mecânicas ou elétricas";"Incêndio";"Sem Vítimas";"Pleno dia";"Crescente";"Céu Claro";"Simples";"Reta";"Não";1;0;0;0;1;0;0;1;-10,037729;-63,184643;"SPRF-RO";"DEL03-RO";"UOP01-DEL03-RO"
498401;2023-01-10;"terça-feira";"15:50:00";"RS";386;334,6;"MARQUES DE SOUZA";"Transitar na contramão";"Colisão frontal";"Com Vítimas Fatais";"Pleno dia";"Crescente";"Chuva";"Simples";"Não Informado";"Não";6;1;0;2;3;0;2;2;-29,378033;-52,05743;"SPRF-RS";"DEL04-RS";"UOP01-DEL04-RS"
498402;2023-01-10;"terça-feira";"16:00:00";"RS";290;718,3;"URUGUAIANA";"Transitar na contramão";"Colisão frontal";"Com Vítimas Feridas";"Pleno dia";"Crescente";"Céu Claro";"Simples";"Reta";"Sim";2;0;1;0;1;0;1;2;-29,774612;-57,04377;"SPRF-RS";"DEL13-RS";"UOP01-DEL13-RS"
498404;2023-01-10;"terça-feira";"16:16:00";"SC";101;222;"PALHOCA";"Reação tardia ou ineficiente do condutor";"Tombamento";"Com Vítimas Feridas";"Pleno dia";"Crescente";"Nublado";"Múltipla";"Não Informado";"Não";2;0;1;0;1;0;1;2;-27,70865409;-48,65586407;"SPRF-SC";"DEL01-SC";"UOP02-DEL01-SC"
498410;2023-01-10;"terça-feira";"14:00:00";"PR";277;398;"CANDOI";"Acessar a via sem observar a presença dos outros veículos";"Colisão frontal";"Com Vítimas Feridas";"Pleno dia";"Decrescente";"Céu Claro";"Simples";"Reta";"Não";2;0;0;1;1;0;1;1;-25,45993726;-51,95629835;"SPRF-PR";"DEL08-PR";"UOP01-DEL08-PR"
498422;2023-01-10;"terça-feira";"18:00:00";"RS";386;157,7;"ALMIRANTE TAMANDARE DO SUL";"Transitar na contramão";"Colisão frontal";"Com Vítimas Feridas";"Pleno dia";"Crescente";"Nublado";"Simples";"Não Informado";"Não";3;0;0;2;1;0;2;2;-28,13654;-52,847372;"SPRF-RS";"DEL08-RS";"UOP01-DEL08-RS"
498423;2023-01-10;"terça-feira";"16:00:00";"PR";476;145;"CURITIBA";"Desrespeitar a preferência no cruzamento";"Colisão transversal";"Com Vítimas Feridas";"Pleno dia";"Crescente";"Nublado";"Dupla";"Não Informado";"Não";3;0;2;0;1;0;2;2;-25,54784974;-49,32171648;"SPRF-PR";"DEL01-PR";"UAP06-DEL01-PR"
498435;2023-01-10;"terça-feira";"19:50:00";"RJ";116;291;"BARRA MANSA";"Problema com o freio";"Engavetamento";"Sem Vítimas";"Plena Noite";"Decrescente";"Chuva";"Dupla";"Reta";"Não";3;0;0;0;1;2;0;3;-22,47234102;-44,27715902;"SPRF-RJ";"DEL07-RJ";"UOP02-DEL07-RJ"
498438;2023-01-10;"terça-feira";"18:25:00";"SC";101;103,2;"BALNEARIO PICARRAS";"Acessar a via sem observar a presença dos outros veículos";"Colisão lateral mesmo sentido";"Com Vítimas Feridas";"Anoitecer";"Crescente";"Céu Claro";"Dupla";"Não Informado";"Não";3;0;1;0;2;0;1;3;-26,785228;-48,682627;"SPRF-SC";"DEL03-SC";"UOP02-DEL03-SC"
498443;2023-01-10;"terça-feira";"20:40:00";"MT";163;835;"SINOP";"Ausência de reação do condutor";"Colisão frontal";"Com Vítimas Fatais";"Plena Noite";"Crescente";"Nublado";"Simples";"Reta";"Sim";3;1;0;0;2;0;0;2;-11,986895;-55,517033;"SPRF-MT";"DEL06-MT";"UOP02-DEL06-MT"
498444;2023-01-10;"terça-feira";"21:00:00";"RJ";101;295,9;"ITABORAI";"Condutor deixou de manter distância do veículo da frente";"Colisão traseira";"Com Vítimas Feridas";"Plena Noite";"Decrescente";"Nublado";"Múltipla";"Reta";"Sim";3;0;0;1;2;0;1;3;-22,76365068;-42,90223623;"SPRF-RJ";"DEL02-RJ";"UOP02-DEL02-RJ"
498447;2023-01-10;"terça-feira";"17:50:00";"PR";476;224,1;"LAPA";"Velocidade Incompatível";"Colisão frontal";"Com Vítimas Fatais";"Anoitecer";"Crescente";"Chuva";"Simples";"Curva";"Não";3;1;1;0;1;0;1;3;-25,848568;-49,941429;"SPRF-PR";"DEL01-PR";"UAP06-DEL01-PR"
498452;2023-01-10;"terça-feira";"20:55:00";"SC";282;238,1;"LAGES";"Ausência de reação do condutor";"Colisão com objeto";"Com Vítimas Feridas";"Plena Noite";"Decrescente";"Nublado";"Simples";"Não Informado";"Não";4;0;1;0;3;0;1;2;-27,780125;-50,498653;"SPRF-SC";"DEL05-SC";"UOP02-DEL05-SC"
498453;2023-01-10;"terça-feira";"18:00:00";"SC";101;171,7;"TIJUCAS";"Reação tardia ou ineficiente do condutor";"Saída de leito carroçável";"Com Vítimas Feridas";"Plena Noite";"Decrescente";"Nublado";"Dupla";"Reta";"Não";3;0;0;2;1;0;2;2;-27,30546499;-48,63258412;"SPRF-SC";"DEL04-SC";"UOP03-DEL04-SC"
498455;2023-01-10;"terça-feira";"23:08:00";"SP";116;347;"MIRACATU";"Velocidade Incompatível";"Tombamento";"Com Vítimas Feridas";"Plena Noite";"Crescente";"Chuva";"Dupla";"Curva";"Não";1;0;1;0;0;0;1;1;-24,04699491;-47,19706111;"SPRF-SP";"DEL04-SP";"UOP03-DEL04-SP"
498458;2023-01-10;"terça-feira";"21:30:00";"RO";364;632;"ITAPUA DO OESTE";"Demais falhas mecânicas ou elétricas";"Incêndio";"Sem Vítimas";"Plena Noite";"Decrescente";"Céu Claro";"Simples";"Reta";"Não";1;0;0;0;1;0;0;1;-9,072453;-63,38989;"SPRF-RO";"DEL03-RO";"UOP03-DEL03-RO"
498459;2023-01-10;"terça-feira";"23:35:00";"SC";101;48,5;"JOINVILLE";"Velocidade Incompatível";"Colisão com objeto";"Com Vítimas Feridas";"Plena Noite";"Crescente";"Nublado";"Dupla";"Curva";"Não";3;0;1;0;2;0;1;3;-26,35345909;-48,85867862;"SPRF-SC";"DEL03-SC";"UOP01-DEL03-SC"
498460;2023-01-10;"terça-feira";"19:57:00";"MA";10;131;"ESTREITO";"Ultrapassagem Indevida";"Colisão frontal";"Com Vítimas Fatais";"Plena Noite";"Decrescente";"Chuva";"Simples";"Reta";"Sim";2;1;0;0;1;0;0;2;-6,549222;-47,432854;"SPRF-MA";"DEL04-MA";"UOP02-DEL04-MA"
498462;2023-01-11;"quarta-feira";"00:47:00";"SP";116;383;"MIRACATU";"Demais falhas mecânicas ou elétricas";"Incêndio";"Sem Vítimas";"Plena Noite";"Crescente";"Céu Claro";"Dupla";"Reta";"Não";1;0;0;0;1;0;0;1;-24,24165679;-47,36329124;"SPRF-SP";"DEL04-SP";"UOP02-DEL04-SP"
498463;2023-01-10;"terça-feira";"14:40:00";"SP";116;564;"BARRA DO TURVO";"Pista Escorregadia";"Saída de leito carroçável";"Com Vítimas Feridas";"Pleno dia";"Crescente";"Chuva";"Simples";"Não Informado";"Não";2;0;1;0;0;1;1;2;-25,03458919;-48,53543877;"SPRF-SP";"DEL05-SP";"UOP02-DEL05-SP"
498475;2023-01-10;"terça-feira";"23:50:00";"PR";376;531,5;"PALMEIRA";"Reação tardia ou ineficiente do condutor";"Capotamento";"Sem Vítimas";"Plena Noite";"Crescente";"Chuva";"Dupla";"Não Informado";"Não";1;0;0;0;1;0;0;1;-25,30231355;-49,89048243;"SPRF-PR";"DEL03-PR";"UOP03-DEL03-PR"
498483;2023-01-11;"quarta-feira";"01:10:00";"RJ";493;103;"SEROPEDICA";"Ausência de reação do condutor";"Saída de leito carroçável";"Com Vítimas Feridas";"Plena Noite";"Crescente";"Nublado";"Dupla";"Reta";"Não";1;0;1;0;0;0;1;1;-22,765904;-43,738137;"SPRF-RJ";"DEL01-RJ";"UOP04-DEL01-RJ"
498484;2023-01-11;"quarta-feira";"05:00:00";"MG";365;706;"MONTE ALEGRE DE MINAS";"Reação tardia ou ineficiente do condutor";"Saída de leito carroçável";"Com Vítimas Feridas";"Plena Noite";"Decrescente";"Nublado";"Simples";"Rotatória";"Não";1;0;1;0;0;0;1;1;-18,8789182;-49,05482003;"SPRF-MG";"DEL15-MG";"UOP03-DEL15-MG"
498493;2023-01-11;"quarta-feira";"07:55:00";"PI";316;1,2;"TERESINA";"Estacionar ou parar em local proibido";"Colisão com objeto";"Com Vítimas Feridas";"Pleno dia";"Crescente";"Céu Claro";"Simples";"Reta";"Sim";3;0;0;1;2;0;1;3;-5,12861853;-42,80706778;"SPRF-PI";"DEL01-PI";"UOP02-DEL01-PI"
498501;2023-01-11;"quarta-feira";"08:50:00";"MG";381;350;"JOAO MONLEVADE";"Velocidade Incompatível";"Colisão traseira";"Com Vítimas Feridas";"Pleno dia";"Crescente";"Céu Claro";"Simples";"Não Informado";"Não";11;0;2;0;9;0;2;4;-19,84953832;-43,15779198;"SPRF-MG";"DEL03-MG";"UOP01-DEL03-MG"
498502;2023-01-11;"quarta-feira";"08:40:00";"SP";153;151;"PROMISSAO";"Ausência de reação do condutor";"Tombamento";"Com Vítimas Feridas";"Pleno dia";"Decrescente";"Nublado";"Simples";"Reta";"Não";1;0;1;0;0;0;1;1;-21,42639998;-49,78631982;"SPRF-SP";"DEL07-SP";"UOP01-DEL07-SP"
498506;2023-01-11;"quarta-feira";"09:50:00";"PB";230;21,3;"JOAO PESSOA";"Condutor deixou de manter distância do veículo da frente";"Tombamento";"Com Vítimas Feridas";"Pleno dia";"Decrescente";"Céu Claro";"Dupla";"Reta";"Sim";3;0;0;2;1;0;2;3;-7,1415;-34,8519;"SPRF-PB";"DEL01-PB";"UOP01-DEL01-PB"
498516;2023-01-11;"quarta-feira";"10:30:00";"SC";101;129,1;"BALNEARIO CAMBORIU";"Reação tardia ou ineficiente do condutor";"Engavetamento";"Sem Vítimas";"Pleno dia";"Decrescente";"Sol";"Simples";"Reta";"Não";3;0;0;0;3;0;0;3;-26,98064277;-48,6790679;"SPRF-SC";"DEL04-SC";"UOP03-DEL04-SC"
498520;2023-01-11;"quarta-feira";"12:43:00";"ES";101;68;"SAO MATEUS";"Reação tardia ou ineficiente do condutor";"Colisão traseira";"Com Vítimas Feridas";"Pleno dia";"Decrescente";"Céu Claro";"Simples";"Reta";"Não";4;0;2;0;2;0;2;3;-18,726597;-39,85975;"SPRF-ES";"DEL04-ES";"UOP02-DEL04-ES"
498528;2023-01-11;"quarta-feira";"12:40:00";"PR";476;125,2;"CURITIBA";"Condutor deixou de manter distância do veículo da frente";"Colisão traseira";"Com Vítimas Feridas";"Pleno dia";"Decrescente";"Nublado";"Múltipla";"Reta";"Sim";2;0;1;0;1;0;1;2;-25,4083;-49,219658;"SPRF-PR";"DEL01-PR";"UOP01-DEL01-PR"
498531;2023-01-11;"quarta-feira";"13:20:00";"RS";285;201;"LAGOA VERMELHA";"Acessar a via sem observar a presença dos outros veículos";"Colisão transversal";"Com Vítimas Feridas";"Pleno dia";"Crescente";"Céu Claro";"Simples";"Reta";"Sim";6;0;1;0;5;0;1;2;-28,206482;-51,538555;"SPRF-RS";"DEL08-RS";"UOP05-DEL08-RS"
498533;2023-01-11;"quarta-feira";"13:45:00";"ES";259;59;"COLATINA";"Ausência de reação do condutor";"Colisão transversal";"Com Vítimas Feridas";"Pleno dia";"Crescente";"Céu Claro";"Simples";"Interseção de vias";"Não";2;0;1;0;1;0;1;2;-19,51820357;-40,66316843;"SPRF-ES";"DEL02-ES";"UOP01-DEL02-ES"
498537;2023-01-11;"quarta-feira";"08:55:00";"MG";116;784;"LEOPOLDINA";"Velocidade Incompatível";"Tombamento";"Com Vítimas Fatais";"Pleno dia";"Decrescente";"Céu Claro";"Simples";"Não Informado";"Não";4;2;2;0;0;0;2;1;-21,63888361;-42,70379911;"SPRF-MG";"DEL07-MG";"UOP01-DEL07-MG"
498548;2023-01-11;"quarta-feira";"11:00:00";"PR";277;0,3;"PARANAGUA";"Reação tardia ou ineficiente do condutor";"Saída de leito carroçável";"Sem Vítimas";"Pleno dia";"Crescente";"Céu Claro";"Dupla";"Reta";"Sim";2;0;0;0;1;1;0;1;-25,55572206;-48,56060028;"SPRF-PR";"DEL01-PR";"UOP05-DEL01-PR"