"id";"data_inversa";"dia_semana";"horario";"uf";"br";"km";"municipio";"causa_acidente";"tipo_acidente";"classificacao_acidente";"fase_dia";"sentido_via";"condicao_metereologica";"tipo_pista";"tracado_via";"uso_solo";"pessoas";"mortos";"feridos_leves";"feridos_graves";"ilesos";"ignorados";"feridos";"veiculos";"latitude";"longitude";"regional";"delegacia";"uop"
498838;2023-01-13;"sexta-feira";"07:40:00";"ES";101;291;"CARIACICA";"Condutor deixou de manter distância do veículo da frente";"Colisão traseira";"Com Vítimas Feridas";"Pleno dia";"Crescente";"Céu Claro";"Dupla";"Reta";"Sim";2;0;1;0;1;0;1;2;-20,29755744;-40,39445616;"SPRF-ES";"DEL01-ES";"UOP01-DEL01-ES"
498840;2023-01-13;"sexta-feira";"07:40:00";"ES";101;280,1;"SERRA";"Trafegar com motocicleta (ou similar) entre as faixas";"Tombamento";"Com Vítimas Fatais";"Pleno dia";"Decrescente";"Céu Claro";"Múltipla";"Reta";"Não";2;1;0;0;1;0;0;2;-20,21828666;-40,34895595;"SPRF-ES";"DEL02-ES";"UOP01-DEL02-ES"
498855;2023-01-13;"sexta-feira";"08:28:00";"ES";101;432,7;"ATILIO VIVACQUA";"Manobra de mudança de faixa";"Colisão lateral mesmo sentido";"Com Vítimas Feridas";"Pleno dia";"Crescente";"Sol";"Dupla";"Não Informado";"Não";8;0;0;5;3;0;5;4;-21,03366189;-41,18125221;"SPRF-ES";"DEL03-ES";"UOP02-DEL03-ES"
498859;2023-01-13;"sexta-feira";"09:57:00";"RJ";393;282;"VOLTA REDONDA";"Ultrapassagem Indevida";"Colisão frontal";"Com Vítimas Feridas";"Pleno dia";"Crescente";"Céu Claro";"Simples";"Curva";"Sim";2;0;1;0;1;0;1;2;-22,48082784;-44,04047201;"SPRF-RJ";"DEL05-RJ";"UOP02-DEL05-RJ"
498868;2023-01-13;"sexta-feira";"10:23:00";"TO";153;503;"PARAISO DO TOCANTINS";"Frear bruscamente";"Saída de leito carroçável";"Com Vítimas Feridas";"Pleno dia";"Decrescente";"Nublado";"Simples";"Reta";"Não";1;0;1;0;0;0;1;1;-10,22749198;-48,87609117;"SPRF-TO";"DEL01-TO";"UOP01-DEL01-TO"
498869;2023-01-13;"sexta-feira";"10:33:00";"SC";282;17;"PALHOCA";"Condutor deixou de manter distância do veículo da frente";"Engavetamento";"Com Vítimas Feridas";"Pleno dia";"Decrescente";"Céu Claro";"Simples";"Reta";"Não";5;0;1;0;4;0;1;4;-27,665707;-48,688065;"SPRF-SC";"DEL01-SC";"UOP02-DEL01-SC"
498873;2023-01-13;"sexta-feira";"07:55:00";"RR";432;1;"CARACARAI";"Condutor Dormindo";"Colisão transversal";"Com Vítimas Feridas";"Pleno dia";"Crescente";"Céu Claro";"Simples";"Reta";"Sim";2;0;0;1;1;0;1;2;1,23165785;-60,38064974;"SPRF-RR";"N/A";"UOP01-DEL01-RR"
498877;2023-01-13;"sexta-feira";"11:10:00";"RS";285;489,8;"ENTRE-IJUIS";"Manobra de mudança de faixa";"Colisão lateral mesmo sentido";"Com Vítimas Feridas";"Pleno dia";"Crescente";"Garoa/Chuvisco";"Simples";"Reta";"Não";3;0;1;0;2;0;1;2;-28,3758448;-54,20834541;"SPRF-RS";"DEL10-RS";"UOP01-DEL10-RS"
498884;2023-01-13;"sexta-feira";"12:30:00";"ES";101;222;"IBIRACU";"Transitar na contramão";"Colisão lateral sentido oposto";"Com Vítimas Feridas";"Pleno dia";"Crescente";"Sol";"Simples";"Curva";"Não";4;0;2;0;2;0;2;3;-19,86967622;-40,40915873;"SPRF-ES";"DEL02-ES";"UOP01-DEL02-ES"
498886;2023-01-13;"sexta-feira";"07:00:00";"PA";155;276;"ELDORADO DO CARAJAS";"Ausência de reação do condutor";"Saída de leito carroçável";"Sem Vítimas";"Pleno dia";"Crescente";"Céu Claro";"Simples";"Reta";"Não";2;0;0;0;2;0;0;2;-5,92992101;-49,21617196;"SPRF-PA";"DEL03-PA";"UOP01-DEL03-PA"
498896;2023-01-13;"sexta-feira";"13:20:00";"SP";116;202;"ARUJA";"Chuva";"Colisão lateral mesmo sentido";"Com Vítimas Feridas";"Pleno dia";"Decrescente";"Chuva";"Dupla";"Não Informado";"Sim";3;0;3;0;0;0;3;2;-23,40809408;-46,33859597;"SPRF-SP";"DEL01-SP";"UOP01-DEL01-SP"
498898;2023-01-13;"sexta-feira";"13:10:00";"SC";470;68,3;"INDAIAL";"Acessar a via sem observar a presença dos outros veículos";"Colisão transversal";"Com Vítimas Feridas";"Pleno dia";"Decrescente";"Nublado";"Dupla";"Não Informado";"Sim";2;0;0;1;1;0;1;2;-26,88031441;-49,2426494;"SPRF-SC";"DEL04-SC";"UOP01-DEL04-SC"
498899;2023-01-13;"sexta-feira";"13:10:00";"SC";470;86,9;"RODEIO";"Reação tardia ou ineficiente do condutor";"Saída de leito carroçável";"Com Vítimas Feridas";"Pleno dia";"Crescente";"Céu Claro";"Simples";"Curva";"Não";2;0;1;1;0;0;2;1;-26,94797188;-49,36526299;"SPRF-SC";"DEL04-SC";"UOP01-DEL04-SC"
498900;2023-01-13;"sexta-feira";"12:45:00";"PR";153;39,6;"SANTO ANTONIO DA PLATINA";"Transitar na contramão";"Colisão frontal";"Com Vítimas Fatais";"Pleno dia";"Crescente";"Chuva";"Simples";"Reta";"Não";2;1;0;0;1;0;0;2;-23,27231767;-50,05734289;"SPRF-PR";"DEL07-PR";"UOP04-DEL07-PR"
498905;2023-01-13;"sexta-feira";"09:30:00";"MA";226;325,7;"JENIPAPO DOS VIEIRAS";"Demais falhas mecânicas ou elétricas";"Incêndio";"Sem Vítimas";"Pleno dia";"Decrescente";"Céu Claro";"Simples";"Reta";"Não";1;0;0;0;1;0;0;1;-5,43497368;-45,41832714;"SPRF-MA";"DEL03-MA";"UOP03-DEL03-MA"
498911;2023-01-07;"sábado";"09:55:00";"MA";230;138,1;"PASTOS BONS";"Ingestão de álcool pelo condutor";"Colisão frontal";"Com Vítimas Fatais";"Pleno dia";"Crescente";"Chuva";"Simples";"Não Informado";"Não";5;2;1;1;1;0;2;2;-6,58456592;-44,05032997;"SPRF-MA";"DEL05-MA";"UOP01-DEL05-MA"
498917;2023-01-13;"sexta-feira";"14:00:00";"PE";101;186;"PALMARES";"Condutor deixou de manter distância do veículo da frente";"Colisão traseira";"Com Vítimas Feridas";"Pleno dia";"Decrescente";"Sol";"Dupla";"Reta";"Sim";4;0;1;1;1;1;2;3;-8,68263674;-35,57938824;"SPRF-PE";"DEL01-PE";"UOP03-DEL01-PE"
498918;2023-01-13;"sexta-feira";"14:45:00";"MG";381;942;"EXTREMA";"Reação tardia ou ineficiente do condutor";"Engavetamento";"Com Vítimas Feridas";"Pleno dia";"Crescente";"Garoa/Chuvisco";"Dupla";"Não Informado";"Não";5;0;2;0;3;0;2;3;-22,86021873;-46,34260711;"SPRF-MG";"DEL16-MG";"UOP03-DEL16-MG"
498919;2023-01-13;"sexta-feira";"10:20:00";"PR";153;521,8;"GENERAL CARNEIRO";"Manobra de mudança de faixa";"Colisão lateral mesmo sentido";"Com Vítimas Feridas";"Pleno dia";"Crescente";"Nublado";"Simples";"Não Informado";"Não";4;0;1;0;3;0;1;2;-26,60680433;-51,4718586;"SPRF-PR";"DEL02-PR";"UOP03-DEL02-PR"
498923;2023-01-13;"sexta-feira";"15:25:00";"RJ";101;27;"CAMPOS DOS GOYTACAZES";"Ausência de reação do condutor";"Colisão traseira";"Sem Vítimas";"Pleno dia";"Decrescente";"Nublado";"Simples";"Reta";"Não";2;0;0;0;2;0;0;2;-21,44032904;-41,34283239;"SPRF-RJ";"DEL08-RJ";"UOP01-DEL08-RJ"
498929;2023-01-13;"sexta-feira";"15:00:00";"GO";452;146;"BOM JESUS DE GOIAS";"Transitar na contramão";"Colisão frontal";"Com Vítimas Fatais";"Pleno dia";"Crescente";"Céu Claro";"Simples";"Reta";"Não";6;1;1;0;2;2;1;2;-18,28356456;-49,6162008;"SPRF-GO";"DEL03-GO";"UOP02-DEL03-GO"
498946;2023-01-13;"sexta-feira";"16:20:00";"RS";116;465;"SAO LOURENCO DO SUL";"Acesso irregular";"Colisão transversal";"Com Vítimas Feridas";"Pleno dia";"Crescente";"Chuva";"Simples";"Não Informado";"Não";4;0;2;0;2;0;2;2;-31,32224393;-52,03089939;"SPRF-RS";"DEL02-RS";"UOP02-DEL02-RS"
498951;2023-01-13;"sexta-feira";"14:00:00";"PE";116;59;"CABROBO";"Demais falhas mecânicas ou elétricas";"Incêndio";"Sem Vítimas";"Pleno dia";"Decrescente";"Sol";"Simples";"Reta";"Não";3;0;0;0;2;1;0;1;-8,352674;-39,141792;"SPRF-PE";"DEL05-PE";"UOP03-DEL05-PE"
498953;2023-01-13;"sexta-feira";"15:50:00";"RS";470;194;"BENTO GONCALVES";"Transitar na contramão";"Colisão frontal";"Com Vítimas Feridas";"Pleno dia";"Crescente";"Garoa/Chuvisco";"Simples";"Não Informado";"Não";5;0;2;2;1;0;4;2;-29,05004;-51,57519;"SPRF-RS";"DEL06-RS";"UOP02-DEL06-RS"
498959;2023-01-13;"sexta-feira";"16:00:00";"GO";452;27;"RIO VERDE";"Ausência de reação do condutor";"Tombamento";"Com Vítimas Feridas";"Pleno dia";"Decrescente";"Céu Claro";"Simples";"Não Informado";"Não";1;0;1;0;0;0;1;1;-17,88924191;-50,67112898;"SPRF-GO";"DEL04-GO";"UOP01-DEL04-GO"
498960;2023-01-13;"sexta-feira";"16:10:00";"MG";50;194,4;"DELTA";"Chuva";"Saída de leito carroçável";"Com Vítimas Feridas";"Pleno dia";"Crescente";"Garoa/Chuvisco";"Dupla";"Não Informado";"Não";1;0;1;0;0;0;1;1;-19,887439;-47,848374;"SPRF-MG";"DEL13-MG";"UOP01-DEL13-MG"
498963;2023-01-13;"sexta-feira";"17:05:00";"PR";163;169;"LINDOESTE";"Ausência de sinalização";"Engavetamento";"Com Vítimas Feridas";"Pleno dia";"Decrescente";"Nublado";"Dupla";"Curva";"Não";15;0;1;0;13;1;1;10;-25,242274;-53,582909;"SPRF-PR";"DEL04-PR";"UOP04-DEL04-PR"
498965;2023-01-13;"sexta-feira";"14:30:00";"GO";153;249;"SAO LUIZ DO NORTE";"Transitar na contramão";"Colisão transversal";"Com Vítimas Feridas";"Pleno dia";"Decrescente";"Chuva";"Simples";"Reta";"Não";2;0;2;0;0;0;2;2;-14,908753;-49,353043;"SPRF-GO";"DEL07-GO";"UOP02-DEL07-GO"
498972;2023-01-13;"sexta-feira";"18:00:00";"PR";369;165,5;"CAMBE";"Reação tardia ou ineficiente do condutor";"Colisão frontal";"Com Vítimas Feridas";"Pleno dia";"Decrescente";"Garoa/Chuvisco";"Dupla";"Reta";"Não";2;0;0;1;1;0;1;2;-23,29529312;-51,29845977;"SPRF-PR";"DEL07-PR";"UOP01-DEL07-PR"
498978;2023-01-13;"sexta-feira";"18:45:00";"RS";116;247,9;"SAO LEOPOLDO";"Acessar a via sem observar a presença dos outros veículos";"Tombamento";"Com Vítimas Feridas";"Anoitecer";"Decrescente";"Nublado";"Dupla";"Viaduto";"Sim";3;0;0;1;2;0;1;3;-29,76733091;-51,1535296;"SPRF-RS";"DEL01-RS";"UOP02-DEL01-RS"
498982;2023-01-13;"sexta-feira";"11:20:00";"MG";251;337;"FRUTA DE LEITE";"Reação tardia ou ineficiente do condutor";"Saída de leito carroçável";"Com Vítimas Feridas";"Pleno dia";"Decrescente";"Céu Claro";"Simples";"Não Informado";"Não";1;0;1;0;0;0;1;1;-16,2584166;-42,46139979;"SPRF-MG";"DEL12-MG";"UOP01-DEL12-MG"
498988;2023-01-13;"sexta-feira";"16:20:00";"SC";282;487,4;"FAXINAL DOS GUEDES";"Velocidade Incompatível";"Colisão frontal";"Com Vítimas Feridas";"Pleno dia";"Decrescente";"Céu Claro";"Simples";"Reta";"Sim";2;0;1;0;1;0;1;2;-26,85758;-52,263203;"SPRF-SC";"DEL07-SC";"UOP01-DEL07-SC"
498990;2023-01-13;"sexta-feira";"19:45:00";"SC";101;93,9;"BARRA VELHA";"Condutor deixou de manter distância do veículo da frente";"Colisão com objeto";"Com Vítimas Feridas";"Plena Noite";"Crescente";"Nublado";"Dupla";"Reta";"Não";4;0;1;0;3;0;1;4;-26,6899011;-48,69663873;"SPRF-SC";"DEL03-SC";"UOP02-DEL03-SC"
498991;2023-01-13;"sexta-feira";"18:00:00";"SC";101;223,6;"PALHOCA";"Pedestre cruzava a pista fora da faixa";"Atropelamento de Pedestre";"Com Vítimas Fatais";"Anoitecer";"Crescente";"Nublado";"Múltipla";"Reta";"Não";4;1;1;0;2;0;1;3;-27,721214;-48,645202;"SPRF-SC";"DEL01-SC";"UOP02-DEL01-SC"
498994;2023-01-13;"sexta-feira";"20:06:00";"ES";101;291;"CARIACICA";"Manobra de mudança de faixa";"Colisão lateral mesmo sentido";"Com Vítimas Feridas";"Plena Noite";"Decrescente";"Céu Claro";"Simples";"Reta";"Não";3;0;1;0;2;0;1;2;-20,29755744;-40,39445616;"SPRF-ES";"DEL01-ES";"UOP01-DEL01-ES"
499007;2023-01-13;"sexta-feira";"21:30:00";"RS";386;206;"VICTOR GRAEFF";"Ingestão de álcool pelo condutor";"Colisão lateral sentido oposto";"Sem Vítimas";"Plena Noite";"Crescente";"Céu Claro";"Simples";"Reta";"Não";2;0;0;0;2;0;0;2;-28,52299;-52,62901;"SPRF-RS";"DEL04-RS";"UOP03-DEL04-RS"
499009;2023-01-13;"sexta-feira";"21:00:00";"MG";251;482;"FRANCISCO SA";"Acesso irregular";"Colisão transversal";"Com Vítimas Feridas";"Pleno dia";"Decrescente";"Chuva";"Simples";"Reta";"Sim";3;0;0;2;1;0;2;2;-16,493197;-43,52061;"SPRF-MG";"DEL12-MG";"UOP01-DEL12-MG"
499010;2023-01-13;"sexta-feira";"20:20:00";"PR";376;355,8;"ORTIGUEIRA";"Pedestre andava na pista";"Atropelamento de Pedestre";"Com Vítimas Fatais";"Plena Noite";"Crescente";"Nublado";"Simples";"Não Informado";"Não";2;1;0;0;0;1;0;1;-24,278906;-50,885281;"SPRF-PR";"DEL07-PR";"UOP02-DEL07-PR"
499011;2023-01-13;"sexta-feira";"21:44:00";"MG";381;434;"SABARA";"Problema com o freio";"Tombamento";"Com Vítimas Feridas";"Plena Noite";"Decrescente";"Chuva";"Simples";"Não Informado";"Sim";2;0;1;1;0;0;2;1;-19,80043184;-43,75031407;"SPRF-MG";"DEL01-MG";"UOP01-DEL01-MG"
499014;2023-01-13;"sexta-feira";"20:30:00";"MG";40;631;"CONSELHEIRO LAFAIETE";"Conversão proibida";"Colisão transversal";"Com Vítimas Feridas";"Plena Noite";"Decrescente";"Céu Claro";"Simples";"Reta";"Sim";3;0;0;1;2;0;1;2;-20,66692199;-43,80314095;"SPRF-MG";"DEL05-MG";"UOP02-DEL05-MG"
499017;2023-01-13;"sexta-feira";"16:30:00";"MG";354;771,8;"ITAMONTE";"Chuva";"Colisão com objeto";"Com Vítimas Feridas";"Pleno dia";"Decrescente";"Chuva";"Simples";"Curva";"Não";1;0;1;0;0;0;1;1;-22,36470902;-44,77070101;"SPRF-MG";"DEL17-MG";"UOP01-DEL17-MG"
499024;2023-01-13;"sexta-feira";"20:47:00";"MG";153;46;"CANAPOLIS";"Pista esburacada";"Colisão traseira";"Com Vítimas Feridas";"Plena Noite";"Decrescente";"Céu Claro";"Dupla";"Não Informado";"Não";8;0;7;1;0;0;8;3;-18,790305;-49,084302;"SPRF-MG";"DEL15-MG";"UOP03-DEL15-MG"
499025;2023-01-13;"sexta-feira";"22:40:00";"PR";476;196;"LAPA";"Ausência de reação do condutor";"Colisão traseira";"Com Vítimas Feridas";"Plena Noite";"Crescente";"Céu Claro";"Simples";"Reta";"Sim";2;0;1;0;1;0;1;2;-25,753437;-49,725754;"SPRF-PR";"DEL01-PR";"UAP06-DEL01-PR"
499038;2023-01-14;"sábado";"02:03:00";"RO";364;345;"JI-PARANA";"Acessar a via sem observar a presença dos outros veículos";"Colisão transversal";"Com Vítimas Feridas";"Plena Noite";"Decrescente";"Nublado";"Dupla";"Interseção de vias";"Sim";3;0;0;1;1;1;1;2;-10,870282;-61,957701;"SPRF-RO";"DEL02-RO";"UOP01-DEL02-RO"
499041;2023-01-13;"sexta-feira";"20:50:00";"SC";282;411,8;"CATANDUVAS";"Velocidade Incompatível";"Saída de leito carroçável";"Com Vítimas Fatais";"Plena Noite";"Crescente";"Nublado";"Simples";"Não Informado";"Não";1;1;0;0;0;0;0;1;-27,059665;-51,677769;"SPRF-SC";"DEL07-SC";"UOP05-DEL07-SC"
499045;2023-01-14;"sábado";"04:40:00";"BA";116;426;"FEIRA DE SANTANA";"Condutor Dormindo";"Colisão frontal";"Sem Vítimas";"Amanhecer";"Decrescente";"Céu Claro";"Simples";"Reta";"Não";4;0;0;0;1;3;0;2;-12,24420407;-38,98563987;"SPRF-BA";"DEL02-BA";"UOP01-DEL02-BA"
499048;2023-01-14;"sábado";"05:45:00";"MG";50;165,5;"UBERABA";"Pedestre andava na pista";"Atropelamento de Pedestre";"Com Vítimas Fatais";"Amanhecer";"Decrescente";"Nublado";"Dupla";"Não Informado";"Não";2;1;0;0;0;1;0;1;-19,69326783;-47,98949154;"SPRF-MG";"DEL13-MG";"UOP01-DEL13-MG"
499050;2023-01-14;"sábado";"06:52:00";"MS";163;722,3;"COXIM";"Condutor Dormindo";"Colisão frontal";"Com Vítimas Fatais";"Pleno dia";"Crescente";"Chuva";"Simples";"Não Informado";"Não";3;2;0;0;1;0;0;2;-18,57649004;-54,76393093;"SPRF-MS";"DEL06-MS";"UOP01-DEL06-MS"
499068;2023-01-14;"sábado";"06:30:00";"PR";376;326,8;"ORTIGUEIRA";"Avarias e/ou desgaste excessivo no pneu";"Colisão frontal";"Com Vítimas Feridas";"Amanhecer";"Crescente";"Chuva";"Simples";"Não Informado";"Não";6;0;3;1;2;0;4;3;-24,065493;-51,064168;"SPRF-PR";"DEL07-PR";"UOP02-DEL07-PR"
499077;2023-01-14;"sábado";"10:15:00";"GO";452;43;"SANTA HELENA DE GOIAS";"Reação tardia ou ineficiente do condutor";"Colisão com objeto";"Sem Vítimas";"Pleno dia";"Crescente";"Sol";"Simples";"Não Informado";"Não";2;0;0;0;1;1;0;2;-17,94070533;-50,52796841;"SPRF-GO";"DEL04-GO";"UOP01-DEL04-GO"
499081;2023-01-14;"sábado";"07:29:00";"PR";373;347;"GUARAPUAVA";"Acessar a via sem observar a presença dos outros veículos";"Colisão lateral mesmo sentido";"Com Vítimas Feridas";"Pleno dia";"Decrescente";"Céu Claro";"Simples";"Não Informado";"Sim";6;0;3;2;1;0;5;2;-25,37802304;-51,50654018;"SPRF-PR";"DEL08-PR";"UOP01-DEL08-PR"
499090;2023-01-14;"sábado";"11:00:00";"PR";376;238;"APUCARANA";"Problema com o freio";"Colisão transversal";"Com Vítimas Feridas";"Pleno dia";"Crescente";"Céu Claro";"Dupla";"Retorno Regulamentado";"Não";6;0;3;1;2;0;4;2;-23,5821404;-51,45390599;"SPRF-PR";"DEL07-PR";"UOP03-DEL07-PR"
499094;2023-01-14;"sábado";"09:15:00";"MG";116;528,1;"CARATINGA";"Condutor deixou de manter distância do veículo da frente";"Saída de leito carroçável";"Sem Vítimas";"Pleno dia";"Decrescente";"Céu Claro";"Simples";"Não Informado";"Sim";1;0;0;0;1;0;0;1;-19,794033;-42,13731414;"SPRF-MG";"DEL06-MG";"UOP02-DEL06-MG"
499097;2023-01-14;"sábado";"11:05:00";"MG";40;549;"NOVA LIMA";"Velocidade Incompatível";"Colisão traseira";"Com Vítimas Feridas";"Pleno dia";"Crescente";"Céu Claro";"Dupla";"Curva";"Não";3;0;1;0;1;1;1;2;-20,03972326;-43,96703232;"SPRF-MG";"DEL01-MG";"UOP02-DEL01-MG"
499098;2023-01-14;"sábado";"11:30:00";"ES";101;349,2;"ANCHIETA";"Mal súbito do condutor";"Saída de leito carroçável";"Com Vítimas Fatais";"Pleno dia";"Crescente";"Céu Claro";"Simples";"Reta";"Não";2;1;1;0;0;0;1;1;-20,6527553;-40,64346758;"SPRF-ES";"DEL03-ES";"UOP01-DEL03-ES"
499100;2023-01-14;"sábado";"12:02:00";"MG";356;270,6;"MURIAE";"Condutor deixou de manter distância do veículo da frente";"Colisão traseira";"Com Vítimas Feridas";"Pleno dia";"Decrescente";"Céu Claro";"Simples";"Reta";"Não";2;0;1;0;0;1;1;2;-21,12787353;-42,32590567;"SPRF-MG";"DEL07-MG";"UOP02-DEL07-MG"
499103;2023-01-14;"sábado";"10:00:00";"MG";40;737,7;"SANTOS DUMONT";"Demais falhas mecânicas ou elétricas";"Tombamento";"Sem Vítimas";"Pleno dia";"Decrescente";"Céu Claro";"Dupla";"Desvio Temporário";"Não";1;0;0;0;1;0;0;1;-21,38296999;-43,57033542;"SPRF-MG";"DEL05-MG";"UOP01-DEL05-MG"
499105;2023-01-14;"sábado";"12:00:00";"PR";116;94,5;"SAO JOSE DOS PINHAIS";"Condutor deixou de manter distância do veículo da frente";"Colisão traseira";"Com Vítimas Feridas";"Pleno dia";"Crescente";"Céu Claro";"Dupla";"Reta";"Sim";2;0;1;0;1;0;1;2;-25,526505;-49,140332;"SPRF-PR";"DEL01-PR";"UOP07-DEL01-PR"
499106;2023-01-14;"sábado";"09:00:00";"RS";386;27,9;"FREDERICO WESTPHALEN";"Carga excessiva e/ou mal acondicionada";"Tombamento";"Com Vítimas Feridas";"Pleno dia";"Decrescente";"Céu Claro";"Simples";"Curva";"Não";1;0;1;0;0;0;1;1;-27,305323;-53,370804;"SPRF-RS";"DEL08-RS";"UOP02-DEL08-RS"
499118;2023-01-14;"sábado";"10:30:00";"SC";101;48,7;"JOINVILLE";"Velocidade Incompatível";"Saída de leito carroçável";"Com Vítimas Feridas";"Pleno dia";"Crescente";"Sol";"Dupla";"Reta";"Não";1;0;1;0;0;0;1;1;-26,38024804;-48,8516736;"SPRF-SC";"DEL03-SC";"UOP01-DEL03-SC"
499119;2023-01-14;"sábado";"12:00:00";"AC";364;122;"RIO BRANCO";"Acessar a via sem observar a presença dos outros veículos";"Colisão transversal";"Com Vítimas Feridas";"Pleno dia";"Decrescente";"Céu Claro";"Dupla";"Retorno Regulamentado";"Não";2;0;1;0;1;0;1;2;-10,01188291;-67,773345;"SPRF-AC";"N/A";"UOP01-DEL01-AC"
499124;2023-01-14;"sábado";"14:40:00";"SE";101;103,8;"SAO CRISTOVAO";"Ausência de reação do condutor";"Saída de leito carroçável";"Com Vítimas Feridas";"Pleno dia";"Decrescente";"Céu Claro";"Dupla";"Não Informado";"Não";1;0;0;1;0;0;1;1;-10,95669127;-37,22726486;"SPRF-SE";"DEL02-SE";"UOP01-DEL02-SE"
499128;2023-01-14;"sábado";"15:00:00";"PR";116;31;"CAMPINA GRANDE DO SUL";"Demais falhas mecânicas ou elétricas";"Colisão traseira";"Sem Vítimas";"Pleno dia";"Crescente";"Céu Claro";"Dupla";"Não Informado";"Não";2;0;0;0;2;0;0;2;-25,10003092;-48,82089801;"SPRF-PR";"DEL01-PR";"UOP02-DEL01-PR"
499137;2023-01-14;"sábado";"16:00:00";"ES";101;207,9;"JOAO NEIVA";"Acessar a via sem observar a presença dos outros veículos";"Colisão transversal";"Com Vítimas Feridas";"Pleno dia";"Crescente";"Céu Claro";"Simples";"Curva";"Não";3;0;0;1;2;0;1;2;-19,780796;-40,37160598;"SPRF-ES";"DEL02-ES";"UOP01-DEL02-ES"
499139;2023-01-14;"sábado";"12:40:00";"AL";101;44;"FLEXEIRAS";"Reação tardia ou ineficiente do condutor";"Saída de leito carroçável";"Com Vítimas Feridas";"Pleno dia";"Decrescente";"Céu Claro";"Dupla";"Curva";"Não";2;0;1;0;1;0;1;1;-9,19437805;-35,78723641;"SPRF-AL";"DEL01-AL";"UOP02-DEL01-AL"
499144;2023-01-14;"sábado";"15:45:00";"MS";163;265,5;"DOURADOS";"Reação tardia ou ineficiente do condutor";"Tombamento";"Com Vítimas Feridas";"Pleno dia";"Decrescente";"Céu Claro";"Dupla";"Curva";"Não";1;0;0;1;0;0;1;1;-22,2242568;-54,73270655;"SPRF-MS";"DEL04-MS";"UOP01-DEL04-MS"
499149;2023-01-14;"sábado";"14:10:00";"GO";153;311,2;"RIALMA";"Demais falhas mecânicas ou elétricas";"Tombamento";"Com Vítimas Feridas";"Pleno dia";"Decrescente";"Céu Claro";"Simples";"Curva";"Não";1;0;1;0;0;0;1;1;-15,375852;-49,55616;"SPRF-GO";"DEL02-GO";"UOP02-DEL02-GO"
499151;2023-01-14;"sábado";"17:45:00";"ES";101;288,9;"CARIACICA";"Condutor deixou de manter distância do veículo da frente";"Colisão traseira";"Com Vítimas Feridas";"Anoitecer";"Decrescente";"Nublado";"Dupla";"Reta";"Sim";2;0;1;0;1;0;1;2;-20,25148171;-40,37270066;"SPRF-ES";"DEL01-ES";"UOP01-DEL01-ES"
499162;2023-01-14;"sábado";"06:00:00";"PA";153;140;"SAO GERALDO DO ARAGUAIA";"Reação tardia ou ineficiente do condutor";"Tombamento";"Com Vítimas Feridas";"Pleno dia";"Crescente";"Sol";"Simples";"Não Informado";"Não";2;0;2;0;0;0;2;1;-6,312557;-48,594467;"SPRF-PA";"DEL03-PA";"UOP01-DEL03-PA"
499174;2023-01-14;"sábado";"20:00:00";"MG";267;166;"LIMA DUARTE";"Ingestão de álcool e/ou substâncias psicoativas pelo pedestre";"Colisão transversal";"Com Vítimas Feridas";"Plena Noite";"Crescente";"Céu Claro";"Simples";"Não Informado";"Não";2;0;1;0;1;0;1;2;-21,85623502;-43,835793;"SPRF-MG";"DEL05-MG";"UOP01-DEL05-MG"
499186;2023-01-14;"sábado";"16:50:00";"SP";116;511;"CAJATI";"Velocidade Incompatível";"Tombamento";"Com Vítimas Feridas";"Pleno dia";"Crescente";"Garoa/Chuvisco";"Dupla";"Não Informado";"Não";1;0;1;0;0;0;1;1;-24,83558399;-48,2223738;"SPRF-SP";"DEL05-SP";"UOP02-DEL05-SP"
499189;2023-01-14;"sábado";"19:30:00";"RO";364;34;"VILHENA";"Ausência de sinalização";"Colisão lateral mesmo sentido";"Com Vítimas Feridas";"Anoitecer";"Crescente";"Nublado";"Simples";"Reta";"Não";5;0;1;1;3;0;2;2;-12,67638631;-60,29635324;"SPRF-RO";"DEL04-RO";"UOP01-DEL04-RO"
499200;2023-01-14;"sábado";"21:15:00";"MG";381;398;"BARAO DE COCAIS";"Condutor deixou de manter distância do veículo da frente";"Colisão traseira";"Com Vítimas Feridas";"Plena Noite";"Crescente";"Céu Claro";"Dupla";"Não Informado";"Não";2;0;0;1;1;0;1;2;-19,74180501;-43,50517402;"SPRF-MG";"DEL01-MG";"UOP01-DEL01-MG"
499205;2023-01-14;"sábado";"16:00:00";"MT";163;1111,5;"GUARANTA DO NORTE";"Ingestão de álcool pelo condutor";"Tombamento";"Com Vítimas Feridas";"Pleno dia";"Crescente";"Nublado";"Simples";"Não Informado";"Não";2;0;2;0;0;0;2;1;-9,60089407;-54,88393351;"SPRF-MT";"DEL06-MT";"UOP03-DEL06-MT"
499209;2023-01-14;"sábado";"19:00:00";"RJ";101;229;"SILVA JARDIM";"Ingestão de álcool pelo condutor";"Colisão traseira";"Com Vítimas Feridas";"Plena Noite";"Crescente";"Nublado";"Dupla";"Ponte";"Não";4;0;3;0;1;0;3;2;-22,5653276;-42,36847904;"SPRF-RJ";"DEL02-RJ";"UOP03-DEL02-RJ"