"id";"data_inversa";"dia_semana";"horario";"uf";"br";"km";"municipio";"causa_acidente";"tipo_acidente";"classificacao_acidente";"fase_dia";"sentido_via";"condicao_metereologica";"tipo_pista";"tracado_via";"uso_solo";"pessoas";"mortos";"feridos_leves";"feridos_graves";"ilesos";"ignorados";"feridos";"veiculos";"latitude";"longitude";"regional";"delegacia";"uop"
501018;2023-01-25;"quarta-feira";"09:40:00";"PR";376;15,4;"MARINGA";"Reação tardia ou ineficiente do condutor";"Tombamento";"Com Vítimas Feridas";"Pleno dia";"Decrescente";"Céu Claro";"Dupla";"Não Informado";"Sim";2;0;1;0;1;0;1;1;-23,4273;-51,9375;"SPRF-PR";"DEL09-PR";"UOP01-DEL09-PR"
501027;2023-01-22;"domingo";"15:30:00";"SP";116;81,5;"ROSEIRA";"Condutor deixou de manter distância do veículo da frente";"Colisão traseira";"Com Vítimas Feridas";"Pleno dia";"Crescente";"Céu Claro";"Dupla";"Reta";"Sim";6;0;2;3;1;0;5;2;-22,90717096;-45,31542778;"SPRF-SP";"DEL08-SP";"UOP01-DEL08-SP"
501031;2023-01-20;"sexta-feira";"20:00:00";"DF";80;16;"BRASILIA";"Ausência de reação do condutor";"Colisão traseira";"Com Vítimas Fatais";"Plena Noite";"Crescente";"Céu Claro";"Simples";"Desvio Temporário";"Não";2;1;0;0;1;0;0;2;-15,701065;-48,202263;"SPRF-DF";"DEL01-DF";"UOP03-DEL01-DF"
501038;2023-01-21;"sábado";"11:30:00";"MS";262;242,4;"RIBAS DO RIO PARDO";"Acessar a via sem observar a presença dos outros veículos";"Colisão transversal";"Com Vítimas Feridas";"Pleno dia";"Decrescente";"Céu Claro";"Simples";"Não Informado";"Não";2;0;0;1;1;0;1;2;-20,45637858;-53,78459597;"SPRF-MS";"DEL01-MS";"UOP01-DEL01-MS"
501048;2023-01-25;"quarta-feira";"07:50:00";"MG";364;28,5;"FRUTAL";"Acessar a via sem observar a presença dos outros veículos";"Colisão com objeto";"Com Vítimas Feridas";"Pleno dia";"Decrescente";"Céu Claro";"Dupla";"Não Informado";"Sim";3;0;1;0;2;0;1;3;-20,022202;-48,899897;"SPRF-MG";"DEL13-MG";"UOP02-DEL13-MG"
501050;2023-01-25;"quarta-feira";"11:20:00";"MS";163;485;"CAMPO GRANDE";"Ausência de reação do condutor";"Colisão traseira";"Com Vítimas Feridas";"Pleno dia";"Crescente";"Céu Claro";"Simples";"Reta";"Sim";2;0;1;0;1;0;1;2;-20,44233707;-54,54201834;"SPRF-MS";"DEL01-MS";"UOP02-DEL01-MS"
501053;2023-01-21;"sábado";"20:15:00";"SC";282;278;"SAO JOSE DO CERRITO";"Ingestão de álcool pelo condutor";"Colisão lateral sentido oposto";"Com Vítimas Feridas";"Plena Noite";"Crescente";"Céu Claro";"Simples";"Curva";"Sim";7;0;3;2;2;0;5;3;-27,587807;-50,735706;"SPRF-SC";"DEL05-SC";"UOP02-DEL05-SC"
501057;2023-01-25;"quarta-feira";"12:30:00";"SC";101;194,8;"BIGUACU";"Condutor deixou de manter distância do veículo da frente";"Engavetamento";"Com Vítimas Feridas";"Pleno dia";"Decrescente";"Céu Claro";"Dupla";"Reta";"Sim";5;0;1;0;4;0;1;4;-27,49815117;-48,65661236;"SPRF-SC";"DEL01-SC";"UOP01-DEL01-SC"
501063;2023-01-20;"sexta-feira";"17:00:00";"MS";163;270;"DOURADOS";"Desrespeitar a preferência no cruzamento";"Colisão transversal";"Sem Vítimas";"Pleno dia";"Decrescente";"Céu Claro";"Dupla";"Rotatória";"Não";2;0;0;0;2;0;0;2;-22,194847;-54,69295;"SPRF-MS";"DEL04-MS";"UOP01-DEL04-MS"
501064;2023-01-21;"sábado";"17:10:00";"MT";70;257;"PRIMAVERA DO LESTE";"Demais falhas mecânicas ou elétricas";"Tombamento";"Sem Vítimas";"Pleno dia";"Crescente";"Chuva";"Simples";"Reta";"Não";2;0;0;0;2;0;0;2;-15,61663061;-54,18521404;"SPRF-MT";"DEL05-MT";"UOP01-DEL05-MT"
501065;2023-01-25;"quarta-feira";"09:30:00";"GO";153;497;"GOIANIA";"Reação tardia ou ineficiente do condutor";"Colisão traseira";"Com Vítimas Feridas";"Pleno dia";"Crescente";"Céu Claro";"Dupla";"Não Informado";"Não";3;0;1;0;2;0;1;2;-16,6854;-49,2338;"SPRF-GO";"DEL01-GO";"UOP01-DEL01-GO"
501066;2023-01-25;"quarta-feira";"12:25:00";"PR";376;313,8;"ORTIGUEIRA";"Velocidade Incompatível";"Tombamento";"Com Vítimas Feridas";"Pleno dia";"Crescente";"Céu Claro";"Dupla";"Não Informado";"Não";1;0;0;1;0;0;1;1;-23,980556;-51,085541;"SPRF-PR";"DEL07-PR";"UOP02-DEL07-PR"
501071;2023-01-21;"sábado";"12:30:00";"SC";101;116;"ITAJAI";"Condutor deixou de manter distância do veículo da frente";"Colisão traseira";"Sem Vítimas";"Pleno dia";"Crescente";"Céu Claro";"Dupla";"Reta";"Não";2;0;0;0;2;0;0;2;-26,87905605;-48,72603512;"SPRF-SC";"DEL04-SC";"UOP04-DEL04-SC"
501082;2023-01-25;"quarta-feira";"08:30:00";"MT";70;28;"BARRA DO GARCAS";"Velocidade Incompatível";"Tombamento";"Sem Vítimas";"Pleno dia";"Decrescente";"Nublado";"Simples";"Curva";"Não";1;0;0;0;1;0;0;1;-15,81393036;-52,47756134;"SPRF-MT";"DEL07-MT";"UOP01-DEL07-MT"
501087;2023-01-25;"quarta-feira";"14:02:00";"PE";316;85;"OURICURI";"Conversão proibida";"Colisão traseira";"Com Vítimas Feridas";"Pleno dia";"Crescente";"Céu Claro";"Simples";"Não Informado";"Não";4;0;2;0;2;0;2;2;-7,88417113;-40,0701651;"SPRF-PE";"DEL05-PE";"UOP02-DEL05-PE"
501089;2023-01-25;"quarta-feira";"13:00:00";"SP";116;511;"CAJATI";"Reação tardia ou ineficiente do condutor";"Tombamento";"Com Vítimas Feridas";"Pleno dia";"Decrescente";"Sol";"Dupla";"Não Informado";"Não";3;0;1;0;2;0;1;1;-24,83558399;-48,2223738;"SPRF-SP";"DEL05-SP";"UOP02-DEL05-SP"
501096;2023-01-21;"sábado";"19:00:00";"RS";116;524,9;"PELOTAS";"Velocidade Incompatível";"Tombamento";"Com Vítimas Feridas";"Anoitecer";"Crescente";"Nublado";"Dupla";"Interseção de vias";"Sim";1;0;1;0;0;0;1;1;-31,7302021;-52,38891721;"SPRF-RS";"DEL07-RS";"UOP01-DEL07-RS"
501100;2023-01-22;"domingo";"19:00:00";"MS";163;477;"CAMPO GRANDE";"Ausência de reação do condutor";"Colisão traseira";"Sem Vítimas";"Plena Noite";"Decrescente";"Nublado";"Simples";"Reta";"Sim";2;0;0;0;2;0;0;2;-20,50427591;-54,55557367;"SPRF-MS";"DEL01-MS";"UOP01-DEL01-MS"
501102;2023-01-25;"quarta-feira";"10:15:00";"PR";277;464;"LARANJEIRAS DO SUL";"Problema com o freio";"Colisão com objeto";"Com Vítimas Fatais";"Pleno dia";"Crescente";"Céu Claro";"Múltipla";"Desvio Temporário";"Não";3;1;0;0;2;0;0;3;-25,34708424;-52,49113452;"SPRF-PR";"DEL04-PR";"UOP02-DEL04-PR"
501105;2023-01-25;"quarta-feira";"13:45:00";"SC";470;199,3;"PONTE ALTA";"Desrespeitar a preferência no cruzamento";"Colisão transversal";"Sem Vítimas";"Pleno dia";"Crescente";"Céu Claro";"Simples";"Não Informado";"Não";2;0;0;0;2;0;0;2;-27,307792;-50,134103;"SPRF-SC";"DEL05-SC";"UOP03-DEL05-SC"
501110;2023-01-25;"quarta-feira";"15:50:00";"MG";365;393,4;"PATOS DE MINAS";"Velocidade Incompatível";"Colisão frontal";"Com Vítimas Feridas";"Pleno dia";"Decrescente";"Chuva";"Simples";"Curva";"Não";2;0;1;0;1;0;1;2;-18,63481872;-46,34836686;"SPRF-MG";"DEL10-MG";"UOP01-DEL10-MG"
501116;2023-01-25;"quarta-feira";"16:00:00";"MT";364;178;"PEDRA PRETA";"Falta de elemento de contenção que evite a saída do leito carroçável";"Saída de leito carroçável";"Com Vítimas Feridas";"Pleno dia";"Crescente";"Nublado";"Simples";"Não Informado";"Não";2;0;1;0;0;1;1;1;-16,603064;-54,479123;"SPRF-MT";"DEL02-MT";"UOP01-DEL02-MT"
501121;2023-01-25;"quarta-feira";"16:30:00";"RN";101;107;"PARNAMIRIM";"Reação tardia ou ineficiente do condutor";"Colisão lateral mesmo sentido";"Com Vítimas Feridas";"Pleno dia";"Crescente";"Céu Claro";"Dupla";"Reta";"Sim";2;0;1;0;1;0;1;2;-5,91920796;-35,26412409;"SPRF-RN";"DEL01-RN";"UOP01-DEL01-RN"
501126;2023-01-16;"segunda-feira";"19:00:00";"RS";116;233;"ESTANCIA VELHA";"Transitar na contramão";"Colisão lateral sentido oposto";"Com Vítimas Feridas";"Anoitecer";"Crescente";"Céu Claro";"Simples";"Não Informado";"Não";2;0;1;0;1;0;1;2;-29,64206007;-51,14268362;"SPRF-RS";"DEL01-RS";"UOP02-DEL01-RS"
501127;2023-01-25;"quarta-feira";"17:30:00";"MT";70;514;"VARZEA GRANDE";"Acessar a via sem observar a presença dos outros veículos";"Colisão transversal";"Com Vítimas Feridas";"Pleno dia";"Decrescente";"Céu Claro";"Simples";"Não Informado";"Sim";2;0;1;0;1;0;1;2;-15,70607;-56,1322;"SPRF-MT";"DEL01-MT";"UOP02-DEL01-MT"
501130;2023-01-25;"quarta-feira";"14:45:00";"BA";407;164;"FILADELFIA";"Ultrapassagem Indevida";"Colisão lateral sentido oposto";"Com Vítimas Feridas";"Pleno dia";"Crescente";"Céu Claro";"Simples";"Reta";"Não";4;0;2;0;2;0;2;2;-10,78532804;-40,11780243;"SPRF-BA";"DEL04-BA";"UOP01-DEL04-BA"
501131;2023-01-25;"quarta-feira";"17:30:00";"GO";60;119,8;"TEREZOPOLIS DE GOIAS";"Reação tardia ou ineficiente do condutor";"Colisão com objeto";"Com Vítimas Feridas";"Pleno dia";"Crescente";"Chuva";"Dupla";"Desvio Temporário";"Não";1;0;1;0;0;0;1;1;-16,4914;-49,0999;"SPRF-GO";"DEL01-GO";"UOP01-DEL01-GO"
501134;2023-01-25;"quarta-feira";"18:40:00";"PR";277;111;"CAMPO LARGO";"Trafegar com motocicleta (ou similar) entre as faixas";"Tombamento";"Com Vítimas Feridas";"Anoitecer";"Crescente";"Céu Claro";"Dupla";"Não Informado";"Não";2;0;1;0;1;0;1;2;-25,44353337;-49,46404696;"SPRF-PR";"DEL03-PR";"UOP03-DEL03-PR"
501142;2023-01-25;"quarta-feira";"06:40:00";"BA";116;755,6;"POCOES";"Velocidade Incompatível";"Colisão frontal";"Com Vítimas Feridas";"Pleno dia";"Decrescente";"Céu Claro";"Simples";"Reta";"Sim";3;0;1;1;1;0;2;2;-14,512942;-40,365989;"SPRF-BA";"DEL08-BA";"UOP02-DEL08-BA"
501145;2023-01-25;"quarta-feira";"19:00:00";"PE";101;62,2;"RECIFE";"Carga excessiva e/ou mal acondicionada";"Colisão com objeto";"Com Vítimas Feridas";"Plena Noite";"Decrescente";"Céu Claro";"Dupla";"Reta";"Sim";2;0;1;0;0;1;1;2;-8,005841;-34,937808;"SPRF-PE";"DEL01-PE";"UOP02-DEL01-PE"
501154;2023-01-21;"sábado";"20:40:00";"BA";101;878;"TEIXEIRA DE FREITAS";"Entrada inopinada do pedestre";"Atropelamento de Pedestre";"Com Vítimas Feridas";"Plena Noite";"Decrescente";"Chuva";"Simples";"Interseção de vias";"Sim";2;0;0;1;0;1;1;1;-17,55578666;-39,72430944;"SPRF-BA";"DEL09-BA";"UOP02-DEL09-BA"
501157;2023-01-25;"quarta-feira";"17:47:00";"MS";163;840;"SONORA";"Ausência de reação do condutor";"Saída de leito carroçável";"Com Vítimas Feridas";"Plena Noite";"Crescente";"Céu Claro";"Simples";"Não Informado";"Não";1;0;1;0;0;0;1;1;-17,57335992;-54,74135739;"SPRF-MS";"DEL06-MS";"UOP01-DEL06-MS"
501166;2023-01-25;"quarta-feira";"18:15:00";"BA";242;414;"SEABRA";"Velocidade Incompatível";"Colisão traseira";"Com Vítimas Feridas";"Anoitecer";"Decrescente";"Céu Claro";"Simples";"Não Informado";"Sim";2;0;1;0;1;0;1;2;-12,427427;-41,77020288;"SPRF-BA";"DEL06-BA";"UOP01-DEL06-BA"
501167;2023-01-25;"quarta-feira";"15:00:00";"CE";222;236,5;"SOBRAL";"Chuva";"Colisão frontal";"Com Vítimas Fatais";"Pleno dia";"Decrescente";"Chuva";"Simples";"Reta";"Não";5;1;2;0;2;0;2;2;-3,71550187;-40,44425006;"SPRF-CE";"DEL04-CE";"UOP01-DEL04-CE"
501169;2023-01-25;"quarta-feira";"20:45:00";"PI";316;317;"PICOS";"Ultrapassagem Indevida";"Colisão frontal";"Com Vítimas Feridas";"Plena Noite";"Decrescente";"Céu Claro";"Simples";"Não Informado";"Não";2;0;0;1;1;0;1;2;-7,08317297;-41,41458999;"SPRF-PI";"DEL04-PI";"UOP01-DEL04-PI"
501171;2023-01-25;"quarta-feira";"18:10:00";"MG";40;754,9;"EWBANK DA CAMARA";"Velocidade Incompatível";"Tombamento";"Com Vítimas Feridas";"Anoitecer";"Crescente";"Nublado";"Simples";"Não Informado";"Não";2;0;1;1;0;0;2;1;-21,47980333;-43,54250614;"SPRF-MG";"DEL05-MG";"UOP01-DEL05-MG"
501178;2023-01-25;"quarta-feira";"16:50:00";"MG";116;454,6;"ENGENHEIRO CALDAS";"Reação tardia ou ineficiente do condutor";"Engavetamento";"Com Vítimas Feridas";"Pleno dia";"Decrescente";"Nublado";"Simples";"Reta";"Sim";3;0;1;0;2;0;1;3;-19,18425398;-42,04045306;"SPRF-MG";"DEL06-MG";"UOP02-DEL06-MG"
501192;2023-01-25;"quarta-feira";"22:30:00";"GO";153;508,8;"APARECIDA DE GOIANIA";"Falta de acostamento";"Colisão traseira";"Sem Vítimas";"Plena Noite";"Crescente";"Chuva";"Dupla";"Não Informado";"Sim";2;0;0;0;1;1;0;2;-16,7804;-49,2371;"SPRF-GO";"DEL01-GO";"UOP03-DEL01-GO"
501195;2023-01-25;"quarta-feira";"22:50:00";"SP";116;12,7;"QUELUZ";"Ausência de reação do condutor";"Colisão traseira";"Com Vítimas Fatais";"Plena Noite";"Crescente";"Céu Claro";"Dupla";"Reta";"Não";3;1;0;0;2;0;0;3;-22,54640191;-44,8039181;"SPRF-SP";"DEL08-SP";"UOP02-DEL08-SP"
501196;2023-01-26;"quinta-feira";"01:30:00";"ES";262;177;"IBATIBA";"Velocidade Incompatível";"Capotamento";"Com Vítimas Feridas";"Plena Noite";"Decrescente";"Céu Claro";"Simples";"Não Informado";"Não";1;0;1;0;0;0;1;1;-20,28062181;-41,64687634;"SPRF-ES";"DEL01-ES";"UOP02-DEL01-ES"
501200;2023-01-26;"quinta-feira";"00:50:00";"PE";101;163,6;"GAMELEIRA";"Curva acentuada";"Saída de leito carroçável";"Sem Vítimas";"Plena Noite";"Decrescente";"Céu Claro";"Dupla";"Curva";"Não";1;0;0;0;1;0;0;1;-8,55039544;-35,44619699;"SPRF-PE";"DEL01-PE";"UOP03-DEL01-PE"
501202;2023-01-26;"quinta-feira";"04:00:00";"GO";452;181,4;"ITUMBIARA";"Problema com o freio";"Incêndio";"Sem Vítimas";"Plena Noite";"Crescente";"Nublado";"Dupla";"Não Informado";"Não";1;0;0;0;1;0;0;1;-18,38291345;-49,34590816;"SPRF-GO";"DEL03-GO";"UOP02-DEL03-GO"
501204;2023-01-26;"quinta-feira";"04:50:00";"PE";232;15;"JABOATAO DOS GUARARAPES";"Demais falhas mecânicas ou elétricas";"Incêndio";"Sem Vítimas";"Pleno dia";"Decrescente";"Sol";"Dupla";"Reta";"Sim";1;0;0;0;1;0;0;1;-8,090611;-35,02566;"SPRF-PE";"DEL01-PE";"UOP01-DEL01-PE"
501210;2023-01-26;"quinta-feira";"06:38:00";"RS";101;69,3;"OSORIO";"Condutor Dormindo";"Colisão traseira";"Com Vítimas Feridas";"Amanhecer";"Crescente";"Céu Claro";"Dupla";"Não Informado";"Não";1;0;1;0;0;0;1;1;-29,724619;-50,198845;"SPRF-RS";"DEL03-RS";"UOP01-DEL03-RS"
501212;2023-01-26;"quinta-feira";"06:00:00";"MG";381;168;"GOVERNADOR VALADARES";"Ausência de reação do condutor";"Saída de leito carroçável";"Com Vítimas Feridas";"Pleno dia";"Crescente";"Céu Claro";"Simples";"Reta";"Não";1;0;1;0;0;0;1;1;-18,96571703;-42,08181098;"SPRF-MG";"DEL06-MG";"UOP01-DEL06-MG"
501215;2023-01-26;"quinta-feira";"06:49:00";"PE";232;9,4;"JABOATAO DOS GUARARAPES";"Ausência de reação do condutor";"Colisão lateral mesmo sentido";"Com Vítimas Feridas";"Pleno dia";"Crescente";"Nublado";"Dupla";"Não Informado";"Sim";2;0;1;0;1;0;1;2;-8,07764447;-34,97863609;"SPRF-PE";"DEL01-PE";"UOP01-DEL01-PE"
501216;2023-01-22;"domingo";"16:50:00";"ES";101;242;"SERRA";"Velocidade Incompatível";"Colisão traseira";"Com Vítimas Feridas";"Pleno dia";"Decrescente";"Céu Claro";"Simples";"Reta";"Não";2;0;0;1;1;0;1;2;-20,0321348;-40,39675773;"SPRF-ES";"DEL02-ES";"UOP01-DEL02-ES"
501217;2023-01-22;"domingo";"11:15:00";"PR";467;95,2;"CASCAVEL";"Acesso irregular";"Saída de leito carroçável";"Com Vítimas Feridas";"Pleno dia";"Decrescente";"Nublado";"Dupla";"Reta";"Não";1;0;0;1;0;0;1;1;-24,8675;-53,5694;"SPRF-PR";"DEL04-PR";"UOP01-DEL04-PR"
501220;2023-01-26;"quinta-feira";"07:10:00";"SC";280;26;"ARAQUARI";"Reação tardia ou ineficiente do condutor";"Colisão traseira";"Com Vítimas Feridas";"Pleno dia";"Crescente";"Céu Claro";"Simples";"Reta";"Sim";2;0;1;0;1;0;1;2;-26,38972308;-48,73411593;"SPRF-SC";"DEL03-SC";"UOP03-DEL03-SC"
501221;2023-01-26;"quinta-feira";"04:00:00";"BA";116;911;"CANDIDO SALES";"Condutor Dormindo";"Colisão traseira";"Com Vítimas Feridas";"Plena Noite";"Decrescente";"Céu Claro";"Simples";"Desvio Temporário";"Não";5;0;2;1;2;0;3;3;-15,522374;-41,243014;"SPRF-BA";"DEL08-BA";"UOP03-DEL08-BA"
501241;2023-01-21;"sábado";"01:10:00";"BA";101;363,4;"GANDU";"Velocidade Incompatível";"Colisão lateral sentido oposto";"Sem Vítimas";"Plena Noite";"Crescente";"Nublado";"Simples";"Curva";"Não";2;0;0;0;1;1;0;2;-13,856841;-39,49252598;"SPRF-BA";"DEL05-BA";"UOP03-DEL05-BA"
501252;2023-01-26;"quinta-feira";"08:30:00";"DF";40;5;"BRASILIA";"Redutor de velocidade em desacordo";"Colisão lateral mesmo sentido";"Sem Vítimas";"Pleno dia";"Crescente";"Céu Claro";"Dupla";"Reta";"Não";2;0;0;0;2;0;0;2;-16,020903;-47,980541;"SPRF-DF";"DEL01-DF";"UOP01-DEL01-DF"
501255;2023-01-26;"quinta-feira";"08:58:00";"SP";116;392;"MIRACATU";"Demais falhas mecânicas ou elétricas";"Incêndio";"Sem Vítimas";"Pleno dia";"Crescente";"Céu Claro";"Dupla";"Reta";"Não";1;0;0;0;1;0;0;1;-24,2823606;-47,4330272;"SPRF-SP";"DEL04-SP";"UOP02-DEL04-SP"
501258;2023-01-26;"quinta-feira";"09:10:00";"BA";20;162;"SAO DESIDERIO";"Reação tardia ou ineficiente do condutor";"Colisão frontal";"Com Vítimas Feridas";"Pleno dia";"Crescente";"Chuva";"Simples";"Reta";"Não";3;0;0;2;1;0;2;2;-12,64350568;-45,91998014;"SPRF-BA";"DEL10-BA";"UOP01-DEL10-BA"
501260;2023-01-26;"quinta-feira";"05:40:00";"RJ";40;93,5;"DUQUE DE CAXIAS";"Problema com o freio";"Colisão traseira";"Com Vítimas Feridas";"Amanhecer";"Crescente";"Céu Claro";"Simples";"Não Informado";"Não";2;0;0;1;1;0;1;2;-22,55597133;-43,26057673;"SPRF-RJ";"DEL01-RJ";"UOP01-DEL01-RJ"
501262;2023-01-14;"sábado";"07:50:00";"PR";277;99;"CURITIBA";"Velocidade Incompatível";"Colisão traseira";"Com Vítimas Feridas";"Pleno dia";"Decrescente";"Céu Claro";"Dupla";"Reta";"Sim";3;0;1;0;1;1;1;2;-25,53375211;-49,31824405;"SPRF-PR";"DEL01-PR";"UAP06-DEL01-PR"
501265;2023-01-26;"quinta-feira";"07:30:00";"MT";364;381;"SANTO ANTONIO DO LEVERGER";"Reação tardia ou ineficiente do condutor";"Colisão traseira";"Com Vítimas Feridas";"Pleno dia";"Decrescente";"Céu Claro";"Dupla";"Reta";"Não";3;0;0;1;2;0;1;2;-15,70317529;-55,77326499;"SPRF-MT";"DEL01-MT";"UOP02-DEL01-MT"
501266;2023-01-26;"quinta-feira";"09:00:00";"SP";116;510,8;"CAJATI";"Acessar a via sem observar a presença dos outros veículos";"Colisão traseira";"Com Vítimas Feridas";"Pleno dia";"Decrescente";"Sol";"Dupla";"Não Informado";"Não";3;0;2;0;1;0;2;2;-24,82768986;-48,21855823;"SPRF-SP";"DEL05-SP";"UOP02-DEL05-SP"
501272;2023-01-22;"domingo";"04:30:00";"BA";101;103;"ALAGOINHAS";"Condutor deixou de manter distância do veículo da frente";"Colisão traseira";"Com Vítimas Feridas";"Amanhecer";"Crescente";"Céu Claro";"Simples";"Reta";"Não";2;0;1;0;1;0;1;2;-12,15963868;-38,41162324;"SPRF-BA";"DEL01-BA";"UOP04-DEL01-BA"
501273;2023-01-19;"quinta-feira";"08:00:00";"PR";277;362;"GUARAPUAVA";"Condutor Dormindo";"Colisão lateral sentido oposto";"Sem Vítimas";"Amanhecer";"Decrescente";"Céu Claro";"Simples";"Não Informado";"Não";3;0;0;0;0;3;0;2;-25,439349;-51,623771;"SPRF-PR";"DEL08-PR";"UOP01-DEL08-PR"
501275;2023-01-26;"quinta-feira";"08:57:00";"GO";60;204,8;"GUAPO";"Ausência de reação do condutor";"Colisão traseira";"Com Vítimas Feridas";"Pleno dia";"Crescente";"Chuva";"Dupla";"Desvio Temporário";"Sim";2;0;1;0;1;0;1;2;-16,8995;-49,6387;"SPRF-GO";"DEL01-GO";"UOP02-DEL01-GO"
501277;2023-01-26;"quinta-feira";"09:30:00";"PE";232;250,9;"ARCOVERDE";"Reação tardia ou ineficiente do condutor";"Colisão traseira";"Com Vítimas Feridas";"Pleno dia";"Crescente";"Céu Claro";"Simples";"Reta";"Sim";2;0;1;0;1;0;1;2;-8,42350887;-37,05286107;"SPRF-PE";"DEL04-PE";"UOP02-DEL04-PE"
501285;2023-01-10;"terça-feira";"12:00:00";"MT";364;349,5;"SANTO ANTONIO DO LEVERGER";"Avarias e/ou desgaste excessivo no pneu";"Saída de leito carroçável";"Com Vítimas Feridas";"Pleno dia";"Crescente";"Céu Claro";"Dupla";"Não Informado";"Não";2;0;0;1;0;1;1;1;-15,80502622;-55,5546431;"SPRF-MT";"DEL05-MT";"UOP02-DEL05-MT"
501296;2023-01-26;"quinta-feira";"11:50:00";"RJ";393;182,2;"PARAIBA DO SUL";"Acessar a via sem observar a presença dos outros veículos";"Colisão transversal";"Com Vítimas Feridas";"Pleno dia";"Crescente";"Céu Claro";"Simples";"Rotatória";"Sim";5;0;2;0;3;0;2;2;-22,14334599;-43,28639215;"SPRF-RJ";"DEL05-RJ";"UOP01-DEL05-RJ"
501297;2023-01-26;"quinta-feira";"12:50:00";"SC";470;7;"NAVEGANTES";"Ausência de reação do condutor";"Colisão lateral mesmo sentido";"Sem Vítimas";"Pleno dia";"Crescente";"Céu Claro";"Simples";"Não Informado";"Sim";2;0;0;0;2;0;0;2;-26,84499;-48,71505;"SPRF-SC";"DEL04-SC";"UOP04-DEL04-SC"
501299;2023-01-26;"quinta-feira";"13:24:00";"TO";153;148;"ARAGUAINA";"Acessar a via sem observar a presença dos outros veículos";"Colisão lateral mesmo sentido";"Sem Vítimas";"Pleno dia";"Crescente";"Céu Claro";"Múltipla";"Rotatória";"Sim";2;0;0;0;2;0;0;2;-7,23023092;-48,25208725;"SPRF-TO";"DEL02-TO";"UOP01-DEL02-TO"
501300;2023-01-02;"segunda-feira";"17:40:00";"BA";324;533;"FEIRA DE SANTANA";"Ausência de reação do condutor";"Colisão traseira";"Com Vítimas Feridas";"Anoitecer";"Decrescente";"Chuva";"Dupla";"Reta";"Não";4;0;2;0;2;0;2;2;-12,34449694;-38,84017496;"SPRF-BA";"DEL01-BA";"UOP03-DEL01-BA"
501302;2023-01-20;"sexta-feira";"16:30:00";"RS";158;115,5;"PALMEIRA DAS MISSOES";"Reação tardia ou ineficiente do condutor";"Colisão frontal";"Com Vítimas Feridas";"Pleno dia";"Crescente";"Céu Claro";"Simples";"Não Informado";"Não";2;0;1;0;1;0;1;2;-28,01996705;-53,35276475;"SPRF-RS";"DEL08-RS";"UOP01-DEL08-RS"
501307;2023-01-26;"quinta-feira";"12:28:00";"PE";101;47,7;"IGARASSU";"Ausência de reação do condutor";"Tombamento";"Com Vítimas Fatais";"Pleno dia";"Decrescente";"Céu Claro";"Múltipla";"Reta";"Sim";3;1;0;0;1;1;0;3;-7,882596;-34,904723;"SPRF-PE";"DEL01-PE";"UOP02-DEL01-PE"
501308;2023-01-26;"quinta-feira";"11:30:00";"PR";373;237;"IMBITUVA";"Ausência de reação do condutor";"Saída de leito carroçável";"Com Vítimas Feridas";"Pleno dia";"Decrescente";"Céu Claro";"Simples";"Reta";"Não";1;0;1;0;0;0;1;1;-25,18059403;-50,72520901;"SPRF-PR";"DEL03-PR";"UOP01-DEL03-PR"
501315;2023-01-22;"domingo";"13:35:00";"SC";101;135,5;"BALNEARIO CAMBORIU";"Manobra de mudança de faixa";"Colisão traseira";"Com Vítimas Feridas";"Pleno dia";"Crescente";"Nublado";"Múltipla";"Não Informado";"Não";6;0;0;1;5;0;1;2;-27,0050108;-48,62677494;"SPRF-SC";"DEL04-SC";"UOP03-DEL04-SC"
501318;2023-01-26;"quinta-feira";"11:30:00";"GO";60;381;"RIO VERDE";"Manobra de mudança de faixa";"Colisão traseira";"Com Vítimas Feridas";"Pleno dia";"Crescente";"Céu Claro";"Dupla";"Não Informado";"Não";3;0;1;0;2;0;1;3;-17,7727;-50,8862;"SPRF-GO";"DEL04-GO";"UOP02-DEL04-GO"
501324;2023-01-26;"quinta-feira";"13:30:00";"MG";40;573;"ITABIRITO";"Avarias e/ou desgaste excessivo no pneu";"Colisão lateral sentido oposto";"Com Vítimas Fatais";"Pleno dia";"Crescente";"Chuva";"Simples";"Não Informado";"Não";8;2;3;2;1;0;5;4;-20,2442831;-43,9648473;"SPRF-MG";"DEL01-MG";"UOP02-DEL01-MG"
501336;2023-01-26;"quinta-feira";"14:20:00";"BA";101;665;"ITAPEBI";"Acesso irregular";"Colisão frontal";"Com Vítimas Fatais";"Pleno dia";"Crescente";"Céu Claro";"Simples";"Reta";"Não";3;1;1;1;0;0;2;2;-15,97898795;-39,56331253;"SPRF-BA";"DEL09-BA";"UOP01-DEL09-BA"
501337;2023-01-26;"quinta-feira";"15:10:00";"CE";116;19,6;"EUSEBIO";"Transitar na calçada";"Saída de leito carroçável";"Sem Vítimas";"Pleno dia";"Decrescente";"Sol";"Dupla";"Retorno Regulamentado";"Sim";1;0;0;0;1;0;0;1;-3,91894938;-38,50704253;"SPRF-CE";"DEL01-CE";"UOP02-DEL01-CE"