"id";"data_inversa";"dia_semana";"horario";"uf";"br";"km";"municipio";"causa_acidente";"tipo_acidente";"classificacao_acidente";"fase_dia";"sentido_via";"condicao_metereologica";"tipo_pista";"tracado_via";"uso_solo";"pessoas";"mortos";"feridos_leves";"feridos_graves";"ilesos";"ignorados";"feridos";"veiculos";"latitude";"longitude";"regional";"delegacia";"uop"
501339;2023-01-26;"quinta-feira";"16:22:00";"PE";408;21,1;"TIMBAUBA";"Ultrapassagem Indevida";"Colisão frontal";"Com Vítimas Feridas";"Pleno dia";"Crescente";"Céu Claro";"Simples";"Reta";"Não";2;0;0;1;1;0;1;2;-7,522575;-35,298534;"SPRF-PE";"DEL01-PE";"UOP02-DEL01-PE"
501340;2023-01-26;"quinta-feira";"10:15:00";"GO";153;504;"GOIANIA";"Condutor deixou de manter distância do veículo da frente";"Colisão traseira";"Com Vítimas Feridas";"Pleno dia";"Crescente";"Céu Claro";"Dupla";"Reta";"Sim";4;0;1;0;3;0;1;4;-16,7451;-49,2408;"SPRF-GO";"DEL01-GO";"UOP01-DEL01-GO"
501341;2023-01-26;"quinta-feira";"15:45:00";"MS";267;225,4;"NOVA ALVORADA DO SUL";"Reação tardia ou ineficiente do condutor";"Saída de leito carroçável";"Com Vítimas Feridas";"Pleno dia";"Crescente";"Sol";"Simples";"Reta";"Não";1;0;1;0;0;0;1;1;-21,53944587;-54,17008599;"SPRF-MS";"DEL02-MS";"UOP01-DEL02-MS"
501344;2023-01-26;"quinta-feira";"16:20:00";"ES";101;261;"SERRA";"Ausência de reação do condutor";"Colisão traseira";"Com Vítimas Feridas";"Pleno dia";"Crescente";"Nublado";"Simples";"Não Informado";"Não";3;0;2;0;1;0;2;3;-20,14854215;-40,27970926;"SPRF-ES";"DEL02-ES";"UOP01-DEL02-ES"
501353;2023-01-21;"sábado";"03:30:00";"PR";153;460,2;"PORTO VITORIA";"Ingestão de álcool pelo condutor";"Colisão lateral sentido oposto";"Sem Vítimas";"Plena Noite";"Crescente";"Céu Claro";"Simples";"Curva";"Não";2;0;0;0;2;0;0;2;-26,28454853;-51,19607615;"SPRF-PR";"DEL02-PR";"UOP03-DEL02-PR"
501359;2023-01-26;"quinta-feira";"17:25:00";"SC";101;206,2;"SAO JOSE";"Condutor deixou de manter distância do veículo da frente";"Engavetamento";"Com Vítimas Fatais";"Pleno dia";"Crescente";"Sol";"Múltipla";"Reta";"Sim";5;1;0;0;1;3;0;3;-27,59193546;-48,61824557;"SPRF-SC";"DEL01-SC";"UOP01-DEL01-SC"
501361;2023-01-26;"quinta-feira";"17:10:00";"PR";163;81;"PLANALTO";"Acessar a via sem observar a presença dos outros veículos";"Colisão frontal";"Com Vítimas Feridas";"Pleno dia";"Crescente";"Céu Claro";"Simples";"Não Informado";"Sim";3;0;0;2;1;0;2;2;-25,74623888;-53,79906581;"SPRF-PR";"DEL02-PR";"UOP02-DEL02-PR"
501362;2023-01-22;"domingo";"17:40:00";"PI";135;554;"CORRENTE";"Transitar na contramão";"Colisão frontal";"Com Vítimas Feridas";"Anoitecer";"Decrescente";"Chuva";"Simples";"Não Informado";"Não";2;0;1;0;1;0;1;2;-10,12844684;-45,21546291;"SPRF-PI";"DEL03-PI";"UOP02-DEL03-PI"
501365;2023-01-26;"quinta-feira";"16:30:00";"SC";101;138;"BALNEARIO CAMBORIU";"Condutor deixou de manter distância do veículo da frente";"Engavetamento";"Com Vítimas Feridas";"Pleno dia";"Crescente";"Céu Claro";"Dupla";"Curva";"Não";4;0;1;0;2;1;1;4;-27,02397426;-48,60761649;"SPRF-SC";"DEL04-SC";"UOP03-DEL04-SC"
501366;2023-01-26;"quinta-feira";"18:15:00";"MG";40;769,5;"JUIZ DE FORA";"Afundamento ou ondulação no pavimento";"Saída de leito carroçável";"Com Vítimas Feridas";"Pleno dia";"Decrescente";"Céu Claro";"Simples";"Reta";"Não";1;0;1;0;0;0;1;1;-21,58922593;-43,4583538;"SPRF-MG";"DEL05-MG";"UOP01-DEL05-MG"
501376;2023-01-26;"quinta-feira";"15:10:00";"RS";285;95,3;"MONTE ALEGRE DOS CAMPOS";"Velocidade Incompatível";"Tombamento";"Com Vítimas Feridas";"Pleno dia";"Crescente";"Céu Claro";"Simples";"Curva";"Não";1;0;1;0;0;0;1;1;-28,59857;-50,732716;"SPRF-RS";"DEL05-RS";"UOP03-DEL05-RS"
501377;2023-01-26;"quinta-feira";"16:45:00";"RO";364;337,8;"JI-PARANA";"Acessar a via sem observar a presença dos outros veículos";"Colisão transversal";"Com Vítimas Feridas";"Pleno dia";"Decrescente";"Nublado";"Simples";"Não Informado";"Sim";2;0;0;1;1;0;1;2;-10,920722;-61,92989;"SPRF-RO";"DEL02-RO";"UOP01-DEL02-RO"
501380;2023-01-21;"sábado";"12:30:00";"MG";40;522;"CONTAGEM";"Acumulo de água sobre o pavimento";"Saída de leito carroçável";"Sem Vítimas";"Pleno dia";"Crescente";"Nublado";"Dupla";"Não Informado";"Sim";1;0;0;0;1;0;0;1;-19,8638731;-44,06749809;"SPRF-MG";"DEL01-MG";"UOP02-DEL01-MG"
501381;2023-01-26;"quinta-feira";"15:40:00";"RO";364;424,4;"JARU";"Acessar a via sem observar a presença dos outros veículos";"Colisão traseira";"Com Vítimas Feridas";"Pleno dia";"Decrescente";"Nublado";"Simples";"Interseção de vias";"Sim";2;0;1;0;1;0;1;2;-10,44457274;-62,46568412;"SPRF-RO";"DEL03-RO";"UOP02-DEL03-RO"
501387;2023-01-22;"domingo";"17:00:00";"MG";381;921,3;"CAMANDUCAIA";"Velocidade Incompatível";"Tombamento";"Com Vítimas Feridas";"Pleno dia";"Crescente";"Céu Claro";"Dupla";"Não Informado";"Não";1;0;1;0;0;0;1;1;-22,7629281;-46,17041731;"SPRF-MG";"DEL16-MG";"UOP03-DEL16-MG"
501392;2023-01-26;"quinta-feira";"16:33:00";"MG";381;689,3;"LAVRAS";"Ultrapassagem Indevida";"Queda de ocupante de veículo";"Com Vítimas Feridas";"Pleno dia";"Crescente";"Céu Claro";"Dupla";"Não Informado";"Não";2;0;0;1;1;0;1;2;-21,225698;-45,130486;"SPRF-MG";"DEL04-MG";"UOP02-DEL04-MG"
501399;2023-01-26;"quinta-feira";"18:20:00";"MA";316;269,9;"BELA VISTA DO MARANHAO";"Manobra de mudança de faixa";"Colisão frontal";"Com Vítimas Feridas";"Anoitecer";"Crescente";"Céu Claro";"Simples";"Reta";"Sim";3;0;1;2;0;0;3;2;-3,701196;-45,31544;"SPRF-MA";"DEL02-MA";"UOP01-DEL02-MA"
501401;2023-01-26;"quinta-feira";"18:00:00";"RS";290;54;"GLORINHA";"Avarias e/ou desgaste excessivo no pneu";"Tombamento";"Com Vítimas Feridas";"Anoitecer";"Decrescente";"Chuva";"Dupla";"Reta";"Não";2;0;1;0;1;0;1;1;-29,912643;-50,798103;"SPRF-RS";"DEL03-RS";"UOP01-DEL03-RS"
501403;2023-01-26;"quinta-feira";"16:30:00";"PE";232;380;"FLORES";"Manobra de mudança de faixa";"Colisão frontal";"Com Vítimas Feridas";"Pleno dia";"Decrescente";"Sol";"Simples";"Não Informado";"Não";4;0;0;2;2;0;2;2;-8,04030787;-38,05014604;"SPRF-PE";"DEL04-PE";"UOP01-DEL04-PE"
501407;2023-01-26;"quinta-feira";"20:14:00";"MG";40;357;"FELIXLANDIA";"Carga excessiva e/ou mal acondicionada";"Derramamento de carga";"Com Vítimas Feridas";"Plena Noite";"Decrescente";"Nublado";"Simples";"Reta";"Não";6;0;1;3;2;0;4;2;-18,73166974;-44,87334188;"SPRF-MG";"DEL02-MG";"UOP01-DEL02-MG"
501412;2023-01-26;"quinta-feira";"21:45:00";"SP";116;216;"GUARULHOS";"Entrada inopinada do pedestre";"Atropelamento de Pedestre";"Com Vítimas Feridas";"Plena Noite";"Decrescente";"Céu Claro";"Dupla";"Reta";"Sim";4;0;1;1;2;0;2;2;-23,45056589;-46,46258105;"SPRF-SP";"DEL01-SP";"UOP01-DEL01-SP"
501415;2023-01-26;"quinta-feira";"20:10:00";"PR";163;3;"BARRACAO";"Transitar na contramão";"Colisão transversal";"Com Vítimas Feridas";"Plena Noite";"Crescente";"Céu Claro";"Simples";"Curva";"Não";2;0;1;0;1;0;1;2;-26,25066;-53,635523;"SPRF-PR";"DEL02-PR";"UOP02-DEL02-PR"
501420;2023-01-26;"quinta-feira";"20:00:00";"MG";262;486,2;"BOM DESPACHO";"Chuva";"Colisão frontal";"Com Vítimas Feridas";"Plena Noite";"Decrescente";"Chuva";"Simples";"Reta";"Não";2;0;1;0;1;0;1;2;-19,78610881;-45,30392798;"SPRF-MG";"DEL08-MG";"UOP03-DEL08-MG"
501427;2023-01-26;"quinta-feira";"23:10:00";"RJ";116;228;"PIRAI";"Velocidade Incompatível";"Tombamento";"Com Vítimas Feridas";"Plena Noite";"Decrescente";"Céu Claro";"Dupla";"Não Informado";"Não";1;0;1;0;0;0;1;1;-22,660623;-43,82667;"SPRF-RJ";"DEL07-RJ";"UOP01-DEL07-RJ"
501429;2023-01-26;"quinta-feira";"19:30:00";"RO";364;541;"ALTO PARAISO";"Ingestão de álcool pelo condutor";"Derramamento de carga";"Sem Vítimas";"Plena Noite";"Decrescente";"Nublado";"Simples";"Não Informado";"Não";1;0;0;0;1;0;0;1;-9,716742;-63,11815;"SPRF-RO";"DEL03-RO";"UOP01-DEL03-RO"
501445;2023-01-27;"sexta-feira";"03:30:00";"MS";60;508;"NIOAQUE";"Velocidade Incompatível";"Tombamento";"Com Vítimas Feridas";"Plena Noite";"Crescente";"Céu Claro";"Simples";"Não Informado";"Não";2;0;0;2;0;0;2;1;-21,20258895;-55,57734365;"SPRF-MS";"DEL05-MS";"UOP01-DEL05-MS"
501446;2023-01-27;"sexta-feira";"05:50:00";"ES";101;232;"FUNDAO";"Ultrapassagem Indevida";"Colisão frontal";"Com Vítimas Fatais";"Pleno dia";"Decrescente";"Céu Claro";"Simples";"Reta";"Não";4;2;0;1;1;0;1;3;-19,95224103;-40,40879816;"SPRF-ES";"DEL02-ES";"UOP01-DEL02-ES"
501447;2023-01-27;"sexta-feira";"05:10:00";"SC";101;71;"ARAQUARI";"Condutor deixou de manter distância do veículo da frente";"Colisão traseira";"Sem Vítimas";"Amanhecer";"Crescente";"Céu Claro";"Dupla";"Reta";"Não";2;0;0;0;2;0;0;2;-26,51864822;-48,71874636;"SPRF-SC";"DEL03-SC";"UOP02-DEL03-SC"
501448;2023-01-26;"quinta-feira";"23:30:00";"SC";470;60,3;"BLUMENAU";"Reação tardia ou ineficiente do condutor";"Tombamento";"Sem Vítimas";"Plena Noite";"Decrescente";"Céu Claro";"Simples";"Não Informado";"Não";1;0;0;0;1;0;0;1;-26,88138;-49,164543;"SPRF-SC";"DEL04-SC";"UOP01-DEL04-SC"
501453;2023-01-27;"sexta-feira";"00:30:00";"MG";116;580;"MANHUACU";"Ausência de reação do condutor";"Tombamento";"Com Vítimas Feridas";"Plena Noite";"Crescente";"Nublado";"Simples";"Curva";"Não";1;0;1;0;0;0;1;1;-20,18726337;-42,18489254;"SPRF-MG";"DEL06-MG";"UOP03-DEL06-MG"
501457;2023-01-27;"sexta-feira";"07:15:00";"MG";40;521;"CONTAGEM";"Acessar a via sem observar a presença dos outros veículos";"Colisão lateral mesmo sentido";"Sem Vítimas";"Pleno dia";"Crescente";"Céu Claro";"Dupla";"Reta";"Sim";2;0;0;0;2;0;0;2;-19,85651501;-44,07213222;"SPRF-MG";"DEL01-MG";"UOP02-DEL01-MG"
501467;2023-01-27;"sexta-feira";"06:28:00";"SC";101;69,1;"ARAQUARI";"Condutor deixou de manter distância do veículo da frente";"Colisão traseira";"Sem Vítimas";"Pleno dia";"Crescente";"Céu Claro";"Dupla";"Reta";"Não";2;0;0;0;2;0;0;2;-26,50298009;-48,72814515;"SPRF-SC";"DEL03-SC";"UOP02-DEL03-SC"
501469;2023-01-27;"sexta-feira";"08:10:00";"GO";153;621;"MORRINHOS";"Condutor Dormindo";"Colisão traseira";"Com Vítimas Feridas";"Pleno dia";"Crescente";"Nublado";"Dupla";"Reta";"Não";2;0;1;0;1;0;1;2;-17,7309;-49,1552;"SPRF-GO";"DEL03-GO";"UOP01-DEL03-GO"
501470;2023-01-27;"sexta-feira";"06:12:00";"MG";365;69,7;"CLARO DOS POCOES";"Reação tardia ou ineficiente do condutor";"Saída de leito carroçável";"Com Vítimas Feridas";"Pleno dia";"Decrescente";"Nublado";"Simples";"Não Informado";"Não";1;0;0;1;0;0;1;1;-17,07222805;-44,33952581;"SPRF-MG";"DEL12-MG";"UOP01-DEL12-MG"
501485;2023-01-27;"sexta-feira";"09:50:00";"SP";116;230;"SAO PAULO";"Ausência de reação do condutor";"Colisão traseira";"Com Vítimas Feridas";"Pleno dia";"Crescente";"Sol";"Múltipla";"Reta";"Não";4;0;2;0;2;0;2;2;-23,52251783;-46,5855702;"SPRF-SP";"DEL01-SP";"UOP01-DEL01-SP"
501486;2023-01-27;"sexta-feira";"09:00:00";"SP";116;511;"CAJATI";"Reação tardia ou ineficiente do condutor";"Colisão com objeto";"Com Vítimas Feridas";"Pleno dia";"Crescente";"Céu Claro";"Dupla";"Curva";"Não";1;0;1;0;0;0;1;1;-24,83558399;-48,2223738;"SPRF-SP";"DEL05-SP";"UOP02-DEL05-SP"
501490;2023-01-27;"sexta-feira";"09:55:00";"SP";381;22,3;"BRAGANCA PAULISTA";"Entrada inopinada do pedestre";"Atropelamento de Pedestre";"Com Vítimas Fatais";"Pleno dia";"Crescente";"Sol";"Dupla";"Reta";"Não";2;1;0;0;1;0;0;1;-22,99697186;-46,5163051;"SPRF-SP";"DEL03-SP";"UOP02-DEL03-SP"
501493;2023-01-27;"sexta-feira";"10:30:00";"PR";369;506,1;"CASCAVEL";"Transitar na contramão";"Colisão lateral sentido oposto";"Com Vítimas Feridas";"Pleno dia";"Decrescente";"Sol";"Simples";"Reta";"Não";4;0;2;0;2;0;2;3;-24,8326;-53,3005;"SPRF-PR";"DEL04-PR";"UOP03-DEL04-PR"
501496;2023-01-27;"sexta-feira";"10:00:00";"MG";40;495,5;"ESMERALDAS";"Acumulo de areia ou detritos sobre o pavimento";"Eventos atípicos";"Sem Vítimas";"Pleno dia";"Decrescente";"Céu Claro";"Dupla";"Não Informado";"Não";2;0;0;0;2;0;0;2;-19,66258914;-44,19686822;"SPRF-MG";"DEL02-MG";"UOP01-DEL02-MG"
501501;2023-01-27;"sexta-feira";"11:35:00";"CE";20;177;"BOA VIAGEM";"Demais falhas na via";"Tombamento";"Com Vítimas Feridas";"Pleno dia";"Crescente";"Céu Claro";"Simples";"Não Informado";"Não";2;0;2;0;0;0;2;1;-5,287862;-39,893627;"SPRF-CE";"DEL02-CE";"UOP02-DEL02-CE"
501504;2023-01-27;"sexta-feira";"09:30:00";"MG";262;909,9;"COMENDADOR GOMES";"Demais falhas mecânicas ou elétricas";"Tombamento";"Com Vítimas Feridas";"Pleno dia";"Crescente";"Céu Claro";"Dupla";"Não Informado";"Não";1;0;1;0;0;0;1;1;-19,64975778;-48,82869244;"SPRF-MG";"DEL13-MG";"UOP02-DEL13-MG"
501512;2023-01-27;"sexta-feira";"12:30:00";"AL";316;199,5;"MARIBONDO";"Condutor Dormindo";"Colisão frontal";"Sem Vítimas";"Pleno dia";"Crescente";"Céu Claro";"Simples";"Reta";"Não";2;0;0;0;2;0;0;2;-9,5795443;-36,33410919;"SPRF-AL";"DEL03-AL";"UOP01-DEL03-AL"
501515;2023-01-27;"sexta-feira";"11:50:00";"MS";267;226,9;"NOVA ALVORADA DO SUL";"Condutor Dormindo";"Colisão frontal";"Com Vítimas Feridas";"Pleno dia";"Crescente";"Céu Claro";"Simples";"Reta";"Não";4;0;2;0;2;0;2;3;-21,53845148;-54,17967594;"SPRF-MS";"DEL02-MS";"UOP01-DEL02-MS"
501520;2023-01-27;"sexta-feira";"12:51:00";"RO";319;57;"PORTO VELHO";"Conversão proibida";"Colisão lateral mesmo sentido";"Com Vítimas Feridas";"Pleno dia";"Crescente";"Chuva";"Simples";"Reta";"Não";2;0;1;0;1;0;1;2;-8,739714;-63,93214024;"SPRF-RO";"DEL01-RO";"UOP01-DEL01-RO"
501527;2023-01-27;"sexta-feira";"15:00:00";"PB";101;9;"MAMANGUAPE";"Condutor Dormindo";"Colisão traseira";"Com Vítimas Feridas";"Pleno dia";"Crescente";"Céu Claro";"Dupla";"Desvio Temporário";"Não";2;0;0;1;1;0;1;2;-6,5745330074;-35,1442982212;"SPRF-PB";"DEL01-PB";"UOP04-DEL01-PB"
501530;2023-01-27;"sexta-feira";"13:50:00";"RJ";101;417;"MANGARATIBA";"Ausência de reação do condutor";"Colisão traseira";"Com Vítimas Feridas";"Pleno dia";"Crescente";"Céu Claro";"Simples";"Reta";"Não";2;0;1;0;0;1;1;2;-22,91293797;-43,89732384;"SPRF-RJ";"DEL03-RJ";"UOP01-DEL03-RJ"
501531;2023-01-27;"sexta-feira";"14:30:00";"PA";163;403;"ITAITUBA";"Transitar na contramão";"Colisão frontal";"Com Vítimas Feridas";"Anoitecer";"Decrescente";"Garoa/Chuvisco";"Simples";"Curva";"Não";2;0;1;1;0;0;2;2;-6,27225736;-55,59573438;"SPRF-PA";"DEL05-PA";"UOP02-DEL05-PA"
501533;2023-01-27;"sexta-feira";"14:40:00";"GO";20;211;"POSSE";"Chuva";"Saída de leito carroçável";"Com Vítimas Feridas";"Pleno dia";"Crescente";"Chuva";"Simples";"Não Informado";"Não";2;0;2;0;0;0;2;1;-14,268924;-46,380203;"SPRF-DF";"DEL02-DF";"UOP03-DEL02-DF"
501537;2023-01-27;"sexta-feira";"10:40:00";"PR";476;165,2;"ARAUCARIA";"Condutor deixou de manter distância do veículo da frente";"Colisão traseira";"Com Vítimas Feridas";"Pleno dia";"Crescente";"Céu Claro";"Simples";"Reta";"Não";2;0;1;0;1;0;1;2;-25,643578;-49,472763;"SPRF-PR";"DEL01-PR";"UAP06-DEL01-PR"
501543;2023-01-27;"sexta-feira";"14:00:00";"SC";280;300,7;"PORTO UNIAO";"Manobra de mudança de faixa";"Colisão lateral mesmo sentido";"Com Vítimas Feridas";"Pleno dia";"Crescente";"Sol";"Simples";"Reta";"Não";4;0;1;0;3;0;1;3;-26,28524961;-51,02104389;"SPRF-SC";"DEL06-SC";"UOP04-DEL06-SC"
501544;2023-01-27;"sexta-feira";"15:10:00";"GO";20;129,5;"FLORES DE GOIAS";"Transitar na contramão";"Colisão transversal";"Com Vítimas Feridas";"Pleno dia";"Decrescente";"Chuva";"Simples";"Reta";"Não";6;0;1;0;5;0;1;3;-14,845849;-46,74799;"SPRF-DF";"DEL02-DF";"UOP03-DEL02-DF"
501549;2023-01-27;"sexta-feira";"15:40:00";"MT";364;349,6;"SANTO ANTONIO DO LEVERGER";"Reação tardia ou ineficiente do condutor";"Colisão traseira";"Sem Vítimas";"Pleno dia";"Crescente";"Nublado";"Dupla";"Não Informado";"Não";7;0;0;0;7;0;0;4;-15,793835;-55,582373;"SPRF-MT";"DEL05-MT";"UOP02-DEL05-MT"
501552;2023-01-27;"sexta-feira";"17:10:00";"SC";101;131;"BALNEARIO CAMBORIU";"Ultrapassagem Indevida";"Colisão lateral mesmo sentido";"Com Vítimas Feridas";"Pleno dia";"Crescente";"Céu Claro";"Múltipla";"Reta";"Sim";2;0;1;0;1;0;1;2;-26,99064209;-48,66310912;"SPRF-SC";"DEL04-SC";"UOP03-DEL04-SC"
501557;2023-01-27;"sexta-feira";"17:35:00";"PR";476;144,4;"CURITIBA";"Manobra de mudança de faixa";"Colisão lateral mesmo sentido";"Com Vítimas Feridas";"Pleno dia";"Decrescente";"Céu Claro";"Dupla";"Não Informado";"Sim";3;0;1;0;2;0;1;3;-25,542501;-49,313011;"SPRF-PR";"DEL01-PR";"UAP06-DEL01-PR"
501559;2023-01-27;"sexta-feira";"16:50:00";"PE";101;78;"RECIFE";"Trafegar com motocicleta (ou similar) entre as faixas";"Colisão traseira";"Com Vítimas Feridas";"Plena Noite";"Crescente";"Céu Claro";"Dupla";"Reta";"Sim";4;0;0;1;3;0;1;3;-8,13496499;-34,94738614;"SPRF-PE";"DEL01-PE";"UOP01-DEL01-PE"
501560;2023-01-27;"sexta-feira";"17:50:00";"RS";290;115;"ELDORADO DO SUL";"Reação tardia ou ineficiente do condutor";"Colisão traseira";"Com Vítimas Feridas";"Pleno dia";"Decrescente";"Céu Claro";"Simples";"Reta";"Não";8;0;1;0;7;0;1;2;-30,045572;-51,357651;"SPRF-RS";"DEL02-RS";"UOP01-DEL02-RS"
501561;2023-01-27;"sexta-feira";"17:35:00";"ES";101;315,9;"VILA VELHA";"Reação tardia ou ineficiente do condutor";"Colisão lateral mesmo sentido";"Com Vítimas Feridas";"Plena Noite";"Decrescente";"Céu Claro";"Dupla";"Curva";"Não";3;0;1;0;1;1;1;2;-20,46976694;-40,46795209;"SPRF-ES";"DEL01-ES";"UOP01-DEL01-ES"
501565;2023-01-27;"sexta-feira";"17:55:00";"MG";356;264,5;"MURIAE";"Ausência de reação do condutor";"Colisão traseira";"Com Vítimas Fatais";"Pleno dia";"Decrescente";"Nublado";"Simples";"Reta";"Sim";3;1;0;0;1;1;0;2;-21,12552649;-42,37547729;"SPRF-MG";"DEL07-MG";"UOP02-DEL07-MG"
501570;2023-01-22;"domingo";"18:30:00";"MT";163;979;"TERRA NOVA DO NORTE";"Manobra de mudança de faixa";"Colisão lateral sentido oposto";"Com Vítimas Fatais";"Anoitecer";"Crescente";"Céu Claro";"Simples";"Curva";"Não";2;1;0;0;1;0;0;2;-10,67709001;-55,13921885;"SPRF-MT";"DEL06-MT";"UOP03-DEL06-MT"
501571;2023-01-27;"sexta-feira";"08:45:00";"PE";232;402,8;"SERRA TALHADA";"Condutor deixou de manter distância do veículo da frente";"Tombamento";"Com Vítimas Feridas";"Pleno dia";"Crescente";"Céu Claro";"Simples";"Reta";"Não";2;0;1;0;0;1;1;2;-8,00594179;-38,24424505;"SPRF-PE";"DEL04-PE";"UOP01-DEL04-PE"
501577;2023-01-27;"sexta-feira";"18:30:00";"SP";116;94;"PINDAMONHANGABA";"Ausência de reação do condutor";"Engavetamento";"Com Vítimas Feridas";"Anoitecer";"Crescente";"Nublado";"Dupla";"Reta";"Não";5;0;2;0;3;0;2;3;-22,96083987;-45,42156507;"SPRF-SP";"DEL08-SP";"UOP01-DEL08-SP"
501578;2023-01-27;"sexta-feira";"15:30:00";"SC";101;298;"LAGUNA";"Entrada inopinada do pedestre";"Atropelamento de Pedestre";"Com Vítimas Feridas";"Pleno dia";"Decrescente";"Sol";"Múltipla";"Reta";"Não";2;0;1;0;1;0;1;1;-28,32102597;-48,72829906;"SPRF-SC";"DEL02-SC";"UOP03-DEL02-SC"
501595;2023-01-27;"sexta-feira";"18:00:00";"MA";316;413;"ALTO ALEGRE DO MARANHAO";"Velocidade Incompatível";"Colisão transversal";"Com Vítimas Feridas";"Anoitecer";"Decrescente";"Céu Claro";"Simples";"Reta";"Não";2;0;1;0;1;0;1;2;-4,306536;-44,411728;"SPRF-MA";"DEL03-MA";"UOP01-DEL03-MA"
501601;2023-01-27;"sexta-feira";"21:05:00";"MG";40;483,9;"SETE LAGOAS";"Pista esburacada";"Colisão com objeto";"Com Vítimas Feridas";"Plena Noite";"Decrescente";"Céu Claro";"Dupla";"Não Informado";"Não";5;0;2;0;1;2;2;3;-19,57184;-44,231534;"SPRF-MG";"DEL02-MG";"UOP01-DEL02-MG"
501603;2023-01-27;"sexta-feira";"20:45:00";"PR";376;660;"TIJUCAS DO SUL";"Carga excessiva e/ou mal acondicionada";"Derramamento de carga";"Sem Vítimas";"Plena Noite";"Decrescente";"Céu Claro";"Simples";"Não Informado";"Não";3;0;0;0;2;1;0;3;-25,8516758;-49,00332398;"SPRF-PR";"DEL01-PR";"UOP04-DEL01-PR"
501621;2023-01-27;"sexta-feira";"23:40:00";"SP";116;6,2;"QUELUZ";"Condutor Dormindo";"Colisão traseira";"Com Vítimas Feridas";"Plena Noite";"Crescente";"Chuva";"Dupla";"Reta";"Não";2;0;1;0;1;0;1;2;-22,53158181;-44,75374706;"SPRF-SP";"DEL08-SP";"UOP02-DEL08-SP"
501623;2023-01-28;"sábado";"00:10:00";"SE";235;29,3;"AREIA BRANCA";"Condutor Dormindo";"Colisão frontal";"Com Vítimas Feridas";"Plena Noite";"Decrescente";"Céu Claro";"Simples";"Reta";"Não";2;0;0;1;1;0;1;2;-10,790907;-37,284542;"SPRF-SE";"DEL01-SE";"UOP02-DEL01-SE"
501627;2023-01-27;"sexta-feira";"22:15:00";"MS";262;490,2;"ANASTACIO";"Transitar na contramão";"Colisão lateral sentido oposto";"Com Vítimas Feridas";"Plena Noite";"Crescente";"Nublado";"Simples";"Curva";"Sim";2;0;1;0;1;0;1;2;-20,49915789;-55,81553606;"SPRF-MS";"DEL03-MS";"UOP01-DEL03-MS"
501628;2023-01-27;"sexta-feira";"20:42:00";"BA";30;365;"BRUMADO";"Acessar a via sem observar a presença dos outros veículos";"Colisão traseira";"Com Vítimas Fatais";"Plena Noite";"Decrescente";"Céu Claro";"Simples";"Não Informado";"Sim";3;1;0;1;1;0;1;2;-14,227244;-41,675386;"SPRF-BA";"DEL08-BA";"UOP01-DEL08-BA"
501629;2023-01-28;"sábado";"00:45:00";"MG";40;277;"TRES MARIAS";"Carga excessiva e/ou mal acondicionada";"Tombamento";"Com Vítimas Feridas";"Plena Noite";"Crescente";"Garoa/Chuvisco";"Simples";"Não Informado";"Sim";2;0;1;0;1;0;1;1;-18,21264695;-45,22480595;"SPRF-MG";"DEL14-MG";"UOP02-DEL14-MG"
501632;2023-01-28;"sábado";"01:40:00";"MG";40;816;"SIMAO PEREIRA";"Reação tardia ou ineficiente do condutor";"Colisão traseira";"Com Vítimas Feridas";"Plena Noite";"Decrescente";"Nublado";"Múltipla";"Reta";"Não";30;0;1;0;29;0;1;2;-21,90755681;-43,31493223;"SPRF-MG";"DEL05-MG";"UOP01-DEL05-MG"
501634;2023-01-28;"sábado";"02:10:00";"SP";116;304,8;"SAO LOURENCO DA SERRA";"Ausência de reação do condutor";"Saída de leito carroçável";"Com Vítimas Feridas";"Plena Noite";"Crescente";"Céu Claro";"Dupla";"Não Informado";"Não";1;0;1;0;0;0;1;1;-23,835151;-46,92964497;"SPRF-SP";"DEL04-SP";"UOP01-DEL04-SP"
501636;2023-01-28;"sábado";"01:00:00";"PR";280;282,2;"FLOR DA SERRA DO SUL";"Demais falhas mecânicas ou elétricas";"Incêndio";"Sem Vítimas";"Plena Noite";"Crescente";"Céu Claro";"Simples";"Reta";"Não";1;0;0;0;1;0;0;1;-26,23960016;-53,24050599;"SPRF-PR";"DEL02-PR";"UOP01-DEL02-PR"
501637;2023-01-28;"sábado";"03:00:00";"SP";116;339,3;"MIRACATU";"Velocidade Incompatível";"Tombamento";"Com Vítimas Feridas";"Plena Noite";"Crescente";"Céu Claro";"Dupla";"Não Informado";"Não";1;0;1;0;0;0;1;1;-24,00189616;-47,15224743;"SPRF-SP";"DEL04-SP";"UOP03-DEL04-SP"
501640;2023-01-28;"sábado";"05:00:00";"SP";116;106,8;"TAUBATE";"Manobra de mudança de faixa";"Colisão lateral mesmo sentido";"Sem Vítimas";"Amanhecer";"Crescente";"Céu Claro";"Dupla";"Reta";"Sim";2;0;0;0;1;1;0;2;-23,01250593;-45,52256005;"SPRF-SP";"DEL02-SP";"UOP02-DEL02-SP"
501646;2023-01-28;"sábado";"04:00:00";"PB";230;420,5;"POMBAL";"Condutor deixou de manter distância do veículo da frente";"Colisão traseira";"Com Vítimas Feridas";"Amanhecer";"Decrescente";"Céu Claro";"Simples";"Não Informado";"Não";3;0;0;2;0;1;2;2;-6,724832;-37,866383;"SPRF-PB";"DEL03-PB";"UOP02-DEL03-PB"