"id";"data_inversa";"dia_semana";"horario";"uf";"br";"km";"municipio";"causa_acidente";"tipo_acidente";"classificacao_acidente";"fase_dia";"sentido_via";"condicao_metereologica";"tipo_pista";"tracado_via";"uso_solo";"pessoas";"mortos";"feridos_leves";"feridos_graves";"ilesos";"ignorados";"feridos";"veiculos";"latitude";"longitude";"regional";"delegacia";"uop"
502423;2023-01-31;"terça-feira";"19:30:00";"PB";116;7,9;"CACHOEIRA DOS INDIOS";"Afundamento ou ondulação no pavimento";"Saída de leito carroçável";"Com Vítimas Feridas";"Plena Noite";"Crescente";"Céu Claro";"Simples";"Reta";"Não";4;0;4;0;0;0;4;1;-6,956637;-38,723457;"SPRF-CE";"DEL05-CE";"UOP03-DEL05-CE"
502431;2023-01-31;"terça-feira";"23:45:00";"PR";116;130;"FAZENDA RIO GRANDE";"Acessar a via sem observar a presença dos outros veículos";"Atropelamento de Pedestre";"Com Vítimas Feridas";"Plena Noite";"Decrescente";"Céu Claro";"Dupla";"Reta";"Não";2;0;0;1;1;0;1;1;-25,63927799;-49,31302988;"SPRF-PR";"DEL01-PR";"UOP03-DEL01-PR"
502433;2023-02-01;"quarta-feira";"00:05:00";"PE";232;439;"SAO JOSE DO BELMONTE";"Demais falhas mecânicas ou elétricas";"Tombamento";"Com Vítimas Feridas";"Plena Noite";"Crescente";"Nublado";"Simples";"Não Informado";"Não";2;0;2;0;0;0;2;1;-7,99961227;-38,61712517;"SPRF-PE";"DEL04-PE";"UOP01-DEL04-PE"
502437;2023-02-01;"quarta-feira";"03:30:00";"TO";153;577;"SANTA RITA DO TOCANTINS";"Modificação proibida";"Colisão frontal";"Com Vítimas Fatais";"Plena Noite";"Crescente";"Garoa/Chuvisco";"Simples";"Reta";"Não";2;1;0;0;1;0;0;2;-10,89113001;-48,90681288;"SPRF-TO";"DEL01-TO";"UOP01-DEL01-TO"
502438;2023-01-31;"terça-feira";"22:50:00";"RJ";101;118;"CAMPOS DOS GOYTACAZES";"Velocidade Incompatível";"Colisão traseira";"Com Vítimas Feridas";"Plena Noite";"Crescente";"Céu Claro";"Dupla";"Reta";"Não";2;0;1;0;1;0;1;2;-22,01462656;-41,67706468;"SPRF-RJ";"DEL08-RJ";"UOP02-DEL08-RJ"
502439;2023-02-01;"quarta-feira";"03:40:00";"PR";277;678,9;"MEDIANEIRA";"Reação tardia ou ineficiente do condutor";"Colisão traseira";"Com Vítimas Feridas";"Plena Noite";"Crescente";"Nublado";"Dupla";"Reta";"Não";24;0;8;0;16;0;8;2;-25,31261205;-54,14871997;"SPRF-PR";"DEL05-PR";"UOP01-DEL05-PR"
502440;2023-02-01;"quarta-feira";"05:05:00";"TO";153;407;"MIRANORTE";"Condutor Dormindo";"Colisão frontal";"Com Vítimas Fatais";"Amanhecer";"Decrescente";"Chuva";"Simples";"Não Informado";"Não";4;1;0;1;2;0;1;2;-9,47230296;-48,58152621;"SPRF-TO";"DEL02-TO";"UOP02-DEL02-TO"
502441;2023-02-01;"quarta-feira";"01:30:00";"SC";282;142,7;"BOM RETIRO";"Transitar na contramão";"Colisão lateral sentido oposto";"Com Vítimas Feridas";"Plena Noite";"Decrescente";"Nevoeiro/Neblina";"Simples";"Curva";"Não";3;0;1;0;2;0;1;2;-27,81372358;-49,61206913;"SPRF-SC";"DEL05-SC";"UOP01-DEL05-SC"
502443;2023-01-31;"terça-feira";"21:40:00";"MG";251;426;"GRAO MOGOL";"Condutor Dormindo";"Tombamento";"Com Vítimas Feridas";"Plena Noite";"Crescente";"Céu Claro";"Simples";"Curva";"Não";1;0;0;1;0;0;1;1;-16,33121221;-43,13080786;"SPRF-MG";"DEL12-MG";"UOP01-DEL12-MG"
502449;2023-01-20;"sexta-feira";"20:10:00";"PR";277;535,7;"IBEMA";"Desrespeitar a preferência no cruzamento";"Colisão transversal";"Com Vítimas Feridas";"Plena Noite";"Decrescente";"Nublado";"Simples";"Interseção de vias";"Sim";2;0;1;0;1;0;1;2;-25,10716706;-52,99434897;"SPRF-PR";"DEL04-PR";"UOP05-DEL04-PR"
502450;2023-01-31;"terça-feira";"23:40:00";"MG";381;265;"TIMOTEO";"Ausência de reação do condutor";"Incêndio";"Sem Vítimas";"Plena Noite";"Decrescente";"Céu Claro";"Simples";"Reta";"Não";1;0;0;0;1;0;0;1;-19,52569913;-42,66364497;"SPRF-MG";"DEL03-MG";"UOP02-DEL03-MG"
502452;2023-02-01;"quarta-feira";"07:30:00";"RS";116;247;"SAO LEOPOLDO";"Reação tardia ou ineficiente do condutor";"Colisão traseira";"Sem Vítimas";"Pleno dia";"Decrescente";"Céu Claro";"Dupla";"Reta";"Sim";2;0;0;0;2;0;0;2;-29,76733091;-51,1535296;"SPRF-RS";"DEL01-RS";"UOP02-DEL01-RS"
502456;2023-02-01;"quarta-feira";"07:40:00";"GO";153;494,9;"GOIANIA";"Manobra de mudança de faixa";"Colisão lateral mesmo sentido";"Com Vítimas Feridas";"Pleno dia";"Crescente";"Céu Claro";"Múltipla";"Não Informado";"Sim";3;0;1;0;2;0;1;3;-16,66080914;-49,22145796;"SPRF-GO";"DEL01-GO";"UOP01-DEL01-GO"
502462;2023-02-01;"quarta-feira";"08:35:00";"SP";116;513;"CAJATI";"Ausência de reação do condutor";"Colisão traseira";"Com Vítimas Feridas";"Pleno dia";"Decrescente";"Garoa/Chuvisco";"Simples";"Curva";"Não";3;0;1;0;2;0;1;2;-24,857259;-48,212296;"SPRF-SP";"DEL05-SP";"UOP02-DEL05-SP"
502465;2023-02-01;"quarta-feira";"06:30:00";"PB";104;182,1;"ALCANTIL";"Reação tardia ou ineficiente do condutor";"Saída de leito carroçável";"Com Vítimas Fatais";"Pleno dia";"Crescente";"Céu Claro";"Simples";"Não Informado";"Não";2;1;1;0;0;0;1;1;-7,65726502;-36,07937584;"SPRF-PB";"DEL02-PB";"UOP03-DEL02-PB"
502466;2023-02-01;"quarta-feira";"07:35:00";"MS";163;480;"CAMPO GRANDE";"Reação tardia ou ineficiente do condutor";"Engavetamento";"Com Vítimas Feridas";"Pleno dia";"Crescente";"Nublado";"Simples";"Reta";"Sim";3;0;0;1;2;0;1;3;-20,473487;-54,559415;"SPRF-MS";"DEL01-MS";"UOP01-DEL01-MS"
502467;2023-02-01;"quarta-feira";"00:30:00";"MG";381;717,9;"CARMO DA CACHOEIRA";"Velocidade Incompatível";"Colisão lateral mesmo sentido";"Com Vítimas Feridas";"Plena Noite";"Crescente";"Nublado";"Dupla";"Não Informado";"Não";3;0;1;0;1;1;1;2;-21,43704005;-45,20756491;"SPRF-MG";"DEL04-MG";"UOP02-DEL04-MG"
502468;2023-02-01;"quarta-feira";"08:30:00";"PE";101;42,1;"IGARASSU";"Manobra de mudança de faixa";"Colisão traseira";"Sem Vítimas";"Pleno dia";"Crescente";"Céu Claro";"Múltipla";"Não Informado";"Sim";2;0;0;0;2;0;0;2;-7,83887431;-34,91196739;"SPRF-PE";"DEL01-PE";"UOP02-DEL01-PE"
502471;2023-02-01;"quarta-feira";"08:50:00";"PE";101;66,3;"RECIFE";"Condutor deixou de manter distância do veículo da frente";"Colisão traseira";"Com Vítimas Feridas";"Pleno dia";"Crescente";"Céu Claro";"Dupla";"Reta";"Sim";3;0;1;0;2;0;1;2;-8,036207;-34,941559;"SPRF-PE";"DEL01-PE";"UOP01-DEL01-PE"
502473;2023-02-01;"quarta-feira";"08:58:00";"PE";101;49;"ABREU E LIMA";"Manobra de mudança de faixa";"Colisão lateral mesmo sentido";"Com Vítimas Fatais";"Pleno dia";"Decrescente";"Céu Claro";"Dupla";"Reta";"Sim";4;1;1;0;0;2;1;3;-7,9005152;-34,90180641;"SPRF-PE";"DEL01-PE";"UOP02-DEL01-PE"
502478;2023-02-01;"quarta-feira";"08:55:00";"PE";423;73;"JUPI";"Pedestre andava na pista";"Atropelamento de Pedestre";"Com Vítimas Feridas";"Pleno dia";"Decrescente";"Céu Claro";"Simples";"Reta";"Sim";2;0;0;1;1;0;1;1;-8,709851;-36,41926432;"SPRF-PE";"DEL03-PE";"UOP01-DEL03-PE"
502479;2023-01-22;"domingo";"07:00:00";"GO";60;454;"JATAI";"Neblina";"Colisão traseira";"Com Vítimas Feridas";"Amanhecer";"Decrescente";"Nevoeiro/Neblina";"Dupla";"Curva";"Não";2;0;1;0;0;1;1;2;-17,8614;-51,5611;"SPRF-GO";"DEL05-GO";"UOP01-DEL05-GO"
502483;2023-01-17;"terça-feira";"16:20:00";"MG";50;123;"UBERABA";"Condutor deixou de manter distância do veículo da frente";"Engavetamento";"Com Vítimas Feridas";"Pleno dia";"Decrescente";"Nublado";"Dupla";"Reta";"Não";8;0;1;0;7;0;1;4;-19,33326318;-48,09913641;"SPRF-MG";"DEL13-MG";"UOP01-DEL13-MG"
502486;2023-02-01;"quarta-feira";"09:15:00";"PR";376;590,1;"CURITIBA";"Reação tardia ou ineficiente do condutor";"Engavetamento";"Com Vítimas Feridas";"Pleno dia";"Crescente";"Nublado";"Múltipla";"Não Informado";"Sim";9;0;2;2;2;3;4;5;-25,4531687;-49,36199002;"SPRF-PR";"DEL01-PR";"UAP06-DEL01-PR"
502488;2023-02-01;"quarta-feira";"09:30:00";"RS";285;384,8;"SANTA BARBARA DO SUL";"Reação tardia ou ineficiente do condutor";"Colisão transversal";"Com Vítimas Feridas";"Pleno dia";"Crescente";"Céu Claro";"Simples";"Reta";"Não";4;0;1;0;2;1;1;3;-28,43188045;-53,19280207;"SPRF-RS";"DEL10-RS";"UOP02-DEL10-RS"
502492;2023-01-12;"quinta-feira";"12:30:00";"DF";20;49,1;"BRASILIA";"Manobra de mudança de faixa";"Colisão traseira";"Com Vítimas Feridas";"Pleno dia";"Decrescente";"Nublado";"Dupla";"Não Informado";"Não";3;0;0;2;1;0;2;2;-15,580705;-47,41259;"SPRF-DF";"DEL02-DF";"UOP01-DEL02-DF"
502493;2023-02-01;"quarta-feira";"11:15:00";"RS";386;436;"NOVA SANTA RITA";"Manobra de mudança de faixa";"Colisão lateral mesmo sentido";"Com Vítimas Feridas";"Pleno dia";"Crescente";"Céu Claro";"Dupla";"Reta";"Sim";2;0;1;0;1;0;1;2;-29,850487;-51,266758;"SPRF-RS";"DEL01-RS";"UOP01-DEL01-RS"
502494;2023-02-01;"quarta-feira";"11:40:00";"RJ";116;134;"MAGE";"Demais falhas mecânicas ou elétricas";"Incêndio";"Sem Vítimas";"Pleno dia";"Crescente";"Céu Claro";"Dupla";"Reta";"Não";1;0;0;0;1;0;0;1;-22,65368834;-43,153534;"SPRF-RJ";"DEL02-RJ";"UOP04-DEL02-RJ"
502498;2023-01-31;"terça-feira";"05:00:00";"RJ";393;151;"TRES RIOS";"Velocidade Incompatível";"Tombamento";"Com Vítimas Feridas";"Amanhecer";"Crescente";"Céu Claro";"Simples";"Curva";"Não";1;0;1;0;0;0;1;1;-22,06019504;-43,02885795;"SPRF-RJ";"DEL06-RJ";"UOP01-DEL06-RJ"
502499;2023-02-01;"quarta-feira";"13:00:00";"PR";277;324,5;"GUARAPUAVA";"Ultrapassagem Indevida";"Colisão frontal";"Com Vítimas Fatais";"Pleno dia";"Decrescente";"Chuva";"Simples";"Não Informado";"Não";2;1;0;0;1;0;0;2;-25,374323;-51,313267;"SPRF-PR";"DEL08-PR";"UOP01-DEL08-PR"
502500;2023-02-01;"quarta-feira";"13:30:00";"MG";116;414;"GOVERNADOR VALADARES";"Acessar a via sem observar a presença dos outros veículos";"Colisão transversal";"Sem Vítimas";"Pleno dia";"Crescente";"Céu Claro";"Simples";"Retorno Regulamentado";"Sim";2;0;0;0;2;0;0;2;-18,88102703;-41,95910802;"SPRF-MG";"DEL06-MG";"UOP01-DEL06-MG"
502515;2023-01-03;"terça-feira";"05:00:00";"MG";116;712,4;"MURIAE";"Condutor Dormindo";"Colisão frontal";"Com Vítimas Feridas";"Amanhecer";"Crescente";"Céu Claro";"Simples";"Curva";"Não";4;0;2;1;1;0;3;2;-21,19049794;-42,3684161;"SPRF-MG";"DEL07-MG";"UOP02-DEL07-MG"
502527;2023-02-01;"quarta-feira";"17:30:00";"PA";316;47;"SANTA IZABEL DO PARA";"Demais falhas mecânicas ou elétricas";"Incêndio";"Sem Vítimas";"Pleno dia";"Crescente";"Céu Claro";"Dupla";"Reta";"Sim";1;0;0;0;1;0;0;1;-1,2853682;-48,06269824;"SPRF-PA";"DEL01-PA";"UOP01-DEL01-PA"
502529;2023-02-01;"quarta-feira";"16:00:00";"GO";60;26;"ALEXANIA";"Ausência de reação do condutor";"Tombamento";"Sem Vítimas";"Pleno dia";"Decrescente";"Céu Claro";"Dupla";"Não Informado";"Não";2;0;0;0;1;1;0;1;-16,0963;-48,5202;"SPRF-DF";"DEL01-DF";"UOP02-DEL01-DF"
502531;2023-02-01;"quarta-feira";"18:00:00";"BA";116;815,1;"VITORIA DA CONQUISTA";"Ingestão de álcool pelo condutor";"Colisão traseira";"Sem Vítimas";"Anoitecer";"Decrescente";"Céu Claro";"Simples";"Reta";"Não";2;0;0;0;2;0;0;2;-14,77315332;-40,72201784;"SPRF-BA";"DEL08-BA";"UOP01-DEL08-BA"
502545;2023-02-01;"quarta-feira";"14:30:00";"MT";163;560;"DIAMANTINO";"Chuva";"Saída de leito carroçável";"Com Vítimas Feridas";"Pleno dia";"Crescente";"Chuva";"Simples";"Reta";"Não";4;0;0;1;3;0;1;3;-14,23756178;-56,11786216;"SPRF-MT";"DEL01-MT";"UOP01-DEL01-MT"
502554;2023-02-01;"quarta-feira";"17:15:00";"PR";277;504,2;"GUARANIACU";"Velocidade Incompatível";"Tombamento";"Com Vítimas Feridas";"Pleno dia";"Decrescente";"Chuva";"Simples";"Não Informado";"Não";1;0;1;0;0;0;1;1;-25,13090986;-52,72634983;"SPRF-PR";"DEL04-PR";"UOP05-DEL04-PR"
502557;2023-02-01;"quarta-feira";"11:00:00";"MG";381;249;"SANTANA DO PARAISO";"Acessar a via sem observar a presença dos outros veículos";"Colisão traseira";"Com Vítimas Feridas";"Pleno dia";"Decrescente";"Céu Claro";"Simples";"Interseção de vias";"Não";2;0;1;0;1;0;1;2;-19,47969147;-42,54480809;"SPRF-MG";"DEL06-MG";"UOP01-DEL06-MG"
502565;2023-02-01;"quarta-feira";"22:30:00";"PR";376;660;"TIJUCAS DO SUL";"Condutor deixou de manter distância do veículo da frente";"Colisão lateral mesmo sentido";"Com Vítimas Feridas";"Plena Noite";"Crescente";"Chuva";"Dupla";"Não Informado";"Não";7;0;3;0;4;0;3;3;-25,8516758;-49,00332398;"SPRF-PR";"DEL01-PR";"UOP04-DEL01-PR"
502568;2023-02-02;"quinta-feira";"00:55:00";"SP";116;516;"CAJATI";"Ausência de reação do condutor";"Colisão traseira";"Com Vítimas Feridas";"Plena Noite";"Decrescente";"Chuva";"Dupla";"Não Informado";"Não";3;0;1;0;2;0;1;2;-24,87423036;-48,2190838;"SPRF-SP";"DEL05-SP";"UOP02-DEL05-SP"
502569;2023-02-01;"quarta-feira";"22:30:00";"MT";70;518;"VARZEA GRANDE";"Reação tardia ou ineficiente do condutor";"Colisão traseira";"Com Vítimas Feridas";"Plena Noite";"Crescente";"Céu Claro";"Simples";"Reta";"Sim";3;0;2;0;1;0;2;2;-15,69342541;-56,1676318;"SPRF-MT";"DEL01-MT";"UOP02-DEL01-MT"
502575;2023-02-02;"quinta-feira";"02:50:00";"CE";222;136;"IRAUCUBA";"Condutor Dormindo";"Saída de leito carroçável";"Com Vítimas Fatais";"Plena Noite";"Decrescente";"Céu Claro";"Simples";"Reta";"Não";5;1;2;0;1;1;2;1;-3,73622251;-39,67622342;"SPRF-CE";"DEL04-CE";"UOP03-DEL04-CE"
502576;2023-02-01;"quarta-feira";"22:15:00";"PB";412;19,5;"BOA VISTA";"Reação tardia ou ineficiente do condutor";"Colisão frontal";"Com Vítimas Feridas";"Plena Noite";"Crescente";"Céu Claro";"Simples";"Reta";"Não";3;0;2;1;0;0;3;2;-7,258766;-36,233791;"SPRF-PB";"DEL02-PB";"UOP02-DEL02-PB"
502578;2023-02-02;"quinta-feira";"05:40:00";"PE";116;20;"SALGUEIRO";"Reação tardia ou ineficiente do condutor";"Saída de leito carroçável";"Com Vítimas Feridas";"Pleno dia";"Crescente";"Céu Claro";"Simples";"Não Informado";"Não";1;0;1;0;0;0;1;1;-8,017438;-39,143444;"SPRF-PE";"DEL05-PE";"UOP01-DEL05-PE"
502580;2023-02-02;"quinta-feira";"05:30:00";"MG";40;496;"ESMERALDAS";"Demais falhas mecânicas ou elétricas";"Saída de leito carroçável";"Com Vítimas Feridas";"Amanhecer";"Crescente";"Céu Claro";"Dupla";"Não Informado";"Não";1;0;1;0;0;0;1;1;-19,67088766;-44,19355961;"SPRF-MG";"DEL02-MG";"UOP01-DEL02-MG"
502584;2023-02-02;"quinta-feira";"06:10:00";"MG";381;519;"IGARAPE";"Carga excessiva e/ou mal acondicionada";"Tombamento";"Sem Vítimas";"Pleno dia";"Decrescente";"Nublado";"Dupla";"Não Informado";"Não";1;0;0;0;1;0;0;1;-20,12834104;-44,30330781;"SPRF-MG";"DEL04-MG";"UOP03-DEL04-MG"
502585;2023-02-02;"quinta-feira";"00:50:00";"MG";262;788;"UBERABA";"Condutor Dormindo";"Saída de leito carroçável";"Com Vítimas Feridas";"Plena Noite";"Decrescente";"Céu Claro";"Simples";"Não Informado";"Não";1;0;0;1;0;0;1;1;-19,7588328;-47,83097803;"SPRF-MG";"DEL13-MG";"UOP01-DEL13-MG"
502586;2023-02-02;"quinta-feira";"06:30:00";"PR";163;158,9;"LINDOESTE";"Manobra de mudança de faixa";"Colisão lateral sentido oposto";"Com Vítimas Feridas";"Pleno dia";"Crescente";"Céu Claro";"Simples";"Não Informado";"Não";2;0;1;0;0;1;1;2;-25,35274977;-53,58271385;"SPRF-PR";"DEL04-PR";"UOP04-DEL04-PR"
502591;2023-02-01;"quarta-feira";"23:29:00";"AP";210;71;"PORTO GRANDE";"Acessar a via sem observar a presença dos outros veículos";"Colisão lateral sentido oposto";"Com Vítimas Feridas";"Plena Noite";"Crescente";"Céu Claro";"Simples";"Reta";"Não";2;0;1;0;1;0;1;2;0,56459771;-51,1500483;"SPRF-AP";"N/A";"UOP01-DEL01-AP"
502598;2023-02-02;"quinta-feira";"08:00:00";"RJ";101;477;"ANGRA DOS REIS";"Obras na pista";"Colisão frontal";"Com Vítimas Feridas";"Pleno dia";"Crescente";"Céu Claro";"Simples";"Não Informado";"Sim";4;0;3;0;1;0;3;4;-23,00222622;-44,27049816;"SPRF-RJ";"DEL03-RJ";"UOP02-DEL03-RJ"
502604;2023-02-02;"quinta-feira";"06:30:00";"BA";407;218;"QUIXABEIRA";"Condutor Dormindo";"Saída de leito carroçável";"Com Vítimas Feridas";"Pleno dia";"Decrescente";"Céu Claro";"Simples";"Reta";"Não";1;0;1;0;0;0;1;1;-11,266655;-40,023405;"SPRF-BA";"DEL04-BA";"UOP02-DEL04-BA"
502609;2023-02-02;"quinta-feira";"08:57:00";"GO";40;3;"VALPARAISO DE GOIAS";"Trafegar com motocicleta (ou similar) entre as faixas";"Colisão traseira";"Com Vítimas Feridas";"Pleno dia";"Decrescente";"Céu Claro";"Dupla";"Reta";"Sim";3;0;0;1;2;0;1;3;-16,07972714;-47,98606038;"SPRF-DF";"DEL01-DF";"UOP01-DEL01-DF"
502614;2023-02-02;"quinta-feira";"08:00:00";"PA";316;35;"SANTA IZABEL DO PARA";"Acessar a via sem observar a presença dos outros veículos";"Colisão transversal";"Com Vítimas Feridas";"Pleno dia";"Decrescente";"Chuva";"Dupla";"Reta";"Sim";2;0;0;1;1;0;1;2;-1,29146197;-48,164561;"SPRF-PA";"DEL01-PA";"UOP01-DEL01-PA"
502616;2023-02-02;"quinta-feira";"09:40:00";"MS";163;575,2;"BANDEIRANTES";"Acessar a via sem observar a presença dos outros veículos";"Colisão transversal";"Com Vítimas Feridas";"Pleno dia";"Decrescente";"Céu Claro";"Simples";"Não Informado";"Sim";4;0;1;0;2;1;1;2;-19,68680201;-54,35043928;"SPRF-MS";"DEL01-MS";"UOP02-DEL01-MS"
502617;2023-02-02;"quinta-feira";"10:30:00";"MG";381;946,3;"EXTREMA";"Reação tardia ou ineficiente do condutor";"Engavetamento";"Com Vítimas Fatais";"Pleno dia";"Crescente";"Nublado";"Dupla";"Não Informado";"Não";5;1;1;0;3;0;1;4;-22,86230556;-46,34476628;"SPRF-MG";"DEL16-MG";"UOP03-DEL16-MG"
502618;2023-02-02;"quinta-feira";"07:50:00";"MS";163;87;"ITAQUIRAI";"Ausência de reação do condutor";"Tombamento";"Com Vítimas Feridas";"Pleno dia";"Crescente";"Céu Claro";"Simples";"Ponte";"Não";1;0;1;0;0;0;1;1;-23,39155942;-54,21104908;"SPRF-MS";"DEL09-MS";"UOP01-DEL09-MS"
502619;2023-02-02;"quinta-feira";"08:20:00";"PR";116;107;"SAO JOSE DOS PINHAIS";"Reação tardia ou ineficiente do condutor";"Engavetamento";"Com Vítimas Feridas";"Pleno dia";"Crescente";"Céu Claro";"Dupla";"Reta";"Sim";9;0;2;0;7;0;2;8;-25,568067;-49,232903;"SPRF-PR";"DEL01-PR";"UOP07-DEL01-PR"
502620;2023-02-02;"quinta-feira";"10:00:00";"BA";101;521;"SAO JOSE DA VITORIA";"Entrada inopinada do pedestre";"Atropelamento de Pedestre";"Com Vítimas Feridas";"Pleno dia";"Decrescente";"Céu Claro";"Simples";"Reta";"Não";2;0;1;0;1;0;1;1;-15,07285278;-39,33337726;"SPRF-BA";"DEL05-BA";"UOP01-DEL05-BA"
502624;2023-02-02;"quinta-feira";"10:20:00";"SP";116;273;"EMBU DAS ARTES";"Ausência de reação do condutor";"Colisão traseira";"Com Vítimas Feridas";"Pleno dia";"Decrescente";"Céu Claro";"Múltipla";"Reta";"Sim";3;0;1;0;2;0;1;2;-23,62809795;-46,81870306;"SPRF-SP";"DEL04-SP";"UOP01-DEL04-SP"
502631;2023-02-02;"quinta-feira";"11:15:00";"CE";304;48,4;"ARACATI";"Acessar a via sem observar a presença dos outros veículos";"Colisão traseira";"Com Vítimas Feridas";"Pleno dia";"Crescente";"Sol";"Dupla";"Não Informado";"Sim";9;0;8;0;1;0;8;3;-4,57948359;-37,77741194;"SPRF-CE";"DEL03-CE";"UOP03-DEL03-CE"
502634;2023-02-02;"quinta-feira";"11:36:00";"MG";153;79;"PRATA";"Ausência de reação do condutor";"Tombamento";"Com Vítimas Feridas";"Pleno dia";"Crescente";"Sol";"Simples";"Não Informado";"Não";1;0;1;0;0;0;1;1;-19,057162;-49,010061;"SPRF-MG";"DEL15-MG";"UOP03-DEL15-MG"
502638;2023-02-02;"quinta-feira";"11:35:00";"PE";101;66,9;"RECIFE";"Reação tardia ou ineficiente do condutor";"Colisão lateral mesmo sentido";"Com Vítimas Feridas";"Pleno dia";"Decrescente";"Céu Claro";"Dupla";"Reta";"Sim";2;0;0;1;1;0;1;2;-8,04213706;-34,94284272;"SPRF-PE";"DEL01-PE";"UOP01-DEL01-PE"
502640;2023-02-02;"quinta-feira";"12:10:00";"MG";116;692,2;"MURIAE";"Velocidade Incompatível";"Tombamento";"Com Vítimas Feridas";"Pleno dia";"Crescente";"Céu Claro";"Simples";"Curva";"Não";1;0;1;0;0;0;1;1;-21,035724;-42,36710899;"SPRF-MG";"DEL07-MG";"UOP02-DEL07-MG"
502641;2023-02-02;"quinta-feira";"09:30:00";"BA";101;939;"MUCURI";"Acessar a via sem observar a presença dos outros veículos";"Colisão transversal";"Com Vítimas Feridas";"Pleno dia";"Crescente";"Céu Claro";"Simples";"Não Informado";"Não";3;0;1;0;2;0;1;2;-18,16840196;-39,91873914;"SPRF-BA";"DEL09-BA";"UOP02-DEL09-BA"
502646;2023-02-02;"quinta-feira";"12:00:00";"MT";364;288,8;"JACIARA";"Pista esburacada";"Colisão lateral mesmo sentido";"Com Vítimas Feridas";"Pleno dia";"Decrescente";"Nublado";"Dupla";"Curva";"Não";2;0;1;0;1;0;1;2;-15,9047218232;-55,0740630331;"SPRF-MT";"DEL05-MT";"UOP02-DEL05-MT"
502647;2023-02-02;"quinta-feira";"13:33:00";"SP";153;85;"MIRASSOL";"Conversão proibida";"Colisão frontal";"Com Vítimas Feridas";"Pleno dia";"Crescente";"Nublado";"Simples";"Túnel";"Não";3;0;1;0;2;0;1;2;-20,9344296;-49,51909431;"SPRF-SP";"DEL09-SP";"UOP01-DEL09-SP"
502663;2023-02-02;"quinta-feira";"15:50:00";"SC";101;226;"PALHOCA";"Ausência de reação do condutor";"Colisão traseira";"Sem Vítimas";"Pleno dia";"Crescente";"Céu Claro";"Dupla";"Reta";"Não";3;0;0;0;3;0;0;2;-27,74200001;-48,63806504;"SPRF-SC";"DEL01-SC";"UOP02-DEL01-SC"
502670;2023-02-02;"quinta-feira";"16:40:00";"BA";324;537;"CONCEICAO DO JACUIPE";"Condutor deixou de manter distância do veículo da frente";"Colisão traseira";"Com Vítimas Feridas";"Pleno dia";"Decrescente";"Céu Claro";"Dupla";"Reta";"Sim";2;0;1;0;1;0;1;2;-12,36902201;-38,81384601;"SPRF-BA";"DEL01-BA";"UOP03-DEL01-BA"
502671;2023-02-02;"quinta-feira";"14:00:00";"MG";251;276;"SALINAS";"Reação tardia ou ineficiente do condutor";"Tombamento";"Com Vítimas Feridas";"Pleno dia";"Crescente";"Céu Claro";"Simples";"Curva";"Não";1;0;1;0;0;0;1;1;-15,986777;-42,043514;"SPRF-MG";"DEL12-MG";"UOP01-DEL12-MG"
502672;2023-02-02;"quinta-feira";"14:00:00";"MG";251;322;"SALINAS";"Reação tardia ou ineficiente do condutor";"Saída de leito carroçável";"Com Vítimas Feridas";"Pleno dia";"Decrescente";"Céu Claro";"Simples";"Não Informado";"Não";1;0;1;0;0;0;1;1;-16;-42;"SPRF-MG";"DEL12-MG";"UOP01-DEL12-MG"
502675;2023-02-02;"quinta-feira";"16:40:00";"MG";116;670;"MIRADOURO";"Reação tardia ou ineficiente do condutor";"Colisão traseira";"Com Vítimas Feridas";"Pleno dia";"Crescente";"Céu Claro";"Simples";"Reta";"Não";2;0;1;0;0;1;1;2;-20,8662151;-42,32953064;"SPRF-MG";"DEL07-MG";"UOP02-DEL07-MG"
502678;2023-02-02;"quinta-feira";"13:19:00";"PE";101;150,4;"RIBEIRAO";"Reação tardia ou ineficiente do condutor";"Colisão traseira";"Com Vítimas Feridas";"Pleno dia";"Decrescente";"Céu Claro";"Dupla";"Reta";"Não";2;0;1;0;1;0;1;2;-8,49669957;-35,38211017;"SPRF-PE";"DEL01-PE";"UOP03-DEL01-PE"
502682;2023-02-02;"quinta-feira";"16:30:00";"MG";153;1;"ARAPORA";"Retorno proibido";"Colisão frontal";"Com Vítimas Feridas";"Pleno dia";"Crescente";"Céu Claro";"Simples";"Ponte";"Não";2;0;0;1;1;0;1;2;-18,42608911;-49,19359032;"SPRF-MG";"DEL15-MG";"UOP03-DEL15-MG"
502683;2023-02-02;"quinta-feira";"16:30:00";"RS";116;403,3;"CAMAQUA";"Ausência de reação do condutor";"Colisão traseira";"Com Vítimas Feridas";"Pleno dia";"Decrescente";"Nublado";"Simples";"Não Informado";"Não";3;0;2;0;1;0;2;2;-30,88592936;-51,83355581;"SPRF-RS";"DEL02-RS";"UOP02-DEL02-RS"
502705;2023-02-02;"quinta-feira";"17:00:00";"PR";280;270,7;"MARMELEIRO";"Velocidade Incompatível";"Tombamento";"Com Vítimas Feridas";"Pleno dia";"Crescente";"Céu Claro";"Simples";"Não Informado";"Não";1;0;0;1;0;0;1;1;-26,22293196;-53,13957999;"SPRF-PR";"DEL02-PR";"UOP01-DEL02-PR"