"id";"data_inversa";"dia_semana";"horario";"uf";"br";"km";"municipio";"causa_acidente";"tipo_acidente";"classificacao_acidente";"fase_dia";"sentido_via";"condicao_metereologica";"tipo_pista";"tracado_via";"uso_solo";"pessoas";"mortos";"feridos_leves";"feridos_graves";"ilesos";"ignorados";"feridos";"veiculos";"latitude";"longitude";"regional";"delegacia";"uop"
504354;2023-02-10;"sexta-feira";"19:05:00";"MT";163;671;"LUCAS DO RIO VERDE";"Reação tardia ou ineficiente do condutor";"Colisão traseira";"Sem Vítimas";"Plena Noite";"Crescente";"Chuva";"Simples";"Reta";"Não";4;0;0;0;4;0;0;3;-13,31502526;-56,04426367;"SPRF-MT";"DEL06-MT";"UOP01-DEL06-MT"
504360;2023-02-10;"sexta-feira";"22:15:00";"RJ";393;201;"RIO DAS FLORES";"Acessar a via sem observar a presença dos outros veículos";"Colisão transversal";"Com Vítimas Feridas";"Plena Noite";"Crescente";"Garoa/Chuvisco";"Simples";"Não Informado";"Sim";3;0;0;2;1;0;2;2;-22,22883931;-43,42323661;"SPRF-RJ";"DEL05-RJ";"UOP01-DEL05-RJ"
504367;2023-02-11;"sábado";"01:00:00";"PR";277;47;"MORRETES";"Ausência de reação do condutor";"Engavetamento";"Com Vítimas Feridas";"Plena Noite";"Decrescente";"Céu Claro";"Dupla";"Não Informado";"Não";12;0;1;1;10;0;2;9;-25,5921057;-48,914988;"SPRF-PR";"DEL01-PR";"UOP01-DEL01-PR"
504371;2023-02-10;"sexta-feira";"21:04:00";"PR";277;517,9;"GUARANIACU";"Acesso irregular";"Colisão frontal";"Sem Vítimas";"Plena Noite";"Crescente";"Nublado";"Simples";"Não Informado";"Não";3;0;0;0;3;0;0;3;-25,109942;-52,852852;"SPRF-PR";"DEL04-PR";"UOP05-DEL04-PR"
504373;2023-02-11;"sábado";"02:20:00";"SC";282;96,9;"ALFREDO WAGNER";"Transitar na contramão";"Colisão frontal";"Com Vítimas Feridas";"Pleno dia";"Decrescente";"Nublado";"Simples";"Curva";"Não";3;0;1;1;1;0;2;2;-27,712412;-49,263622;"SPRF-SC";"DEL01-SC";"UOP03-DEL01-SC"
504377;2023-02-11;"sábado";"01:40:00";"MG";40;98,7;"LAGOA GRANDE";"Transitar na contramão";"Colisão frontal";"Com Vítimas Fatais";"Amanhecer";"Crescente";"Céu Claro";"Simples";"Reta";"Não";21;2;2;1;16;0;3;2;-17,54929481;-46,52158383;"SPRF-MG";"DEL14-MG";"UOP01-DEL14-MG"
504378;2023-02-11;"sábado";"03:05:00";"PE";423;168,8;"AGUAS BELAS";"Transitar na contramão";"Colisão frontal";"Com Vítimas Fatais";"Plena Noite";"Crescente";"Céu Claro";"Simples";"Reta";"Não";3;1;0;0;2;0;0;2;-9,12739114;-37,033023;"SPRF-AL";"DEL03-AL";"UOP02-DEL03-AL"
504379;2023-02-11;"sábado";"03:24:00";"MG";153;28;"CENTRALINA";"Ausência de reação do condutor";"Tombamento";"Com Vítimas Feridas";"Plena Noite";"Crescente";"Garoa/Chuvisco";"Dupla";"Não Informado";"Não";2;0;1;0;1;0;1;1;-18,66327211;-49,16526319;"SPRF-MG";"DEL15-MG";"UOP03-DEL15-MG"
504386;2023-02-11;"sábado";"05:54:00";"GO";153;532,2;"HIDROLANDIA";"Reação tardia ou ineficiente do condutor";"Colisão traseira";"Com Vítimas Fatais";"Amanhecer";"Crescente";"Garoa/Chuvisco";"Dupla";"Não Informado";"Não";2;1;0;0;1;0;0;2;-16,9941;-49,2281;"SPRF-GO";"DEL01-GO";"UOP03-DEL01-GO"
504392;2023-02-11;"sábado";"06:30:00";"SC";470;67,9;"INDAIAL";"Ingestão de álcool pelo condutor";"Colisão transversal";"Com Vítimas Feridas";"Pleno dia";"Crescente";"Sol";"Simples";"Não Informado";"Sim";4;0;1;0;3;0;1;2;-26,8784469;-49,24027389;"SPRF-SC";"DEL04-SC";"UOP01-DEL04-SC"
504407;2023-02-10;"sexta-feira";"23:20:00";"RO";364;423;"JARU";"Ultrapassagem Indevida";"Colisão lateral mesmo sentido";"Com Vítimas Feridas";"Plena Noite";"Decrescente";"Nublado";"Simples";"Não Informado";"Sim";3;0;1;1;1;0;2;2;-10,45220802;-62,46072003;"SPRF-RO";"DEL03-RO";"UOP02-DEL03-RO"
504408;2023-02-11;"sábado";"05:00:00";"MT";364;104;"ALTO GARCAS";"Ultrapassagem Indevida";"Saída de leito carroçável";"Com Vítimas Feridas";"Amanhecer";"Decrescente";"Céu Claro";"Simples";"Reta";"Não";2;0;1;0;0;1;1;2;-16,84187857;-53,79768419;"SPRF-MT";"DEL02-MT";"UOP02-DEL02-MT"
504411;2023-02-11;"sábado";"08:35:00";"CE";116;162,8;"RUSSAS";"Ausência de reação do condutor";"Colisão frontal";"Com Vítimas Feridas";"Pleno dia";"Decrescente";"Céu Claro";"Simples";"Curva";"Sim";3;0;1;0;2;0;1;3;-4,92961905;-37,98992083;"SPRF-CE";"DEL03-CE";"UOP01-DEL03-CE"
504416;2023-02-11;"sábado";"07:40:00";"MG";116;410,3;"GOVERNADOR VALADARES";"Acessar a via sem observar a presença dos outros veículos";"Colisão transversal";"Com Vítimas Feridas";"Pleno dia";"Decrescente";"Nublado";"Múltipla";"Retorno Regulamentado";"Sim";2;0;1;0;1;0;1;2;-18,855625;-41,975623;"SPRF-MG";"DEL06-MG";"UOP01-DEL06-MG"
504419;2023-02-07;"terça-feira";"19:00:00";"PR";476;84;"BOCAIUVA DO SUL";"Velocidade Incompatível";"Capotamento";"Com Vítimas Feridas";"Anoitecer";"Decrescente";"Nublado";"Simples";"Não Informado";"Não";1;0;1;0;0;0;1;1;-25,152304;-49,110638;"SPRF-PR";"DEL01-PR";"UOP01-DEL01-PR"
504420;2023-02-11;"sábado";"05:30:00";"BA";116;726,5;"MANOEL VITORINO";"Manobra de mudança de faixa";"Colisão lateral sentido oposto";"Com Vítimas Feridas";"Pleno dia";"Decrescente";"Céu Claro";"Simples";"Reta";"Não";2;0;2;0;0;0;2;2;-14,24600195;-40,28404121;"SPRF-BA";"DEL08-BA";"UOP02-DEL08-BA"
504437;2023-02-11;"sábado";"09:40:00";"MG";50;171;"UBERABA";"Ausência de reação do condutor";"Colisão lateral mesmo sentido";"Sem Vítimas";"Pleno dia";"Crescente";"Garoa/Chuvisco";"Dupla";"Não Informado";"Não";2;0;0;0;2;0;0;2;-19,74554892;-47,98382166;"SPRF-MG";"DEL13-MG";"UOP01-DEL13-MG"
504440;2023-02-11;"sábado";"10:30:00";"PR";376;262;"CALIFORNIA";"Velocidade Incompatível";"Tombamento";"Com Vítimas Feridas";"Pleno dia";"Decrescente";"Nublado";"Dupla";"Curva";"Não";1;0;1;0;0;0;1;1;-23,69676029;-51,33773804;"SPRF-PR";"DEL07-PR";"UOP03-DEL07-PR"
504441;2023-02-11;"sábado";"11:09:00";"ES";101;147,8;"LINHARES";"Manobra de mudança de faixa";"Colisão lateral mesmo sentido";"Com Vítimas Feridas";"Pleno dia";"Crescente";"Chuva";"Múltipla";"Reta";"Sim";2;0;0;1;0;1;1;2;-19,37887202;-40,06657892;"SPRF-ES";"DEL04-ES";"UOP01-DEL04-ES"
504443;2023-02-11;"sábado";"08:20:00";"CE";222;202;"FORQUILHA";"Velocidade Incompatível";"Tombamento";"Com Vítimas Feridas";"Pleno dia";"Crescente";"Céu Claro";"Simples";"Curva";"Não";1;0;1;0;0;0;1;1;-3,79695907;-40,21547705;"SPRF-CE";"DEL04-CE";"UOP01-DEL04-CE"
504446;2023-01-20;"sexta-feira";"14:20:00";"MT";163;1004;"TERRA NOVA DO NORTE";"Acessar a via sem observar a presença dos outros veículos";"Tombamento";"Com Vítimas Feridas";"Pleno dia";"Decrescente";"Céu Claro";"Simples";"Reta";"Não";1;0;1;0;0;0;1;1;-10,58824596;-55,09321322;"SPRF-MT";"DEL06-MT";"UOP03-DEL06-MT"
504447;2023-02-11;"sábado";"11:49:00";"SP";153;47,5;"SAO JOSE DO RIO PRETO";"Objeto estático sobre o leito carroçável";"Colisão traseira";"Com Vítimas Feridas";"Pleno dia";"Decrescente";"Nublado";"Simples";"Não Informado";"Sim";3;0;0;1;1;1;1;2;-20,68199298;-49,34015562;"SPRF-SP";"DEL09-SP";"UOP01-DEL09-SP"
504449;2023-02-11;"sábado";"09:10:00";"TO";230;87;"SAO BENTO DO TOCANTINS";"Reação tardia ou ineficiente do condutor";"Colisão lateral sentido oposto";"Com Vítimas Feridas";"Pleno dia";"Crescente";"Céu Claro";"Simples";"Curva";"Não";2;0;1;0;1;0;1;2;-6,06687084;-47,92614187;"SPRF-TO";"DEL02-TO";"UOP03-DEL02-TO"
504460;2023-02-11;"sábado";"12:30:00";"PR";277;71;"SAO JOSE DOS PINHAIS";"Reação tardia ou ineficiente do condutor";"Tombamento";"Com Vítimas Feridas";"Pleno dia";"Crescente";"Céu Claro";"Dupla";"Não Informado";"Não";1;0;1;0;0;0;1;1;-25,51026676;-49,12906229;"SPRF-PR";"DEL01-PR";"UOP01-DEL01-PR"
504466;2023-02-11;"sábado";"11:55:00";"RS";153;44,5;"ERECHIM";"Acessar a via sem observar a presença dos outros veículos";"Colisão transversal";"Com Vítimas Feridas";"Pleno dia";"Crescente";"Céu Claro";"Simples";"Rotatória";"Não";6;0;1;0;5;0;1;2;-27,62312752;-52,23687793;"SPRF-RS";"DEL08-RS";"UOP04-DEL08-RS"
504468;2023-02-11;"sábado";"12:00:00";"RS";392;8,6;"RIO GRANDE";"Reação tardia ou ineficiente do condutor";"Tombamento";"Com Vítimas Feridas";"Pleno dia";"Decrescente";"Céu Claro";"Simples";"Reta";"Sim";1;0;1;0;0;0;1;1;-32,10246718;-52,11069415;"SPRF-RS";"DEL07-RS";"UOP02-DEL07-RS"
504470;2023-02-11;"sábado";"14:15:00";"ES";101;372,7;"ICONHA";"Ingestão de álcool pelo condutor";"Colisão frontal";"Com Vítimas Feridas";"Pleno dia";"Decrescente";"Sol";"Simples";"Reta";"Não";6;0;2;3;0;1;5;3;-20,77215419;-40,77695658;"SPRF-ES";"DEL03-ES";"UOP01-DEL03-ES"
504487;2023-02-11;"sábado";"15:15:00";"RS";471;173,3;"RIO PARDO";"Acessar a via sem observar a presença dos outros veículos";"Colisão transversal";"Com Vítimas Fatais";"Pleno dia";"Decrescente";"Céu Claro";"Simples";"Não Informado";"Não";2;1;0;0;1;0;0;2;-29,97363566;-52,37089276;"SPRF-RS";"DEL02-RS";"UOP03-DEL02-RS"
504489;2023-02-11;"sábado";"11:40:00";"PR";277;234;"FERNANDES PINHEIRO";"Reação tardia ou ineficiente do condutor";"Colisão transversal";"Sem Vítimas";"Pleno dia";"Decrescente";"Céu Claro";"Simples";"Rotatória";"Não";2;0;0;0;1;1;0;2;-25,46528432;-50,5752182;"SPRF-PR";"DEL08-PR";"UOP02-DEL08-PR"
504490;2023-02-11;"sábado";"13:00:00";"GO";452;45,9;"SANTA HELENA DE GOIAS";"Condutor deixou de manter distância do veículo da frente";"Colisão lateral sentido oposto";"Sem Vítimas";"Pleno dia";"Crescente";"Sol";"Simples";"Não Informado";"Não";2;0;0;0;2;0;0;2;-17,94510822;-50,51728809;"SPRF-GO";"DEL04-GO";"UOP01-DEL04-GO"
504497;2023-02-11;"sábado";"13:40:00";"MG";116;189;"CARAI";"Demais falhas mecânicas ou elétricas";"Incêndio";"Sem Vítimas";"Pleno dia";"Crescente";"Céu Claro";"Simples";"Não Informado";"Não";1;0;0;0;1;0;0;1;-17,154827;-41,501253;"SPRF-MG";"DEL11-MG";"UOP01-DEL11-MG"
504500;2023-02-11;"sábado";"15:31:00";"MT";163;750;"SORRISO";"Ingestão de álcool pelo condutor";"Saída de leito carroçável";"Sem Vítimas";"Pleno dia";"Crescente";"Céu Claro";"Dupla";"Reta";"Sim";3;0;0;0;3;0;0;3;-12,67193506;-55,79367178;"SPRF-MT";"DEL06-MT";"UOP01-DEL06-MT"
504501;2023-02-11;"sábado";"17:05:00";"PR";116;152;"MANDIRITUBA";"Desrespeitar a preferência no cruzamento";"Colisão transversal";"Com Vítimas Feridas";"Pleno dia";"Crescente";"Céu Claro";"Simples";"Interseção de vias";"Não";2;0;0;1;1;0;1;2;-25,83236296;-49,33609707;"SPRF-PR";"DEL01-PR";"UOP03-DEL01-PR"
504505;2023-02-11;"sábado";"16:10:00";"PR";163;93,4;"CAPANEMA";"Condutor deixou de manter distância do veículo da frente";"Colisão traseira";"Com Vítimas Feridas";"Pleno dia";"Decrescente";"Sol";"Simples";"Não Informado";"Não";2;0;1;0;0;1;1;2;-25,641028;-53,805011;"SPRF-PR";"DEL02-PR";"UOP02-DEL02-PR"
504509;2023-02-11;"sábado";"10:00:00";"MA";402;106,7;"HUMBERTO DE CAMPOS";"Reação tardia ou ineficiente do condutor";"Saída de leito carroçável";"Sem Vítimas";"Pleno dia";"Crescente";"Sol";"Simples";"Não Informado";"Não";1;0;0;0;0;1;0;1;-2,721702;-43,504555;"SPRF-MA";"DEL01-MA";"UOP01-DEL01-MA"
504511;2023-02-08;"quarta-feira";"17:40:00";"MA";230;361,2;"SAO RAIMUNDO DAS MANGABEIRAS";"Acostamento em desnível";"Saída de leito carroçável";"Sem Vítimas";"Pleno dia";"Decrescente";"Céu Claro";"Simples";"Reta";"Não";2;0;0;0;2;0;0;1;-7,21414714;-45,83724395;"SPRF-MA";"DEL05-MA";"UOP01-DEL05-MA"
504522;2023-02-11;"sábado";"19:10:00";"RS";290;79;"GRAVATAI";"Manobra de mudança de faixa";"Colisão lateral mesmo sentido";"Com Vítimas Feridas";"Anoitecer";"Decrescente";"Céu Claro";"Dupla";"Reta";"Não";5;0;2;0;3;0;2;2;-29,95343;-51,058449;"SPRF-RS";"DEL01-RS";"UOP01-DEL01-RS"
504523;2023-02-11;"sábado";"19:10:00";"BA";116;849,9;"VITORIA DA CONQUISTA";"Transitar na contramão";"Queda de ocupante de veículo";"Com Vítimas Fatais";"Plena Noite";"Crescente";"Céu Claro";"Simples";"Reta";"Não";2;1;0;0;1;0;0;2;-15,08719646;-41,01268172;"SPRF-BA";"DEL08-BA";"UOP01-DEL08-BA"
504545;2023-02-11;"sábado";"19:30:00";"MS";163;77;"ITAQUIRAI";"Desrespeitar a preferência no cruzamento";"Colisão transversal";"Sem Vítimas";"Plena Noite";"Decrescente";"Ignorado";"Dupla";"Não Informado";"Sim";3;0;0;0;2;1;0;2;-23,4831998;-54,18609129;"SPRF-MS";"DEL09-MS";"UOP01-DEL09-MS"
504546;2023-02-11;"sábado";"21:00:00";"ES";101;30;"CONCEICAO DA BARRA";"Ausência de reação do condutor";"Colisão traseira";"Com Vítimas Feridas";"Plena Noite";"Crescente";"Céu Claro";"Simples";"Não Informado";"Não";2;0;0;1;1;0;1;2;-18,41695394;-39,93608555;"SPRF-ES";"DEL04-ES";"UOP02-DEL04-ES"
504550;2023-02-11;"sábado";"14:40:00";"MG";267;90;"JUIZ DE FORA";"Ausência de reação do condutor";"Colisão com objeto";"Sem Vítimas";"Pleno dia";"Crescente";"Céu Claro";"Simples";"Não Informado";"Não";1;0;0;0;1;0;0;1;-21,75070983;-43,28034306;"SPRF-MG";"DEL05-MG";"UOP01-DEL05-MG"
504556;2023-02-11;"sábado";"20:00:00";"BA";116;302;"TUCANO";"Ausência de sinalização";"Colisão lateral sentido oposto";"Com Vítimas Fatais";"Plena Noite";"Decrescente";"Céu Claro";"Simples";"Reta";"Não";2;1;0;0;1;0;0;2;-11,191222;-38,867627;"SPRF-BA";"DEL02-BA";"UOP01-DEL02-BA"
504560;2023-02-11;"sábado";"21:15:00";"MS";262;403;"TERENOS";"Ingestão de álcool pelo condutor";"Colisão frontal";"Com Vítimas Fatais";"Plena Noite";"Crescente";"Céu Claro";"Simples";"Reta";"Não";3;1;1;0;1;0;1;2;-20,42624977;-55,04883405;"SPRF-MS";"DEL01-MS";"UOP03-DEL01-MS"
504566;2023-02-11;"sábado";"22:35:00";"ES";101;223,4;"IBIRACU";"Velocidade Incompatível";"Tombamento";"Com Vítimas Feridas";"Plena Noite";"Decrescente";"Céu Claro";"Simples";"Curva";"Não";1;0;1;0;0;0;1;1;-19,87635624;-40,41496163;"SPRF-ES";"DEL02-ES";"UOP01-DEL02-ES"
504568;2023-02-11;"sábado";"04:00:00";"MA";230;54;"SUCUPIRA DO RIACHAO";"Ausência de reação do condutor";"Saída de leito carroçável";"Com Vítimas Feridas";"Plena Noite";"Decrescente";"Céu Claro";"Simples";"Reta";"Não";3;0;1;0;2;0;1;1;-6,58752858;-43,43354103;"SPRF-PI";"DEL03-PI";"UOP01-DEL03-PI"
504577;2023-02-11;"sábado";"18:30:00";"TO";153;559;"FATIMA";"Transitar na contramão";"Colisão traseira";"Com Vítimas Feridas";"Anoitecer";"Decrescente";"Céu Claro";"Simples";"Reta";"Não";2;0;0;1;1;0;1;2;-10,69333371;-48,90666962;"SPRF-TO";"DEL01-TO";"UOP01-DEL01-TO"
504581;2023-02-11;"sábado";"21:30:00";"BA";116;598,6;"IRAJUBA";"Carga excessiva e/ou mal acondicionada";"Tombamento";"Com Vítimas Feridas";"Plena Noite";"Crescente";"Céu Claro";"Simples";"Não Informado";"Não";1;0;1;0;0;0;1;1;-13,2251602;-40,020031;"SPRF-BA";"DEL03-BA";"UOP02-DEL03-BA"
504584;2023-02-12;"domingo";"00:05:00";"ES";101;18;"PEDRO CANARIO";"Demais falhas mecânicas ou elétricas";"Saída de leito carroçável";"Com Vítimas Feridas";"Plena Noite";"Decrescente";"Céu Claro";"Simples";"Não Informado";"Não";2;0;1;0;1;0;1;2;-18,31320539;-39,95347307;"SPRF-ES";"DEL04-ES";"UOP02-DEL04-ES"
504588;2023-02-11;"sábado";"10:45:00";"MA";230;50;"SUCUPIRA DO RIACHAO";"Ausência de reação do condutor";"Tombamento";"Com Vítimas Feridas";"Pleno dia";"Decrescente";"Nublado";"Simples";"Reta";"Não";1;0;1;0;0;0;1;1;-6,60796518;-43,4056311;"SPRF-PI";"DEL03-PI";"UOP01-DEL03-PI"
504589;2023-02-11;"sábado";"20:20:00";"SC";282;462,2;"PONTE SERRADA";"Transitar na contramão";"Colisão lateral sentido oposto";"Com Vítimas Feridas";"Plena Noite";"Decrescente";"Céu Claro";"Simples";"Reta";"Sim";2;0;1;0;1;0;1;2;-26,857594;-52,050583;"SPRF-SC";"DEL07-SC";"UOP04-DEL07-SC"
504593;2023-02-11;"sábado";"22:50:00";"SP";116;461;"PARIQUERA-ACU";"Acessar a via sem observar a presença dos outros veículos";"Colisão traseira";"Com Vítimas Feridas";"Plena Noite";"Decrescente";"Garoa/Chuvisco";"Dupla";"Reta";"Não";2;0;0;1;0;1;1;2;-24,61672184;-47,88933615;"SPRF-SP";"DEL05-SP";"UOP01-DEL05-SP"
504598;2023-02-12;"domingo";"01:30:00";"SP";116;145;"SAO JOSE DOS CAMPOS";"Ausência de reação do condutor";"Colisão traseira";"Com Vítimas Feridas";"Pleno dia";"Decrescente";"Céu Claro";"Dupla";"Reta";"Não";2;0;1;0;1;0;1;2;-23,1869844;-45,8548078;"SPRF-SP";"DEL02-SP";"UOP01-DEL02-SP"
504601;2023-02-11;"sábado";"23:15:00";"MS";267;26,7;"BATAGUASSU";"Transitar na contramão";"Colisão lateral sentido oposto";"Sem Vítimas";"Plena Noite";"Crescente";"Céu Claro";"Simples";"Desvio Temporário";"Não";2;0;0;0;1;1;0;2;-21,72335399;-52,394177;"SPRF-MS";"DEL02-MS";"UOP04-DEL02-MS"
504607;2023-02-11;"sábado";"17:25:00";"MT";158;633,2;"AGUA BOA";"Reação tardia ou ineficiente do condutor";"Tombamento";"Sem Vítimas";"Pleno dia";"Crescente";"Céu Claro";"Simples";"Curva";"Não";1;0;0;0;1;0;0;1;-14,53691046;-52,32954037;"SPRF-MT";"DEL07-MT";"UOP02-DEL07-MT"
504613;2023-02-12;"domingo";"05:07:00";"ES";101;19,5;"CONCEICAO DA BARRA";"Condutor deixou de manter distância do veículo da frente";"Engavetamento";"Com Vítimas Feridas";"Amanhecer";"Decrescente";"Nublado";"Simples";"Reta";"Não";5;0;0;2;2;1;2;4;-18,31846928;-39,95435579;"SPRF-ES";"DEL04-ES";"UOP02-DEL04-ES"
504619;2023-02-12;"domingo";"05:43:00";"MG";116;412,4;"GOVERNADOR VALADARES";"Transitar na contramão";"Colisão lateral sentido oposto";"Com Vítimas Feridas";"Amanhecer";"Crescente";"Céu Claro";"Simples";"Não Informado";"Sim";2;0;0;1;0;1;1;2;-18,86882342;-41,97144241;"SPRF-MG";"DEL06-MG";"UOP01-DEL06-MG"
504637;2023-02-12;"domingo";"05:50:00";"BA";116;773;"PLANALTO";"Ausência de reação do condutor";"Colisão lateral sentido oposto";"Com Vítimas Feridas";"Pleno dia";"Crescente";"Céu Claro";"Simples";"Reta";"Não";2;0;0;1;1;0;1;2;-14,5744912;-40,42660279;"SPRF-BA";"DEL08-BA";"UOP02-DEL08-BA"
504642;2023-02-12;"domingo";"05:00:00";"MG";251;310,9;"SALINAS";"Acessar a via sem observar a presença dos outros veículos";"Colisão transversal";"Com Vítimas Feridas";"Amanhecer";"Decrescente";"Céu Claro";"Simples";"Não Informado";"Sim";6;0;2;2;2;0;4;2;-16,13439486;-42,28093743;"SPRF-MG";"DEL12-MG";"UOP01-DEL12-MG"
504658;2023-01-31;"terça-feira";"20:10:00";"PR";163;52;"PRANCHITA";"Iluminação deficiente";"Colisão traseira";"Com Vítimas Feridas";"Plena Noite";"Crescente";"Céu Claro";"Simples";"Não Informado";"Não";3;0;2;0;1;0;2;2;-25,96681899;-53,72229007;"SPRF-PR";"DEL02-PR";"UOP02-DEL02-PR"
504660;2023-02-11;"sábado";"15:00:00";"MT";163;1048;"MATUPA";"Condutor deixou de manter distância do veículo da frente";"Colisão traseira";"Com Vítimas Feridas";"Plena Noite";"Crescente";"Céu Claro";"Simples";"Reta";"Não";4;0;1;0;3;0;1;3;-10,22135189;-54,97106016;"SPRF-MT";"DEL06-MT";"UOP03-DEL06-MT"
504663;2023-02-12;"domingo";"07:00:00";"RO";364;174;"PIMENTA BUENO";"Transitar na contramão";"Colisão lateral sentido oposto";"Sem Vítimas";"Pleno dia";"Crescente";"Céu Claro";"Simples";"Reta";"Não";2;0;0;0;2;0;0;2;-11,81737786;-61,03744379;"SPRF-RO";"DEL02-RO";"UOP02-DEL02-RO"
504665;2023-02-12;"domingo";"09:30:00";"SP";116;189;"SANTA ISABEL";"Reação tardia ou ineficiente do condutor";"Atropelamento de Pedestre";"Com Vítimas Feridas";"Pleno dia";"Crescente";"Céu Claro";"Dupla";"Não Informado";"Não";3;0;0;1;1;1;1;2;-23,36435234;-46,22488684;"SPRF-SP";"DEL01-SP";"UOP01-DEL01-SP"
504667;2023-01-23;"segunda-feira";"19:50:00";"ES";101;457;"MIMOSO DO SUL";"Acessar a via sem observar a presença dos outros veículos";"Colisão transversal";"Com Vítimas Feridas";"Plena Noite";"Crescente";"Céu Claro";"Simples";"Interseção de vias";"Não";3;0;0;1;2;0;1;2;-21,19404508;-41,29778404;"SPRF-ES";"DEL03-ES";"UOP02-DEL03-ES"
504668;2023-02-12;"domingo";"09:25:00";"MT";364;328,9;"CAMPO VERDE";"Reação tardia ou ineficiente do condutor";"Colisão traseira";"Com Vítimas Feridas";"Pleno dia";"Decrescente";"Nublado";"Dupla";"Curva";"Não";2;0;1;0;1;0;1;2;-15,81572524;-55,39421693;"SPRF-MT";"DEL05-MT";"UOP02-DEL05-MT"
504674;2023-02-12;"domingo";"10:30:00";"PR";277;133,5;"BALSA NOVA";"Condutor deixou de manter distância do veículo da frente";"Colisão traseira";"Com Vítimas Feridas";"Pleno dia";"Decrescente";"Céu Claro";"Múltipla";"Não Informado";"Sim";2;0;0;1;1;0;1;2;-25,47161912;-49,67090607;"SPRF-PR";"DEL03-PR";"UOP03-DEL03-PR"
504692;2023-02-12;"domingo";"09:11:00";"MT";364;510;"JANGADA";"Ultrapassagem Indevida";"Colisão lateral mesmo sentido";"Com Vítimas Feridas";"Pleno dia";"Decrescente";"Céu Claro";"Simples";"Não Informado";"Não";5;0;2;1;2;0;3;4;-15,18215397;-56,52038195;"SPRF-MT";"DEL01-MT";"UOP01-DEL01-MT"
504693;2023-02-12;"domingo";"14:00:00";"ES";101;388,7;"RIO NOVO DO SUL";"Curva acentuada";"Tombamento";"Sem Vítimas";"Pleno dia";"Decrescente";"Céu Claro";"Simples";"Curva";"Não";4;0;0;0;4;0;0;1;-20,85689511;-40,8767812;"SPRF-ES";"DEL03-ES";"UOP02-DEL03-ES"
504697;2023-02-12;"domingo";"10:20:00";"MG";116;575,5;"MANHUACU";"Transitar na contramão";"Colisão traseira";"Com Vítimas Feridas";"Pleno dia";"Decrescente";"Sol";"Simples";"Curva";"Não";3;0;0;1;2;0;1;3;-20,14598091;-42,18538333;"SPRF-MG";"DEL06-MG";"UOP03-DEL06-MG"
504700;2023-02-12;"domingo";"15:00:00";"BA";116;419;"FEIRA DE SANTANA";"Reação tardia ou ineficiente do condutor";"Colisão com objeto";"Com Vítimas Fatais";"Pleno dia";"Decrescente";"Céu Claro";"Simples";"Não Informado";"Sim";3;1;0;0;1;1;0;2;-12,13392801;-38,96796727;"SPRF-BA";"DEL02-BA";"UOP01-DEL02-BA"
504718;2023-02-12;"domingo";"02:00:00";"GO";158;153;"CAIAPONIA";"Reação tardia ou ineficiente do condutor";"Tombamento";"Sem Vítimas";"Plena Noite";"Decrescente";"Nublado";"Simples";"Não Informado";"Não";1;0;0;0;0;1;0;1;-16,92992171;-51,81418301;"SPRF-GO";"DEL04-GO";"UOP02-DEL04-GO"
504725;2023-02-12;"domingo";"16:50:00";"MG";40;527;"CONTAGEM";"Velocidade Incompatível";"Colisão com objeto";"Com Vítimas Feridas";"Pleno dia";"Crescente";"Chuva";"Dupla";"Reta";"Não";1;0;1;0;0;0;1;1;-19,90149502;-44,04938939;"SPRF-MG";"DEL01-MG";"UOP02-DEL01-MG"
504726;2023-02-12;"domingo";"17:00:00";"PR";116;145;"MANDIRITUBA";"Condutor deixou de manter distância do veículo da frente";"Colisão traseira";"Sem Vítimas";"Pleno dia";"Decrescente";"Céu Claro";"Simples";"Reta";"Não";2;0;0;0;1;1;0;2;-25,77290167;-49,32325542;"SPRF-PR";"DEL01-PR";"UOP03-DEL01-PR"
504727;2023-02-12;"domingo";"17:00:00";"RJ";493;10;"GUAPIMIRIM";"Condutor deixou de manter distância do veículo da frente";"Colisão traseira";"Com Vítimas Feridas";"Pleno dia";"Decrescente";"Nublado";"Simples";"Reta";"Não";6;0;4;0;2;0;4;3;-22,69541193;-42,95667763;"SPRF-RJ";"DEL02-RJ";"UOP04-DEL02-RJ"
504754;2023-02-12;"domingo";"20:50:00";"GO";452;105;"BOM JESUS DE GOIAS";"Acessar a via sem observar a presença dos outros veículos";"Colisão transversal";"Com Vítimas Feridas";"Plena Noite";"Crescente";"Chuva";"Simples";"Não Informado";"Não";4;0;1;0;3;0;1;2;-18,15490714;-49,93925508;"SPRF-GO";"DEL03-GO";"UOP02-DEL03-GO"
504756;2023-02-12;"domingo";"20:30:00";"MT";70;278;"PRIMAVERA DO LESTE";"Mal súbito do condutor";"Colisão lateral mesmo sentido";"Com Vítimas Feridas";"Plena Noite";"Crescente";"Chuva";"Dupla";"Rotatória";"Sim";2;0;0;1;1;0;1;2;-15,56201193;-54,29646915;"SPRF-MT";"DEL05-MT";"UOP01-DEL05-MT"