"id";"data_inversa";"dia_semana";"horario";"uf";"br";"km";"municipio";"causa_acidente";"tipo_acidente";"classificacao_acidente";"fase_dia";"sentido_via";"condicao_metereologica";"tipo_pista";"tracado_via";"uso_solo";"pessoas";"mortos";"feridos_leves";"feridos_graves";"ilesos";"ignorados";"feridos";"veiculos";"latitude";"longitude";"regional";"delegacia";"uop"
496614;2023-01-01;"domingo";"14:00:00";"PE";232;130,6;"CARUARU";"Ingestão de álcool pelo condutor";"Colisão com objeto";"Com Vítimas Feridas";"Pleno dia";"Crescente";"Nublado";"Dupla";"Não Informado";"Sim";1;0;1;0;0;0;1;1;-8,29966996;-35,99274516;"SPRF-PE";"DEL02-PE";"UOP01-DEL02-PE"
496615;2023-01-01;"domingo";"15:10:00";"ES";101;31,5;"CONCEICAO DA BARRA";"Acessar a via sem observar a presença dos outros veículos";"Colisão transversal";"Com Vítimas Feridas";"Pleno dia";"Crescente";"Céu Claro";"Simples";"Não Informado";"Não";2;0;0;1;1;0;1;2;-18,41695394;-39,93608555;"SPRF-ES";"DEL04-ES";"UOP02-DEL04-ES"
496616;2023-01-01;"domingo";"13:30:00";"PE";232;64;"POMBOS";"Demais falhas mecânicas ou elétricas";"Colisão com objeto";"Sem Vítimas";"Pleno dia";"Decrescente";"Céu Claro";"Dupla";"Não Informado";"Não";1;0;0;0;1;0;0;1;-8,16152271;-35,43959107;"SPRF-PE";"DEL02-PE";"UOP02-DEL02PE"
496617;2023-01-01;"domingo";"14:40:00";"MG";381;282;"JAGUARACU";"Reação tardia ou ineficiente do condutor";"Saída de leito carroçável";"Com Vítimas Feridas";"Pleno dia";"Crescente";"Céu Claro";"Simples";"Reta";"Sim";2;0;1;1;0;0;2;1;-19,618552;-42,776355;"SPRF-MG";"DEL03-MG";"UOP02-DEL03-MG"
496618;2023-01-01;"domingo";"15:15:00";"SC";101;31;"JOINVILLE";"Avarias e/ou desgaste excessivo no pneu";"Tombamento";"Com Vítimas Feridas";"Pleno dia";"Decrescente";"Céu Claro";"Dupla";"Não Informado";"Não";2;0;2;0;0;0;2;1;-26,22195899;-48,91634925;"SPRF-SC";"DEL03-SC";"UOP01-DEL03-SC"
496619;2023-01-01;"domingo";"15:10:00";"SC";101;158,1;"PORTO BELO";"Acessar a via sem observar a presença dos outros veículos";"Colisão lateral mesmo sentido";"Com Vítimas Feridas";"Pleno dia";"Decrescente";"Sol";"Dupla";"Reta";"Não";4;0;1;1;2;0;2;2;-27,19096301;-48,61259017;"SPRF-SC";"DEL04-SC";"UOP03-DEL04-SC"
496620;2023-01-01;"domingo";"15:00:00";"PI";343;183;"PIRIPIRI";"Acessar a via sem observar a presença dos outros veículos";"Colisão transversal";"Com Vítimas Feridas";"Pleno dia";"Crescente";"Céu Claro";"Simples";"Reta";"Não";5;0;1;0;4;0;1;2;-4,264742;-41,756226;"SPRF-PI";"DEL02-PI";"UOP01-DEL02-PI"
496621;2023-01-01;"domingo";"14:40:00";"BA";324;587;"CANDEIAS";"Reação tardia ou ineficiente do condutor";"Colisão lateral mesmo sentido";"Com Vítimas Feridas";"Pleno dia";"Crescente";"Céu Claro";"Dupla";"Reta";"Não";5;0;4;0;1;0;4;2;-12,64715411;-38,47504041;"SPRF-BA";"DEL01-BA";"UOP01-DEL01-BA"
496624;2023-01-01;"domingo";"15:35:00";"SC";101;206,9;"SAO JOSE";"Semáforo com defeito";"Colisão lateral mesmo sentido";"Com Vítimas Feridas";"Pleno dia";"Crescente";"Céu Claro";"Simples";"Interseção de vias";"Sim";2;0;1;0;1;0;1;2;-27,59193546;-48,61824557;"SPRF-SC";"DEL01-SC";"UOP01-DEL01-SC"
496625;2023-01-01;"domingo";"14:45:00";"PE";101;37;"IGARASSU";"Desrespeitar a preferência no cruzamento";"Colisão transversal";"Com Vítimas Feridas";"Pleno dia";"Crescente";"Céu Claro";"Dupla";"Reta";"Não";3;0;0;2;1;0;2;2;-7,79726705;-34,9274932;"SPRF-PE";"DEL01-PE";"UOP02-DEL01-PE"
496626;2023-01-01;"domingo";"15:30:00";"RS";386;368,2;"FAZENDA VILANOVA";"Ingestão de álcool pelo condutor";"Saída de leito carroçável";"Com Vítimas Feridas";"Pleno dia";"Crescente";"Céu Claro";"Simples";"Não Informado";"Não";5;0;4;0;1;0;4;1;-29,58673439;-51,83348536;"SPRF-RS";"DEL04-RS";"UOP04-DEL04-RS"
496627;2023-01-01;"domingo";"15:20:00";"SC";101;416;"ARARANGUA";"Reação tardia ou ineficiente do condutor";"Colisão traseira";"Com Vítimas Feridas";"Pleno dia";"Crescente";"Céu Claro";"Múltipla";"Reta";"Sim";2;0;1;0;1;0;1;2;-28,96708874;-49,52338825;"SPRF-SC";"DEL02-SC";"UOP02-DEL02-SC"
496628;2023-01-01;"domingo";"15:15:00";"AL";104;18;"SAO JOSE DA LAJE";"Reação tardia ou ineficiente do condutor";"Colisão frontal";"Com Vítimas Feridas";"Pleno dia";"Decrescente";"Chuva";"Simples";"Reta";"Sim";5;0;2;1;2;0;3;2;-9,04193899;-36,03775187;"SPRF-AL";"DEL01-AL";"UOP02-DEL01-AL"
496629;2023-01-01;"domingo";"15:15:00";"AL";101;237,7;"SAO BRAS";"Velocidade Incompatível";"Capotamento";"Com Vítimas Feridas";"Pleno dia";"Decrescente";"Céu Claro";"Dupla";"Curva";"Não";5;0;0;1;4;0;1;1;-10,12581999;-36,789833;"SPRF-AL";"DEL02-AL";"UOP02-DEL02-AL"
496631;2023-01-01;"domingo";"13:30:00";"MG";40;172;"JOAO PINHEIRO";"Ingestão de álcool pelo condutor";"Colisão traseira";"Sem Vítimas";"Pleno dia";"Crescente";"Nublado";"Múltipla";"Reta";"Não";4;0;0;0;4;0;0;2;-17,94245402;-46,04307001;"SPRF-MG";"DEL14-MG";"UOP02-DEL14-MG"
496632;2023-01-01;"domingo";"15:50:00";"BA";116;814,8;"VITORIA DA CONQUISTA";"Acessar a via sem observar a presença dos outros veículos";"Colisão transversal";"Com Vítimas Feridas";"Pleno dia";"Crescente";"Sol";"Simples";"Reta";"Sim";2;0;1;0;1;0;1;2;-14,813882;-40,800223;"SPRF-BA";"DEL08-BA";"UOP01-DEL08-BA"
496633;2023-01-01;"domingo";"15:40:00";"PE";408;31;"ALIANCA";"Conversão proibida";"Colisão frontal";"Com Vítimas Feridas";"Pleno dia";"Decrescente";"Céu Claro";"Simples";"Curva";"Não";4;0;3;0;1;0;3;2;-7,5940327;-35,24470263;"SPRF-PE";"DEL01-PE";"UOP02-DEL01-PE"
496634;2023-01-01;"domingo";"14:00:00";"BA";415;25,8;"ILHEUS";"Ultrapassagem Indevida";"Colisão lateral sentido oposto";"Com Vítimas Fatais";"Pleno dia";"Decrescente";"Sol";"Simples";"Reta";"Não";3;1;0;0;2;0;0;2;-14,794795;-39,191588;"SPRF-BA";"DEL05-BA";"UOP01-DEL05-BA"
496635;2023-01-01;"domingo";"15:20:00";"RN";304;89;"ACU";"Condutor deixou de manter distância do veículo da frente";"Colisão lateral mesmo sentido";"Com Vítimas Feridas";"Pleno dia";"Decrescente";"Céu Claro";"Simples";"Reta";"Não";3;0;1;1;0;1;2;2;-5,52453806;-37,10832504;"SPRF-RN";"DEL04-RN";"UOP01-DEL04-RN"
496636;2023-01-01;"domingo";"16:00:00";"RN";101;66;"CEARA-MIRIM";"Ingestão de álcool pelo condutor";"Engavetamento";"Sem Vítimas";"Pleno dia";"Crescente";"Céu Claro";"Simples";"Não Informado";"Não";3;0;0;0;3;0;0;3;-5,65033356;-35,25016233;"SPRF-RN";"DEL02-RN";"UOP01-DEL02-RN"
496638;2023-01-01;"domingo";"15:50:00";"MS";163;126,8;"NAVIRAI";"Ingestão de álcool pelo condutor";"Colisão com objeto";"Com Vítimas Feridas";"Pleno dia";"Decrescente";"Céu Claro";"Dupla";"Rotatória";"Sim";3;0;1;0;2;0;1;1;-23,06338297;-54,23163981;"SPRF-MS";"DEL09-MS";"UOP01-DEL09-MS"
496639;2023-01-01;"domingo";"13:40:00";"MT";163;923;"ITAUBA";"Reação tardia ou ineficiente do condutor";"Saída de leito carroçável";"Com Vítimas Feridas";"Pleno dia";"Decrescente";"Céu Claro";"Simples";"Reta";"Não";1;0;1;0;0;0;1;1;-11,23395388;-55,30433047;"SPRF-MT";"DEL06-MT";"UOP02-DEL06-MT"
496640;2023-01-01;"domingo";"16:20:00";"PR";116;178;"QUITANDINHA";"Acessar a via sem observar a presença dos outros veículos";"Colisão transversal";"Com Vítimas Feridas";"Pleno dia";"Decrescente";"Céu Claro";"Simples";"Não Informado";"Não";5;0;5;0;0;0;5;2;-25,911605;-49,593558;"SPRF-PR";"DEL01-PR";"UOP03-DEL01-PR"
496641;2023-01-01;"domingo";"17:25:00";"SC";101;136;"BALNEARIO CAMBORIU";"Acessar a via sem observar a presença dos outros veículos";"Colisão lateral mesmo sentido";"Com Vítimas Feridas";"Pleno dia";"Decrescente";"Céu Claro";"Simples";"Curva";"Não";3;0;0;1;2;0;1;2;-27,008113;-48,617245;"SPRF-SC";"DEL04-SC";"UOP03-DEL04-SC"
496642;2023-01-01;"domingo";"17:35:00";"RS";116;308;"GUAIBA";"Reação tardia ou ineficiente do condutor";"Colisão traseira";"Sem Vítimas";"Pleno dia";"Decrescente";"Céu Claro";"Simples";"Reta";"Não";4;0;0;0;4;0;0;2;-30,18291689;-51,39555744;"SPRF-RS";"DEL02-RS";"UOP01-DEL02-RS"
496643;2023-01-01;"domingo";"17:30:00";"PR";277;71;"SAO JOSE DOS PINHAIS";"Reação tardia ou ineficiente do condutor";"Saída de leito carroçável";"Sem Vítimas";"Pleno dia";"Crescente";"Nublado";"Simples";"Curva";"Não";1;0;0;0;1;0;0;1;-25,51022122;-49,13291931;"SPRF-PR";"DEL01-PR";"UOP01-DEL01-PR"
496644;2023-01-01;"domingo";"17:31:00";"CE";304;50,3;"ARACATI";"Desrespeitar a preferência no cruzamento";"Colisão transversal";"Sem Vítimas";"Pleno dia";"Decrescente";"Céu Claro";"Simples";"Interseção de vias";"Não";2;0;0;0;1;1;0;2;-4,5730397;-37,7616637;"SPRF-CE";"DEL03-CE";"UOP03-DEL03-CE"
496645;2023-01-01;"domingo";"17:45:00";"AL";101;146;"SAO MIGUEL DOS CAMPOS";"Velocidade Incompatível";"Colisão com objeto";"Com Vítimas Feridas";"Anoitecer";"Decrescente";"Nublado";"Dupla";"Curva";"Não";1;0;1;0;0;0;1;1;-9,87382885;-36,13882162;"SPRF-AL";"DEL02-AL";"UOP01-DEL02-AL"
496646;2023-01-01;"domingo";"17:35:00";"MG";381;501,9;"BETIM";"Condutor deixou de manter distância do veículo da frente";"Engavetamento";"Sem Vítimas";"Anoitecer";"Decrescente";"Chuva";"Dupla";"Não Informado";"Não";9;0;0;0;9;0;0;3;-20,03165095;-44,23769474;"SPRF-MG";"DEL01-MG";"UOP03-DEL01-MG"
496647;2023-01-01;"domingo";"17:15:00";"RS";392;51,5;"RIO GRANDE";"Reação tardia ou ineficiente do condutor";"Colisão traseira";"Com Vítimas Feridas";"Pleno dia";"Crescente";"Sol";"Dupla";"Reta";"Não";2;0;1;0;1;0;1;2;-31,86521207;-52,32379036;"SPRF-RS";"DEL07-RS";"UOP02-DEL07-RS"
496648;2023-01-01;"domingo";"17:45:00";"GO";50;147,5;"IPAMERI";"Retorno proibido";"Colisão traseira";"Com Vítimas Feridas";"Pleno dia";"Decrescente";"Céu Claro";"Dupla";"Não Informado";"Não";2;0;1;0;0;1;1;2;-17,1482;-47,7229;"SPRF-GO";"DEL06-GO";"UOP01-DEL06-GO"
496649;2023-01-01;"domingo";"15:40:00";"SP";116;560,7;"BARRA DO TURVO";"Ausência de reação do condutor";"Capotamento";"Com Vítimas Feridas";"Pleno dia";"Crescente";"Garoa/Chuvisco";"Dupla";"Curva";"Não";2;0;1;0;1;0;1;1;-25,01903988;-48,51081848;"SPRF-SP";"DEL05-SP";"UOP02-DEL05-SP"
496650;2023-01-01;"domingo";"16:15:00";"SC";101;309,8;"LAGUNA";"Avarias e/ou desgaste excessivo no pneu";"Colisão com objeto";"Com Vítimas Feridas";"Pleno dia";"Crescente";"Céu Claro";"Simples";"Não Informado";"Sim";2;0;0;2;0;0;2;1;-28,43809446;-48,81047755;"SPRF-SC";"DEL02-SC";"UOP01-DEL02-SC"
496651;2023-01-01;"domingo";"17:47:00";"SC";101;188,2;"BIGUACU";"Condutor deixou de manter distância do veículo da frente";"Colisão traseira";"Sem Vítimas";"Pleno dia";"Crescente";"Céu Claro";"Dupla";"Reta";"Sim";3;0;0;0;2;1;0;3;-27,45123421;-48,63370766;"SPRF-SC";"DEL01-SC";"UOP01-DEL01-SC"
496652;2023-01-01;"domingo";"17:35:00";"SP";116;210;"GUARULHOS";"Reação tardia ou ineficiente do condutor";"Colisão traseira";"Com Vítimas Feridas";"Pleno dia";"Crescente";"Garoa/Chuvisco";"Simples";"Reta";"Sim";5;0;2;0;3;0;2;2;-23,42870023;-46,41085991;"SPRF-SP";"DEL01-SP";"UOP01-DEL01-SP"
496653;2023-01-01;"domingo";"17:00:00";"BA";242;753;"CRISTOPOLIS";"Manobra de mudança de faixa";"Colisão traseira";"Com Vítimas Feridas";"Pleno dia";"Crescente";"Céu Claro";"Simples";"Reta";"Não";3;0;1;0;2;0;1;2;-12,204657;-44,472342;"SPRF-BA";"DEL10-BA";"UOP01-DEL10-BA"
496654;2023-01-01;"domingo";"17:50:00";"SC";280;232;"CANOINHAS";"Reação tardia ou ineficiente do condutor";"Saída de leito carroçável";"Com Vítimas Feridas";"Pleno dia";"Crescente";"Sol";"Simples";"Reta";"Sim";1;0;1;0;0;0;1;1;-26,19014736;-50,38186997;"SPRF-SC";"DEL06-SC";"UOP04-DEL06-SC"
496655;2023-01-01;"domingo";"13:20:00";"SP";116;378,5;"MIRACATU";"Ausência de reação do condutor";"Colisão com objeto";"Com Vítimas Feridas";"Pleno dia";"Decrescente";"Nublado";"Dupla";"Curva";"Não";5;0;0;1;4;0;1;1;-24,20142317;-47,37092173;"SPRF-SP";"DEL04-SP";"UOP02-DEL04-SP"
496656;2023-01-01;"domingo";"18:45:00";"SP";116;463;"PARIQUERA-ACU";"Acesso irregular";"Colisão lateral mesmo sentido";"Com Vítimas Feridas";"Pleno dia";"Crescente";"Céu Claro";"Dupla";"Reta";"Não";2;0;1;0;1;0;1;2;-24,62904309;-47,90227592;"SPRF-SP";"DEL05-SP";"UOP01-DEL05-SP"
496657;2023-01-01;"domingo";"17:45:00";"MS";262;380,4;"TERENOS";"Afundamento ou ondulação no pavimento";"Tombamento";"Com Vítimas Feridas";"Pleno dia";"Decrescente";"Nublado";"Simples";"Reta";"Não";1;0;1;0;0;0;1;1;-20,45577198;-54,84474093;"SPRF-MS";"DEL01-MS";"UOP03-DEL01-MS"
496660;2023-01-01;"domingo";"17:30:00";"MT";163;56,3;"RONDONOPOLIS";"Acumulo de água sobre o pavimento";"Saída de leito carroçável";"Com Vítimas Feridas";"Pleno dia";"Decrescente";"Chuva";"Dupla";"Desvio Temporário";"Não";2;0;1;0;1;0;1;1;-17,02147497;-54,76233709;"SPRF-MT";"DEL02-MT";"UOP03-DEL02-MT"
496661;2023-01-01;"domingo";"17:40:00";"PI";343;326;"TERESINA";"Ausência de reação do condutor";"Colisão traseira";"Sem Vítimas";"Pleno dia";"Crescente";"Céu Claro";"Simples";"Reta";"Não";2;0;0;0;2;0;0;2;-5,069462;-42,617474;"SPRF-PI";"DEL01-PI";"UOP01-DEL01-PI"
496662;2023-01-01;"domingo";"18:00:00";"PR";116;73;"QUATRO BARRAS";"Velocidade Incompatível";"Saída de leito carroçável";"Com Vítimas Feridas";"Anoitecer";"Crescente";"Chuva";"Dupla";"Reta";"Sim";2;0;2;0;0;0;2;1;-25,35839801;-49,04074819;"SPRF-PR";"DEL01-PR";"UOP07-DEL01-PR"
496664;2023-01-01;"domingo";"18:00:00";"PR";277;10;"PARANAGUA";"Condutor deixou de manter distância do veículo da frente";"Colisão traseira";"Com Vítimas Feridas";"Anoitecer";"Crescente";"Nublado";"Múltipla";"Reta";"Não";3;0;1;0;2;0;1;3;-25,568198;-48,615292;"SPRF-PR";"DEL01-PR";"UOP05-DEL01-PR"
496665;2023-01-01;"domingo";"17:00:00";"AL";101;73;"MESSIAS";"Reação tardia ou ineficiente do condutor";"Capotamento";"Com Vítimas Feridas";"Pleno dia";"Crescente";"Nublado";"Dupla";"Curva";"Sim";1;0;1;0;0;0;1;1;-9,38720792;-35,8364428;"SPRF-AL";"DEL01-AL";"UOP01-DEL01-AL"
496666;2023-01-01;"domingo";"18:30:00";"SC";101;137;"BALNEARIO CAMBORIU";"Condutor deixou de manter distância do veículo da frente";"Colisão traseira";"Com Vítimas Feridas";"Pleno dia";"Decrescente";"Sol";"Dupla";"Não Informado";"Sim";2;0;0;1;1;0;1;2;-27,0157238;-48,61192763;"SPRF-SC";"DEL04-SC";"UOP03-DEL04-SC"
496667;2023-01-01;"domingo";"19:10:00";"RN";101;66;"EXTREMOZ";"Ingestão de álcool pelo condutor";"Colisão lateral mesmo sentido";"Sem Vítimas";"Plena Noite";"Crescente";"Céu Claro";"Simples";"Reta";"Não";2;0;0;0;2;0;0;2;-5,65033356;-35,25016233;"SPRF-RN";"DEL02-RN";"UOP01-DEL02-RN"
496668;2023-01-01;"domingo";"17:00:00";"MG";365;161;"PIRAPORA";"Ausência de reação do condutor";"Saída de leito carroçável";"Sem Vítimas";"Pleno dia";"Crescente";"Nublado";"Simples";"Reta";"Não";1;0;0;0;0;1;0;1;-17,36446786;-44,92847403;"SPRF-MG";"DEL12-MG";"UOP01-DEL12-MG"
496669;2023-01-01;"domingo";"17:30:00";"PB";104;148;"QUEIMADAS";"Acessar a via sem observar a presença dos outros veículos";"Colisão transversal";"Sem Vítimas";"Pleno dia";"Crescente";"Céu Claro";"Simples";"Reta";"Não";2;0;0;0;2;0;0;2;-7,441147;-35,90274;"SPRF-PB";"DEL02-PB";"UOP03-DEL02-PB"
496670;2023-01-01;"domingo";"20:00:00";"MG";40;509;"RIBEIRAO DAS NEVES";"Condutor deixou de manter distância do veículo da frente";"Colisão traseira";"Sem Vítimas";"Plena Noite";"Crescente";"Chuva";"Dupla";"Reta";"Sim";2;0;0;0;2;0;0;2;-19,76728744;-44,12855905;"SPRF-MG";"DEL01-MG";"UOP02-DEL01-MG"
496672;2023-01-01;"domingo";"18:06:00";"PR";277;36,8;"MORRETES";"Reação tardia ou ineficiente do condutor";"Colisão traseira";"Sem Vítimas";"Anoitecer";"Crescente";"Céu Claro";"Dupla";"Não Informado";"Não";3;0;0;0;3;0;0;2;-25,5585949;-48,80593311;"SPRF-PR";"DEL01-PR";"UOP05-DEL01-PR"
496674;2023-01-01;"domingo";"18:50:00";"RJ";116;197;"QUEIMADOS";"Demais falhas mecânicas ou elétricas";"Queda de ocupante de veículo";"Com Vítimas Feridas";"Plena Noite";"Decrescente";"Nublado";"Dupla";"Curva";"Sim";2;0;2;0;0;0;2;1;-22,72980637;-43,56512004;"SPRF-RJ";"DEL01-RJ";"UOP02-DEL01-RJ"
496676;2023-01-01;"domingo";"19:27:00";"GO";40;5;"VALPARAISO DE GOIAS";"Ingestão de álcool pelo condutor";"Colisão transversal";"Com Vítimas Feridas";"Plena Noite";"Crescente";"Céu Claro";"Dupla";"Reta";"Sim";2;0;1;0;1;0;1;2;-16,093134;-47,982236;"SPRF-DF";"DEL01-DF";"UOP01-DEL01-DF"
496677;2023-01-01;"domingo";"19:10:00";"PR";277;713,3;"SANTA TEREZINHA DE ITAIPU";"Reação tardia ou ineficiente do condutor";"Colisão traseira";"Com Vítimas Feridas";"Anoitecer";"Crescente";"Céu Claro";"Dupla";"Não Informado";"Não";3;0;1;0;2;0;1;2;-25,46144154;-54,44010119;"SPRF-PR";"DEL05-PR";"UOP01-DEL05-PR"
496678;2023-01-01;"domingo";"16:00:00";"MG";365;402,3;"PATOS DE MINAS";"Acessar a via sem observar a presença dos outros veículos";"Colisão transversal";"Com Vítimas Fatais";"Pleno dia";"Decrescente";"Nublado";"Dupla";"Reta";"Não";4;1;1;2;0;0;3;2;-18,63825441;-46,45155702;"SPRF-MG";"DEL10-MG";"UOP01-DEL10-MG"
496680;2023-01-01;"domingo";"17:10:00";"PR";373;444;"CHOPINZINHO";"Ingestão de álcool pelo condutor";"Colisão transversal";"Sem Vítimas";"Pleno dia";"Decrescente";"Céu Claro";"Simples";"Reta";"Não";2;0;0;0;1;1;0;2;-25,83623205;-52,31943391;"SPRF-PR";"DEL02-PR";"UOP01-DEL02-PR"
496681;2023-01-01;"domingo";"15:30:00";"BA";110;367,5;"CATU";"Ultrapassagem Indevida";"Colisão traseira";"Com Vítimas Feridas";"Pleno dia";"Decrescente";"Céu Claro";"Simples";"Não Informado";"Não";2;0;0;1;1;0;1;2;-12,35805642;-38,39315415;"SPRF-BA";"DEL01-BA";"UOP04-DEL01-BA"
496682;2023-01-01;"domingo";"19:45:00";"PB";230;23;"JOAO PESSOA";"Ingestão de álcool pelo condutor";"Colisão com objeto";"Com Vítimas Feridas";"Plena Noite";"Crescente";"Chuva";"Dupla";"Reta";"Sim";6;0;0;1;5;0;1;2;-7,1562;-34,8574;"SPRF-PB";"DEL01-PB";"UOP01-DEL01-PB"
496683;2023-01-01;"domingo";"19:15:00";"PI";343;345,1;"TERESINA";"Pedestre cruzava a pista fora da faixa";"Atropelamento de Pedestre";"Com Vítimas Feridas";"Plena Noite";"Decrescente";"Céu Claro";"Dupla";"Reta";"Sim";2;0;0;1;1;0;1;1;-5,102889;-42,766506;"SPRF-PI";"DEL01-PI";"UOP01-DEL01-PI"
496684;2023-01-01;"domingo";"19:25:00";"RJ";101;425;"ITAGUAI";"Trafegar com motocicleta (ou similar) entre as faixas";"Colisão transversal";"Com Vítimas Feridas";"Plena Noite";"Crescente";"Céu Claro";"Simples";"Não Informado";"Sim";3;0;2;0;1;0;2;2;-22,9199;-43,9536;"SPRF-RJ";"DEL03-RJ";"UOP01-DEL03-RJ"
496685;2023-01-01;"domingo";"18:20:00";"MS";463;74,8;"PONTA PORA";"Ingestão de álcool pelo condutor";"Colisão com objeto";"Sem Vítimas";"Pleno dia";"Decrescente";"Céu Claro";"Simples";"Não Informado";"Não";1;0;0;0;1;0;0;1;-22,49152792;-55,42546007;"SPRF-MS";"DEL04-MS";"UOP03-DEL04-MS"
496687;2023-01-01;"domingo";"19:30:00";"MG";262;392,7;"PARA DE MINAS";"Velocidade Incompatível";"Colisão traseira";"Com Vítimas Fatais";"Plena Noite";"Decrescente";"Chuva";"Dupla";"Não Informado";"Não";2;1;0;0;0;1;0;2;-19,903476;-44,536596;"SPRF-MG";"DEL01-MG";"UOP03-DEL01-MG"
496688;2023-01-01;"domingo";"19:40:00";"PR";487;177,7;"CAMPO MOURAO";"Pedestre andava na pista";"Atropelamento de Pedestre";"Com Vítimas Feridas";"Plena Noite";"Crescente";"Céu Claro";"Simples";"Não Informado";"Sim";2;0;0;1;1;0;1;1;-24,04322;-52,40061;"SPRF-PR";"DEL09-PR";"UOP03-DEL09-PR"
496689;2023-01-01;"domingo";"20:10:00";"BA";324;626;"SALVADOR";"Reação tardia ou ineficiente do condutor";"Colisão com objeto";"Com Vítimas Feridas";"Plena Noite";"Crescente";"Nublado";"Dupla";"Interseção de vias";"Não";1;0;1;0;0;0;1;1;-12,95020997;-38,47073108;"SPRF-BA";"DEL01-BA";"UOP01-DEL01-BA"
496690;2023-01-01;"domingo";"20:20:00";"GO";60;255;"INDIARA";"Animais na Pista";"Atropelamento de Animal";"Com Vítimas Feridas";"Plena Noite";"Crescente";"Céu Claro";"Simples";"Reta";"Sim";2;0;2;0;0;0;2;1;-17,14364772;-50,00446022;"SPRF-GO";"DEL01-GO";"UOP02-DEL01-GO"
496691;2023-01-01;"domingo";"20:00:00";"GO";70;320;"JUSSARA";"Pista esburacada";"Tombamento";"Com Vítimas Feridas";"Plena Noite";"Decrescente";"Garoa/Chuvisco";"Simples";"Reta";"Sim";2;0;1;1;0;0;2;1;-15,877707;-50,885584;"SPRF-GO";"DEL04-GO";"UOP02-DEL04-GO"
496692;2023-01-01;"domingo";"19:30:00";"PR";376;467,7;"PONTA GROSSA";"Reação tardia ou ineficiente do condutor";"Colisão lateral mesmo sentido";"Com Vítimas Feridas";"Plena Noite";"Crescente";"Céu Claro";"Dupla";"Não Informado";"Não";6;0;1;0;5;0;1;2;-25,00618292;-50,35725117;"SPRF-PR";"DEL03-PR";"UOP01-DEL03-PR"
496693;2023-01-01;"domingo";"20:35:00";"MG";40;508,7;"RIBEIRAO DAS NEVES";"Trafegar com motocicleta (ou similar) entre as faixas";"Colisão lateral mesmo sentido";"Com Vítimas Feridas";"Plena Noite";"Crescente";"Garoa/Chuvisco";"Dupla";"Reta";"Sim";3;0;1;0;1;1;1;2;-19,76061249;-44,1347544;"SPRF-MG";"DEL01-MG";"UOP02-DEL01-MG"
496694;2023-01-01;"domingo";"20:40:00";"SC";101;413;"ARARANGUA";"Acesso irregular";"Colisão traseira";"Com Vítimas Feridas";"Plena Noite";"Crescente";"Céu Claro";"Simples";"Reta";"Sim";2;0;0;1;1;0;1;2;-28,94605997;-49,50428402;"SPRF-SC";"DEL02-SC";"UOP02-DEL02-SC"
496695;2023-01-01;"domingo";"20:15:00";"SC";101;135;"BALNEARIO CAMBORIU";"Reação tardia ou ineficiente do condutor";"Engavetamento";"Sem Vítimas";"Plena Noite";"Decrescente";"Céu Claro";"Múltipla";"Reta";"Sim";4;0;0;0;4;0;0;4;-27,0050108;-48,62677494;"SPRF-SC";"DEL04-SC";"UOP03-DEL04-SC"
496696;2023-01-01;"domingo";"20:50:00";"BA";415;52,2;"ITABUNA";"Ingestão de álcool pelo condutor";"Colisão lateral sentido oposto";"Sem Vítimas";"Plena Noite";"Crescente";"Nublado";"Simples";"Não Informado";"Sim";2;0;0;0;1;1;0;2;-14,84211694;-39,33215976;"SPRF-BA";"DEL05-BA";"UOP01-DEL05-BA"
496699;2023-01-01;"domingo";"19:25:00";"RJ";393;267;"BARRA DO PIRAI";"Chuva";"Colisão transversal";"Sem Vítimas";"Plena Noite";"Crescente";"Nublado";"Simples";"Curva";"Não";5;0;0;0;4;1;0;3;-22,48615925;-43,90037496;"SPRF-RJ";"DEL05-RJ";"UOP02-DEL05-RJ"
496700;2023-01-01;"domingo";"11:10:00";"MT";364;270;"JACIARA";"Acesso irregular";"Colisão transversal";"Com Vítimas Feridas";"Pleno dia";"Crescente";"Nublado";"Dupla";"Reta";"Não";4;0;2;0;1;1;2;2;-15,9689785;-54,94463002;"SPRF-MT";"DEL05-MT";"UOP02-DEL05-MT"
496701;2023-01-01;"domingo";"21:50:00";"SC";101;100,7;"BALNEARIO PICARRAS";"Ultrapassagem Indevida";"Colisão frontal";"Com Vítimas Feridas";"Plena Noite";"Crescente";"Céu Claro";"Simples";"Reta";"Sim";2;0;0;1;1;0;1;2;-26,75482787;-48,68993675;"SPRF-SC";"DEL03-SC";"UOP02-DEL03-SC"
496702;2023-01-01;"domingo";"21:00:00";"GO";60;79,4;"ANAPOLIS";"Condutor deixou de manter distância do veículo da frente";"Colisão traseira";"Com Vítimas Feridas";"Plena Noite";"Crescente";"Chuva";"Dupla";"Não Informado";"Sim";10;0;1;0;9;0;1;3;-16,301221;-48,81497;"SPRF-GO";"DEL02-GO";"UOP01-DEL02-GO"
496703;2023-01-01;"domingo";"20:34:00";"SP";116;114;"TAUBATE";"Ingestão de álcool pelo condutor";"Saída de leito carroçável";"Com Vítimas Feridas";"Plena Noite";"Decrescente";"Céu Claro";"Dupla";"Reta";"Não";1;0;1;0;0;0;1;1;-23,04654177;-45,59018006;"SPRF-SP";"DEL02-SP";"UOP02-DEL02-SP"