"id";"data_inversa";"dia_semana";"horario";"uf";"br";"km";"municipio";"causa_acidente";"tipo_acidente";"classificacao_acidente";"fase_dia";"sentido_via";"condicao_metereologica";"tipo_pista";"tracado_via";"uso_solo";"pessoas";"mortos";"feridos_leves";"feridos_graves";"ilesos";"ignorados";"feridos";"veiculos";"latitude";"longitude";"regional";"delegacia";"uop"
497591;2023-01-06;"sexta-feira";"14:25:00";"SC";282;502,6;"XANXERE";"Desrespeitar a preferência no cruzamento";"Colisão transversal";"Com Vítimas Feridas";"Pleno dia";"Crescente";"Sol";"Simples";"Interseção de vias";"Sim";2;0;2;0;0;0;2;2;-26,885496;-52,393533;"SPRF-SC";"DEL07-SC";"UOP01-DEL07-SC"
497592;2023-01-06;"sexta-feira";"15:30:00";"BA";324;568;"SAO SEBASTIAO DO PASSE";"Condutor Dormindo";"Saída de leito carroçável";"Com Vítimas Feridas";"Pleno dia";"Decrescente";"Céu Claro";"Dupla";"Reta";"Não";2;0;2;0;0;0;2;1;-12,53527699;-38,59595575;"SPRF-BA";"DEL01-BA";"UOP01-DEL01-BA"
497595;2023-01-06;"sexta-feira";"14:45:00";"PB";101;78;"SANTA RITA";"Ausência de reação do condutor";"Colisão traseira";"Sem Vítimas";"Pleno dia";"Decrescente";"Céu Claro";"Dupla";"Reta";"Não";3;0;0;0;2;1;0;2;-7,1080829498;-34,9629388466;"SPRF-PB";"DEL01-PB";"UOP04-DEL01-PB"
497597;2023-01-06;"sexta-feira";"14:45:00";"PE";101;53;"PAULISTA";"Ausência de reação do condutor";"Colisão traseira";"Com Vítimas Feridas";"Pleno dia";"Decrescente";"Céu Claro";"Múltipla";"Reta";"Sim";2;0;0;1;1;0;1;2;-7,93124094;-34,90068606;"SPRF-PE";"DEL01-PE";"UOP02-DEL01-PE"
497598;2023-01-06;"sexta-feira";"13:10:00";"GO";364;182;"JATAI";"Chuva";"Saída de leito carroçável";"Com Vítimas Feridas";"Pleno dia";"Decrescente";"Chuva";"Simples";"Curva";"Não";4;0;2;0;2;0;2;1;-17,956751;-51,621475;"SPRF-GO";"DEL05-GO";"UOP01-DEL05-GO"
497600;2023-01-06;"sexta-feira";"15:20:00";"SC";101;142,1;"ITAPEMA";"Demais falhas mecânicas ou elétricas";"Tombamento";"Com Vítimas Feridas";"Pleno dia";"Decrescente";"Sol";"Dupla";"Curva";"Sim";1;0;1;0;0;0;1;1;-27,056089;-48,599449;"SPRF-SC";"DEL04-SC";"UOP03-DEL04-SC"
497601;2023-01-06;"sexta-feira";"12:10:00";"MA";10;295;"CIDELANDIA";"Acessar a via sem observar a presença dos outros veículos";"Colisão transversal";"Com Vítimas Feridas";"Pleno dia";"Decrescente";"Céu Claro";"Simples";"Não Informado";"Não";6;0;4;1;1;0;5;2;-5,157523;-47,53841;"SPRF-MA";"DEL04-MA";"UOP01-DEL04-MA"
497602;2023-01-06;"sexta-feira";"14:10:00";"RO";364;383,9;"OURO PRETO DO OESTE";"Acessar a via sem observar a presença dos outros veículos";"Colisão transversal";"Com Vítimas Feridas";"Pleno dia";"Decrescente";"Céu Claro";"Simples";"Não Informado";"Sim";2;0;0;1;1;0;1;2;-10,7162312;-62,24997282;"SPRF-RO";"DEL02-RO";"UOP01-DEL02-RO"
497604;2023-01-06;"sexta-feira";"14:45:00";"PB";230;2;"CABEDELO";"Ingestão de álcool pelo condutor";"Colisão transversal";"Sem Vítimas";"Pleno dia";"Decrescente";"Céu Claro";"Simples";"Não Informado";"Sim";2;0;0;0;2;0;0;2;-6,9837;-34,8295;"SPRF-PB";"DEL01-PB";"UOP01-DEL01-PB"
497605;2023-01-06;"sexta-feira";"15:50:00";"MG";381;613;"OLIVEIRA";"Chuva";"Saída de leito carroçável";"Com Vítimas Feridas";"Pleno dia";"Crescente";"Chuva";"Dupla";"Não Informado";"Não";1;0;1;0;0;0;1;1;-20,7275927;-44,77176647;"SPRF-MG";"DEL04-MG";"UOP01-DEL04-MG"
497606;2023-01-06;"sexta-feira";"16:45:00";"SC";101;206;"SAO JOSE";"Trafegar com motocicleta (ou similar) entre as faixas";"Colisão traseira";"Com Vítimas Feridas";"Pleno dia";"Crescente";"Nublado";"Múltipla";"Não Informado";"Sim";2;0;1;0;1;0;1;2;-27,59193546;-48,61824557;"SPRF-SC";"DEL01-SC";"UOP01-DEL01-SC"
497607;2023-01-06;"sexta-feira";"13:50:00";"MT";163;62,5;"RONDONOPOLIS";"Chuva";"Saída de leito carroçável";"Com Vítimas Fatais";"Pleno dia";"Crescente";"Chuva";"Dupla";"Reta";"Não";6;6;0;0;0;0;0;2;-16,97903791;-54,74750626;"SPRF-MT";"DEL02-MT";"UOP03-DEL02-MT"
497608;2023-01-06;"sexta-feira";"16:40:00";"BA";324;613;"SALVADOR";"Condutor deixou de manter distância do veículo da frente";"Colisão traseira";"Sem Vítimas";"Pleno dia";"Decrescente";"Chuva";"Dupla";"Reta";"Sim";2;0;0;0;2;0;0;2;-12,85531601;-38,42055197;"SPRF-BA";"DEL01-BA";"UOP01-DEL01-BA"
497612;2023-01-06;"sexta-feira";"16:30:00";"MG";251;383,3;"GRAO MOGOL";"Condutor deixou de manter distância do veículo da frente";"Colisão traseira";"Com Vítimas Feridas";"Pleno dia";"Crescente";"Nublado";"Simples";"Reta";"Não";3;0;0;1;2;0;1;2;-16,28585563;-42,80024583;"SPRF-MG";"DEL12-MG";"UOP01-DEL12-MG"
497613;2023-01-06;"sexta-feira";"16:30:00";"RN";405;1;"MOSSORO";"Ausência de reação do condutor";"Colisão traseira";"Com Vítimas Feridas";"Pleno dia";"Decrescente";"Céu Claro";"Múltipla";"Reta";"Sim";2;0;1;0;1;0;1;2;-5,19170196;-37,361471;"SPRF-RN";"DEL04-RN";"UOP02-DEL04-RN"
497614;2023-01-06;"sexta-feira";"11:10:00";"MG";365;464;"PATROCINIO";"Condutor deixou de manter distância do veículo da frente";"Colisão traseira";"Com Vítimas Feridas";"Pleno dia";"Crescente";"Chuva";"Simples";"Não Informado";"Não";4;0;2;0;2;0;2;2;-18,89425188;-46,94298207;"SPRF-MG";"DEL10-MG";"UOP01-DEL10-MG"
497616;2023-01-06;"sexta-feira";"17:20:00";"RN";406;168;"SAO GONCALO DO AMARANTE";"Ausência de reação do condutor";"Colisão lateral mesmo sentido";"Com Vítimas Feridas";"Plena Noite";"Decrescente";"Céu Claro";"Simples";"Reta";"Sim";2;0;1;0;1;0;1;1;-5,75269453;-35,31535484;"SPRF-RN";"DEL02-RN";"UOP01-DEL02-RN"
497617;2023-01-06;"sexta-feira";"17:40:00";"ES";101;66;"SAO MATEUS";"Animais na Pista";"Atropelamento de Animal";"Com Vítimas Feridas";"Pleno dia";"Crescente";"Nublado";"Múltipla";"Reta";"Sim";1;0;1;0;0;0;1;1;-18,7165195;-39,87436378;"SPRF-ES";"DEL04-ES";"UOP02-DEL04-ES"
497618;2023-01-06;"sexta-feira";"16:50:00";"PR";476;139;"CURITIBA";"Ausência de reação do condutor";"Colisão traseira";"Com Vítimas Feridas";"Pleno dia";"Crescente";"Céu Claro";"Múltipla";"Reta";"Sim";5;0;1;0;4;0;1;2;-25,51284;-49,289257;"SPRF-PR";"DEL01-PR";"UOP03-DEL01-PR"
497620;2023-01-06;"sexta-feira";"17:50:00";"GO";40;1;"VALPARAISO DE GOIAS";"Manobra de mudança de faixa";"Colisão traseira";"Sem Vítimas";"Pleno dia";"Crescente";"Nublado";"Dupla";"Reta";"Sim";3;0;0;0;2;1;0;3;-16,058245;-47,982825;"SPRF-DF";"DEL01-DF";"UOP01-DEL01-DF"
497624;2023-01-06;"sexta-feira";"18:20:00";"TO";153;494;"PARAISO DO TOCANTINS";"Acessar a via sem observar a presença dos outros veículos";"Colisão frontal";"Com Vítimas Feridas";"Pleno dia";"Crescente";"Céu Claro";"Simples";"Interseção de vias";"Sim";2;0;1;0;1;0;1;2;-10,15679116;-48,88263755;"SPRF-TO";"DEL01-TO";"UOP01-DEL01-TO"
497626;2023-01-06;"sexta-feira";"17:50:00";"MG";40;525;"CONTAGEM";"Pedestre cruzava a pista fora da faixa";"Atropelamento de Pedestre";"Com Vítimas Feridas";"Anoitecer";"Decrescente";"Chuva";"Dupla";"Reta";"Não";2;0;1;0;1;0;1;1;-19,88361702;-44,05039336;"SPRF-MG";"DEL01-MG";"UOP02-DEL01-MG"
497627;2023-01-06;"sexta-feira";"18:50:00";"GO";70;7;"AGUAS LINDAS DE GOIAS";"Reação tardia ou ineficiente do condutor";"Colisão traseira";"Com Vítimas Feridas";"Anoitecer";"Crescente";"Céu Claro";"Dupla";"Reta";"Sim";2;0;1;0;1;0;1;2;-15,738783;-48,272679;"SPRF-DF";"DEL01-DF";"UOP03-DEL01-DF"
497628;2023-01-06;"sexta-feira";"17:20:00";"MG";40;567;"NOVA LIMA";"Transitar na contramão";"Colisão frontal";"Com Vítimas Fatais";"Pleno dia";"Crescente";"Garoa/Chuvisco";"Simples";"Reta";"Não";2;1;1;0;0;0;1;2;-20,18749199;-43,96845002;"SPRF-MG";"DEL01-MG";"UOP02-DEL01-MG"
497629;2023-01-06;"sexta-feira";"18:15:00";"MG";50;68;"UBERLANDIA";"Pista esburacada";"Colisão lateral mesmo sentido";"Com Vítimas Feridas";"Pleno dia";"Crescente";"Céu Claro";"Dupla";"Não Informado";"Sim";2;0;1;0;1;0;1;2;-18,88555889;-48,26438785;"SPRF-MG";"DEL15-MG";"UOP02-DEL15-MG"
497631;2023-01-06;"sexta-feira";"16:50:00";"RJ";101;18;"CAMPOS DOS GOYTACAZES";"Acumulo de água sobre o pavimento";"Saída de leito carroçável";"Com Vítimas Feridas";"Pleno dia";"Decrescente";"Chuva";"Simples";"Curva";"Não";7;0;1;0;6;0;1;2;-21,36674798;-41,33782488;"SPRF-RJ";"DEL08-RJ";"UOP01-DEL08-RJ"
497632;2023-01-06;"sexta-feira";"18:40:00";"GO";153;506;"APARECIDA DE GOIANIA";"Condutor deixou de manter distância do veículo da frente";"Colisão traseira";"Com Vítimas Feridas";"Anoitecer";"Decrescente";"Céu Claro";"Múltipla";"Reta";"Sim";2;0;1;1;0;0;2;2;-16,7633;-49,24;"SPRF-GO";"DEL01-GO";"UOP01-DEL01-GO"
497635;2023-01-06;"sexta-feira";"18:30:00";"SC";101;318,1;"PESCARIA BRAVA";"Condutor deixou de manter distância do veículo da frente";"Engavetamento";"Com Vítimas Feridas";"Pleno dia";"Decrescente";"Céu Claro";"Múltipla";"Reta";"Sim";3;0;1;0;2;0;1;3;-28,4266481;-48,86160099;"SPRF-SC";"DEL02-SC";"UOP01-DEL02-SC"
497636;2023-01-06;"sexta-feira";"18:00:00";"PE";232;43;"VITORIA DE SANTO ANTAO";"Acessar a via sem observar a presença dos outros veículos";"Colisão transversal";"Com Vítimas Feridas";"Plena Noite";"Decrescente";"Céu Claro";"Dupla";"Retorno Regulamentado";"Não";2;0;1;0;1;0;1;2;-8,117716;-35,259663;"SPRF-PE";"DEL01-PE";"UOP01-DEL01-PE"
497639;2023-01-06;"sexta-feira";"15:05:00";"MG";40;285,2;"TRES MARIAS";"Reação tardia ou ineficiente do condutor";"Saída de leito carroçável";"Com Vítimas Feridas";"Pleno dia";"Decrescente";"Chuva";"Simples";"Não Informado";"Não";4;0;3;0;0;1;3;1;-18,24832478;-45,16812086;"SPRF-MG";"DEL14-MG";"UOP02-DEL14-MG"
497640;2023-01-06;"sexta-feira";"19:15:00";"RS";158;333;"SANTA MARIA";"Reação tardia ou ineficiente do condutor";"Colisão traseira";"Com Vítimas Feridas";"Anoitecer";"Crescente";"Sol";"Dupla";"Reta";"Sim";2;0;1;0;1;0;1;2;-29,70410139;-53,84453058;"SPRF-RS";"DEL09-RS";"UOP01-DEL09-RS"
497641;2023-01-06;"sexta-feira";"19:00:00";"PR";116;45;"CAMPINA GRANDE DO SUL";"Reação tardia ou ineficiente do condutor";"Saída de leito carroçável";"Com Vítimas Feridas";"Plena Noite";"Crescente";"Chuva";"Dupla";"Curva";"Não";2;0;2;0;0;0;2;1;-25,19502698;-48,89003802;"SPRF-PR";"DEL01-PR";"UOP02-DEL01-PR"
497642;2023-01-06;"sexta-feira";"19:30:00";"GO";40;1;"VALPARAISO DE GOIAS";"Manobra de mudança de faixa";"Colisão lateral mesmo sentido";"Com Vítimas Feridas";"Plena Noite";"Crescente";"Nublado";"Dupla";"Reta";"Sim";2;0;1;0;1;0;1;2;-16,058245;-47,982825;"SPRF-DF";"DEL01-DF";"UOP01-DEL01-DF"
497643;2023-01-06;"sexta-feira";"18:05:00";"SC";101;334,6;"TUBARAO";"Condutor deixou de manter distância do veículo da frente";"Colisão traseira";"Com Vítimas Feridas";"Pleno dia";"Crescente";"Céu Claro";"Dupla";"Reta";"Sim";2;0;1;0;1;0;1;2;-28,47261472;-49,02339935;"SPRF-SC";"DEL02-SC";"UOP01-DEL02-SC"
497644;2023-01-06;"sexta-feira";"19:16:00";"PE";101;51,2;"ABREU E LIMA";"Demais falhas na via";"Tombamento";"Com Vítimas Feridas";"Plena Noite";"Crescente";"Céu Claro";"Simples";"Reta";"Sim";1;0;0;1;0;0;1;1;-7,9169968;-34,89689272;"SPRF-PE";"DEL01-PE";"UOP02-DEL01-PE"
497647;2023-01-06;"sexta-feira";"20:15:00";"SC";101;207;"SAO JOSE";"Ausência de reação do condutor";"Colisão traseira";"Com Vítimas Feridas";"Plena Noite";"Crescente";"Nublado";"Simples";"Reta";"Não";2;0;0;1;1;0;1;2;-27,60001226;-48,6226467;"SPRF-SC";"DEL01-SC";"UOP01-DEL01-SC"
497648;2023-01-06;"sexta-feira";"16:45:00";"SC";470;120;"IBIRAMA";"Acessar a via sem observar a presença dos outros veículos";"Colisão lateral sentido oposto";"Com Vítimas Feridas";"Pleno dia";"Crescente";"Céu Claro";"Simples";"Reta";"Não";2;0;1;0;1;0;1;2;-27,089924;-49,520416;"SPRF-SC";"DEL04-SC";"UOP02-DEL04-SC"
497649;2023-01-06;"sexta-feira";"19:35:00";"SE";235;3,8;"NOSSA SENHORA DO SOCORRO";"Transitar na contramão";"Colisão frontal";"Com Vítimas Feridas";"Plena Noite";"Crescente";"Céu Claro";"Dupla";"Reta";"Sim";2;0;0;2;0;0;2;2;-10,9059;-37,111;"SPRF-SE";"DEL01-SE";"UOP01-DEL01-SE"
497650;2023-01-06;"sexta-feira";"20:40:00";"SC";101;150,6;"ITAPEMA";"Reação tardia ou ineficiente do condutor";"Tombamento";"Com Vítimas Fatais";"Plena Noite";"Decrescente";"Nublado";"Múltipla";"Reta";"Sim";2;1;0;0;1;0;0;2;-27,12318;-48,609335;"SPRF-SC";"DEL04-SC";"UOP03-DEL04-SC"
497651;2023-01-06;"sexta-feira";"16:00:00";"PE";408;85,1;"PAUDALHO";"Condutor Dormindo";"Saída de leito carroçável";"Sem Vítimas";"Pleno dia";"Decrescente";"Céu Claro";"Dupla";"Reta";"Não";1;0;0;0;1;0;0;1;-7,95430093;-35,10252793;"SPRF-PE";"DEL01-PE";"UOP01-DEL01-PE"
497652;2023-01-06;"sexta-feira";"20:10:00";"MG";50;177;"UBERABA";"Pista esburacada";"Tombamento";"Com Vítimas Feridas";"Plena Noite";"Decrescente";"Chuva";"Dupla";"Reta";"Sim";2;0;1;0;1;0;1;1;-19,77914852;-47,95047701;"SPRF-MG";"DEL13-MG";"UOP01-DEL13-MG"
497654;2023-01-06;"sexta-feira";"19:20:00";"RR";174;510,6;"BOA VISTA";"Ingestão de álcool ou de substâncias psicoativas pelo pedestre";"Atropelamento de Pedestre";"Sem Vítimas";"Plena Noite";"Decrescente";"Céu Claro";"Simples";"Não Informado";"Sim";2;0;0;0;0;2;0;1;2,850846;-60,703896;"SPRF-RR";"N/A";"UOP01-DEL01-RR"
497655;2023-01-06;"sexta-feira";"18:10:00";"GO";364;196,8;"JATAI";"Acessar a via sem observar a presença dos outros veículos";"Colisão lateral mesmo sentido";"Com Vítimas Feridas";"Anoitecer";"Crescente";"Nublado";"Dupla";"Reta";"Sim";2;0;1;0;1;0;1;2;-17,917234;-51,720665;"SPRF-GO";"DEL05-GO";"UOP01-DEL05-GO"
497656;2023-01-06;"sexta-feira";"17:30:00";"SC";470;118;"IBIRAMA";"Conversão proibida";"Colisão lateral mesmo sentido";"Sem Vítimas";"Pleno dia";"Decrescente";"Céu Claro";"Simples";"Reta";"Não";2;0;0;0;2;0;0;2;-27,09321081;-49,52422142;"SPRF-SC";"DEL04-SC";"UOP02-DEL04-SC"
497657;2023-01-06;"sexta-feira";"18:51:00";"CE";222;40;"CAUCAIA";"Reação tardia ou ineficiente do condutor";"Colisão transversal";"Com Vítimas Feridas";"Plena Noite";"Crescente";"Céu Claro";"Simples";"Reta";"Sim";3;0;1;0;2;0;1;2;-3,68690023;-38,90730706;"SPRF-CE";"DEL01-CE";"UOP03-DEL01-CE"
497659;2023-01-06;"sexta-feira";"21:50:00";"BA";418;94,6;"NOVA VICOSA";"Animais na Pista";"Atropelamento de Animal";"Com Vítimas Feridas";"Plena Noite";"Crescente";"Céu Claro";"Simples";"Reta";"Não";1;0;0;1;0;0;1;1;-17,88422;-39,870975;"SPRF-BA";"DEL09-BA";"UOP02-DEL09-BA"
497660;2023-01-06;"sexta-feira";"21:40:00";"RJ";40;120;"DUQUE DE CAXIAS";"Demais falhas mecânicas ou elétricas";"Queda de ocupante de veículo";"Com Vítimas Feridas";"Plena Noite";"Crescente";"Chuva";"Múltipla";"Reta";"Sim";2;0;1;0;1;0;1;1;-22,77280597;-43,28626763;"SPRF-RJ";"DEL01-RJ";"UOP01-DEL01-RJ"
497663;2023-01-06;"sexta-feira";"22:20:00";"SP";116;214;"GUARULHOS";"Deficiência do Sistema de Iluminação/Sinalização";"Colisão com objeto";"Com Vítimas Feridas";"Plena Noite";"Crescente";"Garoa/Chuvisco";"Múltipla";"Não Informado";"Sim";1;0;0;1;0;0;1;1;-23,44333014;-46,44531294;"SPRF-SP";"DEL01-SP";"UOP01-DEL01-SP"
497664;2023-01-06;"sexta-feira";"20:25:00";"DF";20;25;"BRASILIA";"Pedestre cruzava a pista fora da faixa";"Atropelamento de Pedestre";"Com Vítimas Fatais";"Plena Noite";"Crescente";"Céu Claro";"Dupla";"Reta";"Não";2;1;0;0;1;0;0;1;-15,595603;-47,649715;"SPRF-DF";"DEL02-DF";"UOP01-DEL02-DF"
497666;2023-01-06;"sexta-feira";"20:40:00";"PE";232;208,6;"PESQUEIRA";"Conversão proibida";"Colisão lateral sentido oposto";"Com Vítimas Feridas";"Plena Noite";"Crescente";"Nublado";"Simples";"Interseção de vias";"Não";2;0;0;1;1;0;1;2;-8,36794109;-36,67972403;"SPRF-PE";"DEL03-PE";"UOP02-DEL03-PE"
497668;2023-01-06;"sexta-feira";"20:35:00";"PE";232;251;"ARCOVERDE";"Animais na Pista";"Atropelamento de Animal";"Com Vítimas Feridas";"Plena Noite";"Crescente";"Céu Claro";"Simples";"Reta";"Sim";2;0;1;0;1;0;1;1;-8,429241;-37,060127;"SPRF-PE";"DEL04-PE";"UOP02-DEL04-PE"
497669;2023-01-06;"sexta-feira";"17:00:00";"MG";116;167,2;"PADRE PARAISO";"Reação tardia ou ineficiente do condutor";"Saída de leito carroçável";"Com Vítimas Feridas";"Anoitecer";"Crescente";"Céu Claro";"Simples";"Reta";"Não";1;0;0;1;0;0;1;1;-16,99295295;-41,44722337;"SPRF-MG";"DEL11-MG";"UOP02-DEL11-MG"
497670;2023-01-06;"sexta-feira";"13:40:00";"AC";364;127;"RIO BRANCO";"Conversão proibida";"Colisão lateral mesmo sentido";"Com Vítimas Feridas";"Pleno dia";"Crescente";"Céu Claro";"Simples";"Reta";"Sim";2;0;1;0;1;0;1;2;-10,01980906;-67,81433091;"SPRF-AC";"N/A";"UOP01-DEL01-AC"
497671;2023-01-06;"sexta-feira";"21:40:00";"RJ";101;509;"ANGRA DOS REIS";"Manobra de mudança de faixa";"Colisão frontal";"Com Vítimas Feridas";"Plena Noite";"Decrescente";"Garoa/Chuvisco";"Simples";"Curva";"Não";2;0;1;0;1;0;1;2;-22,944515;-44,431107;"SPRF-RJ";"DEL03-RJ";"UOP02-DEL03-RJ"
497672;2023-01-06;"sexta-feira";"18:40:00";"GO";364;32;"PARANAIGUARA";"Condutor deixou de manter distância do veículo da frente";"Colisão traseira";"Sem Vítimas";"Anoitecer";"Crescente";"Garoa/Chuvisco";"Simples";"Reta";"Não";4;0;0;0;4;0;0;2;-18,885834;-50,748016;"SPRF-GO";"DEL05-GO";"UOP02-DEL05-GO"
497674;2023-01-06;"sexta-feira";"19:50:00";"RO";435;88;"COLORADO DO OESTE";"Manobra de mudança de faixa";"Colisão transversal";"Com Vítimas Feridas";"Plena Noite";"Decrescente";"Céu Claro";"Simples";"Reta";"Sim";2;0;0;1;1;0;1;2;-13,13258044;-60,54497553;"SPRF-RO";"DEL04-RO";"UOP02-DEL04-RO"
497675;2023-01-06;"sexta-feira";"21:40:00";"PE";101;78,3;"RECIFE";"Entrada inopinada do pedestre";"Atropelamento de Pedestre";"Com Vítimas Feridas";"Plena Noite";"Crescente";"Céu Claro";"Dupla";"Reta";"Sim";2;0;0;2;0;0;2;1;-8,13496499;-34,94738614;"SPRF-PE";"DEL01-PE";"UOP01-DEL01-PE"
497677;2023-01-06;"sexta-feira";"23:10:00";"GO";153;676;"PANAMA";"Reação tardia ou ineficiente do condutor";"Saída de leito carroçável";"Sem Vítimas";"Plena Noite";"Crescente";"Nublado";"Dupla";"Não Informado";"Não";1;0;0;0;0;1;0;1;-18,1933;-49,2847;"SPRF-GO";"DEL03-GO";"UOP02-DEL03-GO"
497678;2023-01-06;"sexta-feira";"22:00:00";"RJ";40;124;"DUQUE DE CAXIAS";"Ausência de reação do condutor";"Colisão com objeto";"Com Vítimas Feridas";"Plena Noite";"Decrescente";"Chuva";"Dupla";"Reta";"Sim";2;0;1;0;0;1;1;1;-22,807953;-43,289124;"SPRF-RJ";"DEL01-RJ";"UOP01-DEL01-RJ"
497680;2023-01-06;"sexta-feira";"22:00:00";"RO";364;711;"PORTO VELHO";"Ausência de reação do condutor";"Saída de leito carroçável";"Sem Vítimas";"Plena Noite";"Decrescente";"Garoa/Chuvisco";"Simples";"Reta";"Sim";2;0;0;0;1;1;0;1;-8,78153947;-63,86531369;"SPRF-RO";"DEL01-RO";"UOP01-DEL01-RO"
497682;2023-01-07;"sábado";"00:30:00";"TO";153;145;"ARAGUAINA";"Acessar a via sem observar a presença dos outros veículos";"Colisão transversal";"Com Vítimas Feridas";"Plena Noite";"Crescente";"Nublado";"Múltipla";"Não Informado";"Sim";4;0;1;0;3;0;1;2;-7,20503614;-48,24035166;"SPRF-TO";"DEL02-TO";"UOP01-DEL02-TO"
497683;2023-01-07;"sábado";"01:00:00";"SP";101;47,4;"UBATUBA";"Velocidade Incompatível";"Colisão frontal";"Com Vítimas Feridas";"Plena Noite";"Decrescente";"Chuva";"Simples";"Não Informado";"Sim";4;0;2;0;2;0;2;3;-23,429897;-45,082436;"SPRF-SP";"DEL06-SP";"UOP01-DEL06-SP"
497684;2023-01-06;"sexta-feira";"23:10:00";"RS";116;22,7;"VACARIA";"Ultrapassagem Indevida";"Colisão lateral sentido oposto";"Com Vítimas Feridas";"Plena Noite";"Decrescente";"Céu Claro";"Simples";"Reta";"Não";6;0;4;0;2;0;4;2;-28,3821008;-50,84227235;"SPRF-RS";"DEL05-RS";"UOP03-DEL05-RS"
497686;2023-01-07;"sábado";"02:24:00";"TO";153;234;"COLINAS DO TOCANTINS";"Manobra de mudança de faixa";"Capotamento";"Com Vítimas Feridas";"Plena Noite";"Crescente";"Garoa/Chuvisco";"Simples";"Reta";"Não";5;0;3;0;2;0;3;1;-7,81874399;-48,45272586;"SPRF-TO";"DEL02-TO";"UOP01-DEL02-TO"
497689;2023-01-07;"sábado";"01:15:00";"MG";40;790,7;"JUIZ DE FORA";"Reação tardia ou ineficiente do condutor";"Colisão traseira";"Com Vítimas Feridas";"Plena Noite";"Decrescente";"Chuva";"Dupla";"Reta";"Não";2;0;1;0;1;0;1;2;-21,77130707;-43,43618608;"SPRF-MG";"DEL05-MG";"UOP01-DEL05-MG"
497690;2023-01-06;"sexta-feira";"16:30:00";"BA";415;24;"ILHEUS";"Ultrapassagem Indevida";"Colisão frontal";"Com Vítimas Feridas";"Pleno dia";"Crescente";"Céu Claro";"Simples";"Reta";"Sim";5;0;2;0;2;1;2;2;-14,79934842;-39,17238057;"SPRF-BA";"DEL05-BA";"UOP01-DEL05-BA"
497692;2023-01-07;"sábado";"02:00:00";"PE";424;90,3;"GARANHUNS";"Ingestão de álcool pelo condutor";"Saída de leito carroçável";"Sem Vítimas";"Anoitecer";"Crescente";"Nevoeiro/Neblina";"Simples";"Não Informado";"Não";1;0;0;0;0;1;0;1;-8,898688;-36,502983;"SPRF-PE";"DEL03-PE";"UOP01-DEL03-PE"
497693;2023-01-07;"sábado";"02:52:00";"ES";101;293;"CARIACICA";"Sinalização mal posicionada";"Colisão com objeto";"Com Vítimas Feridas";"Plena Noite";"Decrescente";"Garoa/Chuvisco";"Dupla";"Não Informado";"Sim";3;0;1;2;0;0;3;1;-20,31526144;-40,39567044;"SPRF-ES";"DEL01-ES";"UOP01-DEL01-ES"
497694;2023-01-07;"sábado";"03:50:00";"RN";226;68;"SERRA CAIADA";"Transitar na contramão";"Colisão frontal";"Com Vítimas Feridas";"Plena Noite";"Crescente";"Céu Claro";"Simples";"Não Informado";"Não";4;0;1;2;0;1;3;3;-6,10373269;-35,70531524;"SPRF-RN";"DEL01-RN";"UOP02-DEL01-RN"
497696;2023-01-07;"sábado";"02:51:00";"GO";60;32;"ALEXANIA";"Desrespeitar a preferência no cruzamento";"Colisão transversal";"Com Vítimas Feridas";"Plena Noite";"Decrescente";"Céu Claro";"Dupla";"Reta";"Sim";2;0;1;0;1;0;1;2;-16,0963;-48,5202;"SPRF-DF";"DEL01-DF";"UOP02-DEL01-DF"
497698;2023-01-07;"sábado";"04:30:00";"SP";116;144;"SAO JOSE DOS CAMPOS";"Reação tardia ou ineficiente do condutor";"Capotamento";"Sem Vítimas";"Plena Noite";"Decrescente";"Céu Claro";"Dupla";"Desvio Temporário";"Não";1;0;0;0;1;0;0;1;-23,18274416;-45,84633592;"SPRF-SP";"DEL02-SP";"UOP01-DEL02-SP"
497699;2023-01-07;"sábado";"04:05:00";"PR";376;17;"MARINGA";"Ausência de reação do condutor";"Saída de leito carroçável";"Com Vítimas Fatais";"Amanhecer";"Decrescente";"Céu Claro";"Dupla";"Curva";"Sim";2;1;0;0;1;0;0;2;-23,431925;-51,887189;"SPRF-PR";"DEL09-PR";"UOP01-DEL09-PR"
497700;2023-01-07;"sábado";"04:15:00";"AL";316;231,6;"ATALAIA";"Deficiência do Sistema de Iluminação/Sinalização";"Colisão traseira";"Com Vítimas Feridas";"Plena Noite";"Crescente";"Céu Claro";"Simples";"Reta";"Não";4;0;2;2;0;0;4;2;-9,49408508;-36,109717;"SPRF-AL";"DEL01-AL";"UOP01-DEL01-AL"
497702;2023-01-07;"sábado";"03:20:00";"SC";470;175;"POUSO REDONDO";"Velocidade Incompatível";"Colisão frontal";"Com Vítimas Feridas";"Plena Noite";"Crescente";"Nublado";"Simples";"Não Informado";"Sim";3;0;1;1;1;0;2;2;-27,25617;-49,938969;"SPRF-SC";"DEL04-SC";"UOP02-DEL04-SC"
497703;2023-01-07;"sábado";"05:40:00";"RS";116;2;"PORTO ALEGRE";"Ingestão de álcool pelo condutor";"Colisão com objeto";"Sem Vítimas";"Amanhecer";"Crescente";"Céu Claro";"Dupla";"Reta";"Não";1;0;0;0;1;0;0;1;-29,98407502;-51,18105533;"SPRF-RS";"DEL01-RS";"UOP01-DEL01-RS"