"id";"data_inversa";"dia_semana";"horario";"uf";"br";"km";"municipio";"causa_acidente";"tipo_acidente";"classificacao_acidente";"fase_dia";"sentido_via";"condicao_metereologica";"tipo_pista";"tracado_via";"uso_solo";"pessoas";"mortos";"feridos_leves";"feridos_graves";"ilesos";"ignorados";"feridos";"veiculos";"latitude";"longitude";"regional";"delegacia";"uop"
497704;2023-01-07;"sábado";"04:40:00";"MG";262;422,5;"PARA DE MINAS";"Chuva";"Saída de leito carroçável";"Com Vítimas Feridas";"Pleno dia";"Crescente";"Chuva";"Dupla";"Retorno Regulamentado";"Sim";3;0;2;1;0;0;3;1;-19,88831848;-44,79548464;"SPRF-MG";"DEL08-MG";"UOP03-DEL08-MG"
497705;2023-01-07;"sábado";"04:40:00";"MS";163;264,7;"DOURADOS";"Condutor Dormindo";"Saída de leito carroçável";"Com Vítimas Feridas";"Amanhecer";"Decrescente";"Céu Claro";"Dupla";"Curva";"Sim";1;0;1;0;0;0;1;1;-22,22742781;-54,7393301;"SPRF-MS";"DEL04-MS";"UOP01-DEL04-MS"
497706;2023-01-07;"sábado";"04:23:00";"GO";70;53,8;"COCALZINHO DE GOIAS";"Neblina";"Colisão traseira";"Com Vítimas Feridas";"Amanhecer";"Crescente";"Nevoeiro/Neblina";"Simples";"Reta";"Não";2;0;1;0;1;0;1;2;-15,75067958;-48,64470457;"SPRF-DF";"DEL01-DF";"UOP03-DEL01-DF"
497707;2023-01-07;"sábado";"05:20:00";"SC";101;332,8;"TUBARAO";"Ausência de reação do condutor";"Tombamento";"Com Vítimas Feridas";"Amanhecer";"Crescente";"Céu Claro";"Simples";"Desvio Temporário";"Sim";2;0;0;2;0;0;2;1;-28,46016431;-48,98968873;"SPRF-SC";"DEL02-SC";"UOP01-DEL02-SC"
497708;2023-01-06;"sexta-feira";"23:10:00";"MG";116;648;"FERVEDOURO";"Manobra de mudança de faixa";"Colisão transversal";"Com Vítimas Feridas";"Plena Noite";"Crescente";"Chuva";"Simples";"Reta";"Não";2;0;0;1;1;0;1;2;-20,70304399;-42,27800019;"SPRF-MG";"DEL07-MG";"UOP03-DEL07-MG"
497709;2023-01-07;"sábado";"01:15:00";"MS";158;68;"PARANAIBA";"Ultrapassagem Indevida";"Tombamento";"Com Vítimas Feridas";"Plena Noite";"Crescente";"Chuva";"Simples";"Não Informado";"Não";2;0;1;0;1;0;1;1;-19,47795147;-51,30858284;"SPRF-MS";"DEL08-MS";"UOP01-DEL08-MS"
497710;2023-01-07;"sábado";"05:50:00";"SE";101;90,3;"NOSSA SENHORA DO SOCORRO";"Acesso irregular";"Colisão transversal";"Com Vítimas Feridas";"Pleno dia";"Crescente";"Céu Claro";"Dupla";"Não Informado";"Sim";3;0;1;1;0;1;2;2;-10,88958218;-37,13256719;"SPRF-SE";"DEL01-SE";"UOP01-DEL01-SE"
497711;2023-01-07;"sábado";"06:40:00";"ES";101;257;"SERRA";"Avarias e/ou desgaste excessivo no pneu";"Colisão com objeto";"Sem Vítimas";"Pleno dia";"Decrescente";"Chuva";"Dupla";"Desvio Temporário";"Sim";1;0;0;0;0;1;0;1;-20,12455095;-40,30331881;"SPRF-ES";"DEL02-ES";"UOP01-DEL02-ES"
497714;2023-01-07;"sábado";"03:00:00";"RN";304;45,1;"MOSSORO";"Reação tardia ou ineficiente do condutor";"Saída de leito carroçável";"Sem Vítimas";"Plena Noite";"Crescente";"Céu Claro";"Dupla";"Não Informado";"Sim";1;0;0;0;0;1;0;1;-5,225125;-37,34783;"SPRF-RN";"DEL04-RN";"UOP01-DEL04-RN"
497715;2023-01-06;"sexta-feira";"22:30:00";"PR";376;675;"GUARATUBA";"Frear bruscamente";"Saída de leito carroçável";"Com Vítimas Feridas";"Plena Noite";"Crescente";"Garoa/Chuvisco";"Dupla";"Curva";"Não";1;0;1;0;0;0;1;1;-25,91744399;-48,91940295;"SPRF-PR";"DEL01-PR";"UOP04-DEL01-PR"
497716;2023-01-07;"sábado";"06:50:00";"ES";101;67,5;"SAO MATEUS";"Desrespeitar a preferência no cruzamento";"Colisão transversal";"Com Vítimas Feridas";"Amanhecer";"Decrescente";"Nublado";"Dupla";"Interseção de vias";"Não";2;0;1;0;1;0;1;2;-18,72054021;-39,8658931;"SPRF-ES";"DEL04-ES";"UOP02-DEL04-ES"
497717;2023-01-07;"sábado";"07:00:00";"RS";116;267;"CANOAS";"Reação tardia ou ineficiente do condutor";"Colisão traseira";"Sem Vítimas";"Pleno dia";"Crescente";"Céu Claro";"Múltipla";"Reta";"Sim";2;0;0;0;2;0;0;2;-29,94142398;-51,17697062;"SPRF-RS";"DEL01-RS";"UOP01-DEL01-RS"
497718;2023-01-07;"sábado";"06:22:00";"DF";70;7,3;"BRASILIA";"Reação tardia ou ineficiente do condutor";"Saída de leito carroçável";"Com Vítimas Feridas";"Pleno dia";"Decrescente";"Céu Claro";"Dupla";"Reta";"Sim";2;0;1;0;1;0;1;1;-15,787601;-48,114429;"SPRF-DF";"DEL01-DF";"UOP03-DEL01-DF"
497719;2023-01-07;"sábado";"07:00:00";"SC";282;21;"PALHOCA";"Ingestão de álcool e/ou substâncias psicoativas pelo pedestre";"Colisão com objeto";"Sem Vítimas";"Pleno dia";"Crescente";"Nublado";"Simples";"Reta";"Não";1;0;0;0;0;1;0;1;-27,68907;-48,717541;"SPRF-SC";"DEL01-SC";"UOP02-DEL01-SC"
497720;2023-01-07;"sábado";"05:15:00";"SC";470;337;"CAMPOS NOVOS";"Velocidade Incompatível";"Saída de leito carroçável";"Com Vítimas Feridas";"Amanhecer";"Crescente";"Nublado";"Simples";"Reta";"Não";1;0;0;1;0;0;1;1;-27,513157;-51,348293;"SPRF-SC";"DEL07-SC";"UOP06-DEL07-SC"
497722;2023-01-07;"sábado";"06:30:00";"GO";153;641,8;"MORRINHOS";"Ingestão de álcool pelo condutor";"Saída de leito carroçável";"Sem Vítimas";"Amanhecer";"Crescente";"Chuva";"Dupla";"Reta";"Não";1;0;0;0;1;0;0;1;-17,8883;-49,2333;"SPRF-GO";"DEL03-GO";"UOP01-DEL03-GO"
497723;2023-01-07;"sábado";"07:45:00";"PR";376;161;"MARINGA";"Ausência de reação do condutor";"Saída de leito carroçável";"Com Vítimas Feridas";"Pleno dia";"Decrescente";"Céu Claro";"Dupla";"Reta";"Não";1;0;1;0;0;0;1;1;-23,37281665;-52,05547485;"SPRF-PR";"DEL09-PR";"UOP01-DEL09-PR"
497726;2023-01-07;"sábado";"06:15:00";"PR";163;123,7;"REALEZA";"Ingestão de álcool e/ou substâncias psicoativas pelo pedestre";"Saída de leito carroçável";"Sem Vítimas";"Pleno dia";"Crescente";"Céu Claro";"Simples";"Reta";"Não";1;0;0;0;1;0;0;1;-25,599421;-53,58672;"SPRF-PR";"DEL02-PR";"UOP02-DEL02-PR"
497728;2023-01-07;"sábado";"06:00:00";"PR";376;628;"SAO JOSE DOS PINHAIS";"Ausência de reação do condutor";"Saída de leito carroçável";"Com Vítimas Feridas";"Amanhecer";"Crescente";"Céu Claro";"Dupla";"Reta";"Não";1;0;1;0;0;0;1;1;-25,67832409;-49,14963231;"SPRF-PR";"DEL01-PR";"UOP04-DEL01-PR"
497729;2023-01-07;"sábado";"08:50:00";"SC";101;224,9;"PALHOCA";"Reação tardia ou ineficiente do condutor";"Colisão traseira";"Com Vítimas Feridas";"Pleno dia";"Crescente";"Garoa/Chuvisco";"Dupla";"Desvio Temporário";"Não";3;0;1;0;1;1;1;2;-27,72384789;-48,64386769;"SPRF-SC";"DEL01-SC";"UOP02-DEL01-SC"
497730;2023-01-07;"sábado";"08:50:00";"RS";290;13,1;"SANTO ANTONIO DA PATRULHA";"Velocidade Incompatível";"Saída de leito carroçável";"Com Vítimas Feridas";"Pleno dia";"Decrescente";"Céu Claro";"Dupla";"Reta";"Não";4;0;2;0;2;0;2;1;-29,874662;-50,397;"SPRF-RS";"DEL03-RS";"UOP01-DEL03-RS"
497731;2023-01-07;"sábado";"00:10:00";"MT";70;712,2;"CACERES";"Condutor Dormindo";"Saída de leito carroçável";"Sem Vítimas";"Plena Noite";"Crescente";"Ignorado";"Simples";"Curva";"Não";1;0;0;0;0;1;0;1;-16,19842022;-57,57899742;"SPRF-MT";"DEL03-MT";"UOP01-DEL03-MT"
497732;2023-01-07;"sábado";"08:50:00";"SC";101;225,3;"PALHOCA";"Condutor deixou de manter distância do veículo da frente";"Colisão traseira";"Com Vítimas Feridas";"Pleno dia";"Crescente";"Céu Claro";"Simples";"Reta";"Não";3;0;1;0;2;0;1;2;-27,73292191;-48,6409567;"SPRF-SC";"DEL01-SC";"UOP02-DEL01-SC"
497733;2023-01-07;"sábado";"07:20:00";"AL";101;191;"JUNQUEIRO";"Acessar a via sem observar a presença dos outros veículos";"Colisão transversal";"Sem Vítimas";"Pleno dia";"Decrescente";"Céu Claro";"Simples";"Reta";"Não";2;0;0;0;1;1;0;2;-9,92516432;-36,46999598;"SPRF-AL";"DEL02-AL";"UOP02-DEL02-AL"
497734;2023-01-07;"sábado";"09:05:00";"SP";116;138;"SAO JOSE DOS CAMPOS";"Ausência de reação do condutor";"Colisão traseira";"Com Vítimas Feridas";"Pleno dia";"Decrescente";"Garoa/Chuvisco";"Dupla";"Reta";"Não";2;0;1;0;1;0;1;2;-23,1572739;-45,79554605;"SPRF-SP";"DEL02-SP";"UOP01-DEL02-SP"
497737;2023-01-07;"sábado";"09:45:00";"RS";285;454;"IJUI";"Condutor deixou de manter distância do veículo da frente";"Colisão traseira";"Com Vítimas Feridas";"Pleno dia";"Crescente";"Sol";"Simples";"Reta";"Não";6;0;1;0;5;0;1;2;-28,377092;-53,87043;"SPRF-RS";"DEL10-RS";"UOP01-DEL10-RS"
497739;2023-01-07;"sábado";"08:20:00";"PR";376;462;"PONTA GROSSA";"Mal súbito do condutor";"Queda de ocupante de veículo";"Com Vítimas Feridas";"Pleno dia";"Decrescente";"Céu Claro";"Dupla";"Reta";"Não";2;0;0;1;0;1;1;1;-25,01599;-50,338458;"SPRF-PR";"DEL03-PR";"UOP01-DEL03-PR"
497740;2023-01-02;"segunda-feira";"23:20:00";"BA";116;777;"PLANALTO";"Acessar a via sem observar a presença dos outros veículos";"Colisão transversal";"Com Vítimas Feridas";"Plena Noite";"Decrescente";"Céu Claro";"Simples";"Reta";"Sim";5;0;1;0;4;0;1;2;-14,607391;-40,44086601;"SPRF-BA";"DEL08-BA";"UOP02-DEL08-BA"
497741;2023-01-07;"sábado";"08:00:00";"MG";116;305;"ITAMBACURI";"Ultrapassagem Indevida";"Saída de leito carroçável";"Com Vítimas Feridas";"Pleno dia";"Crescente";"Céu Claro";"Simples";"Curva";"Não";1;0;0;1;0;0;1;1;-18,03188584;-41,65290534;"SPRF-MG";"DEL11-MG";"UOP01-DEL11-MG"
497743;2023-01-07;"sábado";"08:00:00";"PB";230;135;"CAMPINA GRANDE";"Velocidade Incompatível";"Saída de leito carroçável";"Com Vítimas Feridas";"Pleno dia";"Decrescente";"Céu Claro";"Dupla";"Curva";"Não";1;0;0;1;0;0;1;1;-7,2789;-35,7591;"SPRF-PB";"DEL02-PB";"UOP01-DEL02-PB"
497745;2023-01-07;"sábado";"10:25:00";"MG";50;151,5;"UBERABA";"Reação tardia ou ineficiente do condutor";"Saída de leito carroçável";"Sem Vítimas";"Pleno dia";"Decrescente";"Chuva";"Dupla";"Não Informado";"Não";1;0;0;0;1;0;0;1;-19,57370204;-48,03246832;"SPRF-MG";"DEL13-MG";"UOP01-DEL13-MG"
497746;2023-01-07;"sábado";"10:30:00";"RS";101;67,1;"MAQUINE";"Ausência de reação do condutor";"Colisão com objeto";"Com Vítimas Feridas";"Pleno dia";"Decrescente";"Céu Claro";"Dupla";"Reta";"Não";2;0;1;0;1;0;1;1;-29,724619;-50,198845;"SPRF-RS";"DEL03-RS";"UOP02-DEL03-RS"
497749;2023-01-07;"sábado";"09:30:00";"PR";280;289,8;"FLOR DA SERRA DO SUL";"Acessar a via sem observar a presença dos outros veículos";"Colisão transversal";"Com Vítimas Feridas";"Pleno dia";"Decrescente";"Céu Claro";"Simples";"Interseção de vias";"Sim";4;0;1;1;2;0;2;2;-26,25828182;-53,30929041;"SPRF-PR";"DEL02-PR";"UOP01-DEL02-PR"
497750;2023-01-07;"sábado";"10:05:00";"PR";476;133;"CURITIBA";"Pedestre cruzava a pista fora da faixa";"Queda de ocupante de veículo";"Com Vítimas Feridas";"Pleno dia";"Crescente";"Nublado";"Múltipla";"Reta";"Sim";2;0;1;0;1;0;1;1;-25,469219;-49,254143;"SPRF-PR";"DEL01-PR";"UOP03-DEL01-PR"
497752;2023-01-07;"sábado";"09:00:00";"MA";222;337,8;"IGARAPE DO MEIO";"Conversão proibida";"Colisão transversal";"Com Vítimas Feridas";"Pleno dia";"Crescente";"Céu Claro";"Simples";"Reta";"Sim";8;0;6;0;2;0;6;3;-3,63983835;-45,18427681;"SPRF-MA";"DEL02-MA";"UOP01-DEL02-MA"
497753;2023-01-07;"sábado";"11:08:00";"SC";101;216,9;"PALHOCA";"Reação tardia ou ineficiente do condutor";"Engavetamento";"Com Vítimas Feridas";"Pleno dia";"Crescente";"Nublado";"Múltipla";"Reta";"Sim";7;0;2;0;5;0;2;5;-27,65981409;-48,67747798;"SPRF-SC";"DEL01-SC";"UOP02-DEL01-SC"
497755;2023-01-07;"sábado";"10:00:00";"PR";277;475;"NOVA LARANJEIRAS";"Ingestão de álcool pelo condutor";"Saída de leito carroçável";"Sem Vítimas";"Pleno dia";"Crescente";"Céu Claro";"Simples";"Curva";"Não";1;0;0;0;1;0;0;1;-25,29713569;-52,5715971;"SPRF-PR";"DEL04-PR";"UOP02-DEL04-PR"
497759;2023-01-06;"sexta-feira";"19:30:00";"MT";163;1034;"PEIXOTO DE AZEVEDO";"Ultrapassagem Indevida";"Colisão transversal";"Com Vítimas Feridas";"Plena Noite";"Crescente";"Ignorado";"Simples";"Reta";"Não";2;0;0;1;1;0;1;2;-10,32534197;-55,03743014;"SPRF-MT";"DEL06-MT";"UOP03-DEL06-MT"
497760;2023-01-07;"sábado";"12:03:00";"PB";230;19;"JOAO PESSOA";"Reação tardia ou ineficiente do condutor";"Atropelamento de Pedestre";"Com Vítimas Feridas";"Pleno dia";"Decrescente";"Céu Claro";"Dupla";"Reta";"Sim";2;0;1;0;1;0;1;1;-7,1281;-34,8466;"SPRF-PB";"DEL01-PB";"UOP01-DEL01-PB"
497761;2023-01-07;"sábado";"11:24:00";"RS";116;143;"CAXIAS DO SUL";"Demais falhas mecânicas ou elétricas";"Colisão traseira";"Sem Vítimas";"Pleno dia";"Decrescente";"Sol";"Dupla";"Não Informado";"Sim";2;0;0;0;2;0;0;2;-29,1201739;-51,12260651;"SPRF-RS";"DEL05-RS";"UOP01-DEL05-RS"
497762;2023-01-07;"sábado";"12:20:00";"RJ";101;310;"SAO GONCALO";"Condutor deixou de manter distância do veículo da frente";"Engavetamento";"Com Vítimas Feridas";"Pleno dia";"Decrescente";"Chuva";"Dupla";"Reta";"Sim";8;0;1;0;7;0;1;6;-22,79717023;-43,04404993;"SPRF-RJ";"DEL02-RJ";"UOP02-DEL02-RJ"
497763;2023-01-07;"sábado";"12:50:00";"PB";230;17;"JOAO PESSOA";"Ausência de reação do condutor";"Colisão traseira";"Com Vítimas Feridas";"Pleno dia";"Decrescente";"Céu Claro";"Dupla";"Reta";"Sim";3;0;1;0;1;1;1;2;-7,1121;-34,8426;"SPRF-PB";"DEL01-PB";"UOP01-DEL01-PB"
497764;2023-01-07;"sábado";"06:40:00";"GO";414;245;"NIQUELANDIA";"Ausência de reação do condutor";"Colisão traseira";"Com Vítimas Feridas";"Amanhecer";"Decrescente";"Céu Claro";"Simples";"Não Informado";"Não";10;0;6;1;3;0;7;2;-14,77975395;-48,62941418;"SPRF-GO";"DEL07-GO";"UOP02-DEL07-GO"
497765;2023-01-07;"sábado";"10:07:00";"MS";262;591;"MIRANDA";"Animais na Pista";"Atropelamento de Animal";"Sem Vítimas";"Pleno dia";"Decrescente";"Céu Claro";"Simples";"Reta";"Não";2;0;0;0;2;0;0;1;-20,13418666;-56,66468598;"SPRF-MS";"DEL03-MS";"UOP02-DEL03-MS"
497770;2023-01-07;"sábado";"12:55:00";"SC";282;54,9;"AGUAS MORNAS";"Pista Escorregadia";"Saída de leito carroçável";"Com Vítimas Feridas";"Pleno dia";"Decrescente";"Garoa/Chuvisco";"Simples";"Curva";"Não";2;0;1;0;1;0;1;1;-27,685799;-48,974514;"SPRF-SC";"DEL01-SC";"UOP03-DEL01-SC"
497771;2023-01-07;"sábado";"12:20:00";"PR";116;13;"COLOMBO";"Reação tardia ou ineficiente do condutor";"Colisão traseira";"Com Vítimas Feridas";"Pleno dia";"Crescente";"Céu Claro";"Dupla";"Interseção de vias";"Sim";2;0;1;0;1;0;1;2;-25,3785;-49,1564;"SPRF-PR";"DEL01-PR";"UOP02-DEL01-PR"
497772;2023-01-07;"sábado";"12:00:00";"RS";386;241,3;"SOLEDADE";"Ingestão de álcool pelo condutor";"Saída de leito carroçável";"Sem Vítimas";"Pleno dia";"Crescente";"Céu Claro";"Simples";"Não Informado";"Não";1;0;0;0;0;1;0;1;-28,774895;-52,533451;"SPRF-RS";"DEL04-RS";"UOP03-DEL04-RS"
497774;2023-01-07;"sábado";"14:00:00";"CE";116;27;"AQUIRAZ";"Velocidade Incompatível";"Colisão traseira";"Com Vítimas Feridas";"Pleno dia";"Crescente";"Ignorado";"Dupla";"Reta";"Sim";3;0;1;0;2;0;1;2;-3,98418708;-38,5151357;"SPRF-CE";"DEL01-CE";"UOP02-DEL01-CE"
497775;2023-01-07;"sábado";"13:45:00";"GO";70;2,6;"AGUAS LINDAS DE GOIAS";"Avarias e/ou desgaste excessivo no pneu";"Tombamento";"Com Vítimas Feridas";"Pleno dia";"Crescente";"Nublado";"Dupla";"Reta";"Não";2;0;1;0;0;1;1;1;-15,767021;-48,229945;"SPRF-DF";"DEL01-DF";"UOP03-DEL01-DF"
497776;2023-01-07;"sábado";"13:25:00";"RJ";356;160;"SAO JOAO DA BARRA";"Condutor deixou de manter distância do veículo da frente";"Colisão traseira";"Sem Vítimas";"Pleno dia";"Crescente";"Nublado";"Simples";"Reta";"Sim";3;0;0;0;3;0;0;3;-21,730756;-41,189494;"SPRF-RJ";"DEL08-RJ";"UOP02-DEL08-RJ"
497778;2023-01-07;"sábado";"11:45:00";"MG";40;151;"JOAO PINHEIRO";"Velocidade Incompatível";"Saída de leito carroçável";"Com Vítimas Feridas";"Pleno dia";"Crescente";"Céu Claro";"Simples";"Curva";"Não";3;0;1;0;2;0;1;1;-17,79832404;-46,13492109;"SPRF-MG";"DEL14-MG";"UOP02-DEL14-MG"
497779;2023-01-07;"sábado";"13:05:00";"RS";386;221,6;"TIO HUGO";"Transitar na contramão";"Colisão frontal";"Com Vítimas Feridas";"Pleno dia";"Crescente";"Céu Claro";"Simples";"Reta";"Não";3;0;2;0;1;0;2;2;-28,627148;-52,613129;"SPRF-RS";"DEL04-RS";"UOP03-DEL04-RS"
497780;2023-01-07;"sábado";"14:20:00";"MS";163;485;"CAMPO GRANDE";"Ausência de reação do condutor";"Tombamento";"Com Vítimas Feridas";"Pleno dia";"Crescente";"Céu Claro";"Simples";"Não Informado";"Não";1;0;1;0;0;0;1;1;-20,44290467;-54,54189956;"SPRF-MS";"DEL01-MS";"UOP02-DEL01-MS"
497781;2023-01-07;"sábado";"14:40:00";"MG";116;638;"DIVINO";"Condutor deixou de manter distância do veículo da frente";"Colisão traseira";"Com Vítimas Feridas";"Pleno dia";"Decrescente";"Garoa/Chuvisco";"Simples";"Reta";"Não";3;0;0;1;2;0;1;2;-20,63865095;-42,23648111;"SPRF-MG";"DEL07-MG";"UOP03-DEL07-MG"
497782;2023-01-07;"sábado";"13:15:00";"MT";70;188,4;"GENERAL CARNEIRO";"Ausência de reação do condutor";"Saída de leito carroçável";"Com Vítimas Feridas";"Pleno dia";"Decrescente";"Céu Claro";"Simples";"Reta";"Não";1;0;0;1;0;0;1;1;-15,71770566;-53,6425711;"SPRF-MT";"DEL05-MT";"UOP01-DEL05-MT"
497784;2023-01-07;"sábado";"15:00:00";"SC";101;117;"ITAJAI";"Desrespeitar a preferência no cruzamento";"Colisão transversal";"Com Vítimas Feridas";"Pleno dia";"Crescente";"Céu Claro";"Dupla";"Interseção de vias";"Não";3;0;1;0;2;0;1;2;-26,88747187;-48,72252969;"SPRF-SC";"DEL04-SC";"UOP04-DEL04-SC"
497785;2023-01-07;"sábado";"14:30:00";"BA";116;911,1;"ENCRUZILHADA";"Acessar a via sem observar a presença dos outros veículos";"Colisão transversal";"Com Vítimas Feridas";"Pleno dia";"Crescente";"Céu Claro";"Simples";"Não Informado";"Não";2;0;0;1;1;0;1;2;-15,52398672;-41,24370575;"SPRF-BA";"DEL08-BA";"UOP03-DEL08-BA"
497786;2023-01-07;"sábado";"11:45:00";"RJ";101;273;"TANGUA";"Pista Escorregadia";"Saída de leito carroçável";"Com Vítimas Feridas";"Pleno dia";"Decrescente";"Chuva";"Dupla";"Não Informado";"Sim";1;0;1;0;0;0;1;1;-22,7316093;-42,71051285;"SPRF-RJ";"DEL02-RJ";"UOP03-DEL02-RJ"
497787;2023-01-07;"sábado";"13:40:00";"SC";280;162;"MAFRA";"Condutor Dormindo";"Saída de leito carroçável";"Com Vítimas Feridas";"Pleno dia";"Decrescente";"Céu Claro";"Simples";"Reta";"Não";1;0;1;0;0;0;1;1;-26,20386631;-49,79088509;"SPRF-SC";"DEL06-SC";"UOP03-DEL06-SC"
497788;2023-01-07;"sábado";"10:50:00";"MG";262;548;"LUZ";"Avarias e/ou desgaste excessivo no pneu";"Saída de leito carroçável";"Com Vítimas Feridas";"Pleno dia";"Decrescente";"Nublado";"Simples";"Não Informado";"Não";3;0;1;0;2;0;1;1;-19,71934316;-45,87781191;"SPRF-MG";"DEL08-MG";"UOP02-DEL08-MG"
497789;2023-01-07;"sábado";"14:45:00";"RS";470;163;"NOVA PRATA";"Ausência de reação do condutor";"Colisão lateral sentido oposto";"Com Vítimas Feridas";"Pleno dia";"Crescente";"Sol";"Simples";"Não Informado";"Não";3;0;2;0;1;0;2;2;-28,82755543;-51,58058532;"SPRF-RS";"DEL06-RS";"UOP02-DEL06-RS"
497792;2023-01-07;"sábado";"15:15:00";"RS";386;367;"FAZENDA VILANOVA";"Acessar a via sem observar a presença dos outros veículos";"Colisão transversal";"Com Vítimas Feridas";"Pleno dia";"Decrescente";"Céu Claro";"Dupla";"Não Informado";"Não";2;0;1;0;1;0;1;2;-29,580928;-51,841015;"SPRF-RS";"DEL04-RS";"UOP04-DEL04-RS"
497794;2023-01-07;"sábado";"16:10:00";"MG";50;78,8;"UBERLANDIA";"Ausência de reação do condutor";"Saída de leito carroçável";"Sem Vítimas";"Pleno dia";"Crescente";"Chuva";"Dupla";"Reta";"Sim";1;0;0;0;1;0;0;1;-18,986906;-48,211853;"SPRF-MG";"DEL15-MG";"UOP01-DEL15-MG"
497795;2023-01-07;"sábado";"15:00:00";"PR";116;211,2;"RIO NEGRO";"Ingestão de álcool pelo condutor";"Colisão traseira";"Com Vítimas Feridas";"Pleno dia";"Crescente";"Sol";"Simples";"Interseção de vias";"Sim";2;0;0;1;1;0;1;2;-26,07980928;-49,76934983;"SPRF-SC";"DEL06-SC";"UOP01-DEL06-SC"
497797;2023-01-07;"sábado";"13:50:00";"SC";282;259;"SAO JOSE DO CERRITO";"Velocidade Incompatível";"Tombamento";"Com Vítimas Feridas";"Pleno dia";"Decrescente";"Céu Claro";"Simples";"Não Informado";"Não";2;0;2;0;0;0;2;1;-27,65589662;-50,5967617;"SPRF-SC";"DEL05-SC";"UOP02-DEL05-SC"
497800;2023-01-07;"sábado";"16:30:00";"RS";116;222;"DOIS IRMAOS";"Acessar a via sem observar a presença dos outros veículos";"Colisão transversal";"Com Vítimas Feridas";"Pleno dia";"Decrescente";"Céu Claro";"Dupla";"Interseção de vias";"Não";6;0;1;0;5;0;1;2;-29,58096695;-51,09515511;"SPRF-RS";"DEL01-RS";"UOP02-DEL01-RS"
497801;2023-01-07;"sábado";"16:50:00";"SC";470;49,1;"BLUMENAU";"Ausência de reação do condutor";"Saída de leito carroçável";"Com Vítimas Fatais";"Pleno dia";"Crescente";"Nublado";"Dupla";"Não Informado";"Não";1;1;0;0;0;0;0;1;-26,86111755;-49,06701207;"SPRF-SC";"DEL04-SC";"UOP01-DEL04-SC"
497805;2023-01-07;"sábado";"14:50:00";"RJ";116;94,2;"TERESOPOLIS";"Velocidade Incompatível";"Colisão frontal";"Sem Vítimas";"Pleno dia";"Decrescente";"Chuva";"Simples";"Não Informado";"Não";2;0;0;0;2;0;0;2;-22,46643519;-43,00088701;"SPRF-RJ";"DEL04-RJ";"UOP01-DEL04-RJ"
497808;2023-01-07;"sábado";"15:00:00";"SC";101;86;"BARRA VELHA";"Condutor deixou de manter distância do veículo da frente";"Colisão traseira";"Com Vítimas Feridas";"Pleno dia";"Crescente";"Sol";"Dupla";"Reta";"Sim";3;0;1;0;2;0;1;2;-26,63277317;-48,70232513;"SPRF-SC";"DEL03-SC";"UOP02-DEL03-SC"
497809;2023-01-07;"sábado";"16:45:00";"MS";376;21,3;"FATIMA DO SUL";"Reação tardia ou ineficiente do condutor";"Saída de leito carroçável";"Com Vítimas Feridas";"Pleno dia";"Crescente";"Céu Claro";"Simples";"Reta";"Não";6;0;1;4;0;1;5;1;-22,33650772;-54,56628069;"SPRF-MS";"DEL04-MS";"UOP01-DEL04-MS"
497810;2023-01-07;"sábado";"17:15:00";"SC";101;120,3;"ITAJAI";"Velocidade Incompatível";"Queda de ocupante de veículo";"Com Vítimas Feridas";"Pleno dia";"Decrescente";"Céu Claro";"Múltipla";"Reta";"Sim";1;0;1;0;0;0;1;1;-26,912758;-48,711998;"SPRF-SC";"DEL04-SC";"UOP04-DEL04-SC"
497811;2023-01-07;"sábado";"13:20:00";"BA";101;638,1;"ITAPEBI";"Condutor Dormindo";"Saída de leito carroçável";"Com Vítimas Feridas";"Pleno dia";"Crescente";"Céu Claro";"Simples";"Reta";"Não";5;0;3;0;2;0;3;1;-15,93915304;-39,56123702;"SPRF-BA";"DEL05-BA";"UOP02-DEL05-BA"
497812;2023-01-07;"sábado";"16:00:00";"MA";135;56;"BACABEIRA";"Ingestão de álcool pelo condutor";"Capotamento";"Com Vítimas Feridas";"Pleno dia";"Decrescente";"Céu Claro";"Dupla";"Reta";"Não";1;0;1;0;0;0;1;1;-3,01625804;-44,31502066;"SPRF-MA";"DEL01-MA";"UOP02-DEL01-MA"
497813;2023-01-07;"sábado";"16:15:00";"BA";330;813,1;"JITAUNA";"Transitar na contramão";"Colisão frontal";"Com Vítimas Feridas";"Pleno dia";"Decrescente";"Céu Claro";"Simples";"Curva";"Sim";2;0;1;0;1;0;1;2;-14,00984943;-39,89588438;"SPRF-BA";"DEL03-BA";"UOP01-DEL03-BA"
497814;2023-01-07;"sábado";"17:30:00";"PR";277;687,5;"SAO MIGUEL DO IGUACU";"Condutor deixou de manter distância do veículo da frente";"Colisão traseira";"Sem Vítimas";"Pleno dia";"Crescente";"Céu Claro";"Dupla";"Reta";"Sim";3;0;0;0;2;1;0;3;-25,34377452;-54,22446208;"SPRF-PR";"DEL05-PR";"UOP01-DEL05-PR"
497816;2023-01-07;"sábado";"18:20:00";"SC";101;120;"ITAJAI";"Ingestão de álcool pelo condutor";"Colisão traseira";"Sem Vítimas";"Pleno dia";"Decrescente";"Céu Claro";"Dupla";"Reta";"Sim";2;0;0;0;2;0;0;2;-26,912758;-48,711998;"SPRF-SC";"DEL04-SC";"UOP04-DEL04-SC"