"id";"data_inversa";"dia_semana";"horario";"uf";"br";"km";"municipio";"causa_acidente";"tipo_acidente";"classificacao_acidente";"fase_dia";"sentido_via";"condicao_metereologica";"tipo_pista";"tracado_via";"uso_solo";"pessoas";"mortos";"feridos_leves";"feridos_graves";"ilesos";"ignorados";"feridos";"veiculos";"latitude";"longitude";"regional";"delegacia";"uop"
497817;2023-01-07;"sábado";"15:25:00";"SC";101;271,9;"IMBITUBA";"Falta de acostamento";"Saída de leito carroçável";"Com Vítimas Fatais";"Pleno dia";"Decrescente";"Sol";"Múltipla";"Reta";"Não";3;1;0;2;0;0;2;1;-28,11011972;-48,70211279;"SPRF-SC";"DEL02-SC";"UOP03-DEL02-SC"
497820;2023-01-07;"sábado";"18:30:00";"PR";476;130,8;"CURITIBA";"Reação tardia ou ineficiente do condutor";"Colisão traseira";"Sem Vítimas";"Pleno dia";"Crescente";"Céu Claro";"Múltipla";"Reta";"Sim";5;0;0;0;5;0;0;2;-25,460718;-49,250488;"SPRF-PR";"DEL01-PR";"UOP01-DEL01-PR"
497821;2023-01-07;"sábado";"16:30:00";"PI";343;495,1;"AMARANTE";"Demais falhas mecânicas ou elétricas";"Tombamento";"Com Vítimas Feridas";"Pleno dia";"Crescente";"Nublado";"Simples";"Não Informado";"Não";1;0;1;0;0;0;1;1;-6,248091;-42,758327;"SPRF-PI";"DEL03-PI";"UOP01-DEL03-PI"
497822;2023-01-07;"sábado";"19:10:00";"RJ";116;318;"ITATIAIA";"Ingestão de álcool pelo condutor";"Saída de leito carroçável";"Com Vítimas Feridas";"Plena Noite";"Decrescente";"Nublado";"Simples";"Curva";"Não";2;0;2;0;0;0;2;1;-22,46797868;-44,51030403;"SPRF-RJ";"DEL07-RJ";"UOP02-DEL07-RJ"
497823;2023-01-07;"sábado";"13:10:00";"SC";153;59,8;"IRANI";"Desrespeitar a preferência no cruzamento";"Colisão transversal";"Com Vítimas Feridas";"Pleno dia";"Decrescente";"Céu Claro";"Simples";"Interseção de vias";"Não";4;0;1;0;3;0;1;2;-26,967562;-51,850391;"SPRF-SC";"DEL07-SC";"UOP04-DEL07-SC"
497825;2023-01-07;"sábado";"19:10:00";"TO";153;334,9;"GUARAI";"Ausência de reação do condutor";"Queda de ocupante de veículo";"Com Vítimas Feridas";"Plena Noite";"Crescente";"Nublado";"Múltipla";"Não Informado";"Sim";2;0;1;0;0;1;1;1;-8,84434;-48,510977;"SPRF-TO";"DEL02-TO";"UOP02-DEL02-TO"
497828;2023-01-07;"sábado";"19:20:00";"BA";324;513;"FEIRA DE SANTANA";"Ingestão de álcool pelo condutor";"Colisão transversal";"Com Vítimas Feridas";"Plena Noite";"Crescente";"Céu Claro";"Simples";"Interseção de vias";"Sim";2;0;1;0;1;0;1;2;-12,23295716;-38,94856274;"SPRF-BA";"DEL02-BA";"UOP01-DEL02-BA"
497829;2023-01-07;"sábado";"19:40:00";"TO";153;394;"RIO DOS BOIS";"Transitar na contramão";"Colisão lateral sentido oposto";"Com Vítimas Feridas";"Plena Noite";"Crescente";"Céu Claro";"Simples";"Não Informado";"Não";6;0;6;0;0;0;6;2;-9,36045199;-48,54851102;"SPRF-TO";"DEL02-TO";"UOP02-DEL02-TO"
497833;2023-01-07;"sábado";"16:30:00";"AL";423;87;"DELMIRO GOUVEIA";"Conversão proibida";"Colisão transversal";"Com Vítimas Feridas";"Pleno dia";"Crescente";"Céu Claro";"Simples";"Reta";"Não";4;0;2;2;0;0;4;2;-9,35203312;-38,04570696;"SPRF-BA";"DEL07-BA";"UOP01-DEL07-BA"
497834;2023-01-07;"sábado";"18:00:00";"ES";262;69;"MARECHAL FLORIANO";"Demais falhas mecânicas ou elétricas";"Colisão frontal";"Com Vítimas Feridas";"Anoitecer";"Crescente";"Nublado";"Simples";"Não Informado";"Não";3;0;1;0;2;0;1;2;-20,41598;-40,86273735;"SPRF-ES";"DEL01-ES";"UOP02-DEL01-ES"
497836;2023-01-07;"sábado";"20:26:00";"RS";116;527,8;"CAPAO DO LEAO";"Demais falhas mecânicas ou elétricas";"Tombamento";"Com Vítimas Feridas";"Plena Noite";"Crescente";"Nublado";"Simples";"Reta";"Sim";2;0;1;0;1;0;1;1;-31,7470243;-52,40899728;"SPRF-RS";"DEL07-RS";"UOP01-DEL07-RS"
497837;2023-01-07;"sábado";"20:40:00";"PE";428;173,8;"PETROLINA";"Ultrapassagem Indevida";"Colisão frontal";"Com Vítimas Fatais";"Plena Noite";"Crescente";"Céu Claro";"Simples";"Reta";"Não";5;1;0;4;0;0;4;2;-9,24429991;-40,42112617;"SPRF-PE";"DEL06-PE";"UOP01-DEL06-PE"
497838;2023-01-07;"sábado";"19:00:00";"GO";70;36,4;"COCALZINHO DE GOIAS";"Transitar na contramão";"Colisão frontal";"Com Vítimas Fatais";"Pleno dia";"Crescente";"Chuva";"Simples";"Reta";"Não";2;1;0;1;0;0;1;2;-15,7779625;-48,49866335;"SPRF-DF";"DEL01-DF";"UOP03-DEL01-DF"
497839;2023-01-07;"sábado";"20:20:00";"PR";158;533,1;"PATO BRANCO";"Reação tardia ou ineficiente do condutor";"Colisão traseira";"Sem Vítimas";"Plena Noite";"Decrescente";"Céu Claro";"Simples";"Não Informado";"Não";3;0;0;0;3;0;0;3;-26,22050083;-52,68353105;"SPRF-PR";"DEL02-PR";"UOP01-DEL02-PR"
497841;2023-01-07;"sábado";"21:00:00";"RN";405;158,7;"RAFAEL FERNANDES";"Manobra de mudança de faixa";"Colisão transversal";"Com Vítimas Feridas";"Plena Noite";"Decrescente";"Céu Claro";"Simples";"Reta";"Não";3;0;1;2;0;0;3;2;-6,17538396;-38,21372906;"SPRF-RN";"DEL04-RN";"UOP02-DEL04-RN"
497842;2023-01-07;"sábado";"17:30:00";"PI";343;592;"FLORIANO";"Ultrapassagem Indevida";"Colisão lateral mesmo sentido";"Com Vítimas Feridas";"Pleno dia";"Decrescente";"Céu Claro";"Dupla";"Reta";"Sim";3;0;0;1;1;1;1;3;-6,777731;-43,031559;"SPRF-PI";"DEL03-PI";"UOP01-DEL03-PI"
497843;2023-01-07;"sábado";"19:30:00";"AL";316;87;"SANTANA DO IPANEMA";"Animais na Pista";"Atropelamento de Animal";"Com Vítimas Fatais";"Plena Noite";"Decrescente";"Ignorado";"Simples";"Não Informado";"Não";1;1;0;0;0;0;0;1;-9,37623216;-37,22677605;"SPRF-AL";"DEL03-AL";"UOP02-DEL03-AL"
497844;2023-01-07;"sábado";"20:40:00";"MG";262;355;"BETIM";"Ausência de reação do condutor";"Colisão com objeto";"Sem Vítimas";"Plena Noite";"Decrescente";"Chuva";"Dupla";"Curva";"Não";1;0;0;0;0;1;0;1;-19,9558759;-44,145541;"SPRF-MG";"DEL01-MG";"UOP03-DEL01-MG"
497845;2023-01-07;"sábado";"21:15:00";"SP";101;50;"UBATUBA";"Ingestão de álcool pelo condutor";"Colisão transversal";"Com Vítimas Feridas";"Plena Noite";"Crescente";"Garoa/Chuvisco";"Simples";"Não Informado";"Sim";3;0;1;0;2;0;1;2;-23,44934;-45,078398;"SPRF-SP";"DEL06-SP";"UOP01-DEL06-SP"
497846;2023-01-07;"sábado";"20:55:00";"PB";104;103,1;"SAO SEBASTIAO DE LAGOA DE  ROCA";"Condutor deixou de manter distância do veículo da frente";"Colisão traseira";"Com Vítimas Feridas";"Plena Noite";"Crescente";"Céu Claro";"Simples";"Não Informado";"Não";5;0;5;0;0;0;5;2;-7,08061598;-35,85413977;"SPRF-PB";"DEL02-PB";"UOP04-DEL02-PB"
497847;2023-01-07;"sábado";"19:40:00";"MG";116;721,5;"MURIAE";"Chuva";"Saída de leito carroçável";"Com Vítimas Feridas";"Plena Noite";"Crescente";"Chuva";"Simples";"Não Informado";"Não";2;0;2;0;0;0;2;1;-21,25250964;-42,40031915;"SPRF-MG";"DEL07-MG";"UOP02-DEL07-MG"
497848;2023-01-07;"sábado";"21:20:00";"PE";232;5;"RECIFE";"Ausência de reação do condutor";"Colisão traseira";"Com Vítimas Feridas";"Plena Noite";"Crescente";"Céu Claro";"Dupla";"Não Informado";"Não";2;0;0;1;1;0;1;2;-8,06795766;-34,94535414;"SPRF-PE";"DEL01-PE";"UOP01-DEL01-PE"
497849;2023-01-07;"sábado";"21:20:00";"ES";101;144;"LINHARES";"Acesso irregular";"Colisão lateral mesmo sentido";"Com Vítimas Feridas";"Plena Noite";"Crescente";"Chuva";"Dupla";"Reta";"Sim";7;0;0;1;5;1;1;3;-19,35188295;-40,0636685;"SPRF-ES";"DEL04-ES";"UOP01-DEL04-ES"
497850;2023-01-07;"sábado";"20:30:00";"RS";392;67;"PELOTAS";"Acessar a via sem observar a presença dos outros veículos";"Colisão transversal";"Com Vítimas Feridas";"Plena Noite";"Crescente";"Céu Claro";"Simples";"Viaduto";"Sim";3;0;0;1;2;0;1;2;-31,75709532;-52,39980728;"SPRF-RS";"DEL07-RS";"UOP01-DEL07-RS"
497851;2023-01-07;"sábado";"21:10:00";"RS";116;411;"CRISTAL";"Demais falhas mecânicas ou elétricas";"Saída de leito carroçável";"Sem Vítimas";"Plena Noite";"Decrescente";"Céu Claro";"Simples";"Reta";"Não";1;0;0;0;1;0;0;1;-30,92207258;-51,90087922;"SPRF-RS";"DEL02-RS";"UOP02-DEL02-RS"
497852;2023-01-07;"sábado";"21:15:00";"ES";101;302,8;"VIANA";"Manobra de mudança de faixa";"Colisão lateral mesmo sentido";"Com Vítimas Feridas";"Plena Noite";"Decrescente";"Nublado";"Dupla";"Curva";"Sim";3;0;2;0;1;0;2;2;-20,36958283;-40,44384551;"SPRF-ES";"DEL01-ES";"UOP01-DEL01-ES"
497853;2023-01-07;"sábado";"21:53:00";"RN";304;112,7;"ACU";"Animais na Pista";"Atropelamento de Animal";"Com Vítimas Feridas";"Plena Noite";"Decrescente";"Céu Claro";"Simples";"Reta";"Não";3;0;1;0;2;0;1;1;-5,60182065;-36,92122032;"SPRF-RN";"DEL04-RN";"UOP01-DEL04-RN"
497854;2023-01-07;"sábado";"20:30:00";"MG";262;813;"UBERABA";"Reação tardia ou ineficiente do condutor";"Saída de leito carroçável";"Sem Vítimas";"Plena Noite";"Crescente";"Chuva";"Dupla";"Reta";"Não";1;0;0;0;0;1;0;1;-19,76009757;-48,07322705;"SPRF-MG";"DEL13-MG";"UOP01-DEL13-MG"
497855;2023-01-07;"sábado";"20:20:00";"SC";282;83;"ALFREDO WAGNER";"Curva acentuada";"Saída de leito carroçável";"Com Vítimas Feridas";"Plena Noite";"Decrescente";"Céu Claro";"Simples";"Não Informado";"Não";1;0;0;1;0;0;1;1;-27,666153;-49,175022;"SPRF-SC";"DEL01-SC";"UOP03-DEL01-SC"
497856;2023-01-07;"sábado";"21:50:00";"PE";101;70;"RECIFE";"Acessar a via sem observar a presença dos outros veículos";"Atropelamento de Pedestre";"Com Vítimas Feridas";"Plena Noite";"Decrescente";"Céu Claro";"Dupla";"Reta";"Sim";2;0;0;1;1;0;1;1;-8,06776119;-34,94265074;"SPRF-PE";"DEL01-PE";"UOP01-DEL01-PE"
497857;2023-01-07;"sábado";"20:40:00";"PR";376;588;"CURITIBA";"Pedestre cruzava a pista fora da faixa";"Atropelamento de Pedestre";"Com Vítimas Feridas";"Plena Noite";"Decrescente";"Nublado";"Dupla";"Reta";"Sim";2;0;0;1;0;1;1;1;-25,43381713;-49,36546121;"SPRF-PR";"DEL01-PR";"UAP06-DEL01-PR"
497859;2023-01-07;"sábado";"21:40:00";"ES";101;430,3;"ATILIO VIVACQUA";"Reação tardia ou ineficiente do condutor";"Saída de leito carroçável";"Sem Vítimas";"Plena Noite";"Crescente";"Nublado";"Simples";"Reta";"Não";1;0;0;0;0;1;0;1;-21,02753855;-41,1671887;"SPRF-ES";"DEL03-ES";"UOP02-DEL03-ES"
497860;2023-01-07;"sábado";"19:50:00";"PR";373;251,6;"GUAMIRANGA";"Acessar a via sem observar a presença dos outros veículos";"Colisão transversal";"Com Vítimas Fatais";"Plena Noite";"Decrescente";"Céu Claro";"Simples";"Reta";"Não";3;2;0;0;1;0;0;2;-25,1889633;-50,86349501;"SPRF-PR";"DEL03-PR";"UOP01-DEL03-PR"
497861;2023-01-07;"sábado";"22:10:00";"PE";110;245,5;"JATOBA";"Animais na Pista";"Queda de ocupante de veículo";"Com Vítimas Fatais";"Plena Noite";"Crescente";"Céu Claro";"Simples";"Reta";"Não";3;1;1;1;0;0;2;1;-9,18237078;-38,25635876;"SPRF-BA";"DEL07-BA";"UOP01-DEL07-BA"
497862;2023-01-07;"sábado";"22:00:00";"SP";116;213;"GUARULHOS";"Reação tardia ou ineficiente do condutor";"Tombamento";"Com Vítimas Feridas";"Plena Noite";"Crescente";"Garoa/Chuvisco";"Múltipla";"Não Informado";"Não";2;0;2;0;0;0;2;1;-23,43971486;-46,43667806;"SPRF-SP";"DEL01-SP";"UOP01-DEL01-SP"
497863;2023-01-07;"sábado";"20:50:00";"MG";381;890,8;"CAMBUI";"Ausência de reação do condutor";"Saída de leito carroçável";"Com Vítimas Feridas";"Plena Noite";"Decrescente";"Nublado";"Dupla";"Reta";"Não";2;0;1;0;1;0;1;1;-22,5863847;-46,0498174;"SPRF-MG";"DEL16-MG";"UOP03-DEL16-MG"
497864;2023-01-07;"sábado";"19:40:00";"MT";70;535;"VARZEA GRANDE";"Ingestão de álcool pelo condutor";"Colisão traseira";"Sem Vítimas";"Plena Noite";"Decrescente";"Céu Claro";"Simples";"Reta";"Não";2;0;0;0;2;0;0;2;-15,677504;-56,26324;"SPRF-MT";"DEL01-MT";"UOP02-DEL01-MT"
497865;2023-01-07;"sábado";"22:30:00";"RS";116;235;"NOVO HAMBURGO";"Reação tardia ou ineficiente do condutor";"Colisão com objeto";"Sem Vítimas";"Plena Noite";"Decrescente";"Céu Claro";"Dupla";"Reta";"Sim";1;0;0;0;0;1;0;1;-29,66037586;-51,14386509;"SPRF-RS";"DEL01-RS";"UOP02-DEL01-RS"
497869;2023-01-07;"sábado";"21:10:00";"PR";277;39,5;"MORRETES";"Ausência de reação do condutor";"Colisão lateral mesmo sentido";"Sem Vítimas";"Plena Noite";"Crescente";"Nublado";"Dupla";"Reta";"Não";8;0;0;0;7;1;0;8;-25,571233;-48,817137;"SPRF-PR";"DEL01-PR";"UOP05-DEL01-PR"
497870;2023-01-07;"sábado";"23:20:00";"SE";235;41,3;"AREIA BRANCA";"Ingestão de álcool pelo condutor";"Colisão frontal";"Com Vítimas Feridas";"Plena Noite";"Crescente";"Céu Claro";"Simples";"Reta";"Não";8;0;0;1;7;0;1;2;-10,769464;-37,364246;"SPRF-SE";"DEL01-SE";"UOP02-DEL01-SE"
497871;2023-01-07;"sábado";"21:00:00";"TO";153;172;"ARAGUAINA";"Ingestão de álcool ou de substâncias psicoativas pelo pedestre";"Atropelamento de Pedestre";"Com Vítimas Feridas";"Plena Noite";"Decrescente";"Nublado";"Simples";"Reta";"Não";2;0;0;1;0;1;1;1;-7,41080694;-48,3605395;"SPRF-TO";"DEL02-TO";"UOP01-DEL02-TO"
497872;2023-01-07;"sábado";"19:14:00";"MS";163;75;"ITAQUIRAI";"Velocidade Incompatível";"Tombamento";"Com Vítimas Fatais";"Plena Noite";"Crescente";"Céu Claro";"Simples";"Não Informado";"Não";3;1;0;1;0;1;1;3;-23,50091105;-54,18729772;"SPRF-MS";"DEL09-MS";"UOP02-DEL09-MS"
497873;2023-01-07;"sábado";"23:50:00";"SC";101;148;"ITAPEMA";"Ausência de reação do condutor";"Colisão traseira";"Com Vítimas Feridas";"Plena Noite";"Decrescente";"Céu Claro";"Dupla";"Não Informado";"Sim";2;0;0;1;1;0;1;2;-27,10123686;-48,61807962;"SPRF-SC";"DEL04-SC";"UOP03-DEL04-SC"
497875;2023-01-07;"sábado";"21:30:00";"MG";50;71;"UBERLANDIA";"Pista esburacada";"Tombamento";"Com Vítimas Feridas";"Plena Noite";"Crescente";"Chuva";"Múltipla";"Não Informado";"Sim";1;0;0;1;0;0;1;1;-18,89112883;-48,25547403;"SPRF-MG";"DEL15-MG";"UOP01-DEL15-MG"
497877;2023-01-07;"sábado";"23:50:00";"RS";153;46,5;"ERECHIM";"Ingestão de álcool pelo condutor";"Colisão frontal";"Sem Vítimas";"Plena Noite";"Decrescente";"Céu Claro";"Simples";"Reta";"Sim";3;0;0;0;3;0;0;2;-27,6394671;-52,24218389;"SPRF-RS";"DEL08-RS";"UOP04-DEL08-RS"
497878;2023-01-07;"sábado";"21:30:00";"MT";174;4;"PONTES E LACERDA";"Acessar a via sem observar a presença dos outros veículos";"Colisão transversal";"Com Vítimas Feridas";"Plena Noite";"Crescente";"Céu Claro";"Simples";"Reta";"Sim";3;0;3;0;0;0;3;2;-15,2353698;-59,342426;"SPRF-MT";"DEL03-MT";"UOP01-DEL03-MT"
497879;2023-01-08;"domingo";"00:05:00";"SC";101;232,7;"PALHOCA";"Ultrapassagem Indevida";"Colisão lateral mesmo sentido";"Com Vítimas Feridas";"Plena Noite";"Decrescente";"Céu Claro";"Dupla";"Reta";"Não";3;0;1;0;2;0;1;2;-27,795666;-48,638153;"SPRF-SC";"DEL01-SC";"UOP02-DEL01-SC"
497880;2023-01-08;"domingo";"00:30:00";"PR";116;6;"CAMPINA GRANDE DO SUL";"Reação tardia ou ineficiente do condutor";"Colisão traseira";"Sem Vítimas";"Plena Noite";"Crescente";"Nublado";"Dupla";"Reta";"Sim";2;0;0;0;1;1;0;2;-25,3653;-49,0906;"SPRF-PR";"DEL01-PR";"UOP02-DEL01-PR"
497881;2023-01-08;"domingo";"00:35:00";"PR";116;126,1;"FAZENDA RIO GRANDE";"Reação tardia ou ineficiente do condutor";"Queda de ocupante de veículo";"Com Vítimas Feridas";"Plena Noite";"Crescente";"Nublado";"Dupla";"Reta";"Sim";1;0;1;0;0;0;1;1;-25,637151;-49,313198;"SPRF-PR";"DEL01-PR";"UOP03-DEL01-PR"
497882;2023-01-08;"domingo";"01:00:00";"MG";262;360;"BETIM";"Condutor Dormindo";"Saída de leito carroçável";"Sem Vítimas";"Plena Noite";"Crescente";"Chuva";"Dupla";"Reta";"Não";1;0;0;0;1;0;0;1;-19,9830204;-44,20924834;"SPRF-MG";"DEL01-MG";"UOP03-DEL01-MG"
497883;2023-01-08;"domingo";"00:15:00";"BA";116;547;"MILAGRES";"Acessar a via sem observar a presença dos outros veículos";"Colisão transversal";"Com Vítimas Feridas";"Plena Noite";"Decrescente";"Céu Claro";"Simples";"Não Informado";"Sim";3;0;2;1;0;0;3;2;-12,86366211;-39,85312169;"SPRF-BA";"DEL03-BA";"UOP02-DEL03-BA"
497884;2023-01-07;"sábado";"19:25:00";"RO";364;240,2;"CACOAL";"Velocidade Incompatível";"Colisão com objeto";"Com Vítimas Feridas";"Plena Noite";"Crescente";"Céu Claro";"Simples";"Reta";"Sim";6;0;2;0;4;0;2;2;-11,436894;-61,472851;"SPRF-RO";"DEL02-RO";"UOP02-DEL02-RO"
497885;2023-01-07;"sábado";"23:10:00";"RO";364;690;"PORTO VELHO";"Reação tardia ou ineficiente do condutor";"Saída de leito carroçável";"Com Vítimas Feridas";"Plena Noite";"Decrescente";"Garoa/Chuvisco";"Dupla";"Reta";"Não";2;0;2;0;0;0;2;1;-8,79523268;-63,67788703;"SPRF-RO";"DEL01-RO";"UOP01-DEL01-RO"
497886;2023-01-08;"domingo";"00:33:00";"RJ";101;417;"MANGARATIBA";"Reação tardia ou ineficiente do condutor";"Capotamento";"Sem Vítimas";"Plena Noite";"Crescente";"Nublado";"Simples";"Não Informado";"Não";1;0;0;0;0;1;0;1;-22,91293797;-43,89732384;"SPRF-RJ";"DEL03-RJ";"UOP01-DEL03-RJ"
497887;2023-01-08;"domingo";"00:25:00";"SC";480;129;"CHAPECO";"Velocidade Incompatível";"Saída de leito carroçável";"Com Vítimas Feridas";"Plena Noite";"Decrescente";"Céu Claro";"Dupla";"Curva";"Não";1;0;1;0;0;0;1;1;-27,04656607;-52,63577131;"SPRF-SC";"DEL07-SC";"UOP01-DEL07-SC"
497888;2023-01-08;"domingo";"01:25:00";"MG";40;508,4;"RIBEIRAO DAS NEVES";"Ingestão de álcool pelo condutor";"Colisão com objeto";"Sem Vítimas";"Plena Noite";"Crescente";"Chuva";"Dupla";"Reta";"Sim";1;0;0;0;0;1;0;1;-19,76341;-44,13167;"SPRF-MG";"DEL02-MG";"UOP01-DEL02-MG"
497889;2023-01-08;"domingo";"00:50:00";"MG";116;581,1;"MANHUACU";"Ausência de reação do condutor";"Saída de leito carroçável";"Sem Vítimas";"Plena Noite";"Decrescente";"Chuva";"Simples";"Reta";"Não";1;0;0;0;0;1;0;1;-20,19603401;-42,18344405;"SPRF-MG";"DEL06-MG";"UOP03-DEL06-MG"
497890;2023-01-08;"domingo";"00:31:00";"BA";242;796;"BARREIRAS";"Reação tardia ou ineficiente do condutor";"Queda de ocupante de veículo";"Com Vítimas Feridas";"Plena Noite";"Decrescente";"Céu Claro";"Simples";"Rotatória";"Sim";1;0;1;0;0;0;1;1;-12,16162944;-44,85050784;"SPRF-BA";"DEL10-BA";"UOP01-DEL10-BA"
497891;2023-01-07;"sábado";"21:00:00";"MG";153;239;"FRONTEIRA";"Ingestão de álcool pelo condutor";"Colisão transversal";"Sem Vítimas";"Plena Noite";"Crescente";"Chuva";"Simples";"Não Informado";"Sim";3;0;0;0;3;0;0;2;-20,29847332;-49,20614844;"SPRF-MG";"DEL13-MG";"UOP02-DEL13-MG"
497893;2023-01-08;"domingo";"01:30:00";"MG";40;547,8;"NOVA LIMA";"Condutor deixou de manter distância do veículo da frente";"Colisão traseira";"Sem Vítimas";"Plena Noite";"Decrescente";"Garoa/Chuvisco";"Dupla";"Não Informado";"Não";2;0;0;0;2;0;0;2;-20,02252424;-43,97026042;"SPRF-MG";"DEL01-MG";"UOP02-DEL01-MG"
497895;2023-01-08;"domingo";"01:40:00";"PR";277;665,3;"MEDIANEIRA";"Ausência de reação do condutor";"Colisão traseira";"Com Vítimas Fatais";"Plena Noite";"Decrescente";"Céu Claro";"Dupla";"Desvio Temporário";"Não";6;2;0;0;4;0;0;2;-25,25645684;-54,03814316;"SPRF-PR";"DEL05-PR";"UOP02-DEL05-PR"
497897;2023-01-07;"sábado";"21:10:00";"GO";40;139;"CRISTALINA";"Condutor Dormindo";"Colisão lateral sentido oposto";"Sem Vítimas";"Plena Noite";"Crescente";"Chuva";"Simples";"Reta";"Não";3;0;0;0;2;1;0;3;-16,952006;-47,288372;"SPRF-DF";"DEL01-DF";"UOP04-DEL01-DF"
497899;2023-01-08;"domingo";"03:00:00";"ES";101;165,7;"LINHARES";"Ingestão de álcool pelo condutor";"Saída de leito carroçável";"Com Vítimas Feridas";"Plena Noite";"Crescente";"Chuva";"Simples";"Reta";"Não";1;0;0;1;0;0;1;1;-19,51360307;-40,1399459;"SPRF-ES";"DEL04-ES";"UOP01-DEL04-ES"
497900;2023-01-08;"domingo";"01:50:00";"PI";222;70,5;"PIRIPIRI";"Ingestão de álcool pelo condutor";"Queda de ocupante de veículo";"Com Vítimas Feridas";"Plena Noite";"Crescente";"Céu Claro";"Simples";"Reta";"Não";3;0;2;0;1;0;2;2;-4,24670139;-41,72987401;"SPRF-PI";"DEL02-PI";"UOP01-DEL02-PI"
497901;2023-01-07;"sábado";"13:28:00";"RS";NA;NA;"NOVA SANTA RITA";"Ausência de reação do condutor";"Saída de leito carroçável";"Com Vítimas Fatais";"Pleno dia";"Não Informado";"Céu Claro";"Simples";"Não Informado";"Não";1;1;0;0;0;0;0;1;-29,822693;-51,350033;"SPRF-RS";"DEL04-RS";"UOP02-DEL04-RS"
497902;2023-01-08;"domingo";"03:00:00";"RJ";116;184;"NOVA IGUACU";"Iluminação deficiente";"Atropelamento de Pedestre";"Com Vítimas Feridas";"Plena Noite";"Crescente";"Garoa/Chuvisco";"Dupla";"Reta";"Sim";2;0;1;1;0;0;2;2;-22,74647215;-43,44594311;"SPRF-RJ";"DEL01-RJ";"UOP02-DEL01-RJ"
497906;2023-01-08;"domingo";"03:41:00";"PI";407;512;"PATOS DO PIAUI";"Condutor Dormindo";"Colisão frontal";"Com Vítimas Feridas";"Plena Noite";"Crescente";"Nublado";"Dupla";"Reta";"Não";3;0;3;0;0;0;3;2;-7,66228001;-41,24737712;"SPRF-PI";"DEL04-PI";"UOP01-DEL04-PI"
497907;2023-01-08;"domingo";"04:00:00";"RJ";101;485,5;"ANGRA DOS REIS";"Velocidade Incompatível";"Colisão com objeto";"Com Vítimas Feridas";"Plena Noite";"Crescente";"Garoa/Chuvisco";"Dupla";"Não Informado";"Sim";4;0;3;0;0;1;3;1;-22,98573526;-44,29709764;"SPRF-RJ";"DEL03-RJ";"UOP02-DEL03-RJ"
497908;2023-01-08;"domingo";"04:40:00";"ES";101;184;"ARACRUZ";"Ingestão de álcool pelo condutor";"Saída de leito carroçável";"Com Vítimas Feridas";"Plena Noite";"Crescente";"Chuva";"Simples";"Reta";"Não";1;0;0;1;0;0;1;1;-19,65524008;-40,23355674;"SPRF-ES";"DEL04-ES";"UOP01-DEL04-ES"
497910;2023-01-08;"domingo";"04:35:00";"PI";343;210,3;"CAPITAO DE CAMPOS";"Transitar na contramão";"Colisão frontal";"Com Vítimas Fatais";"Plena Noite";"Crescente";"Céu Claro";"Simples";"Reta";"Não";5;1;3;0;1;0;3;2;-4,440038;-41,91481;"SPRF-PI";"DEL02-PI";"UOP01-DEL02-PI"
497915;2023-01-08;"domingo";"04:00:00";"AL";316;250;"PILAR";"Acessar a via sem observar a presença dos outros veículos";"Colisão traseira";"Com Vítimas Fatais";"Plena Noite";"Crescente";"Céu Claro";"Simples";"Reta";"Não";2;1;0;0;0;1;0;2;-9,55605726;-35,97591943;"SPRF-AL";"DEL01-AL";"UOP01-DEL01-AL"
497916;2023-01-07;"sábado";"15:15:00";"AL";101;200;"SAO SEBASTIAO";"Acessar a via sem observar a presença dos outros veículos";"Colisão transversal";"Sem Vítimas";"Pleno dia";"Crescente";"Céu Claro";"Dupla";"Viaduto";"Sim";4;0;0;0;3;1;0;2;-9,95081664;-36,54113619;"SPRF-AL";"DEL02-AL";"UOP02-DEL02-AL"
497917;2023-01-08;"domingo";"05:20:00";"RS";386;303,9;"POUSO NOVO";"Ausência de reação do condutor";"Saída de leito carroçável";"Com Vítimas Feridas";"Pleno dia";"Decrescente";"Céu Claro";"Simples";"Reta";"Não";2;0;0;1;1;0;1;1;-29,174147;-52,203892;"SPRF-RS";"DEL04-RS";"UOP01-DEL04-RS"
497918;2023-01-08;"domingo";"06:02:00";"BA";135;194;"BARREIRAS";"Reação tardia ou ineficiente do condutor";"Colisão traseira";"Com Vítimas Feridas";"Pleno dia";"Crescente";"Céu Claro";"Simples";"Reta";"Não";1;0;0;1;0;0;1;1;-12,27346297;-45,02476163;"SPRF-BA";"DEL08-BA";"UOP04-DEL08-BA"
497919;2023-01-08;"domingo";"03:05:00";"MS";163;680,9;"RIO VERDE DE MATO GROSSO";"Acessar a via sem observar a presença dos outros veículos";"Colisão transversal";"Sem Vítimas";"Plena Noite";"Crescente";"Nublado";"Simples";"Interseção de vias";"Sim";15;0;0;0;3;12;0;2;-18,92417173;-54,83538529;"SPRF-MS";"DEL06-MS";"UOP02-DEL06-MS"
497920;2023-01-08;"domingo";"06:35:00";"DF";60;11,3;"BRASILIA";"Acessar a via sem observar a presença dos outros veículos";"Colisão transversal";"Com Vítimas Fatais";"Pleno dia";"Crescente";"Céu Claro";"Dupla";"Reta";"Não";2;1;0;1;0;0;1;2;-15,91242901;-48,16002846;"SPRF-DF";"DEL01-DF";"UOP02-DEL01-DF"