"id";"data_inversa";"dia_semana";"horario";"uf";"br";"km";"municipio";"causa_acidente";"tipo_acidente";"classificacao_acidente";"fase_dia";"sentido_via";"condicao_metereologica";"tipo_pista";"tracado_via";"uso_solo";"pessoas";"mortos";"feridos_leves";"feridos_graves";"ilesos";"ignorados";"feridos";"veiculos";"latitude";"longitude";"regional";"delegacia";"uop"
498029;2023-01-08;"domingo";"17:41:00";"GO";40;128,3;"CRISTALINA";"Acumulo de água sobre o pavimento";"Capotamento";"Com Vítimas Feridas";"Pleno dia";"Decrescente";"Chuva";"Dupla";"Reta";"Não";2;0;2;0;0;0;2;1;-16,893073;-47,359216;"SPRF-DF";"DEL01-DF";"UOP04-DEL01-DF"
498030;2023-01-08;"domingo";"11:45:00";"RJ";493;14;"GUAPIMIRIM";"Demais falhas na via";"Colisão lateral mesmo sentido";"Com Vítimas Feridas";"Pleno dia";"Crescente";"Nublado";"Simples";"Reta";"Não";3;0;2;0;1;0;2;2;-22,67034011;-42,98256206;"SPRF-RJ";"DEL02-RJ";"UOP04-DEL02-RJ"
498031;2023-01-08;"domingo";"18:20:00";"RN";101;108;"PARNAMIRIM";"Reação tardia ou ineficiente do condutor";"Tombamento";"Com Vítimas Feridas";"Plena Noite";"Decrescente";"Céu Claro";"Dupla";"Não Informado";"Sim";1;0;1;0;0;0;1;1;-5,92825102;-35,26465683;"SPRF-RN";"DEL01-RN";"UOP01-DEL01-RN"
498032;2023-01-08;"domingo";"16:45:00";"GO";153;192;"URUACU";"Avarias e/ou desgaste excessivo no pneu";"Saída de leito carroçável";"Com Vítimas Feridas";"Pleno dia";"Decrescente";"Céu Claro";"Simples";"Reta";"Não";1;0;1;0;0;0;1;1;-14,463704;-49,156179;"SPRF-GO";"DEL07-GO";"UOP02-DEL07-GO"
498034;2023-01-08;"domingo";"16:00:00";"MG";40;787,4;"JUIZ DE FORA";"Reação tardia ou ineficiente do condutor";"Colisão com objeto";"Com Vítimas Feridas";"Pleno dia";"Crescente";"Chuva";"Dupla";"Curva";"Não";3;0;1;0;2;0;1;1;-21,73607735;-43,44262787;"SPRF-MG";"DEL05-MG";"UOP01-DEL05-MG"
498035;2023-01-08;"domingo";"18:28:00";"ES";101;249;"SERRA";"Condutor deixou de manter distância do veículo da frente";"Colisão traseira";"Com Vítimas Feridas";"Anoitecer";"Crescente";"Céu Claro";"Simples";"Curva";"Não";3;0;1;0;2;0;1;3;-20,07371936;-40,35345531;"SPRF-ES";"DEL02-ES";"UOP01-DEL02-ES"
498036;2023-01-08;"domingo";"04:23:00";"SC";282;418;"VARGEM BONITA";"Reação tardia ou ineficiente do condutor";"Capotamento";"Sem Vítimas";"Amanhecer";"Decrescente";"Céu Claro";"Simples";"Não Informado";"Sim";1;0;0;0;1;0;0;1;-27,006169;-51,737903;"SPRF-SC";"DEL07-SC";"UOP05-DEL07-SC"
498037;2023-01-08;"domingo";"18:40:00";"MG";381;341;"BELA VISTA DE MINAS";"Velocidade Incompatível";"Saída de leito carroçável";"Com Vítimas Feridas";"Plena Noite";"Decrescente";"Chuva";"Simples";"Curva";"Não";3;0;0;1;2;0;1;1;-19,82382024;-43,07801485;"SPRF-MG";"DEL03-MG";"UOP01-DEL03-MG"
498038;2023-01-08;"domingo";"17:50:00";"RJ";101;325;"NITEROI";"Ausência de reação do condutor";"Colisão traseira";"Com Vítimas Feridas";"Anoitecer";"Crescente";"Garoa/Chuvisco";"Dupla";"Ponte";"Sim";2;0;1;0;1;0;1;2;-22,87292569;-43,13625699;"SPRF-RJ";"DEL02-RJ";"UOP01-DEL02-RJ"
498041;2023-01-08;"domingo";"15:24:00";"MS";267;477,2;"GUIA LOPES DA LAGUNA";"Condutor deixou de manter distância do veículo da frente";"Colisão lateral mesmo sentido";"Com Vítimas Feridas";"Pleno dia";"Crescente";"Céu Claro";"Simples";"Não Informado";"Sim";3;0;1;0;2;0;1;2;-21,45800951;-56,12014554;"SPRF-MS";"DEL05-MS";"UOP01-DEL05-MS"
498042;2023-01-08;"domingo";"17:40:00";"MS";267;305;"RIO BRILHANTE";"Reação tardia ou ineficiente do condutor";"Capotamento";"Com Vítimas Feridas";"Pleno dia";"Crescente";"Céu Claro";"Simples";"Curva";"Não";3;0;1;0;2;0;1;1;-21,716267;-54,641756;"SPRF-MS";"DEL02-MS";"UOP02-DEL02-MS"
498043;2023-01-08;"domingo";"18:00:00";"SP";381;67,8;"MAIRIPORA";"Ausência de reação do condutor";"Colisão com objeto";"Com Vítimas Feridas";"Anoitecer";"Decrescente";"Garoa/Chuvisco";"Dupla";"Não Informado";"Sim";1;0;1;0;0;0;1;1;-23,3322609407;-46,5767537878;"SPRF-SP";"DEL03-SP";"UOP01-DEL03-SP"
498044;2023-01-08;"domingo";"18:30:00";"DF";70;10;"BRASILIA";"Ingestão de álcool pelo condutor";"Colisão transversal";"Com Vítimas Feridas";"Anoitecer";"Decrescente";"Nublado";"Dupla";"Retorno Regulamentado";"Sim";2;0;0;1;1;0;1;2;-15,787066;-48,140709;"SPRF-DF";"DEL01-DF";"UOP03-DEL01-DF"
498046;2023-01-08;"domingo";"19:00:00";"RJ";101;322;"NITEROI";"Condutor deixou de manter distância do veículo da frente";"Engavetamento";"Com Vítimas Feridas";"Plena Noite";"Crescente";"Céu Claro";"Simples";"Reta";"Não";3;0;1;0;1;1;1;3;-22,878923;-43,110676;"SPRF-RJ";"DEL02-RJ";"UOP01-DEL02-RJ"
498047;2023-01-08;"domingo";"18:00:00";"RS";116;239;"NOVO HAMBURGO";"Ausência de reação do condutor";"Engavetamento";"Sem Vítimas";"Anoitecer";"Crescente";"Céu Claro";"Dupla";"Não Informado";"Sim";9;0;0;0;9;0;0;4;-29,6961491;-51,14455767;"SPRF-RS";"DEL01-RS";"UOP02-DEL01-RS"
498048;2023-01-08;"domingo";"16:15:00";"RJ";116;95;"GUAPIMIRIM";"Velocidade Incompatível";"Capotamento";"Com Vítimas Feridas";"Pleno dia";"Decrescente";"Chuva";"Simples";"Não Informado";"Não";4;0;3;1;0;0;4;1;-22,488843;-42,999189;"SPRF-RJ";"DEL04-RJ";"UOP01-DEL04-RJ"
498049;2023-01-08;"domingo";"19:00:00";"PR";476;120;"COLOMBO";"Acesso irregular";"Colisão lateral sentido oposto";"Com Vítimas Feridas";"Plena Noite";"Crescente";"Céu Claro";"Dupla";"Interseção de vias";"Não";2;0;1;0;1;0;1;2;-25,37191;-49,19146;"SPRF-PR";"DEL01-PR";"UOP01-DEL01-PR"
498050;2023-01-08;"domingo";"18:30:00";"MG";381;651;"SANTO ANTONIO DO AMPARO";"Demais falhas na via";"Tombamento";"Com Vítimas Feridas";"Anoitecer";"Decrescente";"Chuva";"Dupla";"Reta";"Não";2;0;1;0;1;0;1;1;-20,97575268;-44,93997846;"SPRF-MG";"DEL04-MG";"UOP02-DEL04-MG"
498051;2023-01-08;"domingo";"19:00:00";"ES";101;122;"SOORETAMA";"Reação tardia ou ineficiente do condutor";"Saída de leito carroçável";"Com Vítimas Feridas";"Plena Noite";"Crescente";"Nublado";"Simples";"Reta";"Não";2;0;1;0;1;0;1;1;-19,16016593;-40,08315314;"SPRF-ES";"DEL04-ES";"UOP01-DEL04-ES"
498052;2023-01-08;"domingo";"17:00:00";"RJ";40;43;"PETROPOLIS";"Chuva";"Saída de leito carroçável";"Com Vítimas Feridas";"Pleno dia";"Decrescente";"Chuva";"Dupla";"Curva";"Não";4;0;1;1;2;0;2;1;-22,265139;-43,108506;"SPRF-RJ";"DEL06-RJ";"UOP01-DEL06-RJ"
498053;2023-01-08;"domingo";"18:50:00";"GO";153;394,1;"PIRENOPOLIS";"Ingestão de álcool pelo condutor";"Colisão frontal";"Com Vítimas Feridas";"Anoitecer";"Crescente";"Nublado";"Simples";"Reta";"Não";4;0;1;1;2;0;2;2;-16,000162;-49,140717;"SPRF-GO";"DEL02-GO";"UOP02-DEL02-GO"
498054;2023-01-08;"domingo";"19:45:00";"RS";285;293,1;"PASSO FUNDO";"Acessar a via sem observar a presença dos outros veículos";"Colisão transversal";"Com Vítimas Feridas";"Anoitecer";"Crescente";"Céu Claro";"Dupla";"Interseção de vias";"Sim";4;0;2;0;2;0;2;2;-28,23710314;-52,37431526;"SPRF-RS";"DEL08-RS";"UOP03-DEL08-RS"
498056;2023-01-08;"domingo";"18:40:00";"MG";381;558;"ITAGUARA";"Acumulo de água sobre o pavimento";"Colisão com objeto";"Com Vítimas Feridas";"Plena Noite";"Crescente";"Chuva";"Dupla";"Curva";"Não";2;0;1;0;1;0;1;1;-20,37563821;-44,47422681;"SPRF-MG";"DEL04-MG";"UOP03-DEL04-MG"
498057;2023-01-08;"domingo";"19:30:00";"SC";280;128;"RIO NEGRINHO";"Acessar a via sem observar a presença dos outros veículos";"Colisão transversal";"Com Vítimas Feridas";"Anoitecer";"Decrescente";"Céu Claro";"Simples";"Reta";"Não";5;0;1;0;4;0;1;2;-26,24317941;-49,51320018;"SPRF-SC";"DEL06-SC";"UOP03-DEL06-SC"
498059;2023-01-08;"domingo";"19:30:00";"SC";101;146;"ITAPEMA";"Reação tardia ou ineficiente do condutor";"Tombamento";"Com Vítimas Feridas";"Plena Noite";"Decrescente";"Nublado";"Múltipla";"Reta";"Sim";2;0;2;0;0;0;2;1;-27,08666525;-48,60955587;"SPRF-SC";"DEL04-SC";"UOP03-DEL04-SC"
498063;2023-01-08;"domingo";"19:45:00";"SC";101;264,8;"PAULO LOPES";"Ingestão de álcool pelo condutor";"Saída de leito carroçável";"Com Vítimas Feridas";"Plena Noite";"Crescente";"Garoa/Chuvisco";"Dupla";"Não Informado";"Sim";2;0;0;1;1;0;1;1;-28,05149404;-48,71632789;"SPRF-SC";"DEL02-SC";"UOP03-DEL02-SC"
498064;2023-01-08;"domingo";"19:00:00";"MS";163;256,7;"DOURADOS";"Transitar na contramão";"Colisão frontal";"Com Vítimas Feridas";"Plena Noite";"Decrescente";"Céu Claro";"Dupla";"Reta";"Sim";2;0;2;0;0;0;2;2;-22,258688;-54,804028;"SPRF-MS";"DEL04-MS";"UOP01-DEL04-MS"
498065;2023-01-08;"domingo";"19:15:00";"RN";304;47,6;"MOSSORO";"Ingestão de álcool pelo condutor";"Eventos atípicos";"Sem Vítimas";"Plena Noite";"Decrescente";"Céu Claro";"Múltipla";"Reta";"Sim";1;0;0;0;1;0;0;1;-5,22597224;-37,33086797;"SPRF-RN";"DEL04-RN";"UOP01-DEL04-RN"
498067;2023-01-08;"domingo";"19:10:00";"SP";116;278,8;"EMBU DAS ARTES";"Chuva";"Capotamento";"Sem Vítimas";"Plena Noite";"Crescente";"Chuva";"Dupla";"Curva";"Sim";1;0;0;0;1;0;0;1;-23,66233697;-46,85292907;"SPRF-SP";"DEL04-SP";"UOP01-DEL04-SP"
498068;2023-01-08;"domingo";"20:15:00";"PE";428;187,2;"PETROLINA";"Ingestão de álcool ou de substâncias psicoativas pelo pedestre";"Atropelamento de Pedestre";"Com Vítimas Feridas";"Plena Noite";"Decrescente";"Céu Claro";"Dupla";"Reta";"Sim";2;0;0;1;0;1;1;1;-9,3694111;-40,48536041;"SPRF-PE";"DEL06-PE";"UOP01-DEL06-PE"
498070;2023-01-08;"domingo";"20:05:00";"BA";101;730;"EUNAPOLIS";"Condutor Dormindo";"Colisão transversal";"Com Vítimas Feridas";"Plena Noite";"Decrescente";"Céu Claro";"Simples";"Curva";"Não";9;0;6;3;0;0;9;2;-16,470655;-39,575046;"SPRF-BA";"DEL09-BA";"UOP01-DEL09-BA"
498071;2023-01-08;"domingo";"20:00:00";"SP";116;274;"TABOAO DA SERRA";"Reação tardia ou ineficiente do condutor";"Colisão com objeto";"Com Vítimas Feridas";"Plena Noite";"Crescente";"Chuva";"Dupla";"Reta";"Não";1;0;0;1;0;0;1;1;-23,63445084;-46,82418514;"SPRF-SP";"DEL04-SP";"UOP01-DEL04-SP"
498072;2023-01-08;"domingo";"20:30:00";"PR";277;23,9;"MORRETES";"Manobra de mudança de faixa";"Colisão lateral mesmo sentido";"Com Vítimas Feridas";"Plena Noite";"Crescente";"Chuva";"Dupla";"Reta";"Não";2;0;1;0;1;0;1;2;-25,5291065;-48,7444278;"SPRF-PR";"DEL01-PR";"UOP05-DEL01-PR"
498074;2023-01-08;"domingo";"19:45:00";"GO";50;98,2;"CRISTALINA";"Avarias e/ou desgaste excessivo no pneu";"Colisão traseira";"Sem Vítimas";"Plena Noite";"Decrescente";"Chuva";"Simples";"Reta";"Não";2;0;0;0;2;0;0;2;-16,9309;-47,7117;"SPRF-DF";"DEL01-DF";"UOP04-DEL01-DF"
498075;2023-01-08;"domingo";"20:17:00";"RJ";116;122;"MAGE";"Avarias e/ou desgaste excessivo no pneu";"Saída de leito carroçável";"Sem Vítimas";"Plena Noite";"Decrescente";"Chuva";"Dupla";"Reta";"Não";1;0;0;0;1;0;0;1;-22,63509742;-43,05577963;"SPRF-RJ";"DEL02-RJ";"UOP04-DEL02-RJ"
498076;2023-01-08;"domingo";"21:00:00";"RS";290;96;"PORTO ALEGRE";"Manobra de mudança de faixa";"Colisão traseira";"Com Vítimas Feridas";"Plena Noite";"Crescente";"Céu Claro";"Dupla";"Reta";"Sim";1;0;1;0;0;0;1;1;-29,992107;-51,204525;"SPRF-RS";"DEL01-RS";"UOP01-DEL01-RS"
498077;2023-01-08;"domingo";"20:21:00";"PR";163;283;"MARECHAL CANDIDO RONDON";"Transitar na contramão";"Colisão transversal";"Sem Vítimas";"Plena Noite";"Decrescente";"Céu Claro";"Simples";"Não Informado";"Sim";2;0;0;0;2;0;0;2;-24,56816;-54,031208;"SPRF-PR";"DEL06-PR";"UOP02-DEL06-PR"
498079;2023-01-08;"domingo";"20:40:00";"RJ";116;190;"NOVA IGUACU";"Chuva";"Colisão traseira";"Com Vítimas Feridas";"Plena Noite";"Crescente";"Chuva";"Dupla";"Reta";"Não";2;0;1;0;1;0;1;2;-22,74123776;-43,5007311;"SPRF-RJ";"DEL01-RJ";"UOP02-DEL01-RJ"
498081;2023-01-05;"quinta-feira";"17:20:00";"SC";101;265,2;"PAULO LOPES";"Ultrapassagem Indevida";"Colisão lateral mesmo sentido";"Com Vítimas Feridas";"Anoitecer";"Decrescente";"Céu Claro";"Simples";"Não Informado";"Sim";4;0;1;2;0;1;3;2;-28,06001385;-48,71690948;"SPRF-SC";"DEL02-SC";"UOP03-DEL02-SC"
498082;2023-01-08;"domingo";"20:00:00";"MG";354;726;"POUSO ALTO";"Pista Escorregadia";"Saída de leito carroçável";"Sem Vítimas";"Plena Noite";"Crescente";"Chuva";"Simples";"Reta";"Não";1;0;0;0;0;1;0;1;-22,135409;-44,96858846;"SPRF-MG";"DEL17-MG";"UOP01-DEL17-MG"
498083;2023-01-08;"domingo";"11:00:00";"RO";364;424;"JARU";"Desrespeitar a preferência no cruzamento";"Colisão transversal";"Com Vítimas Feridas";"Pleno dia";"Decrescente";"Sol";"Simples";"Interseção de vias";"Sim";3;0;2;0;1;0;2;2;-10,44457274;-62,46568412;"SPRF-RO";"DEL03-RO";"UOP02-DEL03-RO"
498084;2023-01-08;"domingo";"21:30:00";"MG";40;617;"CONGONHAS";"Chuva";"Colisão frontal";"Com Vítimas Feridas";"Plena Noite";"Crescente";"Chuva";"Simples";"Reta";"Sim";2;0;1;0;1;0;1;2;-20,55295397;-43,81450989;"SPRF-MG";"DEL05-MG";"UOP02-DEL05-MG"
498085;2023-01-08;"domingo";"21:00:00";"PI";407;425;"PICOS";"Transitar na contramão";"Colisão lateral sentido oposto";"Com Vítimas Feridas";"Plena Noite";"Crescente";"Céu Claro";"Simples";"Reta";"Sim";2;0;0;1;1;0;1;2;-7,094478;-41,423126;"SPRF-PI";"DEL04-PI";"UOP01-DEL04-PI"
498087;2023-01-08;"domingo";"00:10:00";"SC";282;363;"ERVAL VELHO";"Reação tardia ou ineficiente do condutor";"Capotamento";"Sem Vítimas";"Plena Noite";"Decrescente";"Céu Claro";"Dupla";"Curva";"Não";1;0;0;0;1;0;0;1;-27,302458;-51,390484;"SPRF-SC";"DEL07-SC";"UOP05-DEL07-SC"
498088;2023-01-08;"domingo";"21:00:00";"MG";50;180;"UBERABA";"Ausência de reação do condutor";"Colisão com objeto";"Sem Vítimas";"Plena Noite";"Decrescente";"Chuva";"Simples";"Viaduto";"Sim";1;0;0;0;1;0;0;1;-19,77848216;-47,92194709;"SPRF-MG";"DEL13-MG";"UOP01-DEL13-MG"
498089;2023-01-08;"domingo";"21:45:00";"SP";116;321;"JUQUITIBA";"Condutor deixou de manter distância do veículo da frente";"Colisão traseira";"Com Vítimas Feridas";"Plena Noite";"Decrescente";"Chuva";"Dupla";"Reta";"Sim";2;0;1;0;1;0;1;2;-23,934612;-47,01729;"SPRF-SP";"DEL04-SP";"UOP03-DEL04-SP"
498090;2023-01-08;"domingo";"14:00:00";"MG";50;178;"UBERABA";"Velocidade Incompatível";"Colisão traseira";"Com Vítimas Feridas";"Pleno dia";"Crescente";"Céu Claro";"Dupla";"Desvio Temporário";"Sim";3;0;2;0;1;0;2;2;-19,77902101;-47,93866038;"SPRF-MG";"DEL13-MG";"UOP01-DEL13-MG"
498091;2023-01-08;"domingo";"22:28:00";"PE";423;94;"GARANHUNS";"Transitar na contramão";"Colisão frontal";"Sem Vítimas";"Plena Noite";"Decrescente";"Nublado";"Simples";"Reta";"Sim";2;0;0;0;2;0;0;2;-8,874732;-36,46946;"SPRF-PE";"DEL03-PE";"UOP01-DEL03-PE"
498092;2023-01-08;"domingo";"22:45:00";"SP";116;225;"GUARULHOS";"Demais falhas mecânicas ou elétricas";"Incêndio";"Sem Vítimas";"Plena Noite";"Crescente";"Nublado";"Múltipla";"Reta";"Sim";1;0;0;0;1;0;0;1;-23,48586772;-46,54075317;"SPRF-SP";"DEL01-SP";"UOP01-DEL01-SP"
498094;2023-01-08;"domingo";"22:25:00";"PR";376;652;"TIJUCAS DO SUL";"Reação tardia ou ineficiente do condutor";"Capotamento";"Com Vítimas Feridas";"Plena Noite";"Crescente";"Garoa/Chuvisco";"Dupla";"Não Informado";"Não";5;0;1;0;4;0;1;1;-25,8461583;-49,068884;"SPRF-PR";"DEL01-PR";"UOP04-DEL01-PR"
498095;2023-01-08;"domingo";"22:15:00";"PE";428;81,9;"SANTA MARIA DA BOA VISTA";"Animais na Pista";"Atropelamento de Animal";"Com Vítimas Feridas";"Plena Noite";"Crescente";"Céu Claro";"Simples";"Reta";"Não";1;0;0;1;0;0;1;1;-8,77720213;-39,81841269;"SPRF-PE";"DEL06-PE";"UOP03-DEL06-PE"
498097;2023-01-08;"domingo";"15:30:00";"GO";60;114,2;"GOIANAPOLIS";"Reação tardia ou ineficiente do condutor";"Tombamento";"Com Vítimas Feridas";"Pleno dia";"Decrescente";"Nublado";"Dupla";"Reta";"Não";1;0;1;0;0;0;1;1;-16,4633;-49,0636;"SPRF-GO";"DEL01-GO";"UOP01-DEL01-GO"
498098;2023-01-08;"domingo";"21:50:00";"MG";381;519;"IGARAPE";"Pista Escorregadia";"Colisão com objeto";"Com Vítimas Feridas";"Plena Noite";"Decrescente";"Chuva";"Dupla";"Não Informado";"Não";2;0;1;0;1;0;1;1;-20,12834104;-44,30330781;"SPRF-MG";"DEL04-MG";"UOP03-DEL04-MG"
498099;2023-01-08;"domingo";"22:40:00";"RJ";101;484,8;"ANGRA DOS REIS";"Transitar na contramão";"Colisão frontal";"Com Vítimas Feridas";"Plena Noite";"Crescente";"Chuva";"Simples";"Não Informado";"Não";3;0;1;0;2;0;1;2;-22,98696033;-44,30001855;"SPRF-RJ";"DEL03-RJ";"UOP02-DEL03-RJ"
498100;2023-01-08;"domingo";"23:20:00";"ES";101;54;"CONCEICAO DA BARRA";"Ingestão de álcool pelo condutor";"Tombamento";"Com Vítimas Feridas";"Plena Noite";"Decrescente";"Céu Claro";"Simples";"Não Informado";"Não";1;0;1;0;0;0;1;1;-18,62067908;-39,88189225;"SPRF-ES";"DEL04-ES";"UOP02-DEL04-ES"
498101;2023-01-08;"domingo";"23:45:00";"MG";50;123;"UBERABA";"Ausência de reação do condutor";"Saída de leito carroçável";"Com Vítimas Feridas";"Plena Noite";"Decrescente";"Chuva";"Dupla";"Reta";"Não";2;0;0;1;1;0;1;1;-19,33326318;-48,09913641;"SPRF-MG";"DEL13-MG";"UOP01-DEL13-MG"
498102;2023-01-09;"segunda-feira";"00:20:00";"SP";381;59;"ATIBAIA";"Reação tardia ou ineficiente do condutor";"Saída de leito carroçável";"Sem Vítimas";"Anoitecer";"Crescente";"Nevoeiro/Neblina";"Dupla";"Curva";"Sim";1;0;0;0;1;0;0;1;-23,28270705;-46,58787791;"SPRF-SP";"DEL03-SP";"UOP01-DEL03-SP"
498105;2023-01-08;"domingo";"23:15:00";"RS";101;51;"TERRA DE AREIA";"Ingestão de álcool pelo condutor";"Saída de leito carroçável";"Sem Vítimas";"Plena Noite";"Decrescente";"Céu Claro";"Dupla";"Reta";"Sim";1;0;0;0;1;0;0;1;-29,61499714;-50,0915338;"SPRF-RS";"DEL03-RS";"UOP02-DEL03-RS"
498106;2023-01-08;"domingo";"23:00:00";"TO";10;429;"PALMAS";"Ausência de reação do condutor";"Colisão com objeto";"Com Vítimas Feridas";"Plena Noite";"Crescente";"Chuva";"Múltipla";"Reta";"Sim";1;0;0;1;0;0;1;1;-10,27921018;-48,29924121;"SPRF-TO";"DEL01-TO";"UOP03-DEL01-TO"
498109;2023-01-09;"segunda-feira";"00:30:00";"PR";277;701;"SAO MIGUEL DO IGUACU";"Velocidade Incompatível";"Colisão com objeto";"Sem Vítimas";"Plena Noite";"Crescente";"Nublado";"Dupla";"Reta";"Não";1;0;0;0;1;0;0;1;-25,41088329;-54,33648583;"SPRF-PR";"DEL05-PR";"UOP01-DEL05-PR"
498110;2023-01-08;"domingo";"19:45:00";"SC";101;314;"LAGUNA";"Reação tardia ou ineficiente do condutor";"Saída de leito carroçável";"Com Vítimas Feridas";"Plena Noite";"Crescente";"Céu Claro";"Simples";"Reta";"Não";1;0;0;1;0;0;1;1;-28,4289462;-48,84649694;"SPRF-SC";"DEL02-SC";"UOP01-DEL02-SC"
498111;2023-01-08;"domingo";"23:10:00";"PR";163;148,3;"SANTA LUCIA";"Obras na pista";"Saída de leito carroçável";"Com Vítimas Feridas";"Plena Noite";"Decrescente";"Nublado";"Simples";"Túnel";"Não";1;0;1;0;0;0;1;1;-25,43548;-53,57678909;"SPRF-PR";"DEL04-PR";"UOP04-DEL04-PR"
498112;2023-01-09;"segunda-feira";"01:30:00";"SC";101;118,9;"ITAJAI";"Demais falhas mecânicas ou elétricas";"Incêndio";"Sem Vítimas";"Plena Noite";"Decrescente";"Céu Claro";"Dupla";"Reta";"Não";1;0;0;0;1;0;0;1;-26,895859;-48,71903;"SPRF-SC";"DEL04-SC";"UOP04-DEL04-SC"
498113;2023-01-09;"segunda-feira";"00:40:00";"PR";277;722,3;"FOZ DO IGUACU";"Desrespeitar a preferência no cruzamento";"Colisão transversal";"Sem Vítimas";"Plena Noite";"Decrescente";"Nublado";"Dupla";"Retorno Regulamentado";"Não";2;0;0;0;1;1;0;2;-25,49494908;-54,52095097;"SPRF-PR";"DEL05-PR";"UOP03-DEL05-PR"
498114;2023-01-09;"segunda-feira";"00:30:00";"PB";230;87;"GURINHEM";"Ingestão de álcool pelo condutor";"Tombamento";"Com Vítimas Feridas";"Plena Noite";"Decrescente";"Céu Claro";"Dupla";"Reta";"Não";3;0;1;0;2;0;1;2;-7,1673;-35,3656;"SPRF-PB";"DEL01-PB";"UOP03-DEL01-PB"
498115;2023-01-08;"domingo";"23:15:00";"MT";364;262;"JUSCIMEIRA";"Avarias e/ou desgaste excessivo no pneu";"Saída de leito carroçável";"Com Vítimas Feridas";"Plena Noite";"Crescente";"Céu Claro";"Dupla";"Não Informado";"Não";2;0;0;2;0;0;2;1;-16,023325;-54,899853;"SPRF-MT";"DEL02-MT";"UOP01-DEL02-MT"
498118;2023-01-09;"segunda-feira";"01:50:00";"RN";101;124,2;"SAO JOSE DE MIPIBU";"Ingestão de álcool pelo condutor";"Colisão com objeto";"Sem Vítimas";"Plena Noite";"Crescente";"Céu Claro";"Múltipla";"Interseção de vias";"Sim";1;0;0;0;1;0;0;1;-6,07054896;-35,23785797;"SPRF-RN";"DEL01-RN";"UOP01-DEL01-RN"
498120;2023-01-09;"segunda-feira";"02:00:00";"SC";101;120;"ITAJAI";"Transitar na contramão";"Colisão frontal";"Com Vítimas Feridas";"Plena Noite";"Crescente";"Céu Claro";"Múltipla";"Não Informado";"Sim";2;0;0;1;1;0;1;2;-26,91964967;-48,71023536;"SPRF-SC";"DEL04-SC";"UOP04-DEL04-SC"
498121;2023-01-08;"domingo";"23:05:00";"MG";116;653,7;"FERVEDOURO";"Pedestre andava na pista";"Atropelamento de Pedestre";"Com Vítimas Fatais";"Plena Noite";"Crescente";"Chuva";"Simples";"Reta";"Sim";3;1;0;0;1;1;0;1;-20,74345502;-42,28632781;"SPRF-MG";"DEL07-MG";"UOP03-DEL07-MG"
498122;2023-01-09;"segunda-feira";"03:15:00";"MT";158;578;"AGUA BOA";"Ausência de sinalização";"Colisão traseira";"Com Vítimas Feridas";"Plena Noite";"Decrescente";"Céu Claro";"Simples";"Curva";"Não";48;0;2;0;46;0;2;2;-14,12020222;-52,18150565;"SPRF-MT";"DEL07-MT";"UOP02-DEL07-MT"
498123;2023-01-08;"domingo";"21:30:00";"MG";381;456;"BELO HORIZONTE";"Pista esburacada";"Queda de ocupante de veículo";"Com Vítimas Feridas";"Plena Noite";"Decrescente";"Chuva";"Dupla";"Reta";"Não";1;0;0;1;0;0;1;1;-19,85862954;-43,91292495;"SPRF-MG";"DEL01-MG";"UOP01-DEL01-MG"
498124;2023-01-09;"segunda-feira";"04:10:00";"MT";364;214;"RONDONOPOLIS";"Transitar na contramão";"Colisão transversal";"Com Vítimas Feridas";"Amanhecer";"Crescente";"Nublado";"Dupla";"Reta";"Não";2;0;0;1;1;0;1;2;-16,40139601;-54,71543294;"SPRF-MT";"DEL02-MT";"UOP01-DEL02-MT"
498125;2023-01-09;"segunda-feira";"05:45:00";"PE";101;57;"PAULISTA";"Ausência de reação do condutor";"Colisão traseira";"Com Vítimas Feridas";"Pleno dia";"Decrescente";"Céu Claro";"Dupla";"Reta";"Não";2;0;0;1;1;0;1;2;-7,96346213;-34,91513486;"SPRF-PE";"DEL01-PE";"UOP02-DEL01-PE"
498126;2023-01-09;"segunda-feira";"05:40:00";"RS";468;98,6;"TRES PASSOS";"Animais na Pista";"Saída de leito carroçável";"Com Vítimas Feridas";"Amanhecer";"Crescente";"Céu Claro";"Simples";"Reta";"Não";1;0;0;1;0;0;1;1;-27,48388229;-53,90197117;"SPRF-RS";"DEL08-RS";"UOP02-DEL08-RS"
498128;2023-01-09;"segunda-feira";"05:15:00";"PR";277;248;"IRATI";"Ausência de reação do condutor";"Saída de leito carroçável";"Com Vítimas Feridas";"Amanhecer";"Crescente";"Céu Claro";"Simples";"Não Informado";"Não";2;0;1;0;1;0;1;1;-25,453166;-50,651406;"SPRF-PR";"DEL08-PR";"UOP02-DEL08-PR"
498129;2023-01-08;"domingo";"22:40:00";"MG";381;513;"IGARAPE";"Ausência de reação do condutor";"Saída de leito carroçável";"Sem Vítimas";"Plena Noite";"Crescente";"Chuva";"Dupla";"Reta";"Sim";1;0;0;0;0;1;0;1;-20,099993;-44,318903;"SPRF-MG";"DEL01-MG";"UOP03-DEL01-MG"
498130;2023-01-08;"domingo";"09:40:00";"MA";230;346;"SAO RAIMUNDO DAS MANGABEIRAS";"Condutor deixou de manter distância do veículo da frente";"Colisão traseira";"Com Vítimas Feridas";"Pleno dia";"Decrescente";"Céu Claro";"Simples";"Reta";"Não";3;0;2;0;0;1;2;2;-7,15146864;-45,72045876;"SPRF-MA";"DEL05-MA";"UOP01-DEL05-MA"