"id";"data_inversa";"dia_semana";"horario";"uf";"br";"km";"municipio";"causa_acidente";"tipo_acidente";"classificacao_acidente";"fase_dia";"sentido_via";"condicao_metereologica";"tipo_pista";"tracado_via";"uso_solo";"pessoas";"mortos";"feridos_leves";"feridos_graves";"ilesos";"ignorados";"feridos";"veiculos";"latitude";"longitude";"regional";"delegacia";"uop"
498259;2023-01-09;"segunda-feira";"12:30:00";"SC";282;563;"NOVA ERECHIM";"Ingestão de álcool pelo condutor";"Saída de leito carroçável";"Com Vítimas Feridas";"Pleno dia";"Decrescente";"Céu Claro";"Simples";"Reta";"Não";1;0;1;0;0;0;1;1;-26,902191;-52,868835;"SPRF-SC";"DEL07-SC";"UOP02-DEL07-SC"
498260;2023-01-09;"segunda-feira";"17:15:00";"SC";470;37,9;"GASPAR";"Retorno proibido";"Colisão lateral mesmo sentido";"Com Vítimas Feridas";"Plena Noite";"Crescente";"Céu Claro";"Simples";"Não Informado";"Sim";2;0;1;0;1;0;1;2;-26,912727;-48,978043;"SPRF-SC";"DEL04-SC";"UOP01-DEL04-SC"
498261;2023-01-09;"segunda-feira";"17:20:00";"RJ";101;297;"ITABORAI";"Acessar a via sem observar a presença dos outros veículos";"Colisão lateral mesmo sentido";"Com Vítimas Feridas";"Pleno dia";"Decrescente";"Garoa/Chuvisco";"Dupla";"Reta";"Sim";2;0;1;0;0;1;1;2;-22,76942037;-42,91873581;"SPRF-RJ";"DEL02-RJ";"UOP02-DEL02-RJ"
498262;2023-01-09;"segunda-feira";"16:10:00";"MT";364;332,2;"SANTO ANTONIO DO LEVERGER";"Chuva";"Saída de leito carroçável";"Com Vítimas Feridas";"Pleno dia";"Decrescente";"Chuva";"Dupla";"Desvio Temporário";"Não";2;0;0;2;0;0;2;1;-15,82506773;-55,42827212;"SPRF-MT";"DEL05-MT";"UOP02-DEL05-MT"
498263;2023-01-09;"segunda-feira";"11:34:00";"PI";343;592;"FLORIANO";"Acesso irregular";"Queda de ocupante de veículo";"Com Vítimas Feridas";"Pleno dia";"Decrescente";"Céu Claro";"Dupla";"Não Informado";"Sim";2;0;1;0;1;0;1;1;-6,780962;-43,024362;"SPRF-PI";"DEL03-PI";"UOP01-DEL03-PI"
498264;2023-01-09;"segunda-feira";"17:30:00";"PR";277;83,5;"CURITIBA";"Reação tardia ou ineficiente do condutor";"Colisão lateral mesmo sentido";"Com Vítimas Feridas";"Pleno dia";"Decrescente";"Céu Claro";"Dupla";"Reta";"Sim";4;0;1;0;3;0;1;2;-25,44773113;-49,23055172;"SPRF-PR";"DEL01-PR";"UOP01-DEL01-PR"
498266;2023-01-09;"segunda-feira";"18:10:00";"PE";101;72;"RECIFE";"Entrada inopinada do pedestre";"Atropelamento de Pedestre";"Com Vítimas Feridas";"Plena Noite";"Crescente";"Céu Claro";"Dupla";"Curva";"Sim";3;0;2;0;1;0;2;2;-8,08493106;-34,9450639;"SPRF-PE";"DEL01-PE";"UOP01-DEL01-PE"
498269;2023-01-09;"segunda-feira";"18:20:00";"SC";101;135,2;"BALNEARIO CAMBORIU";"Entrada inopinada do pedestre";"Atropelamento de Pedestre";"Com Vítimas Fatais";"Anoitecer";"Decrescente";"Céu Claro";"Múltipla";"Viaduto";"Sim";2;1;0;0;1;0;0;1;-27,005419;-48,624871;"SPRF-SC";"DEL04-SC";"UOP03-DEL04-SC"
498270;2023-01-09;"segunda-feira";"14:30:00";"BA";116;815;"VITORIA DA CONQUISTA";"Condutor deixou de manter distância do veículo da frente";"Colisão traseira";"Com Vítimas Feridas";"Pleno dia";"Decrescente";"Céu Claro";"Simples";"Reta";"Sim";1;0;0;1;0;0;1;1;-14,77315332;-40,72201784;"SPRF-BA";"DEL08-BA";"UOP01-DEL08-BA"
498271;2023-01-09;"segunda-feira";"14:30:00";"PI";316;0;"TERESINA";"Reação tardia ou ineficiente do condutor";"Colisão transversal";"Sem Vítimas";"Pleno dia";"Crescente";"Nublado";"Dupla";"Não Informado";"Sim";2;0;0;0;2;0;0;2;-5,12765881;-42,80431336;"SPRF-PI";"DEL01-PI";"UOP02-DEL01-PI"
498273;2023-01-09;"segunda-feira";"17:40:00";"PR";280;292;"FLOR DA SERRA DO SUL";"Desrespeitar a preferência no cruzamento";"Colisão transversal";"Com Vítimas Feridas";"Pleno dia";"Crescente";"Céu Claro";"Simples";"Reta";"Sim";2;0;1;0;1;0;1;2;-26,2535311;-53,32653698;"SPRF-PR";"DEL02-PR";"UOP01-DEL02-PR"
498275;2023-01-09;"segunda-feira";"19:05:00";"SC";101;462;"PASSO DE TORRES";"Demais falhas mecânicas ou elétricas";"Incêndio";"Sem Vítimas";"Anoitecer";"Crescente";"Céu Claro";"Dupla";"Reta";"Não";4;0;0;0;4;0;0;1;-29,27577495;-49,75499332;"SPRF-RS";"DEL03-RS";"UOP02-DEL03-RS"
498276;2023-01-09;"segunda-feira";"18:30:00";"SC";280;210;"TRES BARRAS";"Acessar a via sem observar a presença dos outros veículos";"Colisão transversal";"Com Vítimas Feridas";"Pleno dia";"Decrescente";"Céu Claro";"Simples";"Reta";"Não";4;0;0;1;2;1;1;2;-26,17399809;-50,16814498;"SPRF-SC";"DEL06-SC";"UOP04-DEL06-SC"
498278;2023-01-09;"segunda-feira";"18:30:00";"CE";116;41;"HORIZONTE";"Acessar a via sem observar a presença dos outros veículos";"Colisão transversal";"Com Vítimas Feridas";"Plena Noite";"Crescente";"Céu Claro";"Dupla";"Reta";"Sim";3;0;0;2;1;0;2;2;-4,1024351;-38,50001011;"SPRF-CE";"DEL01-CE";"UOP02-DEL01-CE"
498281;2023-01-09;"segunda-feira";"20:00:00";"DF";20;8,4;"BRASILIA";"Condutor deixou de manter distância do veículo da frente";"Colisão traseira";"Com Vítimas Feridas";"Plena Noite";"Crescente";"Céu Claro";"Dupla";"Não Informado";"Sim";2;0;0;1;1;0;1;2;-15,658386;-47,791534;"SPRF-DF";"DEL02-DF";"UOP01-DEL02-DF"
498282;2023-01-09;"segunda-feira";"18:30:00";"MG";381;489,4;"BETIM";"Manobra de mudança de faixa";"Colisão traseira";"Com Vítimas Feridas";"Plena Noite";"Crescente";"Chuva";"Dupla";"Reta";"Sim";2;0;2;0;0;0;2;2;-19,95666977;-44,13823843;"SPRF-MG";"DEL01-MG";"UOP03-DEL01-MG"
498283;2023-01-09;"segunda-feira";"20:00:00";"RN";101;103;"PARNAMIRIM";"Condutor deixou de manter distância do veículo da frente";"Tombamento";"Com Vítimas Feridas";"Plena Noite";"Crescente";"Céu Claro";"Dupla";"Reta";"Não";1;0;1;0;0;0;1;1;-5,89034022;-35,24894996;"SPRF-RN";"DEL01-RN";"UOP01-DEL01-RN"
498285;2023-01-09;"segunda-feira";"17:17:00";"RO";364;647;"CANDEIAS DO JAMARI";"Acessar a via sem observar a presença dos outros veículos";"Colisão lateral sentido oposto";"Sem Vítimas";"Pleno dia";"Crescente";"Céu Claro";"Simples";"Não Informado";"Não";4;0;0;0;4;0;0;2;-8,94821102;-63,42977111;"SPRF-RO";"DEL03-RO";"UOP03-DEL03-RO"
498286;2023-01-09;"segunda-feira";"20:20:00";"SC";280;54,5;"GUARAMIRIM";"Reação tardia ou ineficiente do condutor";"Colisão traseira";"Com Vítimas Feridas";"Plena Noite";"Crescente";"Nublado";"Dupla";"Não Informado";"Sim";3;0;1;0;2;0;1;2;-26,47539893;-48,983748;"SPRF-SC";"DEL03-SC";"UOP03-DEL03-SC"
498287;2023-01-09;"segunda-feira";"19:00:00";"PR";277;103;"CAMPO LARGO";"Reação tardia ou ineficiente do condutor";"Colisão traseira";"Com Vítimas Feridas";"Plena Noite";"Decrescente";"Céu Claro";"Dupla";"Reta";"Não";3;0;1;0;2;0;1;2;-25,49678798;-49,3426549;"SPRF-PR";"DEL01-PR";"UAP06-DEL01-PR"
498289;2023-01-09;"segunda-feira";"20:00:00";"PB";101;126,9;"CAAPORA";"Pedestre cruzava a pista fora da faixa";"Atropelamento de Pedestre";"Com Vítimas Feridas";"Plena Noite";"Decrescente";"Céu Claro";"Dupla";"Reta";"Sim";2;0;0;1;1;0;1;1;-7,49506862;-34,98390198;"SPRF-PB";"DEL01-PB";"UOP02-DEL01-PB"
498290;2023-01-09;"segunda-feira";"18:06:00";"GO";153;71,7;"PORANGATU";"Acessar a via sem observar a presença dos outros veículos";"Colisão transversal";"Com Vítimas Feridas";"Pleno dia";"Crescente";"Céu Claro";"Simples";"Interseção de vias";"Não";3;0;1;1;0;1;2;3;-13,44100689;-49,13279057;"SPRF-GO";"DEL07-GO";"UOP01-DEL07-GO"
498292;2023-01-09;"segunda-feira";"20:15:00";"RS";470;237;"CARLOS BARBOSA";"Ausência de reação do condutor";"Colisão com objeto";"Com Vítimas Feridas";"Plena Noite";"Crescente";"Céu Claro";"Simples";"Não Informado";"Não";1;0;0;1;0;0;1;1;-29,33474163;-51,50120258;"SPRF-RS";"DEL06-RS";"UOP01-DEL06-RS"
498293;2023-01-09;"segunda-feira";"17:31:00";"PI";135;483;"MONTE ALEGRE DO PIAUI";"Falta de acostamento";"Saída de leito carroçável";"Com Vítimas Feridas";"Plena Noite";"Crescente";"Céu Claro";"Simples";"Reta";"Não";3;0;2;0;1;0;2;1;-9,6987081;-45,13160085;"SPRF-PI";"DEL03-PI";"UOP02-DEL03-PI"
498294;2023-01-09;"segunda-feira";"20:00:00";"MG";116;424;"ALPERCATA";"Reação tardia ou ineficiente do condutor";"Colisão traseira";"Com Vítimas Feridas";"Plena Noite";"Crescente";"Céu Claro";"Simples";"Reta";"Não";2;0;1;0;1;0;1;2;-18,95689528;-41,96500492;"SPRF-MG";"DEL06-MG";"UOP01-DEL06-MG"
498297;2023-01-09;"segunda-feira";"19:45:00";"SC";470;59,9;"BLUMENAU";"Conversão proibida";"Colisão transversal";"Com Vítimas Feridas";"Plena Noite";"Decrescente";"Nublado";"Simples";"Reta";"Sim";2;0;1;0;1;0;1;2;-26,88114554;-49,16550463;"SPRF-SC";"DEL04-SC";"UOP01-DEL04-SC"
498298;2023-01-09;"segunda-feira";"16:30:00";"SP";381;89,9;"GUARULHOS";"Ausência de reação do condutor";"Colisão traseira";"Com Vítimas Feridas";"Pleno dia";"Decrescente";"Nublado";"Dupla";"Reta";"Não";2;0;1;0;1;0;1;2;-23,495071;-46,55932;"SPRF-SP";"DEL03-SP";"UOP01-DEL03-SP"
498299;2023-01-09;"segunda-feira";"18:35:00";"GO";153;643;"MORRINHOS";"Ingestão de álcool pelo condutor";"Capotamento";"Sem Vítimas";"Amanhecer";"Crescente";"Chuva";"Dupla";"Reta";"Não";3;0;0;0;3;0;0;1;-17,9057;-49,2375;"SPRF-GO";"DEL03-GO";"UOP01-DEL03-GO"
498300;2023-01-09;"segunda-feira";"20:10:00";"MG";381;897,8;"CAMBUI";"Demais falhas na via";"Saída de leito carroçável";"Com Vítimas Feridas";"Plena Noite";"Decrescente";"Chuva";"Dupla";"Reta";"Sim";2;0;1;0;1;0;1;1;-22,60579839;-46,05941556;"SPRF-MG";"DEL16-MG";"UOP03-DEL16-MG"
498301;2023-01-09;"segunda-feira";"19:13:00";"RJ";393;278;"BARRA DO PIRAI";"Pedestre andava na pista";"Atropelamento de Pedestre";"Com Vítimas Feridas";"Plena Noite";"Decrescente";"Chuva";"Simples";"Reta";"Sim";2;0;0;1;0;1;1;1;-22,47508022;-43,9983672;"SPRF-RJ";"DEL05-RJ";"UOP02-DEL05-RJ"
498303;2023-01-09;"segunda-feira";"14:38:00";"PR";373;458;"MANGUEIRINHA";"Velocidade Incompatível";"Colisão traseira";"Com Vítimas Feridas";"Pleno dia";"Decrescente";"Céu Claro";"Simples";"Reta";"Não";3;0;2;0;1;0;2;2;-25,9212348;-52,39394804;"SPRF-PR";"DEL02-PR";"UOP01-DEL02-PR"
498304;2023-01-09;"segunda-feira";"19:00:00";"SC";101;276;"IMBITUBA";"Ultrapassagem Indevida";"Colisão lateral mesmo sentido";"Com Vítimas Feridas";"Anoitecer";"Crescente";"Céu Claro";"Simples";"Reta";"Sim";2;0;1;0;1;0;1;2;-28,14644701;-48,69204746;"SPRF-SC";"DEL02-SC";"UOP03-DEL02-SC"
498305;2023-01-09;"segunda-feira";"20:50:00";"MG";381;492;"BETIM";"Demais falhas na via";"Tombamento";"Com Vítimas Feridas";"Plena Noite";"Crescente";"Céu Claro";"Múltipla";"Reta";"Sim";2;0;0;1;1;0;1;2;-19,9604421;-44,1588003;"SPRF-MG";"DEL01-MG";"UOP03-DEL01-MG"
498306;2023-01-09;"segunda-feira";"21:00:00";"MG";40;518;"RIBEIRAO DAS NEVES";"Manobra de mudança de faixa";"Colisão lateral mesmo sentido";"Com Vítimas Feridas";"Plena Noite";"Crescente";"Garoa/Chuvisco";"Dupla";"Reta";"Sim";2;0;1;0;1;0;1;2;-19,8321242;-44,08208533;"SPRF-MG";"DEL01-MG";"UOP02-DEL01-MG"
498308;2023-01-09;"segunda-feira";"19:30:00";"PR";277;359,5;"GUARAPUAVA";"Ultrapassagem Indevida";"Saída de leito carroçável";"Sem Vítimas";"Anoitecer";"Decrescente";"Céu Claro";"Simples";"Não Informado";"Não";4;0;0;0;4;0;0;1;-25,40880193;-51,55549308;"SPRF-PR";"DEL08-PR";"UOP01-DEL08-PR"
498309;2023-01-09;"segunda-feira";"18:30:00";"RO";435;129;"CEREJEIRAS";"Ausência de reação do condutor";"Colisão traseira";"Com Vítimas Feridas";"Anoitecer";"Decrescente";"Nublado";"Simples";"Reta";"Não";2;0;1;0;1;0;1;2;-13,18920493;-60,89910507;"SPRF-RO";"DEL04-RO";"UOP02-DEL04-RO"
498310;2023-01-09;"segunda-feira";"21:10:00";"PR";116;115;"CURITIBA";"Reação tardia ou ineficiente do condutor";"Colisão com objeto";"Sem Vítimas";"Plena Noite";"Decrescente";"Céu Claro";"Simples";"Não Informado";"Sim";1;0;0;0;0;1;0;1;-25,54560688;-49,30331469;"SPRF-PR";"DEL01-PR";"UOP07-DEL01-PR"
498311;2023-01-09;"segunda-feira";"21:30:00";"BA";101;293;"VALENCA";"Objeto estático sobre o leito carroçável";"Colisão com objeto";"Sem Vítimas";"Plena Noite";"Crescente";"Céu Claro";"Simples";"Reta";"Não";1;0;0;0;1;0;0;1;-13,20709276;-39,32287395;"SPRF-BA";"DEL01-BA";"UOP02-DEL01-BA"
498313;2023-01-09;"segunda-feira";"21:40:00";"SP";116;512;"CAJATI";"Velocidade Incompatível";"Colisão com objeto";"Com Vítimas Feridas";"Plena Noite";"Decrescente";"Garoa/Chuvisco";"Dupla";"Não Informado";"Não";1;0;1;0;0;0;1;1;-24,83332404;-48,21504593;"SPRF-SP";"DEL05-SP";"UOP02-DEL05-SP"
498314;2023-01-09;"segunda-feira";"23:15:00";"AL";423;95;"DELMIRO GOUVEIA";"Ausência de reação do condutor";"Colisão traseira";"Com Vítimas Feridas";"Plena Noite";"Crescente";"Céu Claro";"Simples";"Reta";"Sim";4;0;1;1;2;0;2;2;-9,37554737;-38,11448387;"SPRF-BA";"DEL07-BA";"UOP01-DEL07-BA"
498315;2023-01-09;"segunda-feira";"23:50:00";"RS";285;96,8;"VACARIA";"Pedestre andava na pista";"Atropelamento de Pedestre";"Com Vítimas Fatais";"Plena Noite";"Crescente";"Céu Claro";"Simples";"Reta";"Não";3;1;0;0;0;2;0;1;-28,597429;-50,742641;"SPRF-RS";"DEL05-RS";"UOP03-DEL05-RS"
498316;2023-01-10;"terça-feira";"00:10:00";"PE";232;144;"SAO CAITANO";"Animais na Pista";"Atropelamento de Animal";"Com Vítimas Feridas";"Plena Noite";"Crescente";"Céu Claro";"Dupla";"Reta";"Não";2;0;2;0;0;0;2;1;-8,32522249;-36,11250878;"SPRF-PE";"DEL03-PE";"UOP02-DEL03-PE"
498317;2023-01-09;"segunda-feira";"22:15:00";"RJ";101;402;"ITAGUAI";"Ausência de reação do condutor";"Saída de leito carroçável";"Com Vítimas Feridas";"Plena Noite";"Decrescente";"Chuva";"Dupla";"Reta";"Não";1;0;1;0;0;0;1;1;-22,85437433;-43,78440169;"SPRF-RJ";"DEL01-RJ";"UOP04-DEL01-RJ"
498318;2023-01-09;"segunda-feira";"23:50:00";"RJ";101;67;"CAMPOS DOS GOYTACAZES";"Condutor deixou de manter distância do veículo da frente";"Colisão traseira";"Com Vítimas Feridas";"Plena Noite";"Crescente";"Céu Claro";"Simples";"Reta";"Não";2;0;0;1;1;0;1;2;-21,76751094;-41,34876249;"SPRF-RJ";"DEL08-RJ";"UOP02-DEL08-RJ"
498320;2023-01-10;"terça-feira";"00:36:00";"GO";80;49;"PADRE BERNARDO";"Animais na Pista";"Atropelamento de Animal";"Com Vítimas Feridas";"Plena Noite";"Crescente";"Céu Claro";"Simples";"Reta";"Não";2;0;1;0;1;0;1;1;-15,160354;-48,311521;"SPRF-DF";"DEL01-DF";"UOP03-DEL01-DF"
498321;2023-01-09;"segunda-feira";"23:30:00";"MG";40;145;"JOAO PINHEIRO";"Ausência de reação do condutor";"Saída de leito carroçável";"Com Vítimas Feridas";"Plena Noite";"Crescente";"Nublado";"Simples";"Não Informado";"Não";1;0;0;1;0;0;1;1;-17,75566262;-46,16329585;"SPRF-MG";"DEL14-MG";"UOP01-DEL14-MG"
498322;2023-01-10;"terça-feira";"01:50:00";"PR";369;145;"LONDRINA";"Condutor Dormindo";"Colisão traseira";"Com Vítimas Feridas";"Plena Noite";"Decrescente";"Nublado";"Dupla";"Desvio Temporário";"Não";2;0;1;0;1;0;1;2;-23,293319;-51,116502;"SPRF-PR";"DEL07-PR";"UOP01-DEL07-PR"
498325;2023-01-09;"segunda-feira";"23:00:00";"MG";146;477,9;"BANDEIRA DO SUL";"Ingestão de álcool pelo condutor";"Colisão lateral sentido oposto";"Sem Vítimas";"Plena Noite";"Crescente";"Chuva";"Simples";"Interseção de vias";"Não";2;0;0;0;2;0;0;2;-21,745141;-46,40391;"SPRF-MG";"DEL09-MG";"UOP01-DEL09-MG"
498326;2023-01-10;"terça-feira";"02:30:00";"RJ";101;124;"CONCEICAO DE MACABU";"Reação tardia ou ineficiente do condutor";"Colisão lateral mesmo sentido";"Com Vítimas Feridas";"Plena Noite";"Decrescente";"Chuva";"Dupla";"Reta";"Não";2;0;1;0;0;1;1;2;-22,05826818;-41,68411491;"SPRF-RJ";"DEL08-RJ";"UOP04-DEL08-RJ"
498328;2023-01-10;"terça-feira";"04:30:00";"SC";282;2,5;"FLORIANOPOLIS";"Condutor Dormindo";"Queda de ocupante de veículo";"Com Vítimas Feridas";"Plena Noite";"Crescente";"Céu Claro";"Múltipla";"Reta";"Sim";1;0;1;0;0;0;1;1;-27,603289;-48,590416;"SPRF-SC";"DEL01-SC";"UOP01-DEL01-SC"
498331;2023-01-09;"segunda-feira";"18:40:00";"MG";365;482;"PATROCINIO";"Afundamento ou ondulação no pavimento";"Saída de leito carroçável";"Com Vítimas Feridas";"Plena Noite";"Decrescente";"Garoa/Chuvisco";"Simples";"Reta";"Não";1;0;1;0;0;0;1;1;-18,89295199;-47,08731001;"SPRF-MG";"DEL10-MG";"UOP01-DEL10-MG"
498332;2023-01-10;"terça-feira";"06:00:00";"MG";381;942,5;"EXTREMA";"Ausência de reação do condutor";"Colisão traseira";"Com Vítimas Feridas";"Pleno dia";"Decrescente";"Chuva";"Dupla";"Curva";"Não";6;0;1;0;5;0;1;2;-22,86605937;-46,34940386;"SPRF-MG";"DEL16-MG";"UOP03-DEL16-MG"
498333;2023-01-10;"terça-feira";"06:00:00";"SC";101;135;"BALNEARIO CAMBORIU";"Acessar a via sem observar a presença dos outros veículos";"Colisão transversal";"Com Vítimas Feridas";"Amanhecer";"Crescente";"Céu Claro";"Simples";"Reta";"Não";2;0;0;1;1;0;1;2;-27,0050108;-48,62677494;"SPRF-SC";"DEL04-SC";"UOP03-DEL04-SC"
498334;2023-01-10;"terça-feira";"00:50:00";"BA";116;460;"SANTO ESTEVAO";"Demais falhas mecânicas ou elétricas";"Incêndio";"Sem Vítimas";"Plena Noite";"Decrescente";"Céu Claro";"Dupla";"Reta";"Sim";1;0;0;0;1;0;0;1;-12,42571818;-39,20648189;"SPRF-BA";"DEL02-BA";"UOP01-DEL02-BA"
498336;2023-01-10;"terça-feira";"07:00:00";"MG";40;768,2;"JUIZ DE FORA";"Avarias e/ou desgaste excessivo no pneu";"Queda de ocupante de veículo";"Com Vítimas Feridas";"Pleno dia";"Decrescente";"Garoa/Chuvisco";"Simples";"Reta";"Não";2;0;2;0;0;0;2;1;-21,58240015;-43,46596328;"SPRF-MG";"DEL05-MG";"UOP01-DEL05-MG"
498337;2023-01-10;"terça-feira";"06:30:00";"SC";101;357,2;"SANGAO";"Ausência de reação do condutor";"Saída de leito carroçável";"Sem Vítimas";"Amanhecer";"Decrescente";"Céu Claro";"Simples";"Interseção de vias";"Sim";1;0;0;0;0;1;0;1;-28,635168;-49,09467;"SPRF-SC";"DEL02-SC";"UOP01-DEL02-SC"
498338;2023-01-10;"terça-feira";"06:33:00";"SP";116;110;"TAUBATE";"Ausência de reação do condutor";"Tombamento";"Com Vítimas Feridas";"Amanhecer";"Crescente";"Nublado";"Dupla";"Reta";"Sim";1;0;1;0;0;0;1;1;-23,03412614;-45,5526999;"SPRF-SP";"DEL02-SP";"UOP02-DEL02-SP"
498341;2023-01-10;"terça-feira";"07:40:00";"MG";381;495,9;"BETIM";"Manobra de mudança de faixa";"Colisão traseira";"Com Vítimas Feridas";"Pleno dia";"Crescente";"Nublado";"Dupla";"Reta";"Sim";2;0;1;0;1;0;1;2;-19,97506;-44,192899;"SPRF-MG";"DEL01-MG";"UOP03-DEL01-MG"
498342;2023-01-10;"terça-feira";"07:30:00";"RS";116;245;"SAO LEOPOLDO";"Trafegar com motocicleta (ou similar) entre as faixas";"Colisão traseira";"Com Vítimas Feridas";"Pleno dia";"Crescente";"Céu Claro";"Dupla";"Reta";"Sim";2;0;1;0;1;0;1;2;-29,74980902;-51,15125361;"SPRF-RS";"DEL01-RS";"UOP02-DEL01-RS"
498344;2023-01-10;"terça-feira";"07:20:00";"RO";364;709;"PORTO VELHO";"Condutor deixou de manter distância do veículo da frente";"Colisão traseira";"Sem Vítimas";"Pleno dia";"Decrescente";"Céu Claro";"Dupla";"Reta";"Sim";2;0;0;0;2;0;0;2;-8,7909383;-63,84895617;"SPRF-RO";"DEL01-RO";"UOP01-DEL01-RO"
498349;2023-01-10;"terça-feira";"09:00:00";"MG";364;3;"PLANURA";"Reação tardia ou ineficiente do condutor";"Saída de leito carroçável";"Com Vítimas Feridas";"Pleno dia";"Decrescente";"Nublado";"Simples";"Rotatória";"Sim";1;0;1;0;0;0;1;1;-20,135854;-48,70136;"SPRF-MG";"DEL13-MG";"UOP02-DEL13-MG"
498351;2023-01-10;"terça-feira";"09:30:00";"BA";101;187;"SAO GONCALO DOS CAMPOS";"Transitar na contramão";"Colisão frontal";"Com Vítimas Feridas";"Pleno dia";"Decrescente";"Céu Claro";"Simples";"Reta";"Não";4;0;2;0;2;0;2;2;-12,47979091;-38,94498825;"SPRF-BA";"DEL01-BA";"UOP03-DEL01-BA"
498352;2023-01-10;"terça-feira";"09:50:00";"MG";116;526,7;"CARATINGA";"Demais falhas na via";"Colisão traseira";"Com Vítimas Feridas";"Pleno dia";"Crescente";"Nublado";"Simples";"Não Informado";"Sim";2;0;0;1;1;0;1;2;-19,77654011;-42,13327989;"SPRF-MG";"DEL06-MG";"UOP02-DEL06-MG"
498353;2023-01-10;"terça-feira";"07:40:00";"TO";226;70;"WANDERLANDIA";"Acessar a via sem observar a presença dos outros veículos";"Colisão transversal";"Com Vítimas Feridas";"Pleno dia";"Crescente";"Céu Claro";"Simples";"Interseção de vias";"Não";4;0;1;0;3;0;1;3;-6,847741;-47,961678;"SPRF-TO";"DEL02-TO";"UOP03-DEL02-TO"
498354;2023-01-06;"sexta-feira";"17:11:00";"MT";163;831;"SINOP";"Acessar a via sem observar a presença dos outros veículos";"Colisão transversal";"Com Vítimas Feridas";"Anoitecer";"Decrescente";"Ignorado";"Simples";"Rotatória";"Sim";2;0;0;1;1;0;1;2;-12,022768;-55,51723;"SPRF-MT";"DEL06-MT";"UOP02-DEL06-MT"
498355;2023-01-10;"terça-feira";"09:30:00";"RS";116;238;"NOVO HAMBURGO";"Acessar a via sem observar a presença dos outros veículos";"Colisão lateral mesmo sentido";"Com Vítimas Feridas";"Pleno dia";"Decrescente";"Céu Claro";"Dupla";"Reta";"Sim";2;0;1;0;1;0;1;2;-29,68739789;-51,14197352;"SPRF-RS";"DEL01-RS";"UOP02-DEL01-RS"
498358;2023-01-10;"terça-feira";"07:40:00";"SC";116;72,2;"MONTE CASTELO";"Ausência de reação do condutor";"Colisão traseira";"Com Vítimas Feridas";"Pleno dia";"Decrescente";"Céu Claro";"Simples";"Reta";"Não";3;0;1;0;2;0;1;2;-26,48707;-50,23276105;"SPRF-SC";"DEL06-SC";"UOP02-DEL06-SC"
498359;2023-01-10;"terça-feira";"10:00:00";"MT";158;2,2;"BARRA DO GARCAS";"Conversão proibida";"Colisão transversal";"Com Vítimas Feridas";"Pleno dia";"Crescente";"Céu Claro";"Simples";"Não Informado";"Sim";4;0;1;0;3;0;1;2;-15,88553922;-52,27092147;"SPRF-MT";"DEL07-MT";"UOP02-DEL07-MT"
498362;2023-01-10;"terça-feira";"10:00:00";"PB";412;29,6;"BOA VISTA";"Reação tardia ou ineficiente do condutor";"Saída de leito carroçável";"Com Vítimas Feridas";"Pleno dia";"Decrescente";"Céu Claro";"Simples";"Reta";"Não";2;0;1;0;1;0;1;1;-7,295269;-36,31274;"SPRF-PB";"DEL02-PB";"UOP02-DEL02-PB"
498363;2023-01-10;"terça-feira";"11:00:00";"PR";469;19,9;"FOZ DO IGUACU";"Desrespeitar a preferência no cruzamento";"Colisão transversal";"Com Vítimas Feridas";"Pleno dia";"Decrescente";"Vento";"Simples";"Não Informado";"Não";2;0;1;0;1;0;1;2;-25,6015;-54,5021;"SPRF-PR";"DEL05-PR";"UOP04-DEL05-PR"
498364;2023-01-10;"terça-feira";"11:30:00";"ES";101;363;"ANCHIETA";"Transitar na contramão";"Colisão frontal";"Com Vítimas Feridas";"Pleno dia";"Crescente";"Chuva";"Simples";"Curva";"Não";11;0;5;1;5;0;6;3;-20,72058178;-40,73858925;"SPRF-ES";"DEL03-ES";"UOP01-DEL03-ES"
498365;2023-01-10;"terça-feira";"11:00:00";"PA";230;125;"MARABA";"Acessar a via sem observar a presença dos outros veículos";"Colisão transversal";"Com Vítimas Feridas";"Pleno dia";"Crescente";"Nublado";"Simples";"Não Informado";"Sim";2;0;0;1;1;0;1;2;-5,37652185;-49,14349399;"SPRF-PA";"DEL03-PA";"UOP01-DEL03-PA"
498366;2023-01-10;"terça-feira";"11:25:00";"RS";158;324;"SANTA MARIA";"Reação tardia ou ineficiente do condutor";"Colisão traseira";"Com Vítimas Feridas";"Pleno dia";"Crescente";"Chuva";"Dupla";"Não Informado";"Sim";2;0;1;0;1;0;1;2;-29,70323195;-53,79461467;"SPRF-RS";"DEL09-RS";"UOP01-DEL09-RS"
498368;2023-01-10;"terça-feira";"11:40:00";"BA";116;11;"VITORIA DA CONQUISTA";"Velocidade Incompatível";"Colisão traseira";"Com Vítimas Feridas";"Pleno dia";"Crescente";"Céu Claro";"Simples";"Interseção de vias";"Sim";2;0;1;0;1;0;1;2;-14,87315894;-40,87139737;"SPRF-PE";"DEL05-PE";"UOP03-DEL05-PE"