"id";"data_inversa";"dia_semana";"horario";"uf";"br";"km";"municipio";"causa_acidente";"tipo_acidente";"classificacao_acidente";"fase_dia";"sentido_via";"condicao_metereologica";"tipo_pista";"tracado_via";"uso_solo";"pessoas";"mortos";"feridos_leves";"feridos_graves";"ilesos";"ignorados";"feridos";"veiculos";"latitude";"longitude";"regional";"delegacia";"uop"
498491;2023-01-11;"quarta-feira";"08:30:00";"RJ";40;122;"DUQUE DE CAXIAS";"Condutor deixou de manter distância do veículo da frente";"Colisão traseira";"Com Vítimas Feridas";"Pleno dia";"Crescente";"Nublado";"Múltipla";"Reta";"Sim";2;0;1;0;1;0;1;2;-22,79083113;-43,28611569;"SPRF-RJ";"DEL01-RJ";"UOP01-DEL01-RJ"
498492;2023-01-11;"quarta-feira";"08:30:00";"RN";101;100;"PARNAMIRIM";"Ausência de reação do condutor";"Queda de ocupante de veículo";"Com Vítimas Feridas";"Pleno dia";"Crescente";"Céu Claro";"Múltipla";"Reta";"Sim";1;0;1;0;0;0;1;1;-5,88106901;-35,22542396;"SPRF-RN";"DEL01-RN";"UOP01-DEL01-RN"
498494;2023-01-11;"quarta-feira";"08:55:00";"SP";153;62;"SAO JOSE DO RIO PRETO";"Trafegar com motocicleta (ou similar) entre as faixas";"Tombamento";"Com Vítimas Feridas";"Pleno dia";"Crescente";"Céu Claro";"Dupla";"Reta";"Sim";1;0;1;0;0;0;1;1;-20,81325404;-49,35675563;"SPRF-SP";"DEL09-SP";"UOP01-DEL09-SP"
498495;2023-01-11;"quarta-feira";"07:50:00";"PE";101;17,5;"GOIANA";"Ausência de reação do condutor";"Atropelamento de Pedestre";"Com Vítimas Fatais";"Pleno dia";"Decrescente";"Nublado";"Dupla";"Reta";"Não";4;1;0;1;2;0;1;1;-7,64064477;-34,95599769;"SPRF-PE";"DEL01-PE";"UOP02-DEL01-PE"
498497;2023-01-11;"quarta-feira";"08:00:00";"SP";381;20;"BRAGANCA PAULISTA";"Ausência de reação do condutor";"Tombamento";"Com Vítimas Feridas";"Pleno dia";"Decrescente";"Nublado";"Dupla";"Não Informado";"Não";1;0;1;0;0;0;1;1;-22,98443766;-46,50352511;"SPRF-SP";"DEL03-SP";"UOP02-DEL03-SP"
498499;2023-01-11;"quarta-feira";"06:45:00";"AC";364;136;"RIO BRANCO";"Condutor deixou de manter distância do veículo da frente";"Colisão traseira";"Com Vítimas Feridas";"Pleno dia";"Crescente";"Céu Claro";"Dupla";"Rotatória";"Não";2;0;1;0;1;0;1;2;-9,977578;-67,8489;"SPRF-AC";"N/A";"UOP01-DEL01-AC"
498500;2023-01-11;"quarta-feira";"08:30:00";"SP";101;50;"UBATUBA";"Acessar a via sem observar a presença dos outros veículos";"Colisão transversal";"Com Vítimas Feridas";"Pleno dia";"Decrescente";"Céu Claro";"Simples";"Reta";"Não";2;0;1;0;1;0;1;2;-23,45330581;-45,07435083;"SPRF-SP";"DEL06-SP";"UOP01-DEL06-SP"
498504;2023-01-11;"quarta-feira";"10:30:00";"GO";153;500;"GOIANIA";"Ausência de reação do condutor";"Colisão transversal";"Com Vítimas Feridas";"Pleno dia";"Crescente";"Céu Claro";"Dupla";"Reta";"Sim";2;0;0;1;1;0;1;2;-16,7118;-49,2324;"SPRF-GO";"DEL01-GO";"UOP01-DEL01-GO"
498505;2023-01-11;"quarta-feira";"06:10:00";"RJ";101;323;"NITEROI";"Condutor deixou de manter distância do veículo da frente";"Colisão traseira";"Com Vítimas Feridas";"Pleno dia";"Crescente";"Céu Claro";"Dupla";"Reta";"Sim";2;0;1;0;1;0;1;2;-22,87684786;-43,11728689;"SPRF-RJ";"DEL02-RJ";"UOP01-DEL02-RJ"
498507;2023-01-11;"quarta-feira";"10:30:00";"SP";116;274,4;"TABOAO DA SERRA";"Frear bruscamente";"Colisão traseira";"Com Vítimas Feridas";"Pleno dia";"Decrescente";"Chuva";"Dupla";"Reta";"Sim";5;0;2;0;3;0;2;3;-23,63445084;-46,82418514;"SPRF-SP";"DEL04-SP";"UOP01-DEL04-SP"
498509;2023-01-11;"quarta-feira";"10:20:00";"SC";101;206;"SAO JOSE";"Ausência de reação do condutor";"Colisão traseira";"Com Vítimas Feridas";"Pleno dia";"Crescente";"Céu Claro";"Múltipla";"Reta";"Não";3;0;1;0;2;0;1;2;-27,59193546;-48,61824557;"SPRF-SC";"DEL01-SC";"UOP01-DEL01-SC"
498510;2023-01-11;"quarta-feira";"10:15:00";"ES";101;304;"VIANA";"Avarias e/ou desgaste excessivo no pneu";"Queda de ocupante de veículo";"Com Vítimas Feridas";"Pleno dia";"Crescente";"Céu Claro";"Dupla";"Reta";"Sim";1;0;1;0;0;0;1;1;-20,3800645;-40,45431391;"SPRF-ES";"DEL01-ES";"UOP01-DEL01-ES"
498511;2023-01-09;"segunda-feira";"23:50:00";"GO";414;247;"NIQUELANDIA";"Transitar na contramão";"Colisão frontal";"Com Vítimas Feridas";"Plena Noite";"Crescente";"Céu Claro";"Simples";"Reta";"Não";8;0;3;0;5;0;3;2;-14,79735208;-48,63304459;"SPRF-GO";"DEL07-GO";"UOP02-DEL07-GO"
498513;2023-01-11;"quarta-feira";"10:00:00";"MG";381;484,9;"BETIM";"Condutor deixou de manter distância do veículo da frente";"Colisão traseira";"Com Vítimas Feridas";"Pleno dia";"Crescente";"Céu Claro";"Dupla";"Reta";"Sim";2;0;1;0;1;0;1;2;-19,95531717;-44,11722196;"SPRF-MG";"DEL01-MG";"UOP03-DEL01-MG"
498514;2023-01-11;"quarta-feira";"11:20:00";"MG";381;359;"JOAO MONLEVADE";"Trafegar com motocicleta (ou similar) entre as faixas";"Colisão transversal";"Sem Vítimas";"Pleno dia";"Decrescente";"Céu Claro";"Simples";"Não Informado";"Não";2;0;0;0;1;1;0;2;-19,8551458;-43,22402296;"SPRF-MG";"DEL03-MG";"UOP01-DEL03-MG"
498518;2023-01-11;"quarta-feira";"10:35:00";"MT";364;587;"DIAMANTINO";"Condutor deixou de manter distância do veículo da frente";"Colisão traseira";"Sem Vítimas";"Pleno dia";"Crescente";"Céu Claro";"Dupla";"Não Informado";"Não";3;0;0;0;3;0;0;3;-14,61012536;-56,25164264;"SPRF-MT";"DEL01-MT";"UOP01-DEL01-MT"
498521;2023-01-11;"quarta-feira";"12:00:00";"GO";40;6;"VALPARAISO DE GOIAS";"Acumulo de água sobre o pavimento";"Saída de leito carroçável";"Com Vítimas Feridas";"Pleno dia";"Decrescente";"Chuva";"Dupla";"Reta";"Sim";6;0;5;0;1;0;5;1;-16,100814;-47,977351;"SPRF-DF";"DEL01-DF";"UOP01-DEL01-DF"
498523;2023-01-11;"quarta-feira";"12:30:00";"MG";381;816;"CAREACU";"Chuva";"Saída de leito carroçável";"Com Vítimas Feridas";"Pleno dia";"Decrescente";"Chuva";"Dupla";"Reta";"Não";2;0;2;0;0;0;2;1;-22,0934877;-45,71077521;"SPRF-MG";"DEL16-MG";"UOP02-DEL16-MG"
498524;2023-01-11;"quarta-feira";"12:50:00";"SE";101;93;"NOSSA SENHORA DO SOCORRO";"Acessar a via sem observar a presença dos outros veículos";"Colisão traseira";"Com Vítimas Feridas";"Pleno dia";"Crescente";"Céu Claro";"Dupla";"Não Informado";"Sim";6;0;1;0;5;0;1;2;-10,90470042;-37,14883089;"SPRF-SE";"DEL01-SE";"UOP01-DEL01-SE"
498526;2023-01-11;"quarta-feira";"12:30:00";"PR";376;440;"TIBAGI";"Velocidade Incompatível";"Colisão com objeto";"Com Vítimas Feridas";"Pleno dia";"Crescente";"Nublado";"Dupla";"Não Informado";"Não";1;0;1;0;0;0;1;1;-24,80590224;-50,48870087;"SPRF-PR";"DEL03-PR";"UOP02-DEL03-PR"
498527;2023-01-11;"quarta-feira";"08:00:00";"PE";424;7,2;"ARCOVERDE";"Acessar a via sem observar a presença dos outros veículos";"Colisão transversal";"Com Vítimas Feridas";"Pleno dia";"Crescente";"Céu Claro";"Simples";"Reta";"Não";2;0;1;0;1;0;1;2;-8,48502712;-37,03232027;"SPRF-PE";"DEL04-PE";"UOP02-DEL04-PE"
498529;2023-01-11;"quarta-feira";"10:30:00";"BA";110;43;"SANTA BRIGIDA";"Ultrapassagem Indevida";"Colisão frontal";"Com Vítimas Feridas";"Pleno dia";"Decrescente";"Sol";"Simples";"Reta";"Não";5;0;5;0;0;0;5;2;-9,83277896;-38,26111719;"SPRF-BA";"DEL07-BA";"UOP01-DEL07-BA"
498530;2023-01-11;"quarta-feira";"10:40:00";"MG";365;541;"ROMARIA";"Acessar a via sem observar a presença dos outros veículos";"Colisão transversal";"Com Vítimas Feridas";"Pleno dia";"Decrescente";"Sol";"Simples";"Reta";"Não";2;0;0;1;1;0;1;2;-18,93214935;-47,60038505;"SPRF-MG";"DEL10-MG";"UOP01-DEL10-MG"
498532;2023-01-11;"quarta-feira";"12:15:00";"RJ";101;449;"MANGARATIBA";"Pista esburacada";"Queda de ocupante de veículo";"Com Vítimas Feridas";"Pleno dia";"Crescente";"Nublado";"Simples";"Não Informado";"Não";1;0;1;0;0;0;1;1;-23,01670937;-44,10952856;"SPRF-RJ";"DEL03-RJ";"UOP01-DEL03-RJ"
498534;2023-01-11;"quarta-feira";"14:20:00";"SP";116;216;"GUARULHOS";"Trafegar com motocicleta (ou similar) entre as faixas";"Colisão lateral mesmo sentido";"Com Vítimas Feridas";"Pleno dia";"Crescente";"Céu Claro";"Múltipla";"Não Informado";"Sim";2;0;1;0;1;0;1;2;-23,45056589;-46,46258105;"SPRF-SP";"DEL01-SP";"UOP01-DEL01-SP"
498535;2023-01-11;"quarta-feira";"11:35:00";"RS";153;593;"BAGE";"Condutor Dormindo";"Saída de leito carroçável";"Com Vítimas Feridas";"Pleno dia";"Crescente";"Céu Claro";"Simples";"Reta";"Não";5;0;3;2;0;0;5;1;-31,149473;-53,810583;"SPRF-RS";"DEL11-RS";"UOP03-DEL11-RS"
498536;2023-01-11;"quarta-feira";"13:20:00";"MT";364;204;"RONDONOPOLIS";"Reação tardia ou ineficiente do condutor";"Colisão traseira";"Com Vítimas Feridas";"Pleno dia";"Decrescente";"Nublado";"Dupla";"Reta";"Sim";2;0;1;0;1;0;1;2;-16,467325;-54,657196;"SPRF-MT";"DEL02-MT";"UOP01-DEL02-MT"
498538;2023-01-11;"quarta-feira";"13:30:00";"SP";459;22,7;"LORENA";"Conversão proibida";"Colisão traseira";"Com Vítimas Feridas";"Pleno dia";"Decrescente";"Chuva";"Simples";"Reta";"Sim";2;0;1;0;0;1;1;2;-22,663296;-45,142551;"SPRF-SP";"DEL08-SP";"UOP02-DEL08-SP"
498539;2023-01-11;"quarta-feira";"15:00:00";"MG";267;269;"AIURUOCA";"Velocidade Incompatível";"Saída de leito carroçável";"Com Vítimas Feridas";"Pleno dia";"Crescente";"Chuva";"Simples";"Reta";"Não";4;0;2;0;2;0;2;1;-21,9289758;-44,62739711;"SPRF-MG";"DEL17-MG";"UOP01-DEL17-MG"
498540;2023-01-11;"quarta-feira";"14:21:00";"DF";20;3;"BRASILIA";"Chuva";"Colisão traseira";"Com Vítimas Feridas";"Pleno dia";"Decrescente";"Garoa/Chuvisco";"Dupla";"Não Informado";"Sim";3;0;1;0;2;0;1;2;-15,679851;-47,832211;"SPRF-DF";"DEL02-DF";"UOP01-DEL02-DF"
498541;2023-01-11;"quarta-feira";"14:20:00";"RS";386;215,1;"TIO HUGO";"Ausência de reação do condutor";"Colisão traseira";"Sem Vítimas";"Pleno dia";"Decrescente";"Céu Claro";"Simples";"Não Informado";"Não";2;0;0;0;2;0;0;2;-28,57666;-52,596031;"SPRF-RS";"DEL04-RS";"UOP03-DEL04-RS"
498543;2023-01-11;"quarta-feira";"14:50:00";"RS";392;81,7;"PELOTAS";"Ausência de reação do condutor";"Saída de leito carroçável";"Com Vítimas Feridas";"Pleno dia";"Decrescente";"Céu Claro";"Simples";"Reta";"Não";2;0;2;0;0;0;2;1;-31,66857878;-52,46031269;"SPRF-RS";"DEL07-RS";"UOP01-DEL07-RS"
498544;2023-01-11;"quarta-feira";"14:10:00";"MT";364;351;"SANTO ANTONIO DO LEVERGER";"Reação tardia ou ineficiente do condutor";"Saída de leito carroçável";"Com Vítimas Feridas";"Pleno dia";"Decrescente";"Nublado";"Dupla";"Reta";"Não";3;0;2;0;1;0;2;1;-15,8024753;-55,56540905;"SPRF-MT";"DEL05-MT";"UOP02-DEL05-MT"
498545;2023-01-11;"quarta-feira";"15:45:00";"MG";40;457,5;"CAETANOPOLIS";"Velocidade Incompatível";"Saída de leito carroçável";"Com Vítimas Feridas";"Pleno dia";"Crescente";"Chuva";"Dupla";"Não Informado";"Não";1;0;0;1;0;0;1;1;-19,37630624;-44,33721542;"SPRF-MG";"DEL02-MG";"UOP01-DEL02-MG"
498546;2023-01-11;"quarta-feira";"15:00:00";"SC";101;233,9;"PALHOCA";"Ausência de reação do condutor";"Colisão traseira";"Com Vítimas Feridas";"Pleno dia";"Decrescente";"Nublado";"Dupla";"Não Informado";"Não";3;0;0;1;2;0;1;2;-27,80376397;-48,63826211;"SPRF-SC";"DEL01-SC";"UOP02-DEL01-SC"
498547;2023-01-11;"quarta-feira";"15:01:00";"SP";116;145;"SAO JOSE DOS CAMPOS";"Ausência de reação do condutor";"Saída de leito carroçável";"Com Vítimas Feridas";"Pleno dia";"Decrescente";"Céu Claro";"Múltipla";"Não Informado";"Não";1;0;1;0;0;0;1;1;-23,1869844;-45,8548078;"SPRF-SP";"DEL02-SP";"UOP01-DEL02-SP"
498549;2023-01-11;"quarta-feira";"13:20:00";"BA";101;46;"ENTRE RIOS";"Avarias e/ou desgaste excessivo no pneu";"Saída de leito carroçável";"Com Vítimas Feridas";"Pleno dia";"Crescente";"Chuva";"Dupla";"Reta";"Não";5;0;1;0;4;0;1;1;-11,88660088;-38,02732004;"SPRF-SE";"DEL02-SE";"UOP03-DEL02-SE"
498550;2023-01-11;"quarta-feira";"15:50:00";"SP";116;279,6;"EMBU DAS ARTES";"Ultrapassagem Indevida";"Colisão lateral mesmo sentido";"Com Vítimas Feridas";"Pleno dia";"Decrescente";"Céu Claro";"Múltipla";"Não Informado";"Sim";2;0;1;0;1;0;1;2;-23,65508497;-46,84918605;"SPRF-SP";"DEL04-SP";"UOP01-DEL04-SP"
498551;2023-01-11;"quarta-feira";"14:50:00";"RJ";101;294;"ITABORAI";"Manobra de mudança de faixa";"Colisão lateral mesmo sentido";"Com Vítimas Feridas";"Pleno dia";"Crescente";"Garoa/Chuvisco";"Dupla";"Reta";"Sim";3;0;2;0;0;1;2;2;-22,7584434;-42,89502344;"SPRF-RJ";"DEL02-RJ";"UOP02-DEL02-RJ"
498553;2023-01-11;"quarta-feira";"16:40:00";"DF";60;27;"BRASILIA";"Ausência de reação do condutor";"Saída de leito carroçável";"Com Vítimas Feridas";"Pleno dia";"Decrescente";"Nublado";"Dupla";"Reta";"Não";5;0;2;0;3;0;2;1;-16,012222;-48,247662;"SPRF-DF";"DEL01-DF";"UOP02-DEL01-DF"
498554;2023-01-11;"quarta-feira";"14:00:00";"RJ";116;174;"SAO JOAO DE MERITI";"Avarias e/ou desgaste excessivo no pneu";"Queda de ocupante de veículo";"Com Vítimas Feridas";"Pleno dia";"Crescente";"Céu Claro";"Dupla";"Reta";"Sim";2;0;2;0;0;0;2;1;-22,79423806;-43,36403759;"SPRF-RJ";"DEL01-RJ";"UOP02-DEL01-RJ"
498558;2023-01-11;"quarta-feira";"07:20:00";"RS";285;462;"IJUI";"Animais na Pista";"Atropelamento de Animal";"Sem Vítimas";"Pleno dia";"Decrescente";"Céu Claro";"Simples";"Reta";"Não";2;0;0;0;2;0;0;1;-28,4147;-53,928043;"SPRF-RS";"DEL10-RS";"UOP01-DEL10-RS"
498560;2023-01-11;"quarta-feira";"14:50:00";"MG";116;276;"TEOFILO OTONI";"Reação tardia ou ineficiente do condutor";"Queda de ocupante de veículo";"Com Vítimas Feridas";"Pleno dia";"Decrescente";"Céu Claro";"Simples";"Curva";"Sim";1;0;0;1;0;0;1;1;-17,85105696;-41,51454492;"SPRF-MG";"DEL11-MG";"UOP01-DEL11-MG"
498561;2023-01-11;"quarta-feira";"16:00:00";"PR";376;304,5;"MAUA DA SERRA";"Pista Escorregadia";"Saída de leito carroçável";"Com Vítimas Feridas";"Pleno dia";"Decrescente";"Chuva";"Dupla";"Curva";"Não";2;0;1;0;1;0;1;1;-23,952969;-51,114033;"SPRF-PR";"DEL07-PR";"UOP02-DEL07-PR"
498562;2023-01-11;"quarta-feira";"17:45:00";"RS";386;347,5;"LAJEADO";"Entrada inopinada do pedestre";"Atropelamento de Pedestre";"Com Vítimas Feridas";"Pleno dia";"Decrescente";"Céu Claro";"Dupla";"Não Informado";"Sim";2;0;2;0;0;0;2;1;-29,451736;-51,965893;"SPRF-RS";"DEL04-RS";"UOP01-DEL04-RS"
498563;2023-01-11;"quarta-feira";"16:00:00";"RJ";493;96;"SEROPEDICA";"Pista Escorregadia";"Colisão com objeto";"Com Vítimas Feridas";"Pleno dia";"Decrescente";"Chuva";"Dupla";"Reta";"Não";1;0;1;0;0;0;1;1;-22,69772336;-43,69230509;"SPRF-RJ";"DEL01-RJ";"UOP04-DEL01-RJ"
498566;2023-01-11;"quarta-feira";"18:17:00";"DF";70;14;"BRASILIA";"Manobra de mudança de faixa";"Engavetamento";"Com Vítimas Feridas";"Pleno dia";"Crescente";"Sol";"Dupla";"Reta";"Sim";3;0;1;0;2;0;1;3;-15,797312;-48,176056;"SPRF-DF";"DEL01-DF";"UOP03-DEL01-DF"
498569;2023-01-11;"quarta-feira";"17:10:00";"SC";116;245,3;"LAGES";"Condutor deixou de manter distância do veículo da frente";"Colisão traseira";"Sem Vítimas";"Pleno dia";"Decrescente";"Céu Claro";"Simples";"Reta";"Não";2;0;0;0;2;0;0;2;-27,79544281;-50,36187437;"SPRF-SC";"DEL05-SC";"UOP01-DEL05-SC"
498570;2023-01-11;"quarta-feira";"17:35:00";"PE";101;84,5;"JABOATAO DOS GUARARAPES";"Condutor deixou de manter distância do veículo da frente";"Colisão traseira";"Com Vítimas Feridas";"Anoitecer";"Decrescente";"Céu Claro";"Dupla";"Não Informado";"Não";2;0;0;1;0;1;1;2;-8,17778559;-34,95087297;"SPRF-PE";"DEL01-PE";"UOP01-DEL01-PE"
498572;2023-01-11;"quarta-feira";"18:00:00";"GO";153;200,2;"URUACU";"Acessar a via sem observar a presença dos outros veículos";"Colisão transversal";"Com Vítimas Feridas";"Pleno dia";"Crescente";"Nublado";"Simples";"Não Informado";"Sim";2;0;1;0;1;0;1;2;-14,53297009;-49,16090012;"SPRF-GO";"DEL07-GO";"UOP02-DEL07-GO"
498573;2023-01-11;"quarta-feira";"18:10:00";"SC";101;54,5;"JOINVILLE";"Reação tardia ou ineficiente do condutor";"Colisão traseira";"Com Vítimas Feridas";"Pleno dia";"Crescente";"Nublado";"Dupla";"Reta";"Não";2;0;1;0;1;0;1;2;-26,41319508;-48,83617332;"SPRF-SC";"DEL03-SC";"UOP01-DEL03-SC"
498574;2023-01-11;"quarta-feira";"12:35:00";"CE";222;189;"SOBRAL";"Chuva";"Colisão frontal";"Com Vítimas Fatais";"Pleno dia";"Decrescente";"Chuva";"Simples";"Não Informado";"Não";3;1;2;0;0;0;2;2;-3,77215371;-40,12055223;"SPRF-CE";"DEL04-CE";"UOP01-DEL04-CE"
498575;2023-01-11;"quarta-feira";"19:06:00";"BA";324;605;"SIMOES FILHO";"Demais falhas mecânicas ou elétricas";"Incêndio";"Sem Vítimas";"Plena Noite";"Decrescente";"Céu Claro";"Simples";"Não Informado";"Sim";1;0;0;0;1;0;0;1;-12,78605114;-38,40972508;"SPRF-BA";"DEL01-BA";"UOP01-DEL01-BA"
498576;2023-01-11;"quarta-feira";"11:20:00";"SC";282;438;"IRANI";"Demais falhas mecânicas ou elétricas";"Incêndio";"Sem Vítimas";"Pleno dia";"Decrescente";"Céu Claro";"Simples";"Reta";"Não";1;0;0;0;0;1;0;1;-26,95389;-51,855713;"SPRF-SC";"DEL07-SC";"UOP04-DEL07-SC"
498577;2023-01-11;"quarta-feira";"16:30:00";"MA";10;137;"PORTO FRANCO";"Manobra de mudança de faixa";"Colisão lateral mesmo sentido";"Com Vítimas Feridas";"Pleno dia";"Decrescente";"Céu Claro";"Simples";"Reta";"Não";4;0;1;0;3;0;1;2;-6,517802;-47,389824;"SPRF-MA";"DEL04-MA";"UOP02-DEL04-MA"
498580;2023-01-11;"quarta-feira";"18:30:00";"AL";316;143;"ESTRELA DE ALAGOAS";"Manobra de mudança de faixa";"Colisão frontal";"Com Vítimas Feridas";"Plena Noite";"Crescente";"Céu Claro";"Simples";"Reta";"Sim";2;0;0;2;0;0;2;2;-9,39510157;-36,73156493;"SPRF-AL";"DEL03-AL";"UOP01-DEL03-AL"
498581;2023-01-11;"quarta-feira";"16:40:00";"MG";381;554,5;"ITAGUARA";"Reação tardia ou ineficiente do condutor";"Saída de leito carroçável";"Com Vítimas Feridas";"Pleno dia";"Decrescente";"Nublado";"Dupla";"Não Informado";"Não";1;0;1;0;0;0;1;1;-20,35262218;-44,44977291;"SPRF-MG";"DEL04-MG";"UOP03-DEL04-MG"
498582;2023-01-11;"quarta-feira";"19:30:00";"PR";277;5;"FOZ DO IGUACU";"Desrespeitar a preferência no cruzamento";"Colisão transversal";"Com Vítimas Feridas";"Anoitecer";"Decrescente";"Céu Claro";"Dupla";"Rotatória";"Sim";2;0;0;1;1;0;1;2;-25,46139029;-54,58346844;"SPRF-PR";"DEL05-PR";"UOP03-DEL05-PR"
498584;2023-01-11;"quarta-feira";"19:00:00";"RO";364;710;"PORTO VELHO";"Condutor deixou de manter distância do veículo da frente";"Engavetamento";"Com Vítimas Feridas";"Anoitecer";"Decrescente";"Céu Claro";"Dupla";"Reta";"Sim";3;0;2;0;1;0;2;3;-8,78621576;-63,85712687;"SPRF-RO";"DEL01-RO";"UOP01-DEL01-RO"
498585;2023-01-11;"quarta-feira";"17:50:00";"PE";101;74;"RECIFE";"Acumulo de óleo sobre o pavimento";"Tombamento";"Com Vítimas Feridas";"Anoitecer";"Decrescente";"Céu Claro";"Dupla";"Reta";"Não";3;0;1;1;1;0;2;3;-8,10146485;-34,94901577;"SPRF-PE";"DEL01-PE";"UOP01-DEL01-PE"
498586;2023-01-11;"quarta-feira";"17:20:00";"RJ";40;72;"PETROPOLIS";"Reação tardia ou ineficiente do condutor";"Colisão com objeto";"Com Vítimas Feridas";"Anoitecer";"Decrescente";"Chuva";"Simples";"Curva";"Não";1;0;1;0;0;0;1;1;-22,4585308;-43,21600514;"SPRF-RJ";"DEL06-RJ";"UOP02-DEL06-RJ"
498588;2023-01-07;"sábado";"18:53:00";"CE";222;87,5;"UMIRIM";"Conversão proibida";"Colisão transversal";"Sem Vítimas";"Plena Noite";"Crescente";"Céu Claro";"Simples";"Não Informado";"Não";2;0;0;0;2;0;0;2;-3,67209464;-39,32094501;"SPRF-CE";"DEL04-CE";"UOP03-DEL04-CE"
498590;2023-01-11;"quarta-feira";"20:10:00";"RN";101;95;"NATAL";"Ingestão de álcool pelo condutor";"Colisão lateral mesmo sentido";"Com Vítimas Feridas";"Plena Noite";"Decrescente";"Céu Claro";"Múltipla";"Reta";"Sim";3;0;2;0;1;0;2;2;-5,84076841;-35,21035949;"SPRF-RN";"DEL01-RN";"UOP01-DEL01-RN"
498591;2023-01-11;"quarta-feira";"19:50:00";"PR";376;181;"MARINGA";"Ausência de reação do condutor";"Colisão lateral mesmo sentido";"Com Vítimas Feridas";"Plena Noite";"Crescente";"Céu Claro";"Dupla";"Reta";"Sim";2;0;1;0;1;0;1;2;-23,43070187;-51,88975811;"SPRF-PR";"DEL09-PR";"UOP01-DEL09-PR"
498594;2023-01-11;"quarta-feira";"17:55:00";"SP";116;512;"CAJATI";"Reação tardia ou ineficiente do condutor";"Saída de leito carroçável";"Com Vítimas Feridas";"Pleno dia";"Decrescente";"Garoa/Chuvisco";"Simples";"Não Informado";"Não";4;0;1;0;3;0;1;1;-24,84304306;-48,22027915;"SPRF-SP";"DEL05-SP";"UOP02-DEL05-SP"
498595;2023-01-11;"quarta-feira";"19:19:00";"SE";101;96;"SAO CRISTOVAO";"Afundamento ou ondulação no pavimento";"Tombamento";"Com Vítimas Feridas";"Plena Noite";"Crescente";"Nublado";"Dupla";"Não Informado";"Não";1;0;0;1;0;0;1;1;-10,91774224;-37,16729183;"SPRF-SE";"DEL02-SE";"UOP01-DEL02-SE"
498597;2023-01-11;"quarta-feira";"19:40:00";"BA";101;350;"TEOLANDIA";"Ingestão de álcool pelo condutor";"Colisão frontal";"Sem Vítimas";"Plena Noite";"Crescente";"Céu Claro";"Simples";"Não Informado";"Não";4;0;0;0;4;0;0;3;-13,609868;-39,498551;"SPRF-BA";"DEL05-BA";"UOP03-DEL05-BA"
498600;2023-01-11;"quarta-feira";"21:00:00";"SP";381;64;"MAIRIPORA";"Ingestão de álcool pelo condutor";"Colisão lateral mesmo sentido";"Sem Vítimas";"Plena Noite";"Decrescente";"Nublado";"Dupla";"Reta";"Não";2;0;0;0;2;0;0;2;-23,29437896;-46,57254696;"SPRF-SP";"DEL03-SP";"UOP01-DEL03-SP"
498601;2023-01-11;"quarta-feira";"21:30:00";"GO";153;426;"ANAPOLIS";"Ausência de sinalização";"Saída de leito carroçável";"Com Vítimas Feridas";"Plena Noite";"Crescente";"Céu Claro";"Simples";"Não Informado";"Não";1;0;0;1;0;0;1;1;-16,221258;-49,013374;"SPRF-GO";"DEL02-GO";"UOP01-DEL02-GO"
498602;2023-01-11;"quarta-feira";"19:00:00";"MG";381;864,9;"POUSO ALEGRE";"Pista esburacada";"Eventos atípicos";"Sem Vítimas";"Anoitecer";"Crescente";"Chuva";"Dupla";"Reta";"Não";1;0;0;0;1;0;0;1;-22,38757269;-45,95265452;"SPRF-MG";"DEL16-MG";"UOP01-DEL16-MG"
498603;2023-01-11;"quarta-feira";"22:00:00";"RN";304;296;"MACAIBA";"Obstrução na via";"Queda de ocupante de veículo";"Com Vítimas Feridas";"Plena Noite";"Decrescente";"Ignorado";"Simples";"Reta";"Sim";1;0;1;0;0;0;1;1;-5,86484905;-35,34931012;"SPRF-RN";"DEL01-RN";"UOP02-DEL01-RN"
498604;2023-01-11;"quarta-feira";"21:20:00";"SP";116;150;"SAO JOSE DOS CAMPOS";"Manobra de mudança de faixa";"Tombamento";"Com Vítimas Feridas";"Plena Noite";"Decrescente";"Nublado";"Múltipla";"Interseção de vias";"Sim";2;0;2;0;0;0;2;1;-23,21335525;-45,8930588;"SPRF-SP";"DEL02-SP";"UOP01-DEL02-SP"
498608;2023-01-11;"quarta-feira";"17:40:00";"RJ";40;93;"DUQUE DE CAXIAS";"Reação tardia ou ineficiente do condutor";"Capotamento";"Com Vítimas Feridas";"Anoitecer";"Crescente";"Chuva";"Dupla";"Não Informado";"Não";3;0;2;0;1;0;2;1;-22,55670824;-43,26348209;"SPRF-RJ";"DEL06-RJ";"UOP02-DEL06-RJ"
498609;2023-01-11;"quarta-feira";"17:24:00";"TO";153;265;"COLINAS DO TOCANTINS";"Demais falhas mecânicas ou elétricas";"Tombamento";"Com Vítimas Feridas";"Pleno dia";"Crescente";"Céu Claro";"Simples";"Reta";"Não";4;0;4;0;0;0;4;1;-8,217812;-48,46415698;"SPRF-TO";"DEL02-TO";"UOP02-DEL02-TO"
498611;2023-01-11;"quarta-feira";"22:35:00";"GO";20;197;"POSSE";"Condutor Dormindo";"Colisão traseira";"Com Vítimas Feridas";"Plena Noite";"Crescente";"Céu Claro";"Simples";"Não Informado";"Não";8;0;3;0;5;0;3;2;-14,33857138;-46,43749237;"SPRF-DF";"DEL02-DF";"UOP03-DEL02-DF"