"id";"data_inversa";"dia_semana";"horario";"uf";"br";"km";"municipio";"causa_acidente";"tipo_acidente";"classificacao_acidente";"fase_dia";"sentido_via";"condicao_metereologica";"tipo_pista";"tracado_via";"uso_solo";"pessoas";"mortos";"feridos_leves";"feridos_graves";"ilesos";"ignorados";"feridos";"veiculos";"latitude";"longitude";"regional";"delegacia";"uop"
498879;2023-01-13;"sexta-feira";"11:15:00";"PR";376;231,5;"APUCARANA";"Desrespeitar a preferência no cruzamento";"Colisão transversal";"Com Vítimas Feridas";"Pleno dia";"Crescente";"Chuva";"Dupla";"Não Informado";"Sim";3;0;1;0;2;0;1;2;-23,568266;-51,512928;"SPRF-PR";"DEL07-PR";"UOP03-DEL07-PR"
498880;2023-01-13;"sexta-feira";"10:10:00";"PR";376;182;"MARINGA";"Reação tardia ou ineficiente do condutor";"Colisão lateral mesmo sentido";"Com Vítimas Feridas";"Pleno dia";"Decrescente";"Céu Claro";"Múltipla";"Rotatória";"Sim";2;0;0;1;1;0;1;2;-23,43206405;-51,88808441;"SPRF-PR";"DEL09-PR";"UOP01-DEL09-PR"
498881;2023-01-13;"sexta-feira";"11:40:00";"MT";70;5;"BARRA DO GARCAS";"Ausência de reação do condutor";"Colisão com objeto";"Com Vítimas Feridas";"Pleno dia";"Crescente";"Nublado";"Dupla";"Reta";"Não";1;0;1;0;0;0;1;1;-15,87814789;-52,296134;"SPRF-MT";"DEL07-MT";"UOP01-DEL07-MT"
498883;2023-01-13;"sexta-feira";"12:00:00";"RJ";493;21,5;"MAGE";"Reação tardia ou ineficiente do condutor";"Engavetamento";"Com Vítimas Feridas";"Pleno dia";"Decrescente";"Sol";"Simples";"Reta";"Não";4;0;1;0;3;0;1;4;-22,659311;-43,053303;"SPRF-RJ";"DEL02-RJ";"UOP04-DEL02-RJ"
498885;2023-01-13;"sexta-feira";"07:40:00";"RO";425;140;"GUAJARA-MIRIM";"Acessar a via sem observar a presença dos outros veículos";"Colisão transversal";"Com Vítimas Feridas";"Pleno dia";"Crescente";"Céu Claro";"Dupla";"Reta";"Sim";2;0;1;0;1;0;1;2;-10,728873;-65,280136;"SPRF-RO";"DEL01-RO";"UOP03-DEL01-RO"
498888;2023-01-13;"sexta-feira";"12:35:00";"PB";230;22;"JOAO PESSOA";"Trafegar com motocicleta (ou similar) entre as faixas";"Colisão traseira";"Com Vítimas Feridas";"Pleno dia";"Decrescente";"Sol";"Dupla";"Reta";"Sim";3;0;1;0;2;0;1;3;-7,15861128;-34,85858794;"SPRF-PB";"DEL01-PB";"UOP01-DEL01-PB"
498890;2023-01-13;"sexta-feira";"12:50:00";"PR";277;607;"SANTA TEREZA DO OESTE";"Transitar na contramão";"Colisão frontal";"Com Vítimas Feridas";"Pleno dia";"Crescente";"Céu Claro";"Simples";"Reta";"Sim";2;0;1;1;0;0;2;2;-25,03813917;-53,5965319;"SPRF-PR";"DEL05-PR";"UOP02-DEL05-PR"
498894;2023-01-13;"sexta-feira";"12:43:00";"SC";101;225,2;"PALHOCA";"Demais falhas mecânicas ou elétricas";"Tombamento";"Com Vítimas Feridas";"Pleno dia";"Decrescente";"Céu Claro";"Dupla";"Reta";"Sim";1;0;0;1;0;0;1;1;-27,73292191;-48,6409567;"SPRF-SC";"DEL01-SC";"UOP02-DEL01-SC"
498895;2023-01-13;"sexta-feira";"13:15:00";"PR";116;17;"COLOMBO";"Manobra de mudança de faixa";"Tombamento";"Com Vítimas Feridas";"Pleno dia";"Crescente";"Céu Claro";"Dupla";"Reta";"Sim";1;0;1;0;0;0;1;1;-25,389;-49,1867;"SPRF-PR";"DEL01-PR";"UOP02-DEL01-PR"
498897;2023-01-13;"sexta-feira";"13:15:00";"RS";285;265,9;"MATO CASTELHANO";"Acumulo de água sobre o pavimento";"Saída de leito carroçável";"Com Vítimas Feridas";"Pleno dia";"Crescente";"Chuva";"Simples";"Curva";"Não";2;0;2;0;0;0;2;1;-28,30312;-52,127029;"SPRF-RS";"DEL08-RS";"UOP03-DEL08-RS"
498901;2023-01-13;"sexta-feira";"12:55:00";"SC";282;215,6;"LAGES";"Acessar a via sem observar a presença dos outros veículos";"Colisão traseira";"Com Vítimas Feridas";"Pleno dia";"Crescente";"Céu Claro";"Simples";"Rotatória";"Sim";3;0;1;0;2;0;1;2;-27,793665;-50,281799;"SPRF-SC";"DEL05-SC";"UOP01-DEL05-SC"
498902;2023-01-13;"sexta-feira";"10:40:00";"RJ";493;72;"NOVA IGUACU";"Ausência de reação do condutor";"Saída de leito carroçável";"Com Vítimas Feridas";"Pleno dia";"Crescente";"Céu Claro";"Dupla";"Reta";"Não";1;0;0;1;0;0;1;1;-22,68185607;-43,47139835;"SPRF-RJ";"DEL01-RJ";"UOP03-DEL01-RJ"
498903;2023-01-13;"sexta-feira";"12:45:00";"PR";116;78;"PIRAQUARA";"Ultrapassagem Indevida";"Saída de leito carroçável";"Com Vítimas Feridas";"Pleno dia";"Decrescente";"Céu Claro";"Dupla";"Reta";"Não";1;0;1;0;0;0;1;1;-25,39030098;-49,05511906;"SPRF-PR";"DEL01-PR";"UOP07-DEL01-PR"
498904;2023-01-13;"sexta-feira";"13:50:00";"PB";230;23;"JOAO PESSOA";"Condutor deixou de manter distância do veículo da frente";"Colisão traseira";"Com Vítimas Feridas";"Pleno dia";"Decrescente";"Céu Claro";"Dupla";"Reta";"Não";3;0;0;1;2;0;1;2;-7,15626201;-34,85722661;"SPRF-PB";"DEL01-PB";"UOP01-DEL01-PB"
498907;2023-01-13;"sexta-feira";"14:00:00";"ES";101;186;"ARACRUZ";"Ausência de reação do condutor";"Saída de leito carroçável";"Com Vítimas Feridas";"Pleno dia";"Decrescente";"Céu Claro";"Dupla";"Não Informado";"Não";2;0;0;1;0;1;1;1;-19,66488404;-40,24929498;"SPRF-ES";"DEL04-ES";"UOP01-DEL04-ES"
498908;2023-01-13;"sexta-feira";"14:10:00";"BA";116;415;"FEIRA DE SANTANA";"Manobra de mudança de faixa";"Colisão lateral mesmo sentido";"Com Vítimas Feridas";"Pleno dia";"Crescente";"Céu Claro";"Dupla";"Reta";"Sim";2;0;0;1;1;0;1;2;-12,159639;-38,9648641;"SPRF-BA";"DEL02-BA";"UOP01-DEL02-BA"
498909;2023-01-13;"sexta-feira";"14:30:00";"MG";40;572,3;"ITABIRITO";"Conversão proibida";"Colisão transversal";"Com Vítimas Feridas";"Pleno dia";"Decrescente";"Céu Claro";"Simples";"Reta";"Não";5;0;2;0;3;0;2;2;-20,23058501;-43,96905104;"SPRF-MG";"DEL01-MG";"UOP02-DEL01-MG"
498910;2023-01-13;"sexta-feira";"14:30:00";"MG";381;494,1;"BETIM";"Condutor deixou de manter distância do veículo da frente";"Colisão traseira";"Com Vítimas Feridas";"Pleno dia";"Crescente";"Céu Claro";"Dupla";"Não Informado";"Não";2;0;1;0;1;0;1;2;-19,96645;-44,17875;"SPRF-MG";"DEL01-MG";"UOP03-DEL01-MG"
498913;2023-01-13;"sexta-feira";"14:30:00";"PR";376;619,9;"SAO JOSE DOS PINHAIS";"Ausência de reação do condutor";"Atropelamento de Pedestre";"Com Vítimas Feridas";"Pleno dia";"Crescente";"Céu Claro";"Simples";"Reta";"Sim";2;0;1;0;1;0;1;1;-25,60034699;-49,17355691;"SPRF-PR";"DEL01-PR";"UOP04-DEL01-PR"
498915;2023-01-13;"sexta-feira";"14:30:00";"MG";262;385;"MATEUS LEME";"Ausência de reação do condutor";"Tombamento";"Com Vítimas Feridas";"Pleno dia";"Crescente";"Chuva";"Dupla";"Não Informado";"Não";2;0;2;0;0;0;2;1;-19,9209967;-44,4700283;"SPRF-MG";"DEL01-MG";"UOP03-DEL01-MG"
498916;2023-01-13;"sexta-feira";"15:15:00";"MG";381;483;"BETIM";"Manobra de mudança de faixa";"Tombamento";"Com Vítimas Feridas";"Pleno dia";"Crescente";"Nublado";"Dupla";"Não Informado";"Sim";1;0;1;0;0;0;1;1;-19,95594491;-44,10721699;"SPRF-MG";"DEL01-MG";"UOP03-DEL01-MG"
498920;2023-01-13;"sexta-feira";"15:00:00";"PI";343;295;"ALTOS";"Ultrapassagem Indevida";"Saída de leito carroçável";"Com Vítimas Feridas";"Pleno dia";"Crescente";"Céu Claro";"Simples";"Reta";"Não";2;0;1;0;1;0;1;1;-4,977479;-42,378742;"SPRF-PI";"DEL01-PI";"UOP03-DEL01-PI"
498921;2023-01-13;"sexta-feira";"15:30:00";"PE";232;90;"GRAVATA";"Ausência de reação do condutor";"Saída de leito carroçável";"Com Vítimas Feridas";"Pleno dia";"Crescente";"Céu Claro";"Dupla";"Curva";"Sim";2;0;1;0;1;0;1;1;-8,2172915;-35,65572305;"SPRF-PE";"DEL02-PE";"UOP02-DEL02PE"
498922;2023-01-13;"sexta-feira";"15:15:00";"SP";116;74;"APARECIDA";"Mal súbito do condutor";"Saída de leito carroçável";"Com Vítimas Fatais";"Pleno dia";"Decrescente";"Nublado";"Dupla";"Reta";"Sim";1;1;0;0;0;0;0;1;-22,87353809;-45,25320023;"SPRF-SP";"DEL08-SP";"UOP01-DEL08-SP"
498924;2023-01-13;"sexta-feira";"08:40:00";"MG";262;451;"NOVA SERRANA";"Reação tardia ou ineficiente do condutor";"Colisão traseira";"Com Vítimas Feridas";"Pleno dia";"Crescente";"Céu Claro";"Simples";"Não Informado";"Não";3;0;1;0;2;0;1;2;-19,86372828;-44,99796931;"SPRF-MG";"DEL08-MG";"UOP03-DEL08-MG"
498925;2023-01-13;"sexta-feira";"15:35:00";"RS";290;60,1;"GRAVATAI";"Reação tardia ou ineficiente do condutor";"Colisão traseira";"Sem Vítimas";"Pleno dia";"Crescente";"Chuva";"Dupla";"Reta";"Não";3;0;0;0;3;0;0;2;-29,924686;-50,860086;"SPRF-RS";"DEL03-RS";"UOP01-DEL03-RS"
498926;2023-01-13;"sexta-feira";"16:10:00";"SC";101;130;"BALNEARIO CAMBORIU";"Conversão proibida";"Colisão transversal";"Com Vítimas Feridas";"Pleno dia";"Crescente";"Céu Claro";"Múltipla";"Reta";"Não";2;0;1;0;1;0;1;2;-26,98407618;-48,66977107;"SPRF-SC";"DEL04-SC";"UOP03-DEL04-SC"
498927;2023-01-13;"sexta-feira";"16:00:00";"RJ";101;383;"RIO DE JANEIRO";"Reação tardia ou ineficiente do condutor";"Colisão traseira";"Com Vítimas Feridas";"Pleno dia";"Decrescente";"Céu Claro";"Múltipla";"Reta";"Sim";2;0;1;0;1;0;1;2;-22,8765463;-43,61463385;"SPRF-RJ";"DEL01-RJ";"UOP04-DEL01-RJ"
498928;2023-01-13;"sexta-feira";"15:50:00";"BA";101;717;"EUNAPOLIS";"Reação tardia ou ineficiente do condutor";"Colisão traseira";"Sem Vítimas";"Pleno dia";"Decrescente";"Céu Claro";"Simples";"Reta";"Sim";3;0;0;0;3;0;0;2;-16,365458;-39,581358;"SPRF-BA";"DEL09-BA";"UOP01-DEL09-BA"
498930;2023-01-13;"sexta-feira";"11:43:00";"RO";364;506;"ARIQUEMES";"Condutor deixou de manter distância do veículo da frente";"Colisão lateral mesmo sentido";"Com Vítimas Feridas";"Pleno dia";"Crescente";"Céu Claro";"Simples";"Reta";"Não";3;0;2;0;1;0;2;2;-9,99000286;-63,01741583;"SPRF-RO";"DEL03-RO";"UOP01-DEL03-RO"
498931;2023-01-13;"sexta-feira";"08:15:00";"RJ";40;52;"PETROPOLIS";"Manobra de mudança de faixa";"Colisão com objeto";"Com Vítimas Feridas";"Pleno dia";"Crescente";"Céu Claro";"Dupla";"Reta";"Não";3;0;1;1;1;0;2;2;-22,33571319;-43,13320403;"SPRF-RJ";"DEL06-RJ";"UOP01-DEL06-RJ"
498932;2023-01-13;"sexta-feira";"10:20:00";"GO";153;639;"MORRINHOS";"Reação tardia ou ineficiente do condutor";"Saída de leito carroçável";"Com Vítimas Feridas";"Pleno dia";"Decrescente";"Céu Claro";"Dupla";"Reta";"Não";3;0;3;0;0;0;3;1;-17,8714;-49,2268;"SPRF-GO";"DEL03-GO";"UOP01-DEL03-GO"
498933;2023-01-13;"sexta-feira";"14:00:00";"SC";470;48,4;"BLUMENAU";"Demais falhas na via";"Tombamento";"Com Vítimas Feridas";"Pleno dia";"Decrescente";"Céu Claro";"Simples";"Não Informado";"Não";2;0;1;0;1;0;1;2;-26,859823;-49,055393;"SPRF-SC";"DEL04-SC";"UOP01-DEL04-SC"
498934;2023-01-13;"sexta-feira";"16:00:00";"DF";NA;NA;"BRASILIA";"Chuva";"Colisão com objeto";"Com Vítimas Feridas";"Pleno dia";"Não Informado";"Chuva";"Dupla";"Não Informado";"Sim";3;0;1;0;2;0;1;1;-15,92768285;-47,97850728;"SPRF-DF";"DEL01-DF";"UOP01-DEL01-DF"
498935;2023-01-13;"sexta-feira";"14:42:00";"RO";364;344;"JI-PARANA";"Manobra de mudança de faixa";"Colisão lateral mesmo sentido";"Com Vítimas Feridas";"Pleno dia";"Crescente";"Nublado";"Dupla";"Não Informado";"Sim";2;0;1;0;1;0;1;2;-10,88381227;-61,93741416;"SPRF-RO";"DEL02-RO";"UOP01-DEL02-RO"
498936;2023-01-13;"sexta-feira";"15:50:00";"SP";116;23,4;"LAVRINHAS";"Ausência de reação do condutor";"Capotamento";"Com Vítimas Feridas";"Pleno dia";"Decrescente";"Nublado";"Dupla";"Curva";"Não";1;0;1;0;0;0;1;1;-22,58978112;-44,88535587;"SPRF-SP";"DEL08-SP";"UOP02-DEL08-SP"
498938;2023-01-13;"sexta-feira";"12:30:00";"GO";60;207;"GUAPO";"Manobra de mudança de faixa";"Colisão lateral mesmo sentido";"Sem Vítimas";"Pleno dia";"Decrescente";"Sol";"Dupla";"Reta";"Não";2;0;0;0;2;0;0;2;-16,9153;-49,6608;"SPRF-GO";"DEL01-GO";"UOP02-DEL01-GO"
498940;2023-01-13;"sexta-feira";"15:50:00";"PR";277;102;"CURITIBA";"Reação tardia ou ineficiente do condutor";"Tombamento";"Com Vítimas Feridas";"Pleno dia";"Crescente";"Nublado";"Dupla";"Reta";"Não";1;0;0;1;0;0;1;1;-25,51408786;-49,33726669;"SPRF-PR";"DEL01-PR";"UAP06-DEL01-PR"
498941;2023-01-13;"sexta-feira";"16:50:00";"RS";116;245;"SAO LEOPOLDO";"Reação tardia ou ineficiente do condutor";"Colisão traseira";"Sem Vítimas";"Pleno dia";"Decrescente";"Chuva";"Dupla";"Reta";"Sim";3;0;0;0;3;0;0;2;-29,75454191;-51,15152836;"SPRF-RS";"DEL01-RS";"UOP02-DEL01-RS"
498942;2023-01-13;"sexta-feira";"16:50:00";"ES";101;283;"SERRA";"Condutor deixou de manter distância do veículo da frente";"Colisão traseira";"Com Vítimas Feridas";"Pleno dia";"Decrescente";"Céu Claro";"Simples";"Reta";"Sim";3;0;0;2;1;0;2;2;-20,23438373;-40,3693577;"SPRF-ES";"DEL01-ES";"UOP01-DEL01-ES"
498943;2023-01-13;"sexta-feira";"16:45:00";"SP";116;225;"GUARULHOS";"Frear bruscamente";"Colisão traseira";"Com Vítimas Feridas";"Pleno dia";"Decrescente";"Céu Claro";"Múltipla";"Reta";"Sim";4;0;2;0;2;0;2;3;-23,48586772;-46,54075317;"SPRF-SP";"DEL01-SP";"UOP01-DEL01-SP"
498944;2023-01-13;"sexta-feira";"08:10:00";"RJ";40;52;"PETROPOLIS";"Condutor deixou de manter distância do veículo da frente";"Colisão traseira";"Com Vítimas Feridas";"Pleno dia";"Crescente";"Céu Claro";"Dupla";"Não Informado";"Sim";4;0;3;0;1;0;3;2;-22,33571319;-43,13320403;"SPRF-RJ";"DEL06-RJ";"UOP01-DEL06-RJ"
498945;2023-01-13;"sexta-feira";"16:00:00";"GO";60;214;"CEZARINA";"Acumulo de água sobre o pavimento";"Saída de leito carroçável";"Sem Vítimas";"Pleno dia";"Crescente";"Chuva";"Dupla";"Reta";"Não";1;0;0;0;1;0;0;1;-16,9515;-49,7014;"SPRF-GO";"DEL01-GO";"UOP02-DEL01-GO"
498947;2023-01-13;"sexta-feira";"17:05:00";"RS";116;250;"SAO LEOPOLDO";"Acumulo de água sobre o pavimento";"Colisão com objeto";"Com Vítimas Feridas";"Pleno dia";"Crescente";"Chuva";"Dupla";"Viaduto";"Sim";2;0;1;0;1;0;1;1;-29,79148798;-51,16399615;"SPRF-RS";"DEL01-RS";"UOP02-DEL01-RS"
498948;2023-01-13;"sexta-feira";"16:40:00";"BA";242;414;"SEABRA";"Desrespeitar a preferência no cruzamento";"Colisão transversal";"Com Vítimas Feridas";"Pleno dia";"Crescente";"Céu Claro";"Simples";"Não Informado";"Sim";3;0;1;0;2;0;1;2;-12,427427;-41,77020288;"SPRF-BA";"DEL06-BA";"UOP01-DEL06-BA"
498949;2023-01-13;"sexta-feira";"16:50:00";"SE";101;95,8;"NOSSA SENHORA DO SOCORRO";"Manobra de mudança de faixa";"Capotamento";"Com Vítimas Feridas";"Pleno dia";"Decrescente";"Nublado";"Dupla";"Curva";"Não";1;0;1;0;0;0;1;1;-10,91774224;-37,16729183;"SPRF-SE";"DEL02-SE";"UOP01-DEL02-SE"
498950;2023-01-13;"sexta-feira";"17:00:00";"MG";381;790,3;"SAO GONCALO DO SAPUCAI";"Velocidade Incompatível";"Colisão com objeto";"Com Vítimas Feridas";"Pleno dia";"Decrescente";"Nublado";"Dupla";"Reta";"Não";2;0;1;0;0;1;1;1;-21,91423627;-45,57892692;"SPRF-MG";"DEL16-MG";"UOP02-DEL16-MG"
498952;2023-01-13;"sexta-feira";"17:10:00";"PR";116;130;"FAZENDA RIO GRANDE";"Reação tardia ou ineficiente do condutor";"Colisão lateral mesmo sentido";"Com Vítimas Feridas";"Pleno dia";"Crescente";"Nublado";"Dupla";"Reta";"Sim";3;0;1;0;2;0;1;2;-25,67172899;-49,31518078;"SPRF-PR";"DEL01-PR";"UOP03-DEL01-PR"
498954;2023-01-13;"sexta-feira";"17:30:00";"PB";230;24;"JOAO PESSOA";"Reação tardia ou ineficiente do condutor";"Colisão traseira";"Com Vítimas Feridas";"Anoitecer";"Decrescente";"Céu Claro";"Dupla";"Reta";"Sim";2;0;0;1;1;0;1;2;-7,1637;-34,8618;"SPRF-PB";"DEL01-PB";"UOP01-DEL01-PB"
498955;2023-01-13;"sexta-feira";"17:45:00";"PE";104;63,5;"CARUARU";"Animais na Pista";"Atropelamento de Animal";"Com Vítimas Feridas";"Anoitecer";"Crescente";"Céu Claro";"Dupla";"Não Informado";"Sim";2;0;2;0;0;0;2;1;-8,2698;-35,9803;"SPRF-PE";"DEL02-PE";"UOP01-DEL02-PE"
498957;2023-01-13;"sexta-feira";"17:50:00";"MG";262;63,8;"MATIPO";"Ausência de reação do condutor";"Colisão traseira";"Com Vítimas Feridas";"Pleno dia";"Decrescente";"Nublado";"Simples";"Reta";"Não";4;0;1;0;2;1;1;2;-20,296153;-42,241585;"SPRF-MG";"DEL06-MG";"UOP03-DEL06-MG"
498958;2023-01-13;"sexta-feira";"15:00:00";"RN";304;130;"ITAJA";"Ultrapassagem Indevida";"Colisão lateral sentido oposto";"Com Vítimas Feridas";"Pleno dia";"Crescente";"Céu Claro";"Simples";"Reta";"Não";7;0;5;1;0;1;6;3;-5,65843358;-36,77125997;"SPRF-RN";"DEL04-RN";"UOP01-DEL04-RN"
498961;2023-01-13;"sexta-feira";"16:30:00";"RJ";393;279;"BARRA DO PIRAI";"Condutor deixou de manter distância do veículo da frente";"Colisão traseira";"Com Vítimas Feridas";"Pleno dia";"Crescente";"Chuva";"Simples";"Reta";"Sim";5;0;1;0;4;0;1;4;-22,47615736;-44,00889998;"SPRF-RJ";"DEL05-RJ";"UOP02-DEL05-RJ"
498962;2023-01-13;"sexta-feira";"18:15:00";"SP";116;216;"GUARULHOS";"Acessar a via sem observar a presença dos outros veículos";"Colisão lateral mesmo sentido";"Com Vítimas Feridas";"Pleno dia";"Decrescente";"Céu Claro";"Dupla";"Reta";"Sim";2;0;1;0;1;0;1;2;-23,45056589;-46,46258105;"SPRF-SP";"DEL01-SP";"UOP01-DEL01-SP"
498964;2023-01-13;"sexta-feira";"18:10:00";"MA";316;259;"SANTA INES";"Acessar a via sem observar a presença dos outros veículos";"Colisão lateral mesmo sentido";"Com Vítimas Feridas";"Anoitecer";"Crescente";"Céu Claro";"Dupla";"Não Informado";"Sim";2;0;1;0;1;0;1;2;-3,662971;-45,400261;"SPRF-MA";"DEL02-MA";"UOP01-DEL02-MA"
498966;2023-01-13;"sexta-feira";"17:40:00";"GO";60;104;"ANAPOLIS";"Ausência de reação do condutor";"Saída de leito carroçável";"Com Vítimas Feridas";"Pleno dia";"Crescente";"Nublado";"Dupla";"Curva";"Não";1;0;1;0;0;0;1;1;-16,4118;-49,0004;"SPRF-GO";"DEL02-GO";"UOP01-DEL02-GO"
498967;2023-01-13;"sexta-feira";"17:40:00";"PB";101;84;"BAYEUX";"Condutor deixou de manter distância do veículo da frente";"Queda de ocupante de veículo";"Com Vítimas Feridas";"Plena Noite";"Crescente";"Céu Claro";"Dupla";"Reta";"Sim";1;0;1;0;0;0;1;1;-7,13957906;-34,92312806;"SPRF-PB";"DEL01-PB";"UOP01-DEL01-PB"
498968;2023-01-13;"sexta-feira";"15:35:00";"RO";364;425;"JARU";"Desrespeitar a preferência no cruzamento";"Colisão transversal";"Com Vítimas Feridas";"Pleno dia";"Crescente";"Céu Claro";"Simples";"Não Informado";"Sim";5;0;3;0;2;0;3;2;-10,43752488;-62,47169791;"SPRF-RO";"DEL03-RO";"UOP02-DEL03-RO"
498969;2023-01-13;"sexta-feira";"18:10:00";"BA";20;175;"LUIS EDUARDO MAGALHAES";"Reação tardia ou ineficiente do condutor";"Capotamento";"Com Vítimas Feridas";"Anoitecer";"Decrescente";"Garoa/Chuvisco";"Simples";"Reta";"Não";5;0;2;0;3;0;2;1;-12,41258;-45,87194;"SPRF-BA";"DEL10-BA";"UOP01-DEL10-BA"
498970;2023-01-02;"segunda-feira";"07:10:00";"RJ";101;403;"ITAGUAI";"Ausência de reação do condutor";"Saída de leito carroçável";"Com Vítimas Feridas";"Amanhecer";"Decrescente";"Céu Claro";"Dupla";"Reta";"Sim";3;0;2;0;0;1;2;1;-22,85924449;-43,79010059;"SPRF-RJ";"DEL01-RJ";"UOP04-DEL01-RJ"
498971;2023-01-13;"sexta-feira";"12:50:00";"PR";369;482,4;"CORBELIA";"Chuva";"Colisão frontal";"Com Vítimas Feridas";"Pleno dia";"Decrescente";"Chuva";"Simples";"Não Informado";"Não";3;0;1;0;2;0;1;2;-24,6524;-53,2195;"SPRF-PR";"DEL04-PR";"UOP03-DEL04-PR"
498973;2023-01-13;"sexta-feira";"18:45:00";"SC";116;4,2;"MAFRA";"Retorno proibido";"Colisão transversal";"Com Vítimas Feridas";"Anoitecer";"Crescente";"Nublado";"Simples";"Reta";"Sim";3;0;0;1;2;0;1;2;-26,13554917;-49,8072652;"SPRF-SC";"DEL06-SC";"UOP01-DEL06-SC"
498974;2023-01-13;"sexta-feira";"18:30:00";"PI";343;18;"PARNAIBA";"Acesso irregular";"Colisão lateral sentido oposto";"Com Vítimas Feridas";"Plena Noite";"Crescente";"Céu Claro";"Simples";"Reta";"Sim";2;0;1;0;0;1;1;2;-2,963282;-41,759464;"SPRF-PI";"DEL05-PI";"UOP01-DEL05-PI"
498975;2023-01-13;"sexta-feira";"17:45:00";"MG";116;412;"GOVERNADOR VALADARES";"Acessar a via sem observar a presença dos outros veículos";"Colisão transversal";"Com Vítimas Feridas";"Pleno dia";"Crescente";"Céu Claro";"Múltipla";"Reta";"Sim";3;0;2;0;1;0;2;2;-18,86882342;-41,97144241;"SPRF-MG";"DEL06-MG";"UOP01-DEL06-MG"
498976;2023-01-13;"sexta-feira";"17:40:00";"SP";116;100;"PINDAMONHANGABA";"Ausência de reação do condutor";"Engavetamento";"Com Vítimas Feridas";"Pleno dia";"Crescente";"Nublado";"Dupla";"Reta";"Não";5;0;2;0;3;0;2;3;-22,986552;-45,47276;"SPRF-SP";"DEL08-SP";"UOP01-DEL08-SP"
498977;2023-01-13;"sexta-feira";"18:25:00";"SC";116;3,9;"MAFRA";"Reação tardia ou ineficiente do condutor";"Colisão traseira";"Com Vítimas Feridas";"Anoitecer";"Decrescente";"Céu Claro";"Simples";"Não Informado";"Sim";3;0;2;0;1;0;2;2;-26,13073161;-49,79922442;"SPRF-SC";"DEL06-SC";"UOP01-DEL06-SC"
498979;2023-01-13;"sexta-feira";"18:40:00";"RS";116;451,9;"SAO LOURENCO DO SUL";"Velocidade Incompatível";"Saída de leito carroçável";"Com Vítimas Feridas";"Pleno dia";"Crescente";"Chuva";"Dupla";"Curva";"Não";10;0;0;2;8;0;2;3;-31,20500401;-52,01944702;"SPRF-RS";"DEL02-RS";"UOP02-DEL02-RS"
498980;2023-01-13;"sexta-feira";"18:00:00";"PR";153;22,4;"JACAREZINHO";"Velocidade Incompatível";"Colisão frontal";"Sem Vítimas";"Anoitecer";"Crescente";"Chuva";"Simples";"Curva";"Não";2;0;0;0;2;0;0;2;-23,17310336;-49,97240066;"SPRF-PR";"DEL07-PR";"UOP04-DEL07-PR"
498983;2023-01-13;"sexta-feira";"18:30:00";"MG";381;489,1;"BETIM";"Acessar a via sem observar a presença dos outros veículos";"Colisão transversal";"Sem Vítimas";"Plena Noite";"Decrescente";"Nublado";"Simples";"Não Informado";"Não";2;0;0;0;1;1;0;2;-19,95638;-44,13398;"SPRF-MG";"DEL01-MG";"UOP03-DEL01-MG"
498985;2023-01-13;"sexta-feira";"18:20:00";"AP";156;462;"TARTARUGALZINHO";"Curva acentuada";"Saída de leito carroçável";"Sem Vítimas";"Anoitecer";"Crescente";"Garoa/Chuvisco";"Simples";"Curva";"Não";1;0;0;0;0;1;0;1;1,43209182;-50,90269793;"SPRF-AP";"N/A";"UOP02-DEL01-AP"
498987;2023-01-13;"sexta-feira";"18:00:00";"RJ";101;574;"PARATY";"Acessar a via sem observar a presença dos outros veículos";"Colisão transversal";"Com Vítimas Feridas";"Anoitecer";"Decrescente";"Chuva";"Simples";"Reta";"Sim";2;0;2;0;0;0;2;2;-23,21106418;-44,73373262;"SPRF-RJ";"DEL03-RJ";"UOP02-DEL03-RJ"
498992;2023-01-13;"sexta-feira";"19:35:00";"SC";101;109,9;"PENHA";"Acessar a via sem observar a presença dos outros veículos";"Atropelamento de Pedestre";"Com Vítimas Feridas";"Plena Noite";"Decrescente";"Nublado";"Dupla";"Reta";"Não";2;0;0;1;1;0;1;1;-26,835053;-48,707548;"SPRF-SC";"DEL03-SC";"UOP02-DEL03-SC"
498995;2023-01-13;"sexta-feira";"19:20:00";"SP";116;216;"GUARULHOS";"Manobra de mudança de faixa";"Colisão lateral mesmo sentido";"Com Vítimas Feridas";"Plena Noite";"Decrescente";"Céu Claro";"Dupla";"Reta";"Sim";2;0;1;0;1;0;1;2;-23,45056589;-46,46258105;"SPRF-SP";"DEL01-SP";"UOP01-DEL01-SP"
498997;2023-01-13;"sexta-feira";"19:00:00";"SC";101;214;"PALHOCA";"Ausência de reação do condutor";"Tombamento";"Com Vítimas Feridas";"Anoitecer";"Crescente";"Nublado";"Múltipla";"Reta";"Sim";1;0;1;0;0;0;1;1;-27,64443;-48,67057;"SPRF-SC";"DEL01-SC";"UOP02-DEL01-SC"
498998;2023-01-13;"sexta-feira";"16:30:00";"BA";324;622,5;"SALVADOR";"Acumulo de areia ou detritos sobre o pavimento";"Queda de ocupante de veículo";"Com Vítimas Feridas";"Pleno dia";"Crescente";"Céu Claro";"Múltipla";"Curva";"Sim";2;0;2;0;0;0;2;1;-12,91888605;-38,46502095;"SPRF-BA";"DEL01-BA";"UOP01-DEL01-BA"