"id";"data_inversa";"dia_semana";"horario";"uf";"br";"km";"municipio";"causa_acidente";"tipo_acidente";"classificacao_acidente";"fase_dia";"sentido_via";"condicao_metereologica";"tipo_pista";"tracado_via";"uso_solo";"pessoas";"mortos";"feridos_leves";"feridos_graves";"ilesos";"ignorados";"feridos";"veiculos";"latitude";"longitude";"regional";"delegacia";"uop"
499000;2023-01-13;"sexta-feira";"15:30:00";"GO";414;404;"ABADIANIA";"Velocidade Incompatível";"Saída de leito carroçável";"Sem Vítimas";"Pleno dia";"Crescente";"Chuva";"Simples";"Não Informado";"Não";3;0;0;0;3;0;0;1;-16,00900392;-48,84163082;"SPRF-GO";"DEL02-GO";"UOP01-DEL02-GO"
499001;2023-01-13;"sexta-feira";"15:30:00";"BA";116;319;"ARACI";"Transitar na contramão";"Colisão frontal";"Com Vítimas Feridas";"Pleno dia";"Decrescente";"Céu Claro";"Simples";"Reta";"Não";4;0;3;0;1;0;3;2;-11,32295708;-38,94963686;"SPRF-BA";"DEL02-BA";"UOP01-DEL02-BA"
499002;2023-01-13;"sexta-feira";"20:30:00";"CE";116;8,9;"FORTALEZA";"Acessar a via sem observar a presença dos outros veículos";"Colisão lateral mesmo sentido";"Com Vítimas Feridas";"Plena Noite";"Crescente";"Céu Claro";"Dupla";"Reta";"Sim";2;0;1;0;1;0;1;2;-3,82684176;-38,5046339;"SPRF-CE";"DEL01-CE";"UOP02-DEL01-CE"
499003;2023-01-13;"sexta-feira";"19:50:00";"MT";364;210;"RONDONOPOLIS";"Chuva";"Tombamento";"Com Vítimas Feridas";"Plena Noite";"Crescente";"Chuva";"Dupla";"Reta";"Não";1;0;1;0;0;0;1;1;-16,4229595;-54,70116159;"SPRF-MT";"DEL02-MT";"UOP01-DEL02-MT"
499004;2023-01-13;"sexta-feira";"20:00:00";"RO";364;710;"PORTO VELHO";"Pedestre andava na pista";"Atropelamento de Pedestre";"Com Vítimas Fatais";"Plena Noite";"Decrescente";"Nublado";"Simples";"Reta";"Sim";3;1;0;0;2;0;0;1;-8,78386927;-63,86221647;"SPRF-RO";"DEL01-RO";"UOP01-DEL01-RO"
499005;2023-01-13;"sexta-feira";"20:00:00";"MT";163;111;"RONDONOPOLIS";"Avarias e/ou desgaste excessivo no pneu";"Queda de ocupante de veículo";"Com Vítimas Feridas";"Plena Noite";"Decrescente";"Chuva";"Dupla";"Reta";"Não";1;0;1;0;0;0;1;1;-16,56983504;-54,68343692;"SPRF-MT";"DEL02-MT";"UOP01-DEL02-MT"
499006;2023-01-13;"sexta-feira";"21:00:00";"MG";262;359,5;"BETIM";"Demais falhas mecânicas ou elétricas";"Incêndio";"Sem Vítimas";"Pleno dia";"Crescente";"Nublado";"Dupla";"Reta";"Sim";1;0;0;0;1;0;0;1;-19,97665614;-44,25711393;"SPRF-MG";"DEL01-MG";"UOP03-DEL01-MG"
499008;2023-01-13;"sexta-feira";"15:30:00";"SP";381;87,2;"SAO PAULO";"Ausência de reação do condutor";"Colisão traseira";"Com Vítimas Feridas";"Pleno dia";"Decrescente";"Nublado";"Dupla";"Reta";"Não";2;0;1;0;1;0;1;2;-23,46870838;-46,56983256;"SPRF-SP";"DEL03-SP";"UOP01-DEL03-SP"
499013;2023-01-13;"sexta-feira";"21:10:00";"RJ";40;70,2;"PETROPOLIS";"Velocidade Incompatível";"Colisão com objeto";"Com Vítimas Feridas";"Plena Noite";"Crescente";"Chuva";"Dupla";"Curva";"Não";1;0;0;1;0;0;1;1;-22,44906429;-43,19987784;"SPRF-RJ";"DEL06-RJ";"UOP02-DEL06-RJ"
499015;2023-01-13;"sexta-feira";"21:10:00";"PR";476;112,7;"COLOMBO";"Transitar na contramão";"Colisão frontal";"Com Vítimas Feridas";"Plena Noite";"Decrescente";"Céu Claro";"Simples";"Reta";"Não";3;0;0;1;1;1;1;1;-25,318485;-49,159;"SPRF-PR";"DEL01-PR";"UOP01-DEL01-PR"
499016;2023-01-13;"sexta-feira";"22:00:00";"MT";70;1,9;"BARRA DO GARCAS";"Acessar a via sem observar a presença dos outros veículos";"Colisão lateral sentido oposto";"Com Vítimas Feridas";"Plena Noite";"Crescente";"Chuva";"Simples";"Reta";"Sim";2;0;0;1;1;0;1;2;-15,88749699;-52,26810568;"SPRF-MT";"DEL07-MT";"UOP01-DEL07-MT"
499019;2023-01-13;"sexta-feira";"22:30:00";"MG";381;345;"BELA VISTA DE MINAS";"Velocidade Incompatível";"Tombamento";"Com Vítimas Feridas";"Plena Noite";"Crescente";"Garoa/Chuvisco";"Simples";"Não Informado";"Não";2;0;0;2;0;0;2;1;-19,84393441;-43,10164511;"SPRF-MG";"DEL03-MG";"UOP01-DEL03-MG"
499020;2023-01-13;"sexta-feira";"22:30:00";"SC";470;126;"LONTRAS";"Conversão proibida";"Colisão traseira";"Com Vítimas Feridas";"Plena Noite";"Crescente";"Nublado";"Simples";"Curva";"Sim";2;0;1;0;1;0;1;2;-27,129;-49,538277;"SPRF-SC";"DEL04-SC";"UOP02-DEL04-SC"
499021;2023-01-13;"sexta-feira";"17:42:00";"MA";230;314,9;"SAO RAIMUNDO DAS MANGABEIRAS";"Desrespeitar a preferência no cruzamento";"Colisão transversal";"Com Vítimas Feridas";"Anoitecer";"Decrescente";"Céu Claro";"Simples";"Não Informado";"Sim";2;0;0;1;0;1;1;2;-7,0220451;-45,48036402;"SPRF-MA";"DEL05-MA";"UOP01-DEL05-MA"
499022;2023-01-13;"sexta-feira";"23:40:00";"PR";376;2;"SAO JOSE DOS PINHAIS";"Ingestão de álcool pelo condutor";"Colisão traseira";"Sem Vítimas";"Plena Noite";"Decrescente";"Nublado";"Dupla";"Reta";"Sim";2;0;0;0;1;1;0;2;-25,5307;-49,1958;"SPRF-PR";"DEL01-PR";"UOP04-DEL01-PR"
499023;2023-01-13;"sexta-feira";"23:40:00";"MG";50;66,8;"UBERLANDIA";"Chuva";"Saída de leito carroçável";"Com Vítimas Feridas";"Plena Noite";"Decrescente";"Chuva";"Dupla";"Reta";"Não";1;0;1;0;0;0;1;1;-18,86887952;-48,25481772;"SPRF-MG";"DEL15-MG";"UOP02-DEL15-MG"
499026;2023-01-14;"sábado";"00:29:00";"PE";101;79,4;"RECIFE";"Animais na Pista";"Atropelamento de Animal";"Com Vítimas Feridas";"Plena Noite";"Decrescente";"Céu Claro";"Dupla";"Não Informado";"Sim";1;0;1;0;0;0;1;1;-8,15112589;-34,9428866;"SPRF-PE";"DEL01-PE";"UOP01-DEL01-PE"
499028;2023-01-14;"sábado";"00:25:00";"PB";101;105,9;"ALHANDRA";"Reação tardia ou ineficiente do condutor";"Colisão com objeto";"Com Vítimas Feridas";"Plena Noite";"Crescente";"Céu Claro";"Dupla";"Reta";"Não";1;0;1;0;0;0;1;1;-7,31664525;-34,94667828;"SPRF-PB";"DEL01-PB";"UOP02-DEL01-PB"
499029;2023-01-13;"sexta-feira";"23:50:00";"MT";364;202;"RONDONOPOLIS";"Ausência de reação do condutor";"Colisão traseira";"Com Vítimas Feridas";"Plena Noite";"Decrescente";"Nublado";"Dupla";"Não Informado";"Sim";2;0;1;0;1;0;1;2;-16,47575285;-54,65351254;"SPRF-MT";"DEL02-MT";"UOP01-DEL02-MT"
499030;2023-01-13;"sexta-feira";"23:50:00";"RS";470;209;"BENTO GONCALVES";"Ingestão de álcool pelo condutor";"Saída de leito carroçável";"Sem Vítimas";"Plena Noite";"Decrescente";"Nublado";"Simples";"Reta";"Sim";2;0;0;0;2;0;0;1;-29,10894598;-51,54542236;"SPRF-RS";"DEL06-RS";"UOP01-DEL06-RS"
499031;2023-01-13;"sexta-feira";"23:40:00";"RO";364;342,8;"JI-PARANA";"Manobra de mudança de faixa";"Queda de ocupante de veículo";"Com Vítimas Feridas";"Plena Noite";"Decrescente";"Céu Claro";"Dupla";"Reta";"Sim";1;0;1;0;0;0;1;1;-10,87952045;-61,94400787;"SPRF-RO";"DEL02-RO";"UOP01-DEL02-RO"
499032;2023-01-14;"sábado";"01:40:00";"SC";282;224,4;"LAGES";"Ingestão de álcool pelo condutor";"Saída de leito carroçável";"Sem Vítimas";"Plena Noite";"Crescente";"Nublado";"Simples";"Não Informado";"Não";1;0;0;0;1;0;0;1;-27,79320008;-50,37736773;"SPRF-SC";"DEL05-SC";"UOP02-DEL05-SC"
499033;2023-01-14;"sábado";"00:01:00";"SP";381;40,6;"ATIBAIA";"Reação tardia ou ineficiente do condutor";"Capotamento";"Com Vítimas Feridas";"Plena Noite";"Decrescente";"Chuva";"Dupla";"Reta";"Não";1;0;1;0;0;0;1;1;-23,13656166;-46,57573342;"SPRF-SP";"DEL03-SP";"UOP01-DEL03-SP"
499034;2023-01-14;"sábado";"01:30:00";"MG";40;508,8;"RIBEIRAO DAS NEVES";"Reação tardia ou ineficiente do condutor";"Colisão traseira";"Com Vítimas Feridas";"Plena Noite";"Decrescente";"Chuva";"Dupla";"Reta";"Sim";3;0;1;0;2;0;1;2;-19,76061249;-44,1347544;"SPRF-MG";"DEL01-MG";"UOP02-DEL01-MG"
499035;2023-01-14;"sábado";"03:15:00";"SP";116;227;"GUARULHOS";"Trafegar com motocicleta (ou similar) entre as faixas";"Colisão traseira";"Com Vítimas Feridas";"Plena Noite";"Decrescente";"Chuva";"Múltipla";"Reta";"Sim";2;0;1;0;1;0;1;2;-23,49659264;-46,55648754;"SPRF-SP";"DEL01-SP";"UOP01-DEL01-SP"
499037;2023-01-14;"sábado";"04:40:00";"PR";277;95;"CURITIBA";"Reação tardia ou ineficiente do condutor";"Saída de leito carroçável";"Sem Vítimas";"Plena Noite";"Decrescente";"Céu Claro";"Dupla";"Não Informado";"Sim";1;0;0;0;1;0;0;1;-25,54838443;-49,28586717;"SPRF-PR";"DEL01-PR";"UAP06-DEL01-PR"
499040;2023-01-14;"sábado";"05:52:00";"TO";153;335;"GUARAI";"Ingestão de álcool pelo condutor";"Colisão traseira";"Com Vítimas Feridas";"Amanhecer";"Crescente";"Céu Claro";"Simples";"Reta";"Sim";2;0;1;0;1;0;1;2;-8,84481597;-48,5107318;"SPRF-TO";"DEL02-TO";"UOP02-DEL02-TO"
499042;2023-01-14;"sábado";"00:10:00";"SP";381;84;"SAO PAULO";"Reação tardia ou ineficiente do condutor";"Colisão com objeto";"Com Vítimas Feridas";"Plena Noite";"Crescente";"Chuva";"Múltipla";"Não Informado";"Não";2;0;1;0;0;1;1;1;-23,44890615;-46,56970382;"SPRF-SP";"DEL03-SP";"UOP01-DEL03-SP"
499043;2023-01-14;"sábado";"04:30:00";"SC";101;372,3;"ICARA";"Ausência de reação do condutor";"Saída de leito carroçável";"Com Vítimas Feridas";"Amanhecer";"Crescente";"Céu Claro";"Dupla";"Reta";"Não";3;0;1;0;2;0;1;1;-28,70864509;-49,20924696;"SPRF-SC";"DEL02-SC";"UOP01-DEL02-SC"
499044;2023-01-14;"sábado";"04:30:00";"SC";280;100;"SAO BENTO DO SUL";"Ingestão de álcool pelo condutor";"Colisão com objeto";"Sem Vítimas";"Amanhecer";"Crescente";"Céu Claro";"Simples";"Curva";"Não";1;0;0;0;1;0;0;1;-26,37158361;-49,33137101;"SPRF-SC";"DEL06-SC";"UOP03-DEL06-SC"
499046;2023-01-14;"sábado";"02:00:00";"BA";367;27,8;"PORTO SEGURO";"Condutor Dormindo";"Colisão frontal";"Com Vítimas Feridas";"Plena Noite";"Decrescente";"Céu Claro";"Simples";"Curva";"Não";2;0;2;0;0;0;2;2;-16,4238769;-39,10203391;"SPRF-BA";"DEL09-BA";"UOP03-DEL09-BA"
499047;2023-01-14;"sábado";"02:30:00";"MG";40;510,5;"RIBEIRAO DAS NEVES";"Velocidade Incompatível";"Saída de leito carroçável";"Sem Vítimas";"Plena Noite";"Crescente";"Chuva";"Dupla";"Não Informado";"Não";1;0;0;0;0;1;0;1;-19,77463885;-44,12321882;"SPRF-MG";"DEL01-MG";"UOP02-DEL01-MG"
499049;2023-01-14;"sábado";"07:00:00";"PR";376;620;"SAO JOSE DOS PINHAIS";"Ausência de reação do condutor";"Colisão transversal";"Com Vítimas Feridas";"Pleno dia";"Crescente";"Céu Claro";"Simples";"Não Informado";"Não";2;0;1;0;1;0;1;2;-25,60925907;-49,17205834;"SPRF-PR";"DEL01-PR";"UOP04-DEL01-PR"
499051;2023-01-13;"sexta-feira";"17:30:00";"SC";280;296;"PORTO UNIAO";"Transitar na contramão";"Colisão frontal";"Com Vítimas Feridas";"Pleno dia";"Crescente";"Chuva";"Simples";"Reta";"Não";5;0;3;2;0;0;5;2;-26,28733189;-50,98370597;"SPRF-SC";"DEL06-SC";"UOP04-DEL06-SC"
499052;2023-01-14;"sábado";"05:40:00";"RR";174;513;"BOA VISTA";"Iluminação deficiente";"Colisão traseira";"Com Vítimas Feridas";"Amanhecer";"Decrescente";"Céu Claro";"Simples";"Reta";"Não";3;0;2;0;1;0;2;2;2,88055;-60,698753;"SPRF-RR";"N/A";"UOP01-DEL01-RR"
499054;2023-01-13;"sexta-feira";"14:30:00";"SC";280;276,6;"IRINEOPOLIS";"Acessar a via sem observar a presença dos outros veículos";"Colisão transversal";"Com Vítimas Feridas";"Pleno dia";"Crescente";"Céu Claro";"Simples";"Reta";"Não";2;0;1;0;0;1;1;2;-26,29126407;-50,79052397;"SPRF-SC";"DEL06-SC";"UOP04-DEL06-SC"
499055;2023-01-14;"sábado";"07:35:00";"PE";101;70,9;"RECIFE";"Pista esburacada";"Tombamento";"Com Vítimas Feridas";"Pleno dia";"Crescente";"Nublado";"Simples";"Não Informado";"Sim";2;0;2;0;0;0;2;1;-8,077014;-34,943227;"SPRF-PE";"DEL01-PE";"UOP01-DEL01-PE"
499057;2023-01-14;"sábado";"08:00:00";"SC";282;1;"FLORIANOPOLIS";"Condutor deixou de manter distância do veículo da frente";"Colisão traseira";"Sem Vítimas";"Pleno dia";"Crescente";"Sol";"Dupla";"Reta";"Sim";4;0;0;0;4;0;0;4;-27,602955;-48,580509;"SPRF-SC";"DEL01-SC";"UOP01-DEL01-SC"
499058;2023-01-14;"sábado";"08:10:00";"SC";101;213;"PALHOCA";"Reação tardia ou ineficiente do condutor";"Colisão traseira";"Com Vítimas Feridas";"Pleno dia";"Crescente";"Céu Claro";"Múltipla";"Reta";"Não";2;0;1;0;1;0;1;2;-27,63697369;-48,66514142;"SPRF-SC";"DEL01-SC";"UOP02-DEL01-SC"
499059;2023-01-14;"sábado";"07:40:00";"AL";101;73;"MESSIAS";"Objeto estático sobre o leito carroçável";"Queda de ocupante de veículo";"Com Vítimas Fatais";"Pleno dia";"Decrescente";"Céu Claro";"Dupla";"Reta";"Não";2;1;0;1;0;0;1;1;-9,38720792;-35,8364428;"SPRF-AL";"DEL01-AL";"UOP01-DEL01-AL"
499060;2023-01-14;"sábado";"08:00:00";"PE";101;80,4;"JABOATAO DOS GUARARAPES";"Demais falhas mecânicas ou elétricas";"Queda de ocupante de veículo";"Com Vítimas Feridas";"Pleno dia";"Crescente";"Céu Claro";"Dupla";"Curva";"Sim";2;0;0;1;1;0;1;1;-8,15112589;-34,9428866;"SPRF-PE";"DEL01-PE";"UOP01-DEL01-PE"
499061;2023-01-14;"sábado";"06:30:00";"PR";476;124;"CURITIBA";"Acessar a via sem observar a presença dos outros veículos";"Colisão transversal";"Sem Vítimas";"Pleno dia";"Decrescente";"Céu Claro";"Dupla";"Não Informado";"Sim";3;0;0;0;2;1;0;2;-25,399845;-49,215855;"SPRF-PR";"DEL01-PR";"UOP01-DEL01-PR"
499062;2023-01-14;"sábado";"07:00:00";"SP";381;86;"SAO PAULO";"Acumulo de água sobre o pavimento";"Colisão traseira";"Com Vítimas Feridas";"Pleno dia";"Decrescente";"Chuva";"Múltipla";"Reta";"Sim";2;0;1;0;1;0;1;2;-23,45930499;-46,57161179;"SPRF-SP";"DEL03-SP";"UOP01-DEL03-SP"
499063;2023-01-14;"sábado";"09:00:00";"MG";40;448;"CAETANOPOLIS";"Avarias e/ou desgaste excessivo no pneu";"Tombamento";"Com Vítimas Feridas";"Pleno dia";"Decrescente";"Céu Claro";"Dupla";"Reta";"Não";1;0;1;0;0;0;1;1;-19,301651;-44,377922;"SPRF-MG";"DEL02-MG";"UOP01-DEL02-MG"
499067;2023-01-14;"sábado";"09:20:00";"RS";470;223;"BENTO GONCALVES";"Acessar a via sem observar a presença dos outros veículos";"Colisão transversal";"Com Vítimas Feridas";"Pleno dia";"Crescente";"Céu Claro";"Simples";"Reta";"Sim";2;0;1;0;1;0;1;2;-29,21249203;-51,51794436;"SPRF-RS";"DEL06-RS";"UOP01-DEL06-RS"
499070;2023-01-14;"sábado";"09:10:00";"MG";40;623,2;"CONSELHEIRO LAFAIETE";"Ausência de reação do condutor";"Saída de leito carroçável";"Com Vítimas Feridas";"Pleno dia";"Crescente";"Sol";"Simples";"Não Informado";"Não";1;0;1;0;0;0;1;1;-20,608915;-43,807023;"SPRF-MG";"DEL05-MG";"UOP02-DEL05-MG"
499071;2023-01-14;"sábado";"09:11:00";"RS";116;147,6;"CAXIAS DO SUL";"Retorno proibido";"Colisão transversal";"Sem Vítimas";"Pleno dia";"Decrescente";"Sol";"Dupla";"Não Informado";"Sim";2;0;0;0;2;0;0;2;-29,15186145;-51,14781618;"SPRF-RS";"DEL05-RS";"UOP01-DEL05-RS"
499073;2023-01-14;"sábado";"06:30:00";"RS";472;617;"URUGUAIANA";"Ausência de reação do condutor";"Saída de leito carroçável";"Sem Vítimas";"Pleno dia";"Crescente";"Céu Claro";"Simples";"Reta";"Não";2;0;0;0;0;2;0;1;-30,01847484;-57,2309112;"SPRF-RS";"DEL13-RS";"UOP01-DEL13-RS"
499074;2023-01-14;"sábado";"10:00:00";"RS";285;479,9;"ENTRE-IJUIS";"Ausência de reação do condutor";"Colisão traseira";"Com Vítimas Feridas";"Pleno dia";"Decrescente";"Céu Claro";"Dupla";"Reta";"Não";3;0;1;0;2;0;1;2;-28,37539169;-54,10079956;"SPRF-RS";"DEL10-RS";"UOP01-DEL10-RS"
499075;2023-01-14;"sábado";"09:24:00";"PB";101;67,7;"SANTA RITA";"Demais falhas mecânicas ou elétricas";"Saída de leito carroçável";"Sem Vítimas";"Pleno dia";"Crescente";"Céu Claro";"Dupla";"Reta";"Não";3;0;0;0;3;0;0;1;-7,05298058;-35,03595029;"SPRF-PB";"DEL01-PB";"UOP04-DEL01-PB"
499076;2023-01-14;"sábado";"07:00:00";"RJ";493;5;"ITABORAI";"Ausência de reação do condutor";"Colisão com objeto";"Com Vítimas Feridas";"Pleno dia";"Crescente";"Céu Claro";"Múltipla";"Não Informado";"Sim";1;0;0;1;0;0;1;1;-22,73998606;-42,95374823;"SPRF-RJ";"DEL02-RJ";"UOP02-DEL02-RJ"
499078;2023-01-14;"sábado";"07:00:00";"MG";381;347;"JOAO MONLEVADE";"Acumulo de água sobre o pavimento";"Saída de leito carroçável";"Com Vítimas Feridas";"Amanhecer";"Crescente";"Chuva";"Simples";"Curva";"Não";1;0;1;0;0;0;1;1;-19,85407113;-43,13180602;"SPRF-MG";"DEL03-MG";"UOP01-DEL03-MG"
499080;2023-01-14;"sábado";"08:30:00";"MG";40;306,8;"TRES MARIAS";"Frear bruscamente";"Saída de leito carroçável";"Com Vítimas Feridas";"Pleno dia";"Crescente";"Céu Claro";"Simples";"Reta";"Não";4;0;1;0;3;0;1;1;-18,40201725;-45,09553043;"SPRF-MG";"DEL14-MG";"UOP02-DEL14-MG"
499082;2023-01-14;"sábado";"10:55:00";"SP";116;115;"TAUBATE";"Reação tardia ou ineficiente do condutor";"Engavetamento";"Com Vítimas Feridas";"Pleno dia";"Decrescente";"Céu Claro";"Dupla";"Reta";"Não";5;0;2;0;3;0;2;3;-23,0496047;-45,59973712;"SPRF-SP";"DEL02-SP";"UOP02-DEL02-SP"
499083;2023-01-14;"sábado";"10:50:00";"MG";381;795,7;"SAO GONCALO DO SAPUCAI";"Reação tardia ou ineficiente do condutor";"Saída de leito carroçável";"Sem Vítimas";"Pleno dia";"Crescente";"Céu Claro";"Dupla";"Curva";"Não";1;0;0;0;1;0;0;1;-21,93832681;-45,6149402;"SPRF-MG";"DEL16-MG";"UOP02-DEL16-MG"
499085;2023-01-14;"sábado";"08:30:00";"MG";262;37,2;"MANHUACU";"Entrada inopinada do pedestre";"Atropelamento de Pedestre";"Com Vítimas Feridas";"Pleno dia";"Crescente";"Nublado";"Simples";"Reta";"Sim";2;0;1;0;1;0;1;1;-20,25748975;-42,03048732;"SPRF-MG";"DEL06-MG";"UOP03-DEL06-MG"
499086;2023-01-14;"sábado";"10:40:00";"RJ";101;589;"PARATY";"Conversão proibida";"Colisão transversal";"Com Vítimas Feridas";"Pleno dia";"Crescente";"Céu Claro";"Simples";"Reta";"Não";6;0;1;0;5;0;1;2;-23,30299298;-44,70081638;"SPRF-RJ";"DEL03-RJ";"UOP01-DEL03-RJ"
499089;2023-01-14;"sábado";"11:44:00";"GO";70;12,1;"AGUAS LINDAS DE GOIAS";"Ausência de reação do condutor";"Saída de leito carroçável";"Sem Vítimas";"Pleno dia";"Decrescente";"Céu Claro";"Dupla";"Curva";"Sim";1;0;0;0;0;1;0;1;-15,74037077;-48,3103523;"SPRF-DF";"DEL01-DF";"UOP03-DEL01-DF"
499091;2023-01-14;"sábado";"10:00:00";"RJ";493;105;"SEROPEDICA";"Avarias e/ou desgaste excessivo no pneu";"Saída de leito carroçável";"Com Vítimas Feridas";"Pleno dia";"Decrescente";"Céu Claro";"Dupla";"Reta";"Não";5;0;4;0;1;0;4;1;-22,75370447;-43,72833252;"SPRF-RJ";"DEL01-RJ";"UOP04-DEL01-RJ"
499092;2023-01-14;"sábado";"11:00:00";"SP";116;120;"CACAPAVA";"Condutor deixou de manter distância do veículo da frente";"Colisão traseira";"Com Vítimas Feridas";"Pleno dia";"Crescente";"Céu Claro";"Dupla";"Reta";"Não";3;0;1;0;2;0;1;2;-23,0715638;-45,64459209;"SPRF-SP";"DEL02-SP";"UOP02-DEL02-SP"
499095;2023-01-14;"sábado";"10:40:00";"RJ";101;311;"SAO GONCALO";"Velocidade Incompatível";"Colisão traseira";"Com Vítimas Feridas";"Pleno dia";"Crescente";"Céu Claro";"Múltipla";"Reta";"Sim";3;0;2;0;1;0;2;2;-22,80062246;-43,05318779;"SPRF-RJ";"DEL02-RJ";"UOP02-DEL02-RJ"
499096;2023-01-14;"sábado";"10:15:00";"PR";153;111,4;"IBAITI";"Manobra de mudança de faixa";"Colisão transversal";"Com Vítimas Feridas";"Pleno dia";"Crescente";"Céu Claro";"Simples";"Reta";"Sim";6;0;1;0;5;0;1;2;-23,87002672;-50,20241747;"SPRF-PR";"DEL07-PR";"UOP04-DEL07-PR"
499101;2023-01-14;"sábado";"12:00:00";"SP";116;117;"TAUBATE";"Manobra de mudança de faixa";"Colisão lateral mesmo sentido";"Com Vítimas Feridas";"Pleno dia";"Decrescente";"Céu Claro";"Dupla";"Reta";"Não";2;0;1;0;1;0;1;2;-23,0582298;-45,6176951;"SPRF-SP";"DEL02-SP";"UOP02-DEL02-SP"
499102;2023-01-14;"sábado";"12:30:00";"PB";230;19;"JOAO PESSOA";"Ausência de reação do condutor";"Colisão traseira";"Com Vítimas Feridas";"Pleno dia";"Decrescente";"Sol";"Dupla";"Reta";"Sim";7;0;1;0;6;0;1;2;-7,1281;-34,8466;"SPRF-PB";"DEL01-PB";"UOP01-DEL01-PB"
499104;2023-01-14;"sábado";"11:09:00";"PE";101;44;"IGARASSU";"Manobra de mudança de faixa";"Colisão traseira";"Com Vítimas Feridas";"Pleno dia";"Crescente";"Céu Claro";"Dupla";"Reta";"Sim";2;0;1;0;1;0;1;2;-7,85637001;-34,90842109;"SPRF-PE";"DEL01-PE";"UOP02-DEL01-PE"
499107;2023-01-14;"sábado";"11:59:00";"RO";364;343;"JI-PARANA";"Ausência de reação do condutor";"Colisão transversal";"Com Vítimas Feridas";"Pleno dia";"Crescente";"Céu Claro";"Dupla";"Reta";"Sim";2;0;2;0;0;0;2;2;-10,87878519;-61,94499012;"SPRF-RO";"DEL02-RO";"UOP01-DEL02-RO"
499108;2023-01-14;"sábado";"09:45:00";"MG";116;410,3;"GOVERNADOR VALADARES";"Estacionar ou parar em local proibido";"Colisão traseira";"Sem Vítimas";"Pleno dia";"Crescente";"Sol";"Dupla";"Não Informado";"Sim";5;0;0;0;1;4;0;2;-18,855625;-41,975623;"SPRF-MG";"DEL06-MG";"UOP01-DEL06-MG"
499109;2023-01-14;"sábado";"13:39:00";"ES";262;69;"MARECHAL FLORIANO";"Transitar na contramão";"Colisão lateral sentido oposto";"Com Vítimas Feridas";"Pleno dia";"Decrescente";"Céu Claro";"Simples";"Curva";"Não";2;0;1;0;1;0;1;2;-20,41226608;-40,85971695;"SPRF-ES";"DEL01-ES";"UOP02-DEL01-ES"
499110;2023-01-14;"sábado";"13:25:00";"SP";101;46,1;"UBATUBA";"Ultrapassagem Indevida";"Colisão lateral mesmo sentido";"Com Vítimas Feridas";"Pleno dia";"Crescente";"Sol";"Simples";"Interseção de vias";"Sim";3;0;1;0;2;0;1;3;-23,42242345;-45,07301509;"SPRF-SP";"DEL06-SP";"UOP01-DEL06-SP"
499111;2023-01-14;"sábado";"08:10:00";"GO";20;209;"POSSE";"Ultrapassagem Indevida";"Colisão frontal";"Com Vítimas Fatais";"Pleno dia";"Crescente";"Céu Claro";"Simples";"Desvio Temporário";"Não";6;2;3;1;0;0;4;2;-14,270616;-46,389462;"SPRF-DF";"DEL02-DF";"UOP03-DEL02-DF"
499112;2023-01-14;"sábado";"12:40:00";"BA";415;18;"ILHEUS";"Velocidade Incompatível";"Colisão traseira";"Com Vítimas Feridas";"Pleno dia";"Crescente";"Céu Claro";"Simples";"Reta";"Sim";4;0;1;0;3;0;1;2;-14,8482;-39,281986;"SPRF-BA";"DEL05-BA";"UOP01-DEL05-BA"
499113;2023-01-14;"sábado";"13:10:00";"PR";277;641;"CEU AZUL";"Acessar a via sem observar a presença dos outros veículos";"Colisão transversal";"Com Vítimas Feridas";"Pleno dia";"Decrescente";"Céu Claro";"Simples";"Reta";"Não";3;0;2;0;1;0;2;2;-25,17656952;-53,86489517;"SPRF-PR";"DEL05-PR";"UOP02-DEL05-PR"
499114;2023-01-14;"sábado";"13:00:00";"RJ";101;17;"CAMPOS DOS GOYTACAZES";"Avarias e/ou desgaste excessivo no pneu";"Queda de ocupante de veículo";"Com Vítimas Feridas";"Pleno dia";"Decrescente";"Céu Claro";"Simples";"Reta";"Não";2;0;2;0;0;0;2;1;-21,359542;-41,338177;"SPRF-RJ";"DEL08-RJ";"UOP01-DEL08-RJ"
499115;2023-01-14;"sábado";"14:00:00";"SP";116;230;"SAO PAULO";"Avarias e/ou desgaste excessivo no pneu";"Queda de ocupante de veículo";"Sem Vítimas";"Pleno dia";"Decrescente";"Céu Claro";"Múltipla";"Reta";"Não";1;0;0;0;1;0;0;1;-23,51421947;-46,57706989;"SPRF-SP";"DEL01-SP";"UOP01-DEL01-SP"
499116;2023-01-14;"sábado";"12:30:00";"MS";163;218,4;"CAARAPO";"Ultrapassagem Indevida";"Saída de leito carroçável";"Sem Vítimas";"Pleno dia";"Decrescente";"Céu Claro";"Simples";"Reta";"Não";1;0;0;0;1;0;0;1;-22,55457404;-54,83263605;"SPRF-MS";"DEL04-MS";"UOP02-DEL04-MS"
499117;2023-01-14;"sábado";"13:50:00";"SC";101;145;"ITAPEMA";"Reação tardia ou ineficiente do condutor";"Tombamento";"Com Vítimas Feridas";"Pleno dia";"Decrescente";"Sol";"Dupla";"Não Informado";"Sim";1;0;0;1;0;0;1;1;-27,08139206;-48,60130993;"SPRF-SC";"DEL04-SC";"UOP03-DEL04-SC"
499120;2023-01-14;"sábado";"09:30:00";"GO";153;589,5;"PIRACANJUBA";"Velocidade Incompatível";"Saída de leito carroçável";"Com Vítimas Feridas";"Pleno dia";"Decrescente";"Céu Claro";"Dupla";"Reta";"Não";1;0;0;1;0;0;1;1;-17,4593;-49,2227;"SPRF-GO";"DEL03-GO";"UOP01-DEL03-GO"