"id";"data_inversa";"dia_semana";"horario";"uf";"br";"km";"municipio";"causa_acidente";"tipo_acidente";"classificacao_acidente";"fase_dia";"sentido_via";"condicao_metereologica";"tipo_pista";"tracado_via";"uso_solo";"pessoas";"mortos";"feridos_leves";"feridos_graves";"ilesos";"ignorados";"feridos";"veiculos";"latitude";"longitude";"regional";"delegacia";"uop"
499122;2023-01-14;"sábado";"14:43:00";"RJ";495;2;"TERESOPOLIS";"Acessar a via sem observar a presença dos outros veículos";"Colisão transversal";"Com Vítimas Feridas";"Pleno dia";"Decrescente";"Céu Claro";"Simples";"Reta";"Sim";2;0;0;1;1;0;1;2;-22,397038;-42,984928;"SPRF-RJ";"DEL04-RJ";"UOP01-DEL04-RJ"
499123;2023-01-14;"sábado";"13:20:00";"SP";381;87;"GUARULHOS";"Ausência de reação do condutor";"Colisão traseira";"Com Vítimas Feridas";"Pleno dia";"Crescente";"Sol";"Dupla";"Curva";"Sim";3;0;1;0;2;0;1;2;-23,46885001;-46,56996601;"SPRF-SP";"DEL03-SP";"UOP01-DEL03-SP"
499125;2023-01-14;"sábado";"14:20:00";"PI";343;339;"TERESINA";"Acessar a via sem observar a presença dos outros veículos";"Colisão transversal";"Com Vítimas Feridas";"Pleno dia";"Decrescente";"Céu Claro";"Dupla";"Reta";"Sim";3;0;0;1;1;1;1;2;-5,067146;-42,730965;"SPRF-PI";"DEL01-PI";"UOP01-DEL01-PI"
499127;2023-01-14;"sábado";"11:00:00";"SC";280;17,1;"SAO FRANCISCO DO SUL";"Demais falhas na via";"Queda de ocupante de veículo";"Com Vítimas Feridas";"Pleno dia";"Crescente";"Sol";"Simples";"Reta";"Não";1;0;1;0;0;0;1;1;-26,35609813;-48,66029868;"SPRF-SC";"DEL03-SC";"UOP03-DEL03-SC"
499129;2023-01-14;"sábado";"11:10:00";"BA";324;425;"RIACHAO DO JACUIPE";"Demais falhas mecânicas ou elétricas";"Colisão lateral mesmo sentido";"Com Vítimas Feridas";"Pleno dia";"Decrescente";"Nublado";"Simples";"Não Informado";"Não";5;0;3;0;2;0;3;2;-11,73858883;-39,48933185;"SPRF-BA";"DEL04-BA";"UOP02-DEL04-BA"
499130;2023-01-14;"sábado";"15:06:00";"RJ";493;101;"SEROPEDICA";"Pista esburacada";"Saída de leito carroçável";"Com Vítimas Feridas";"Pleno dia";"Decrescente";"Céu Claro";"Dupla";"Reta";"Não";2;0;1;1;0;0;2;1;-22,756307;-43,730782;"SPRF-RJ";"DEL01-RJ";"UOP04-DEL01-RJ"
499131;2023-01-14;"sábado";"15:00:00";"SP";116;42,3;"CACHOEIRA PAULISTA";"Demais falhas mecânicas ou elétricas";"Queda de ocupante de veículo";"Com Vítimas Feridas";"Pleno dia";"Decrescente";"Sol";"Dupla";"Reta";"Não";2;0;2;0;0;0;2;1;-22,69182132;-45,02240378;"SPRF-SP";"DEL08-SP";"UOP02-DEL08-SP"
499133;2023-01-14;"sábado";"12:30:00";"RJ";101;304;"SAO GONCALO";"Reação tardia ou ineficiente do condutor";"Colisão traseira";"Com Vítimas Feridas";"Pleno dia";"Crescente";"Céu Claro";"Simples";"Reta";"Sim";1;0;1;0;0;0;1;1;-22,78491869;-42,98627706;"SPRF-RJ";"DEL02-RJ";"UOP02-DEL02-RJ"
499134;2023-01-14;"sábado";"15:50:00";"TO";153;681;"CARIRI DO TOCANTINS";"Entrada inopinada do pedestre";"Atropelamento de Pedestre";"Com Vítimas Fatais";"Pleno dia";"Crescente";"Céu Claro";"Simples";"Reta";"Não";2;1;0;0;1;0;0;1;-11,79764182;-49,12157239;"SPRF-TO";"DEL01-TO";"UOP02-DEL01-TO"
499136;2023-01-14;"sábado";"16:20:00";"SC";101;188;"BIGUACU";"Reação tardia ou ineficiente do condutor";"Tombamento";"Com Vítimas Feridas";"Pleno dia";"Crescente";"Nublado";"Dupla";"Reta";"Não";2;0;0;1;0;1;1;1;-27,45123421;-48,63370766;"SPRF-SC";"DEL01-SC";"UOP01-DEL01-SC"
499138;2023-01-14;"sábado";"15:50:00";"RS";116;247;"SAO LEOPOLDO";"Reação tardia ou ineficiente do condutor";"Colisão traseira";"Com Vítimas Feridas";"Pleno dia";"Decrescente";"Céu Claro";"Dupla";"Reta";"Sim";5;0;2;0;2;1;2;2;-29,76733091;-51,1535296;"SPRF-RS";"DEL01-RS";"UOP02-DEL01-RS"
499140;2023-01-14;"sábado";"14:00:00";"MG";267;90,7;"JUIZ DE FORA";"Velocidade Incompatível";"Saída de leito carroçável";"Com Vítimas Feridas";"Pleno dia";"Crescente";"Céu Claro";"Simples";"Curva";"Sim";1;0;1;0;0;0;1;1;-21,78016551;-43,29787711;"SPRF-MG";"DEL05-MG";"UOP01-DEL05-MG"
499141;2023-01-14;"sábado";"14:00:00";"SC";280;195,4;"MAFRA";"Ausência de reação do condutor";"Saída de leito carroçável";"Com Vítimas Feridas";"Pleno dia";"Decrescente";"Nublado";"Simples";"Não Informado";"Não";1;0;1;0;0;0;1;1;-26,18019178;-50,02301037;"SPRF-SC";"DEL06-SC";"UOP01-DEL06-SC"
499142;2023-01-14;"sábado";"16:20:00";"RJ";101;327;"NITEROI";"Demais falhas mecânicas ou elétricas";"Incêndio";"Sem Vítimas";"Pleno dia";"Decrescente";"Céu Claro";"Múltipla";"Reta";"Sim";1;0;0;0;1;0;0;1;-22,87117393;-43,15595099;"SPRF-RJ";"DEL02-RJ";"UOP01-DEL02-RJ"
499143;2023-01-14;"sábado";"16:40:00";"CE";116;14;"FORTALEZA";"Ingestão de álcool e/ou substâncias psicoativas pelo pedestre";"Atropelamento de Pedestre";"Com Vítimas Feridas";"Pleno dia";"Decrescente";"Céu Claro";"Múltipla";"Reta";"Sim";2;0;1;1;0;0;2;1;-3,874553;-38,499313;"SPRF-CE";"DEL01-CE";"UOP02-DEL01-CE"
499145;2023-01-14;"sábado";"16:50:00";"MG";381;351;"JOAO MONLEVADE";"Acessar a via sem observar a presença dos outros veículos";"Colisão transversal";"Com Vítimas Feridas";"Pleno dia";"Decrescente";"Céu Claro";"Simples";"Não Informado";"Não";3;0;0;2;1;0;2;2;-19,86107308;-43,11714372;"SPRF-MG";"DEL03-MG";"UOP01-DEL03-MG"
499146;2023-01-14;"sábado";"14:52:00";"SC";101;306;"LAGUNA";"Desrespeitar a preferência no cruzamento";"Colisão transversal";"Com Vítimas Feridas";"Pleno dia";"Crescente";"Nublado";"Simples";"Interseção de vias";"Não";4;0;2;0;2;0;2;2;-28,38437001;-48,77113299;"SPRF-SC";"DEL02-SC";"UOP03-DEL02-SC"
499147;2023-01-14;"sábado";"17:10:00";"SC";101;194;"BIGUACU";"Reação tardia ou ineficiente do condutor";"Tombamento";"Com Vítimas Feridas";"Pleno dia";"Crescente";"Nublado";"Dupla";"Reta";"Sim";3;0;2;0;1;0;2;2;-27,49815117;-48,65661236;"SPRF-SC";"DEL01-SC";"UOP01-DEL01-SC"
499148;2023-01-14;"sábado";"16:50:00";"GO";60;97;"ANAPOLIS";"Manobra de mudança de faixa";"Colisão transversal";"Com Vítimas Feridas";"Pleno dia";"Crescente";"Nublado";"Dupla";"Reta";"Sim";2;0;1;0;1;0;1;2;-16,3774;-48,9483;"SPRF-GO";"DEL02-GO";"UOP01-DEL02-GO"
499150;2023-01-14;"sábado";"17:11:00";"ES";101;286,6;"CARIACICA";"Reação tardia ou ineficiente do condutor";"Capotamento";"Com Vítimas Feridas";"Pleno dia";"Crescente";"Céu Claro";"Dupla";"Não Informado";"Sim";2;0;1;0;1;0;1;1;-20,25902175;-40,37753412;"SPRF-ES";"DEL01-ES";"UOP01-DEL01-ES"
499152;2023-01-14;"sábado";"17:45:00";"SC";101;199;"SAO JOSE";"Acessar a via sem observar a presença dos outros veículos";"Colisão transversal";"Com Vítimas Feridas";"Pleno dia";"Crescente";"Garoa/Chuvisco";"Múltipla";"Reta";"Não";3;0;2;0;1;0;2;2;-27,53413705;-48,63003205;"SPRF-SC";"DEL01-SC";"UOP01-DEL01-SC"
499153;2023-01-14;"sábado";"17:30:00";"SC";101;148;"ITAPEMA";"Trafegar com motocicleta (ou similar) entre as faixas";"Colisão lateral mesmo sentido";"Com Vítimas Feridas";"Pleno dia";"Decrescente";"Chuva";"Múltipla";"Reta";"Sim";4;0;1;0;1;2;1;3;-27,10123686;-48,61807962;"SPRF-SC";"DEL04-SC";"UOP03-DEL04-SC"
499154;2023-01-14;"sábado";"14:00:00";"RO";364;517;"ARIQUEMES";"Manobra de mudança de faixa";"Saída de leito carroçável";"Sem Vítimas";"Pleno dia";"Crescente";"Céu Claro";"Dupla";"Reta";"Sim";1;0;0;0;1;0;0;1;-9,90688101;-63,05581217;"SPRF-RO";"DEL03-RO";"UOP01-DEL03-RO"
499158;2023-01-14;"sábado";"18:15:00";"SC";101;138;"BALNEARIO CAMBORIU";"Reação tardia ou ineficiente do condutor";"Colisão traseira";"Com Vítimas Feridas";"Pleno dia";"Crescente";"Nublado";"Múltipla";"Reta";"Sim";2;0;0;1;1;0;1;2;-27,02397426;-48,60761649;"SPRF-SC";"DEL04-SC";"UOP03-DEL04-SC"
499159;2023-01-14;"sábado";"18:30:00";"SC";101;111,7;"ITAJAI";"Condutor deixou de manter distância do veículo da frente";"Colisão traseira";"Com Vítimas Feridas";"Plena Noite";"Crescente";"Garoa/Chuvisco";"Dupla";"Não Informado";"Sim";3;0;0;1;2;0;1;3;-26,84474954;-48,71981621;"SPRF-SC";"DEL04-SC";"UOP04-DEL04-SC"
499160;2023-01-14;"sábado";"18:00:00";"SP";116;148;"SAO JOSE DOS CAMPOS";"Chuva";"Queda de ocupante de veículo";"Com Vítimas Feridas";"Anoitecer";"Crescente";"Chuva";"Múltipla";"Reta";"Sim";1;0;1;0;0;0;1;1;-23,20067421;-45,8795018;"SPRF-SP";"DEL02-SP";"UOP01-DEL02-SP"
499161;2023-01-14;"sábado";"16:20:00";"GO";50;313;"CUMARI";"Reação tardia ou ineficiente do condutor";"Colisão traseira";"Com Vítimas Feridas";"Pleno dia";"Crescente";"Céu Claro";"Dupla";"Reta";"Não";5;0;1;0;4;0;1;2;-18,4188;-48,0735;"SPRF-GO";"DEL06-GO";"UOP01-DEL06-GO"
499163;2023-01-14;"sábado";"19:25:00";"RJ";116;94;"GUAPIMIRIM";"Velocidade Incompatível";"Colisão com objeto";"Com Vítimas Fatais";"Plena Noite";"Crescente";"Nublado";"Simples";"Curva";"Não";1;1;0;0;0;0;0;1;-22,46643519;-43,00088701;"SPRF-RJ";"DEL04-RJ";"UOP01-DEL04-RJ"
499164;2023-01-14;"sábado";"18:10:00";"PR";376;213,3;"MANDAGUARI";"Pista Escorregadia";"Saída de leito carroçável";"Com Vítimas Feridas";"Pleno dia";"Decrescente";"Ignorado";"Dupla";"Curva";"Não";3;0;2;1;0;0;3;1;-23,5808343;-51,65143895;"SPRF-PR";"DEL09-PR";"UOP01-DEL09-PR"
499165;2023-01-14;"sábado";"18:30:00";"SP";381;85;"SAO PAULO";"Ausência de reação do condutor";"Tombamento";"Com Vítimas Feridas";"Pleno dia";"Crescente";"Sol";"Dupla";"Não Informado";"Sim";1;0;1;0;0;0;1;1;-23,449343;-46,56983501;"SPRF-SP";"DEL03-SP";"UOP01-DEL03-SP"
499166;2023-01-14;"sábado";"19:25:00";"SP";101;47,8;"UBATUBA";"Acessar a via sem observar a presença dos outros veículos";"Colisão transversal";"Sem Vítimas";"Plena Noite";"Crescente";"Chuva";"Dupla";"Rotatória";"Sim";2;0;0;0;2;0;0;2;-23,43351804;-45,08585751;"SPRF-SP";"DEL06-SP";"UOP01-DEL06-SP"
499167;2023-01-14;"sábado";"18:30:00";"RS";386;46,5;"SEBERI";"Ausência de reação do condutor";"Colisão com objeto";"Sem Vítimas";"Pleno dia";"Crescente";"Nublado";"Simples";"Não Informado";"Não";3;0;0;0;3;0;0;2;-27,457483;-53,409458;"SPRF-RS";"DEL08-RS";"UOP02-DEL08-RS"
499168;2023-01-14;"sábado";"19:50:00";"ES";101;289;"CARIACICA";"Ausência de reação do condutor";"Engavetamento";"Com Vítimas Feridas";"Plena Noite";"Crescente";"Céu Claro";"Simples";"Reta";"Sim";3;0;1;0;2;0;1;3;-20,28029304;-40,39302931;"SPRF-ES";"DEL01-ES";"UOP01-DEL01-ES"
499169;2023-01-14;"sábado";"19:00:00";"PR";376;181,5;"MARINGA";"Velocidade Incompatível";"Saída de leito carroçável";"Com Vítimas Feridas";"Plena Noite";"Crescente";"Sol";"Dupla";"Reta";"Sim";1;0;1;0;0;0;1;1;-23,43197477;-51,88671852;"SPRF-PR";"DEL09-PR";"UOP01-DEL09-PR"
499170;2023-01-14;"sábado";"19:50:00";"CE";222;285;"FRECHEIRINHA";"Ausência de reação do condutor";"Colisão traseira";"Com Vítimas Fatais";"Plena Noite";"Decrescente";"Céu Claro";"Simples";"Não Informado";"Não";3;1;1;1;0;0;2;2;-3,72176534;-40,84965827;"SPRF-CE";"DEL04-CE";"UOP02-DEL04-CE"
499171;2023-01-14;"sábado";"19:00:00";"SP";116;159;"JACAREI";"Ausência de reação do condutor";"Tombamento";"Com Vítimas Feridas";"Plena Noite";"Decrescente";"Nublado";"Dupla";"Reta";"Sim";1;0;1;0;0;0;1;1;-23,26585409;-45,95983994;"SPRF-SP";"DEL02-SP";"UOP01-DEL02-SP"
499173;2023-01-14;"sábado";"19:35:00";"SC";470;120;"IBIRAMA";"Ingestão de álcool pelo condutor";"Saída de leito carroçável";"Com Vítimas Feridas";"Plena Noite";"Decrescente";"Nublado";"Simples";"Curva";"Não";1;0;1;0;0;0;1;1;-27,095452;-49,526063;"SPRF-SC";"DEL04-SC";"UOP02-DEL04-SC"
499176;2023-01-14;"sábado";"20:25:00";"MG";381;494;"BETIM";"Ultrapassagem Indevida";"Colisão traseira";"Com Vítimas Feridas";"Plena Noite";"Decrescente";"Céu Claro";"Dupla";"Reta";"Sim";2;0;1;0;1;0;1;2;-19,985563;-44,20318;"SPRF-MG";"DEL01-MG";"UOP03-DEL01-MG"
499177;2023-01-14;"sábado";"19:30:00";"SC";101;351,9;"JAGUARUNA";"Ingestão de álcool pelo condutor";"Saída de leito carroçável";"Com Vítimas Feridas";"Plena Noite";"Decrescente";"Chuva";"Dupla";"Desvio Temporário";"Não";2;0;1;1;0;0;2;1;-28,5977641;-49,04943589;"SPRF-SC";"DEL02-SC";"UOP01-DEL02-SC"
499178;2023-01-14;"sábado";"19:45:00";"PR";116;12;"COLOMBO";"Ausência de reação do condutor";"Tombamento";"Com Vítimas Feridas";"Plena Noite";"Crescente";"Nublado";"Dupla";"Reta";"Não";1;0;1;0;0;0;1;1;-25,3755;-49,1496;"SPRF-PR";"DEL01-PR";"UOP02-DEL01-PR"
499179;2023-01-14;"sábado";"19:00:00";"PI";343;589;"FLORIANO";"Ausência de reação do condutor";"Atropelamento de Animal";"Com Vítimas Feridas";"Plena Noite";"Crescente";"Céu Claro";"Dupla";"Reta";"Sim";2;0;2;0;0;0;2;1;-6,776695;-43,009346;"SPRF-PI";"DEL03-PI";"UOP01-DEL03-PI"
499180;2023-01-14;"sábado";"19:47:00";"SC";470;10;"NAVEGANTES";"Acessar a via sem observar a presença dos outros veículos";"Atropelamento de Pedestre";"Com Vítimas Feridas";"Plena Noite";"Decrescente";"Chuva";"Simples";"Reta";"Sim";4;0;0;1;2;1;1;3;-26,833693;-48,73724;"SPRF-SC";"DEL04-SC";"UOP04-DEL04-SC"
499181;2023-01-14;"sábado";"19:32:00";"PR";376;681;"GUARATUBA";"Reação tardia ou ineficiente do condutor";"Colisão com objeto";"Com Vítimas Feridas";"Anoitecer";"Crescente";"Céu Claro";"Dupla";"Não Informado";"Sim";4;0;1;0;3;0;1;1;-25,96596616;-48,89663319;"SPRF-PR";"DEL01-PR";"UOP04-DEL01-PR"
499182;2023-01-14;"sábado";"20:40:00";"RN";226;73;"SERRA CAIADA";"Transitar na contramão";"Colisão frontal";"Com Vítimas Fatais";"Plena Noite";"Decrescente";"Céu Claro";"Simples";"Reta";"Não";10;1;4;2;1;2;6;2;-6,138528;-35,729335;"SPRF-RN";"DEL01-RN";"UOP02-DEL01-RN"
499183;2023-01-14;"sábado";"19:50:00";"RN";304;42;"MOSSORO";"Ausência de reação do condutor";"Colisão traseira";"Com Vítimas Feridas";"Plena Noite";"Crescente";"Céu Claro";"Dupla";"Reta";"Sim";2;0;0;1;0;1;1;2;-5,21278093;-37,37221494;"SPRF-RN";"DEL04-RN";"UOP01-DEL04-RN"
499184;2023-01-14;"sábado";"20:05:00";"GO";153;363,4;"JARAGUA";"Retorno proibido";"Colisão transversal";"Com Vítimas Feridas";"Plena Noite";"Crescente";"Nublado";"Simples";"Curva";"Não";2;0;1;0;1;0;1;2;-15,774871;-49,306477;"SPRF-GO";"DEL02-GO";"UOP02-DEL02-GO"
499185;2023-01-14;"sábado";"20:00:00";"RJ";116;182;"NOVA IGUACU";"Objeto estático sobre o leito carroçável";"Engavetamento";"Com Vítimas Feridas";"Plena Noite";"Decrescente";"Céu Claro";"Dupla";"Não Informado";"Não";14;0;3;0;11;0;3;3;-22,7567755;-43,43107234;"SPRF-RJ";"DEL01-RJ";"UOP02-DEL01-RJ"
499187;2023-01-14;"sábado";"15:10:00";"MT";364;312,9;"JACIARA";"Ingestão de álcool e/ou substâncias psicoativas pelo pedestre";"Saída de leito carroçável";"Com Vítimas Feridas";"Pleno dia";"Crescente";"Sol";"Dupla";"Reta";"Não";1;0;1;0;0;0;1;1;-15,81254719;-55,25660503;"SPRF-MT";"DEL05-MT";"UOP02-DEL05-MT"
499188;2023-01-14;"sábado";"20:30:00";"RJ";116;38,2;"TERESOPOLIS";"Ingestão de álcool pelo condutor";"Colisão frontal";"Com Vítimas Feridas";"Plena Noite";"Crescente";"Céu Claro";"Simples";"Reta";"Não";4;0;4;0;0;0;4;2;-22,11701917;-42,78157123;"SPRF-RJ";"DEL04-RJ";"UOP02-DEL04-RJ"
499190;2023-01-14;"sábado";"18:40:00";"DF";40;3;"BRASILIA";"Ausência de reação do condutor";"Engavetamento";"Sem Vítimas";"Pleno dia";"Decrescente";"Céu Claro";"Dupla";"Não Informado";"Sim";7;0;0;0;7;0;0;3;-16,003145;-47,983944;"SPRF-DF";"DEL01-DF";"UOP01-DEL01-DF"
499192;2023-01-14;"sábado";"19:51:00";"MG";262;436,1;"NOVA SERRANA";"Pedestre cruzava a pista fora da faixa";"Atropelamento de Pedestre";"Com Vítimas Feridas";"Plena Noite";"Crescente";"Nublado";"Dupla";"Não Informado";"Sim";2;0;1;0;1;0;1;1;-19,89783676;-44,86031995;"SPRF-MG";"DEL08-MG";"UOP03-DEL08-MG"
499193;2023-01-14;"sábado";"20:20:00";"PR";369;108;"URAI";"Chuva";"Tombamento";"Com Vítimas Feridas";"Plena Noite";"Decrescente";"Chuva";"Dupla";"Reta";"Não";2;0;2;0;0;0;2;1;-23,2647277;-50,78752041;"SPRF-PR";"DEL07-PR";"UOP05-DEL07-PR"
499194;2023-01-14;"sábado";"15:35:00";"DF";70;19;"BRASILIA";"Ingestão de álcool pelo condutor";"Saída de leito carroçável";"Com Vítimas Feridas";"Pleno dia";"Decrescente";"Céu Claro";"Dupla";"Não Informado";"Sim";2;0;1;0;1;0;1;1;-15,788868;-48,220242;"SPRF-DF";"DEL01-DF";"UOP03-DEL01-DF"
499195;2023-01-14;"sábado";"07:40:00";"BA";116;256;"TUCANO";"Pista esburacada";"Saída de leito carroçável";"Com Vítimas Feridas";"Pleno dia";"Decrescente";"Céu Claro";"Simples";"Não Informado";"Não";2;0;0;1;1;0;1;1;-10,82265617;-38,86792634;"SPRF-BA";"DEL07-BA";"UOP02-DEL07-BA"
499196;2023-01-14;"sábado";"21:00:00";"BA";116;426;"FEIRA DE SANTANA";"Ingestão de álcool pelo condutor";"Saída de leito carroçável";"Com Vítimas Feridas";"Plena Noite";"Crescente";"Céu Claro";"Simples";"Viaduto";"Sim";2;0;1;0;1;0;1;1;-12,26716702;-38,98948073;"SPRF-BA";"DEL02-BA";"UOP01-DEL02-BA"
499198;2023-01-14;"sábado";"17:20:00";"SC";280;303,3;"PORTO UNIAO";"Reação tardia ou ineficiente do condutor";"Tombamento";"Com Vítimas Feridas";"Pleno dia";"Crescente";"Chuva";"Simples";"Não Informado";"Sim";1;0;1;0;0;0;1;1;-26,27999553;-51,05063229;"SPRF-SC";"DEL06-SC";"UOP04-DEL06-SC"
499199;2023-01-14;"sábado";"21:36:00";"SP";116;322;"JUQUITIBA";"Ausência de reação do condutor";"Colisão com objeto";"Com Vítimas Feridas";"Plena Noite";"Decrescente";"Céu Claro";"Múltipla";"Reta";"Não";1;0;1;0;0;0;1;1;-23,935106;-47,026682;"SPRF-SP";"DEL04-SP";"UOP03-DEL04-SP"
499202;2023-01-14;"sábado";"21:40:00";"RJ";116;187;"NOVA IGUACU";"Reação tardia ou ineficiente do condutor";"Colisão traseira";"Com Vítimas Feridas";"Plena Noite";"Decrescente";"Céu Claro";"Múltipla";"Reta";"Sim";2;0;1;0;1;0;1;2;-22,73883756;-43,47245197;"SPRF-RJ";"DEL01-RJ";"UOP02-DEL01-RJ"
499203;2023-01-14;"sábado";"22:00:00";"RS";116;217;"MORRO REUTER";"Ultrapassagem Indevida";"Colisão transversal";"Com Vítimas Feridas";"Plena Noite";"Decrescente";"Nublado";"Simples";"Rotatória";"Sim";3;0;0;1;2;0;1;2;-29,54396389;-51,08555876;"SPRF-RS";"DEL05-RS";"UOP02-DEL05-RS"
499204;2023-01-14;"sábado";"21:33:00";"RJ";116;126;"MAGE";"Acesso irregular";"Atropelamento de Pedestre";"Com Vítimas Feridas";"Plena Noite";"Crescente";"Nublado";"Dupla";"Reta";"Não";2;0;1;0;0;1;1;1;-22,65489354;-43,08636526;"SPRF-RJ";"DEL02-RJ";"UOP04-DEL02-RJ"
499206;2023-01-14;"sábado";"22:00:00";"BA";367;23;"PORTO SEGURO";"Transitar na contramão";"Colisão frontal";"Com Vítimas Feridas";"Plena Noite";"Decrescente";"Céu Claro";"Simples";"Curva";"Sim";3;0;1;0;2;0;1;2;-16,43517732;-39,07201198;"SPRF-BA";"DEL09-BA";"UOP03-DEL09-BA"
499207;2023-01-14;"sábado";"21:45:00";"GO";60;169;"GOIANIA";"Animais na Pista";"Atropelamento de Animal";"Com Vítimas Feridas";"Plena Noite";"Crescente";"Céu Claro";"Dupla";"Reta";"Sim";5;0;2;0;3;0;2;1;-16,7269;-49,3822;"SPRF-GO";"DEL01-GO";"UOP02-DEL01-GO"
499208;2023-01-14;"sábado";"22:20:00";"PB";104;129,6;"CAMPINA GRANDE";"Transitar na contramão";"Colisão frontal";"Com Vítimas Feridas";"Plena Noite";"Decrescente";"Céu Claro";"Simples";"Curva";"Não";2;0;2;0;0;0;2;2;-7,28120589;-35,88915693;"SPRF-PB";"DEL02-PB";"UOP03-DEL02-PB"
499210;2023-01-14;"sábado";"22:10:00";"PR";369;155,1;"LONDRINA";"Ausência de reação do condutor";"Engavetamento";"Sem Vítimas";"Plena Noite";"Decrescente";"Chuva";"Dupla";"Não Informado";"Sim";3;0;0;0;3;0;0;3;-23,29521428;-51,20962501;"SPRF-PR";"DEL07-PR";"UOP01-DEL07-PR"
499211;2023-01-14;"sábado";"22:20:00";"GO";153;530;"HIDROLANDIA";"Ausência de reação do condutor";"Saída de leito carroçável";"Com Vítimas Feridas";"Plena Noite";"Decrescente";"Céu Claro";"Dupla";"Não Informado";"Sim";3;0;2;0;1;0;2;1;-16,9677;-49,2331;"SPRF-GO";"DEL01-GO";"UOP03-DEL01-GO"
499213;2023-01-14;"sábado";"22:30:00";"SP";381;86,4;"SAO PAULO";"Pedestre andava na pista";"Atropelamento de Pedestre";"Com Vítimas Feridas";"Plena Noite";"Crescente";"Céu Claro";"Múltipla";"Curva";"Sim";2;0;0;1;1;0;1;1;-23,468816;-46,570161;"SPRF-SP";"DEL03-SP";"UOP01-DEL03-SP"
499214;2023-01-14;"sábado";"23:00:00";"BA";101;445,5;"AURELINO LEAL";"Acumulo de água sobre o pavimento";"Saída de leito carroçável";"Com Vítimas Feridas";"Plena Noite";"Decrescente";"Chuva";"Simples";"Reta";"Sim";3;0;3;0;0;0;3;1;-14,31811383;-39,31466103;"SPRF-BA";"DEL05-BA";"UOP01-DEL05-BA"
499215;2023-01-14;"sábado";"22:00:00";"PR";373;469;"CORONEL VIVIDA";"Ingestão de álcool pelo condutor";"Capotamento";"Com Vítimas Feridas";"Plena Noite";"Crescente";"Chuva";"Simples";"Reta";"Não";1;0;1;0;0;0;1;1;-25,96977141;-52,46076312;"SPRF-PR";"DEL02-PR";"UOP01-DEL02-PR"
499216;2023-01-14;"sábado";"21:55:00";"SC";282;21,3;"PALHOCA";"Ingestão de álcool pelo condutor";"Colisão transversal";"Com Vítimas Feridas";"Plena Noite";"Decrescente";"Céu Claro";"Simples";"Curva";"Sim";2;0;0;1;1;0;1;2;-27,68845882;-48,72168303;"SPRF-SC";"DEL01-SC";"UOP02-DEL01-SC"
499217;2023-01-14;"sábado";"18:36:00";"SC";101;106,1;"PENHA";"Manobra de mudança de faixa";"Colisão lateral mesmo sentido";"Com Vítimas Feridas";"Anoitecer";"Crescente";"Nublado";"Dupla";"Reta";"Sim";4;0;1;1;2;0;2;2;-26,8184118;-48,6834102;"SPRF-SC";"DEL03-SC";"UOP02-DEL03-SC"
499218;2023-01-14;"sábado";"22:50:00";"ES";101;144,5;"LINHARES";"Afundamento ou ondulação no pavimento";"Queda de ocupante de veículo";"Com Vítimas Feridas";"Plena Noite";"Crescente";"Céu Claro";"Dupla";"Não Informado";"Sim";1;0;1;0;0;0;1;1;-19,34286596;-40,0638568;"SPRF-ES";"DEL04-ES";"UOP01-DEL04-ES"
499219;2023-01-14;"sábado";"17:00:00";"RS";287;355;"JAGUARI";"Reação tardia ou ineficiente do condutor";"Queda de ocupante de veículo";"Com Vítimas Feridas";"Pleno dia";"Crescente";"Céu Claro";"Simples";"Curva";"Não";1;0;1;0;0;0;1;1;-29,48075627;-54,68567083;"SPRF-RS";"DEL12-RS";"UOP02-DEL12-RS"
499221;2023-01-14;"sábado";"21:30:00";"RJ";101;77;"CAMPOS DOS GOYTACAZES";"Ingestão de álcool pelo condutor";"Tombamento";"Com Vítimas Feridas";"Anoitecer";"Crescente";"Céu Claro";"Simples";"Reta";"Sim";1;0;0;1;0;0;1;1;-21,83106602;-41,41171932;"SPRF-RJ";"DEL08-RJ";"UOP02-DEL08-RJ"
499222;2023-01-14;"sábado";"23:00:00";"RJ";493;55;"DUQUE DE CAXIAS";"Velocidade Incompatível";"Saída de leito carroçável";"Com Vítimas Fatais";"Plena Noite";"Decrescente";"Céu Claro";"Múltipla";"Reta";"Não";1;1;0;0;0;0;0;1;-22,672089;-43,285053;"SPRF-RJ";"DEL01-RJ";"UOP01-DEL01-RJ"
499224;2023-01-14;"sábado";"20:30:00";"BA";324;394;"GAVIAO";"Ingestão de álcool pelo condutor";"Colisão frontal";"Com Vítimas Feridas";"Plena Noite";"Decrescente";"Céu Claro";"Simples";"Reta";"Não";2;0;0;2;0;0;2;2;-11,54318182;-39,69733283;"SPRF-BA";"DEL04-BA";"UOP02-DEL04-BA"
499225;2023-01-15;"domingo";"00:15:00";"PB";104;129,6;"CAMPINA GRANDE";"Ausência de sinalização";"Tombamento";"Com Vítimas Feridas";"Plena Noite";"Decrescente";"Céu Claro";"Simples";"Não Informado";"Sim";2;0;1;0;1;0;1;1;-7,28120589;-35,88915693;"SPRF-PB";"DEL02-PB";"UOP03-DEL02-PB"
499227;2023-01-15;"domingo";"00:40:00";"MG";153;12,1;"ARAPORA";"Demais falhas mecânicas ou elétricas";"Incêndio";"Sem Vítimas";"Plena Noite";"Crescente";"Céu Claro";"Dupla";"Não Informado";"Não";1;0;0;0;0;1;0;1;-18,52415703;-49,19080383;"SPRF-MG";"DEL15-MG";"UOP03-DEL15-MG"