"id";"data_inversa";"dia_semana";"horario";"uf";"br";"km";"municipio";"causa_acidente";"tipo_acidente";"classificacao_acidente";"fase_dia";"sentido_via";"condicao_metereologica";"tipo_pista";"tracado_via";"uso_solo";"pessoas";"mortos";"feridos_leves";"feridos_graves";"ilesos";"ignorados";"feridos";"veiculos";"latitude";"longitude";"regional";"delegacia";"uop"
499331;2023-01-15;"domingo";"14:50:00";"PE";408;103;"JABOATAO DOS GUARARAPES";"Acesso irregular";"Colisão transversal";"Com Vítimas Feridas";"Pleno dia";"Crescente";"Céu Claro";"Dupla";"Reta";"Sim";3;0;2;0;1;0;2;2;-8,05746154;-34,99468175;"SPRF-PE";"DEL01-PE";"UOP01-DEL01-PE"
499332;2023-01-15;"domingo";"14:50:00";"SC";101;213;"PALHOCA";"Condutor deixou de manter distância do veículo da frente";"Colisão lateral mesmo sentido";"Com Vítimas Feridas";"Pleno dia";"Decrescente";"Chuva";"Múltipla";"Reta";"Sim";2;0;2;0;0;0;2;1;-27,63697369;-48,66514142;"SPRF-SC";"DEL01-SC";"UOP02-DEL01-SC"
499333;2023-01-11;"quarta-feira";"11:15:00";"RJ";40;117,7;"DUQUE DE CAXIAS";"Demais falhas mecânicas ou elétricas";"Tombamento";"Com Vítimas Feridas";"Pleno dia";"Decrescente";"Céu Claro";"Múltipla";"Reta";"Não";1;0;1;0;0;0;1;1;-22,745676;-43,2881;"SPRF-RJ";"DEL01-RJ";"UOP01-DEL01-RJ"
499334;2023-01-15;"domingo";"14:00:00";"PE";408;79;"PAUDALHO";"Manobra de mudança de faixa";"Colisão lateral mesmo sentido";"Com Vítimas Feridas";"Pleno dia";"Crescente";"Céu Claro";"Dupla";"Reta";"Não";3;0;2;0;1;0;2;2;-7,92735072;-35,14679086;"SPRF-PE";"DEL01-PE";"UOP01-DEL01-PE"
499335;2023-01-15;"domingo";"14:30:00";"PR";376;270;"MARILANDIA DO SUL";"Ingestão de álcool pelo condutor";"Saída de leito carroçável";"Com Vítimas Feridas";"Pleno dia";"Decrescente";"Céu Claro";"Dupla";"Reta";"Não";1;0;1;0;0;0;1;1;-23,76530925;-51,27234759;"SPRF-PR";"DEL07-PR";"UOP02-DEL07-PR"
499336;2023-01-15;"domingo";"14:30:00";"PE";408;76,4;"PAUDALHO";"Acesso irregular";"Colisão transversal";"Com Vítimas Feridas";"Pleno dia";"Decrescente";"Céu Claro";"Simples";"Rotatória";"Não";2;0;1;0;1;0;1;2;-7,917698;-35,166498;"SPRF-PE";"DEL01-PE";"UOP01-DEL01-PE"
499337;2023-01-15;"domingo";"13:30:00";"RS";116;203,2;"PICADA CAFE";"Frear bruscamente";"Queda de ocupante de veículo";"Com Vítimas Feridas";"Pleno dia";"Crescente";"Nublado";"Simples";"Curva";"Não";2;0;1;0;0;1;1;1;-29,49113279;-51,14998489;"SPRF-RS";"DEL05-RS";"UOP02-DEL05-RS"
499339;2023-01-15;"domingo";"14:52:00";"ES";101;211;"IBIRACU";"Acessar a via sem observar a presença dos outros veículos";"Colisão transversal";"Com Vítimas Feridas";"Pleno dia";"Crescente";"Sol";"Simples";"Reta";"Sim";2;0;1;1;0;0;2;2;-19,80700903;-40,36767233;"SPRF-ES";"DEL02-ES";"UOP01-DEL02-ES"
499340;2023-01-15;"domingo";"15:10:00";"ES";101;126,7;"SOORETAMA";"Reação tardia ou ineficiente do condutor";"Colisão traseira";"Com Vítimas Feridas";"Pleno dia";"Crescente";"Céu Claro";"Simples";"Desvio Temporário";"Sim";4;0;1;0;3;0;1;2;-19,193953;-40,0951;"SPRF-ES";"DEL04-ES";"UOP01-DEL04-ES"
499341;2023-01-15;"domingo";"14:00:00";"AL";101;185,2;"JUNQUEIRO";"Acessar a via sem observar a presença dos outros veículos";"Colisão transversal";"Com Vítimas Feridas";"Pleno dia";"Decrescente";"Céu Claro";"Dupla";"Não Informado";"Sim";5;0;5;0;0;0;5;2;-9,8977899839;-36,447428999;"SPRF-AL";"DEL02-AL";"UOP02-DEL02-AL"
499342;2023-01-15;"domingo";"14:30:00";"PR";116;199;"RIO NEGRO";"Avarias e/ou desgaste excessivo no pneu";"Colisão lateral sentido oposto";"Com Vítimas Feridas";"Pleno dia";"Decrescente";"Chuva";"Simples";"Não Informado";"Não";2;0;1;0;1;0;1;2;-26,02819252;-49,68205088;"SPRF-SC";"DEL06-SC";"UOP01-DEL06-SC"
499343;2023-01-15;"domingo";"15:30:00";"GO";60;209;"GUAPO";"Velocidade Incompatível";"Saída de leito carroçável";"Com Vítimas Feridas";"Pleno dia";"Crescente";"Chuva";"Dupla";"Curva";"Não";1;0;1;0;0;0;1;1;-16,9324;-49,6679;"SPRF-GO";"DEL01-GO";"UOP02-DEL01-GO"
499344;2023-01-15;"domingo";"15:40:00";"RN";406;163;"CEARA-MIRIM";"Manobra de mudança de faixa";"Colisão traseira";"Com Vítimas Feridas";"Pleno dia";"Decrescente";"Céu Claro";"Simples";"Reta";"Não";2;0;0;1;1;0;1;2;-5,73527201;-35,35543901;"SPRF-RN";"DEL02-RN";"UOP01-DEL02-RN"
499345;2023-01-15;"domingo";"15:50:00";"PR";158;530,8;"PATO BRANCO";"Retorno proibido";"Colisão transversal";"Sem Vítimas";"Pleno dia";"Decrescente";"Sol";"Simples";"Não Informado";"Sim";6;0;0;0;6;0;0;2;-26,19442709;-52,67299292;"SPRF-PR";"DEL02-PR";"UOP01-DEL02-PR"
499347;2023-01-15;"domingo";"07:20:00";"MT";364;485;"JANGADA";"Ingestão de álcool pelo condutor";"Saída de leito carroçável";"Sem Vítimas";"Pleno dia";"Decrescente";"Sol";"Simples";"Reta";"Não";1;0;0;0;1;0;0;1;-15,36640171;-56,40847758;"SPRF-MT";"DEL01-MT";"UOP02-DEL01-MT"
499349;2023-01-15;"domingo";"13:00:00";"MG";267;85;"JUIZ DE FORA";"Reação tardia ou ineficiente do condutor";"Queda de ocupante de veículo";"Com Vítimas Feridas";"Pleno dia";"Crescente";"Céu Claro";"Simples";"Desvio Temporário";"Não";1;0;1;0;0;0;1;1;-21,76198367;-43,25075184;"SPRF-MG";"DEL05-MG";"UOP01-DEL05-MG"
499350;2023-01-15;"domingo";"16:11:00";"GO";60;39,5;"ALEXANIA";"Avarias e/ou desgaste excessivo no pneu";"Saída de leito carroçável";"Com Vítimas Feridas";"Pleno dia";"Crescente";"Chuva";"Dupla";"Curva";"Não";2;0;2;0;0;0;2;1;-16,1121218;-48,56021404;"SPRF-DF";"DEL01-DF";"UOP02-DEL01-DF"
499352;2023-01-15;"domingo";"15:15:00";"SP";116;97;"PINDAMONHANGABA";"Manobra de mudança de faixa";"Colisão traseira";"Com Vítimas Feridas";"Pleno dia";"Crescente";"Sol";"Dupla";"Não Informado";"Não";2;0;1;0;1;0;1;2;-22,97375666;-45,44726115;"SPRF-SP";"DEL08-SP";"UOP01-DEL08-SP"
499353;2023-01-15;"domingo";"15:30:00";"PE";101;154;"RIBEIRAO";"Acumulo de água sobre o pavimento";"Saída de leito carroçável";"Com Vítimas Feridas";"Pleno dia";"Decrescente";"Chuva";"Dupla";"Curva";"Não";4;0;0;4;0;0;4;1;-8,52860711;-35,38883966;"SPRF-PE";"DEL01-PE";"UOP03-DEL01-PE"
499355;2023-01-15;"domingo";"16:30:00";"MG";381;802;"SAO GONCALO DO SAPUCAI";"Ausência de reação do condutor";"Tombamento";"Com Vítimas Feridas";"Pleno dia";"Crescente";"Céu Claro";"Dupla";"Reta";"Não";1;0;1;0;0;0;1;1;-21,98685449;-45,65711903;"SPRF-MG";"DEL16-MG";"UOP02-DEL16-MG"
499356;2023-01-15;"domingo";"17:00:00";"RJ";493;26;"MAGE";"Acumulo de óleo sobre o pavimento";"Tombamento";"Com Vítimas Feridas";"Pleno dia";"Crescente";"Céu Claro";"Simples";"Não Informado";"Não";2;0;2;0;0;0;2;1;-22,65672003;-43,08951616;"SPRF-RJ";"DEL02-RJ";"UOP04-DEL02-RJ"
499357;2023-01-15;"domingo";"16:40:00";"SC";101;365;"SANGAO";"Problema na suspensão";"Queda de ocupante de veículo";"Com Vítimas Feridas";"Pleno dia";"Decrescente";"Nublado";"Dupla";"Reta";"Não";2;0;1;0;1;0;1;1;-28,68290284;-49,14759308;"SPRF-SC";"DEL02-SC";"UOP01-DEL02-SC"
499358;2023-01-15;"domingo";"15:25:00";"GO";60;62,1;"ABADIANIA";"Ingestão de substâncias psicoativas pelo condutor";"Saída de leito carroçável";"Com Vítimas Feridas";"Pleno dia";"Crescente";"Chuva";"Dupla";"Reta";"Sim";2;0;1;0;0;1;1;1;-16,1881;-48,7205;"SPRF-GO";"DEL02-GO";"UOP01-DEL02-GO"
499361;2023-01-15;"domingo";"16:49:00";"GO";414;368;"COCALZINHO DE GOIAS";"Reação tardia ou ineficiente do condutor";"Tombamento";"Com Vítimas Feridas";"Pleno dia";"Crescente";"Nublado";"Simples";"Curva";"Não";1;0;0;1;0;0;1;1;-15,75353119;-48,72925796;"SPRF-GO";"DEL02-GO";"UOP01-DEL02-GO"
499362;2023-01-15;"domingo";"14:50:00";"RS";468;4,8;"PALMEIRA DAS MISSOES";"Ausência de reação do condutor";"Saída de leito carroçável";"Sem Vítimas";"Pleno dia";"Decrescente";"Nublado";"Simples";"Não Informado";"Não";1;0;0;0;1;0;0;1;-27,86356506;-53,35098506;"SPRF-RS";"DEL08-RS";"UOP01-DEL08-RS"
499363;2023-01-15;"domingo";"16:45:00";"RN";226;61;"SENADOR ELOI DE SOUZA";"Reação tardia ou ineficiente do condutor";"Colisão traseira";"Com Vítimas Feridas";"Pleno dia";"Crescente";"Céu Claro";"Simples";"Reta";"Sim";2;0;1;0;1;0;1;2;-6,05016006;-35,67466683;"SPRF-RN";"DEL01-RN";"UOP02-DEL01-RN"
499364;2023-01-15;"domingo";"15:20:00";"MG";365;410,7;"PATOS DE MINAS";"Reação tardia ou ineficiente do condutor";"Colisão lateral sentido oposto";"Com Vítimas Feridas";"Pleno dia";"Decrescente";"Céu Claro";"Simples";"Não Informado";"Não";6;0;3;0;3;0;3;3;-18,65773478;-46,52207118;"SPRF-MG";"DEL10-MG";"UOP01-DEL10-MG"
499366;2023-01-15;"domingo";"16:30:00";"CE";222;52;"SAO GONCALO DO AMARANTE";"Condutor deixou de manter distância do veículo da frente";"Colisão traseira";"Com Vítimas Feridas";"Pleno dia";"Decrescente";"Céu Claro";"Simples";"Reta";"Não";2;0;0;1;1;0;1;2;-3,6686365339;-39,0097760155;"SPRF-CE";"DEL01-CE";"UOP03-DEL01-CE"
499367;2023-01-15;"domingo";"17:40:00";"RN";406;168;"SAO GONCALO DO AMARANTE";"Manobra de mudança de faixa";"Colisão traseira";"Com Vítimas Feridas";"Plena Noite";"Decrescente";"Céu Claro";"Dupla";"Reta";"Não";2;0;0;1;1;0;1;2;-5,75269453;-35,31535484;"SPRF-RN";"DEL02-RN";"UOP01-DEL02-RN"
499368;2023-01-15;"domingo";"17:30:00";"SP";381;83;"SAO PAULO";"Avarias e/ou desgaste excessivo no pneu";"Colisão traseira";"Com Vítimas Feridas";"Anoitecer";"Crescente";"Chuva";"Simples";"Reta";"Sim";3;0;0;1;2;0;1;2;-23,436817;-46,56825006;"SPRF-SP";"DEL03-SP";"UOP01-DEL03-SP"
499369;2023-01-15;"domingo";"17:36:00";"MG";50;185;"UBERABA";"Avarias e/ou desgaste excessivo no pneu";"Tombamento";"Com Vítimas Feridas";"Pleno dia";"Decrescente";"Nublado";"Dupla";"Reta";"Sim";1;0;1;0;0;0;1;1;-19,8172798;-47,89559069;"SPRF-MG";"DEL13-MG";"UOP01-DEL13-MG"
499370;2023-01-15;"domingo";"16:30:00";"MG";381;534,2;"ITATIAIUCU";"Retorno proibido";"Colisão transversal";"Com Vítimas Feridas";"Pleno dia";"Decrescente";"Céu Claro";"Dupla";"Reta";"Sim";3;0;0;1;2;0;1;2;-20,20728901;-44,39007699;"SPRF-MG";"DEL04-MG";"UOP03-DEL04-MG"
499372;2023-01-15;"domingo";"17:00:00";"MT";163;1033;"PEIXOTO DE AZEVEDO";"Manobra de mudança de faixa";"Colisão lateral sentido oposto";"Com Vítimas Feridas";"Anoitecer";"Crescente";"Céu Claro";"Simples";"Reta";"Não";5;0;1;0;4;0;1;3;-10,33413892;-55,03922841;"SPRF-MT";"DEL06-MT";"UOP03-DEL06-MT"
499373;2023-01-15;"domingo";"17:20:00";"SP";116;105;"TAUBATE";"Ausência de reação do condutor";"Colisão lateral mesmo sentido";"Com Vítimas Feridas";"Pleno dia";"Crescente";"Nublado";"Dupla";"Reta";"Sim";3;0;2;0;1;0;2;2;-23,00757973;-45,51466613;"SPRF-SP";"DEL02-SP";"UOP02-DEL02-SP"
499376;2023-01-15;"domingo";"18:00:00";"RJ";116;125;"MAGE";"Reação tardia ou ineficiente do condutor";"Colisão traseira";"Sem Vítimas";"Pleno dia";"Crescente";"Céu Claro";"Dupla";"Não Informado";"Sim";2;0;0;0;2;0;0;2;-22,65156898;-43,07769901;"SPRF-RJ";"DEL02-RJ";"UOP04-DEL02-RJ"
499379;2023-01-15;"domingo";"18:00:00";"RJ";101;455;"MANGARATIBA";"Pedestre andava na pista";"Atropelamento de Pedestre";"Com Vítimas Feridas";"Pleno dia";"Decrescente";"Céu Claro";"Dupla";"Não Informado";"Sim";2;0;1;0;1;0;1;1;-23,03130715;-44,15918011;"SPRF-RJ";"DEL03-RJ";"UOP01-DEL03-RJ"
499380;2023-01-15;"domingo";"18:16:00";"PI";316;5;"TERESINA";"Condutor deixou de manter distância do veículo da frente";"Colisão traseira";"Sem Vítimas";"Anoitecer";"Decrescente";"Céu Claro";"Dupla";"Não Informado";"Sim";2;0;0;0;2;0;0;2;-5,14383388;-42,77754676;"SPRF-PI";"DEL01-PI";"UOP02-DEL01-PI"
499381;2023-01-15;"domingo";"18:30:00";"PB";230;23,4;"JOAO PESSOA";"Trafegar com motocicleta (ou similar) entre as faixas";"Colisão lateral mesmo sentido";"Com Vítimas Feridas";"Plena Noite";"Decrescente";"Céu Claro";"Dupla";"Não Informado";"Sim";3;0;1;1;0;1;2;2;-7,16568297;-34,86282706;"SPRF-PB";"DEL01-PB";"UOP01-DEL01-PB"
499382;2023-01-15;"domingo";"18:10:00";"GO";70;3,1;"AGUAS LINDAS DE GOIAS";"Acumulo de água sobre o pavimento";"Engavetamento";"Sem Vítimas";"Anoitecer";"Decrescente";"Chuva";"Dupla";"Não Informado";"Sim";4;0;0;0;1;3;0;4;-15,761693;-48,238221;"SPRF-DF";"DEL01-DF";"UOP03-DEL01-DF"
499383;2023-01-15;"domingo";"16:09:00";"RR";401;2;"BOA VISTA";"Condutor Dormindo";"Colisão frontal";"Sem Vítimas";"Pleno dia";"Crescente";"Céu Claro";"Simples";"Ponte";"Sim";2;0;0;0;2;0;0;2;2,79792464;-60,67445062;"SPRF-RR";"N/A";"UOP01-DEL01-RR"
499384;2023-01-15;"domingo";"15:30:00";"MG";116;548,3;"SANTA BARBARA DO LESTE";"Demais falhas mecânicas ou elétricas";"Incêndio";"Sem Vítimas";"Pleno dia";"Crescente";"Céu Claro";"Simples";"Reta";"Não";1;0;0;0;0;1;0;1;-19,95272398;-42,13044183;"SPRF-MG";"DEL06-MG";"UOP02-DEL06-MG"
499385;2023-01-15;"domingo";"17:59:00";"SP";116;271;"TABOAO DA SERRA";"Ausência de reação do condutor";"Colisão com objeto";"Com Vítimas Feridas";"Plena Noite";"Crescente";"Nublado";"Múltipla";"Reta";"Sim";6;0;1;0;5;0;1;2;-23,61809286;-46,80556302;"SPRF-SP";"DEL04-SP";"UOP01-DEL04-SP"
499387;2023-01-15;"domingo";"19:00:00";"AL";104;18,2;"SAO JOSE DA LAJE";"Condutor deixou de manter distância do veículo da frente";"Colisão traseira";"Com Vítimas Feridas";"Plena Noite";"Decrescente";"Céu Claro";"Simples";"Reta";"Sim";2;0;1;0;1;0;1;2;-9,04193899;-36,03775187;"SPRF-AL";"DEL01-AL";"UOP02-DEL01-AL"
499388;2023-01-15;"domingo";"18:40:00";"RJ";101;321,5;"NITEROI";"Condutor deixou de manter distância do veículo da frente";"Colisão traseira";"Com Vítimas Feridas";"Anoitecer";"Crescente";"Céu Claro";"Múltipla";"Reta";"Sim";3;0;1;0;1;1;1;2;-22,86981096;-43,11046465;"SPRF-RJ";"DEL02-RJ";"UOP01-DEL02-RJ"
499390;2023-01-15;"domingo";"19:07:00";"PR";116;38,3;"CAMPINA GRANDE DO SUL";"Reação tardia ou ineficiente do condutor";"Capotamento";"Com Vítimas Feridas";"Plena Noite";"Decrescente";"Garoa/Chuvisco";"Dupla";"Não Informado";"Não";5;0;1;0;4;0;1;1;-25,15252962;-48,86008501;"SPRF-PR";"DEL01-PR";"UOP02-DEL01-PR"
499392;2023-01-15;"domingo";"19:10:00";"PR";116;106;"SAO JOSE DOS PINHAIS";"Ausência de reação do condutor";"Colisão traseira";"Com Vítimas Feridas";"Anoitecer";"Crescente";"Nublado";"Dupla";"Reta";"Não";3;0;1;0;2;0;1;3;-25,57012625;-49,21843522;"SPRF-PR";"DEL01-PR";"UOP07-DEL01-PR"
499394;2023-01-15;"domingo";"20:00:00";"SP";116;187;"SANTA ISABEL";"Reação tardia ou ineficiente do condutor";"Colisão lateral mesmo sentido";"Com Vítimas Feridas";"Plena Noite";"Crescente";"Nublado";"Dupla";"Reta";"Sim";4;0;1;0;3;0;1;3;-23,35713072;-46,20737811;"SPRF-SP";"DEL01-SP";"UOP01-DEL01-SP"
499395;2023-01-15;"domingo";"19:30:00";"BA";101;262;"SANTO ANTONIO DE JESUS";"Ausência de reação do condutor";"Saída de leito carroçável";"Sem Vítimas";"Plena Noite";"Decrescente";"Nublado";"Simples";"Curva";"Sim";1;0;0;0;0;1;0;1;-12,97827;-39,276448;"SPRF-BA";"DEL01-BA";"UOP02-DEL01-BA"
499396;2023-01-15;"domingo";"18:30:00";"GO";153;660,5;"GOIATUBA";"Velocidade Incompatível";"Saída de leito carroçável";"Sem Vítimas";"Plena Noite";"Decrescente";"Céu Claro";"Dupla";"Reta";"Não";1;0;0;0;1;0;0;1;-18,0549;-49,2694;"SPRF-GO";"DEL03-GO";"UOP02-DEL03-GO"
499397;2023-01-15;"domingo";"18:08:00";"PR";277;162;"PALMEIRA";"Manobra de mudança de faixa";"Colisão lateral mesmo sentido";"Com Vítimas Feridas";"Pleno dia";"Crescente";"Céu Claro";"Dupla";"Reta";"Não";6;0;4;0;2;0;4;2;-25,47289;-49,895964;"SPRF-PR";"DEL03-PR";"UOP03-DEL03-PR"
499400;2023-01-15;"domingo";"20:30:00";"MG";381;484;"BETIM";"Reação tardia ou ineficiente do condutor";"Colisão lateral mesmo sentido";"Com Vítimas Feridas";"Plena Noite";"Crescente";"Céu Claro";"Dupla";"Curva";"Sim";3;0;0;2;1;0;2;2;-19,95531717;-44,11722196;"SPRF-MG";"DEL01-MG";"UOP03-DEL01-MG"
499401;2023-01-15;"domingo";"18:20:00";"PI";135;262,4;"ALVORADA DO GURGUEIA";"Transitar na contramão";"Colisão lateral sentido oposto";"Com Vítimas Fatais";"Anoitecer";"Decrescente";"Nublado";"Simples";"Reta";"Não";2;1;0;0;0;1;0;2;-8,461778;-43,895083;"SPRF-PI";"DEL03-PI";"UOP02-DEL03-PI"
499402;2023-01-15;"domingo";"18:00:00";"MG";262;405;"PARA DE MINAS";"Manobra de mudança de faixa";"Colisão lateral mesmo sentido";"Sem Vítimas";"Pleno dia";"Decrescente";"Céu Claro";"Dupla";"Não Informado";"Não";2;0;0;0;2;0;0;2;-19,88921326;-44,58977508;"SPRF-MG";"DEL01-MG";"UOP03-DEL01-MG"
499403;2023-01-15;"domingo";"17:30:00";"SC";470;178,9;"POUSO REDONDO";"Velocidade Incompatível";"Saída de leito carroçável";"Com Vítimas Feridas";"Pleno dia";"Decrescente";"Chuva";"Simples";"Reta";"Não";3;0;3;0;0;0;3;1;-27,248392;-49,967083;"SPRF-SC";"DEL04-SC";"UOP02-DEL04-SC"
499404;2023-01-15;"domingo";"20:00:00";"PR";277;609;"SANTA TEREZA DO OESTE";"Acessar a via sem observar a presença dos outros veículos";"Colisão transversal";"Sem Vítimas";"Plena Noite";"Decrescente";"Céu Claro";"Simples";"Reta";"Sim";4;0;0;0;4;0;0;2;-25,04783521;-53,61298988;"SPRF-PR";"DEL05-PR";"UOP02-DEL05-PR"
499405;2023-01-15;"domingo";"20:50:00";"PR";369;152,5;"LONDRINA";"Pedestre andava na pista";"Atropelamento de Pedestre";"Com Vítimas Feridas";"Plena Noite";"Crescente";"Chuva";"Dupla";"Não Informado";"Sim";2;0;0;1;1;0;1;1;-23,29338431;-51,18712127;"SPRF-PR";"DEL07-PR";"UOP01-DEL07-PR"
499407;2023-01-15;"domingo";"15:30:00";"RO";435;90;"COLORADO DO OESTE";"Demais falhas mecânicas ou elétricas";"Queda de ocupante de veículo";"Com Vítimas Feridas";"Pleno dia";"Decrescente";"Chuva";"Simples";"Reta";"Não";2;0;1;0;1;0;1;1;-13,163152;-60,54496;"SPRF-RO";"DEL04-RO";"UOP02-DEL04-RO"
499408;2023-01-15;"domingo";"18:45:00";"SC";153;13;"AGUA DOCE";"Manobra de mudança de faixa";"Colisão frontal";"Com Vítimas Feridas";"Anoitecer";"Decrescente";"Chuva";"Simples";"Curva";"Não";5;0;4;1;0;0;5;2;-26,690351;-51,567181;"SPRF-SC";"DEL07-SC";"UOP07-DEL07-SC"
499409;2023-01-15;"domingo";"21:00:00";"MG";116;646;"FERVEDOURO";"Reação tardia ou ineficiente do condutor";"Colisão com objeto";"Com Vítimas Feridas";"Plena Noite";"Crescente";"Céu Claro";"Simples";"Não Informado";"Não";1;0;1;0;0;0;1;1;-20,697283;-42,274417;"SPRF-MG";"DEL07-MG";"UOP03-DEL07-MG"
499410;2023-01-15;"domingo";"19:55:00";"PR";163;144,4;"CAPITAO LEONIDAS MARQUES";"Ausência de sinalização";"Saída de leito carroçável";"Com Vítimas Feridas";"Plena Noite";"Crescente";"Céu Claro";"Dupla";"Reta";"Não";2;0;2;0;0;0;2;1;-25,4419188;-53,57717266;"SPRF-PR";"DEL04-PR";"UOP04-DEL04-PR"
499411;2023-01-15;"domingo";"19:40:00";"MG";40;379,1;"CURVELO";"Condutor Dormindo";"Saída de leito carroçável";"Sem Vítimas";"Plena Noite";"Crescente";"Céu Claro";"Simples";"Não Informado";"Não";1;0;0;0;0;1;0;1;-18,870791;-44,729377;"SPRF-MG";"DEL02-MG";"UOP01-DEL02-MG"
499412;2023-01-15;"domingo";"22:00:00";"GO";414;410;"ABADIANIA";"Ingestão de álcool pelo condutor";"Colisão frontal";"Sem Vítimas";"Plena Noite";"Crescente";"Céu Claro";"Simples";"Reta";"Sim";3;0;0;0;2;1;0;2;-16,05858626;-48,85401759;"SPRF-GO";"DEL02-GO";"UOP01-DEL02-GO"
499413;2023-01-15;"domingo";"22:00:00";"SE";101;147,5;"ESTANCIA";"Ingestão de álcool pelo condutor";"Colisão com objeto";"Com Vítimas Fatais";"Plena Noite";"Crescente";"Céu Claro";"Dupla";"Curva";"Não";1;1;0;0;0;0;0;1;-11,23753745;-37,42977619;"SPRF-SE";"DEL02-SE";"UOP01-DEL02-SE"
499414;2023-01-15;"domingo";"21:55:00";"SC";101;113,2;"ITAJAI";"Manobra de mudança de faixa";"Colisão traseira";"Com Vítimas Feridas";"Plena Noite";"Decrescente";"Ignorado";"Múltipla";"Retorno Regulamentado";"Sim";5;0;3;0;2;0;3;2;-26,85311393;-48,72689927;"SPRF-SC";"DEL04-SC";"UOP04-DEL04-SC"
499416;2023-01-15;"domingo";"21:00:00";"DF";20;4,4;"BRASILIA";"Reação tardia ou ineficiente do condutor";"Saída de leito carroçável";"Com Vítimas Feridas";"Plena Noite";"Crescente";"Céu Claro";"Dupla";"Não Informado";"Sim";1;0;1;0;0;0;1;1;-15,675484;-47,823761;"SPRF-DF";"DEL02-DF";"UOP01-DEL02-DF"
499417;2023-01-15;"domingo";"19:00:00";"RJ";116;93;"GUAPIMIRIM";"Reação tardia ou ineficiente do condutor";"Colisão frontal";"Com Vítimas Feridas";"Plena Noite";"Crescente";"Nublado";"Simples";"Curva";"Não";7;0;4;1;2;0;5;2;-22,46416302;-42,99215699;"SPRF-RJ";"DEL04-RJ";"UOP01-DEL04-RJ"
499418;2023-01-15;"domingo";"21:51:00";"SP";101;45,7;"UBATUBA";"Acessar a via sem observar a presença dos outros veículos";"Colisão transversal";"Com Vítimas Feridas";"Plena Noite";"Crescente";"Céu Claro";"Simples";"Reta";"Sim";2;0;1;1;0;0;2;2;-23,41779396;-45,06788408;"SPRF-SP";"DEL06-SP";"UOP01-DEL06-SP"
499419;2023-01-15;"domingo";"22:00:00";"SP";116;230;"SAO PAULO";"Reação tardia ou ineficiente do condutor";"Colisão traseira";"Com Vítimas Feridas";"Plena Noite";"Crescente";"Garoa/Chuvisco";"Múltipla";"Reta";"Sim";3;0;1;0;1;1;1;2;-23,52251783;-46,5855702;"SPRF-SP";"DEL01-SP";"UOP01-DEL01-SP"
499420;2023-01-15;"domingo";"20:50:00";"SC";280;4,5;"SAO FRANCISCO DO SUL";"Chuva";"Colisão traseira";"Com Vítimas Feridas";"Plena Noite";"Crescente";"Chuva";"Simples";"Reta";"Sim";2;0;1;0;1;0;1;2;-26,25329566;-48,61916042;"SPRF-SC";"DEL03-SC";"UOP03-DEL03-SC"
499424;2023-01-15;"domingo";"22:20:00";"SP";116;145;"SAO JOSE DOS CAMPOS";"Acumulo de areia ou detritos sobre o pavimento";"Colisão com objeto";"Com Vítimas Feridas";"Plena Noite";"Decrescente";"Nublado";"Dupla";"Reta";"Sim";1;0;1;0;0;0;1;1;-23,1869844;-45,8548078;"SPRF-SP";"DEL02-SP";"UOP01-DEL02-SP"
499426;2023-01-15;"domingo";"19:38:00";"RO";364;18;"VILHENA";"Velocidade Incompatível";"Colisão traseira";"Com Vítimas Feridas";"Plena Noite";"Crescente";"Céu Claro";"Simples";"Reta";"Não";2;0;0;1;1;0;1;2;-12,72972661;-60,17479789;"SPRF-RO";"DEL04-RO";"UOP01-DEL04-RO"
499427;2023-01-15;"domingo";"19:20:00";"GO";153;198;"URUACU";"Ultrapassagem Indevida";"Colisão frontal";"Com Vítimas Feridas";"Plena Noite";"Crescente";"Céu Claro";"Simples";"Reta";"Sim";4;0;0;1;3;0;1;2;-14,5199196;-49,154607;"SPRF-GO";"DEL07-GO";"UOP02-DEL07-GO"
499429;2023-01-15;"domingo";"17:38:00";"RO";364;342;"JI-PARANA";"Ausência de reação do condutor";"Colisão traseira";"Com Vítimas Feridas";"Pleno dia";"Decrescente";"Céu Claro";"Dupla";"Reta";"Sim";6;0;0;2;3;1;2;2;-10,88295517;-61,93902969;"SPRF-RO";"DEL02-RO";"UOP01-DEL02-RO"
499430;2023-01-15;"domingo";"19:30:00";"AL";424;102;"MARECHAL DEODORO";"Velocidade Incompatível";"Capotamento";"Com Vítimas Feridas";"Plena Noite";"Crescente";"Céu Claro";"Simples";"Rotatória";"Não";1;0;0;1;0;0;1;1;-9,66670281;-35,84489382;"SPRF-AL";"DEL02-AL";"UOP01-DEL02-AL"
499431;2023-01-14;"sábado";"22:30:00";"RO";421;44;"MONTE NEGRO";"Ausência de reação do condutor";"Saída de leito carroçável";"Com Vítimas Feridas";"Plena Noite";"Decrescente";"Nublado";"Simples";"Reta";"Não";1;0;0;1;0;0;1;1;-10,229547;-63,256023;"SPRF-RO";"DEL03-RO";"UOP01-DEL03-RO"