"id";"data_inversa";"dia_semana";"horario";"uf";"br";"km";"municipio";"causa_acidente";"tipo_acidente";"classificacao_acidente";"fase_dia";"sentido_via";"condicao_metereologica";"tipo_pista";"tracado_via";"uso_solo";"pessoas";"mortos";"feridos_leves";"feridos_graves";"ilesos";"ignorados";"feridos";"veiculos";"latitude";"longitude";"regional";"delegacia";"uop"
499432;2023-01-15;"domingo";"21:15:00";"MT";364;201;"RONDONOPOLIS";"Reação tardia ou ineficiente do condutor";"Colisão traseira";"Com Vítimas Feridas";"Plena Noite";"Decrescente";"Céu Claro";"Dupla";"Reta";"Sim";1;0;0;1;0;0;1;1;-16,491405;-54,646378;"SPRF-MT";"DEL02-MT";"UOP01-DEL02-MT"
499433;2023-01-15;"domingo";"21:50:00";"SC";101;40,1;"JOINVILLE";"Velocidade Incompatível";"Saída de leito carroçável";"Com Vítimas Feridas";"Plena Noite";"Decrescente";"Chuva";"Simples";"Não Informado";"Sim";1;0;1;0;0;0;1;1;-26,31062778;-48,87718678;"SPRF-SC";"DEL03-SC";"UOP01-DEL03-SC"
499434;2023-01-15;"domingo";"23:12:00";"SP";153;65,5;"SAO JOSE DO RIO PRETO";"Ingestão de álcool pelo condutor";"Colisão com objeto";"Com Vítimas Feridas";"Plena Noite";"Crescente";"Céu Claro";"Dupla";"Reta";"Sim";3;0;3;0;0;0;3;1;-20,8355877;-49,36570039;"SPRF-SP";"DEL09-SP";"UOP01-DEL09-SP"
499435;2023-01-15;"domingo";"20:00:00";"SC";101;78;"ARAQUARI";"Ingestão de álcool pelo condutor";"Colisão traseira";"Sem Vítimas";"Plena Noite";"Decrescente";"Céu Claro";"Dupla";"Reta";"Não";2;0;0;0;2;0;0;2;-26,57672096;-48,72270551;"SPRF-SC";"DEL03-SC";"UOP02-DEL03-SC"
499436;2023-01-15;"domingo";"21:45:00";"MS";262;277,6;"RIBAS DO RIO PARDO";"Animais na Pista";"Atropelamento de Animal";"Com Vítimas Feridas";"Plena Noite";"Crescente";"Céu Claro";"Simples";"Reta";"Não";1;0;1;0;0;0;1;1;-20,46990589;-54,08118702;"SPRF-MS";"DEL01-MS";"UOP01-DEL01-MS"
499437;2023-01-15;"domingo";"23:21:00";"DF";20;16;"BRASILIA";"Ausência de reação do condutor";"Saída de leito carroçável";"Com Vítimas Feridas";"Plena Noite";"Crescente";"Céu Claro";"Simples";"Não Informado";"Sim";1;0;1;0;0;0;1;1;-15,625675;-47,725159;"SPRF-DF";"DEL02-DF";"UOP01-DEL02-DF"
499438;2023-01-15;"domingo";"19:23:00";"RO";364;796,9;"PORTO VELHO";"Pedestre andava na pista";"Atropelamento de Pedestre";"Com Vítimas Feridas";"Plena Noite";"Crescente";"Céu Claro";"Simples";"Reta";"Não";2;0;0;2;0;0;2;1;-9,246887;-64,370103;"SPRF-RO";"DEL01-RO";"UOP02-DEL01-RO"
499441;2023-01-15;"domingo";"19:55:00";"MG";116;390,7;"GOVERNADOR VALADARES";"Animais na Pista";"Atropelamento de Animal";"Com Vítimas Feridas";"Plena Noite";"Decrescente";"Céu Claro";"Simples";"Reta";"Não";1;0;0;1;0;0;1;1;-18,67974794;-41,98905945;"SPRF-MG";"DEL06-MG";"UOP01-DEL06-MG"
499442;2023-01-15;"domingo";"22:00:00";"BA";116;533;"ITATIM";"Velocidade Incompatível";"Saída de leito carroçável";"Com Vítimas Feridas";"Plena Noite";"Decrescente";"Céu Claro";"Simples";"Não Informado";"Não";2;0;2;0;0;0;2;1;-12,76781638;-39,80898142;"SPRF-BA";"DEL03-BA";"UOP02-DEL03-BA"
499443;2023-01-15;"domingo";"22:45:00";"AL";316;242;"ATALAIA";"Ingestão de álcool pelo condutor";"Colisão frontal";"Com Vítimas Fatais";"Plena Noite";"Crescente";"Céu Claro";"Simples";"Não Informado";"Não";4;1;0;1;2;0;1;2;-9,50727405;-36,02113501;"SPRF-AL";"DEL01-AL";"UOP01-DEL01-AL"
499444;2023-01-15;"domingo";"19:30:00";"PA";10;164;"PARAGOMINAS";"Manobra de mudança de faixa";"Colisão lateral sentido oposto";"Com Vítimas Feridas";"Plena Noite";"Decrescente";"Chuva";"Simples";"Reta";"Sim";4;0;0;3;1;0;3;2;-3,00411293;-47,45984316;"SPRF-PA";"DEL02-PA";"UOP01-DEL02-PA"
499446;2023-01-15;"domingo";"22:20:00";"RO";364;237,2;"CACOAL";"Acessar a via sem observar a presença dos outros veículos";"Colisão transversal";"Com Vítimas Feridas";"Plena Noite";"Crescente";"Nublado";"Simples";"Retorno Regulamentado";"Sim";3;0;1;0;2;0;1;2;-11,442285;-61,448888;"SPRF-RO";"DEL02-RO";"UOP02-DEL02-RO"
499447;2023-01-15;"domingo";"19:30:00";"BA";407;105;"JAGUARARI";"Declive acentuado";"Colisão transversal";"Com Vítimas Fatais";"Plena Noite";"Decrescente";"Céu Claro";"Simples";"Reta";"Não";5;3;0;2;0;0;2;2;-10,27224235;-40,17748348;"SPRF-BA";"DEL04-BA";"UOP01-DEL04-BA"
499448;2023-01-15;"domingo";"22:15:00";"RS";470;174,1;"VERANOPOLIS";"Pedestre andava na pista";"Atropelamento de Pedestre";"Com Vítimas Fatais";"Plena Noite";"Crescente";"Nevoeiro/Neblina";"Simples";"Curva";"Não";4;1;0;0;1;2;0;1;-28,91331074;-51,54170394;"SPRF-RS";"DEL06-RS";"UOP02-DEL06-RS"
499449;2023-01-15;"domingo";"23:27:00";"DF";70;1,6;"BRASILIA";"Manobra de mudança de faixa";"Colisão com objeto";"Com Vítimas Feridas";"Plena Noite";"Crescente";"Nublado";"Dupla";"Reta";"Sim";3;0;3;0;0;0;3;1;-15,7967089;-48,0696236;"SPRF-DF";"DEL01-DF";"UOP03-DEL01-DF"
499450;2023-01-16;"segunda-feira";"00:00:00";"PE";104;80,6;"AGRESTINA";"Transitar na contramão";"Colisão frontal";"Com Vítimas Fatais";"Plena Noite";"Crescente";"Céu Claro";"Simples";"Reta";"Não";3;1;0;0;2;0;0;2;-8,397874;-35,973396;"SPRF-PE";"DEL02-PE";"UOP01-DEL02-PE"
499451;2023-01-16;"segunda-feira";"00:55:00";"PR";116;116;"CURITIBA";"Reação tardia ou ineficiente do condutor";"Colisão com objeto";"Com Vítimas Feridas";"Plena Noite";"Crescente";"Nublado";"Dupla";"Retorno Regulamentado";"Não";2;0;2;0;0;0;2;1;-25,575754;-49,312346;"SPRF-PR";"DEL01-PR";"UOP03-DEL01-PR"
499452;2023-01-16;"segunda-feira";"00:10:00";"SC";282;408;"CATANDUVAS";"Ingestão de álcool pelo condutor";"Colisão frontal";"Com Vítimas Feridas";"Plena Noite";"Crescente";"Garoa/Chuvisco";"Simples";"Não Informado";"Não";4;0;2;0;2;0;2;2;-27,079458;-51,663645;"SPRF-SC";"DEL07-SC";"UOP05-DEL07-SC"
499453;2023-01-15;"domingo";"23:30:00";"SC";101;244;"PALHOCA";"Acumulo de água sobre o pavimento";"Eventos atípicos";"Com Vítimas Feridas";"Plena Noite";"Decrescente";"Chuva";"Dupla";"Reta";"Não";2;0;1;0;1;0;1;1;-27,89294003;-48,64821868;"SPRF-SC";"DEL01-SC";"UOP02-DEL01-SC"
499454;2023-01-16;"segunda-feira";"01:00:00";"BA";110;1;"PAULO AFONSO";"Reação tardia ou ineficiente do condutor";"Queda de ocupante de veículo";"Com Vítimas Feridas";"Plena Noite";"Decrescente";"Céu Claro";"Simples";"Reta";"Não";1;0;0;1;0;0;1;1;-9,424096;-38,199359;"SPRF-BA";"DEL07-BA";"UOP01-DEL07-BA"
499457;2023-01-16;"segunda-feira";"02:30:00";"RS";116;296;"GUAIBA";"Ingestão de álcool pelo condutor";"Saída de leito carroçável";"Sem Vítimas";"Plena Noite";"Decrescente";"Céu Claro";"Dupla";"Não Informado";"Sim";5;0;0;0;5;0;0;1;-30,08861201;-51,34229993;"SPRF-RS";"DEL02-RS";"UOP01-DEL02-RS"
499459;2023-01-16;"segunda-feira";"03:45:00";"CE";116;35,4;"AQUIRAZ";"Acumulo de água sobre o pavimento";"Saída de leito carroçável";"Sem Vítimas";"Plena Noite";"Decrescente";"Chuva";"Dupla";"Reta";"Sim";2;0;0;0;1;1;0;1;-4,05051257;-38,50673676;"SPRF-CE";"DEL01-CE";"UOP02-DEL01-CE"
499460;2023-01-16;"segunda-feira";"01:10:00";"PR";373;331;"GUARAPUAVA";"Transitar na contramão";"Colisão frontal";"Com Vítimas Feridas";"Plena Noite";"Crescente";"Nublado";"Simples";"Curva";"Não";16;0;1;2;13;0;3;2;-25,352481;-51,366706;"SPRF-PR";"DEL08-PR";"UOP01-DEL08-PR"
499461;2023-01-16;"segunda-feira";"02:20:00";"GO";153;299,7;"RIALMA";"Ingestão de álcool pelo condutor";"Colisão frontal";"Com Vítimas Feridas";"Plena Noite";"Decrescente";"Céu Claro";"Simples";"Reta";"Sim";6;0;1;0;2;3;1;2;-15,277585;-49,552872;"SPRF-GO";"DEL02-GO";"UOP02-DEL02-GO"
499462;2023-01-16;"segunda-feira";"03:30:00";"SC";282;140;"BOM RETIRO";"Ingestão de álcool pelo condutor";"Colisão traseira";"Com Vítimas Feridas";"Plena Noite";"Decrescente";"Nevoeiro/Neblina";"Simples";"Curva";"Não";4;0;1;0;3;0;1;2;-27,818821;-49,590221;"SPRF-SC";"DEL05-SC";"UOP01-DEL05-SC"
499468;2023-01-15;"domingo";"22:30:00";"RJ";101;124;"QUISSAMA";"Condutor Dormindo";"Colisão lateral mesmo sentido";"Com Vítimas Feridas";"Plena Noite";"Decrescente";"Céu Claro";"Dupla";"Reta";"Não";3;0;1;0;2;0;1;2;-22,05826818;-41,68411491;"SPRF-RJ";"DEL08-RJ";"UOP04-DEL08-RJ"
499470;2023-01-16;"segunda-feira";"03:30:00";"MG";381;294;"ANTONIO DIAS";"Sinalização mal posicionada";"Colisão com objeto";"Com Vítimas Feridas";"Plena Noite";"Decrescente";"Céu Claro";"Simples";"Curva";"Não";1;0;1;0;0;0;1;1;-19,62246609;-42,8549139;"SPRF-MG";"DEL03-MG";"UOP02-DEL03-MG"
499472;2023-01-16;"segunda-feira";"06:35:00";"ES";393;0,5;"CACHOEIRO DE ITAPEMIRIM";"Conversão proibida";"Colisão lateral sentido oposto";"Com Vítimas Feridas";"Pleno dia";"Decrescente";"Sol";"Simples";"Curva";"Não";1;0;1;0;0;0;1;1;-20,841324;-41,15929;"SPRF-ES";"DEL03-ES";"UOP02-DEL03-ES"
499473;2023-01-15;"domingo";"22:00:00";"PR";376;617;"SAO JOSE DOS PINHAIS";"Condutor usando celular";"Saída de leito carroçável";"Sem Vítimas";"Plena Noite";"Crescente";"Garoa/Chuvisco";"Dupla";"Não Informado";"Não";1;0;0;0;1;0;0;1;-25,58426494;-49,17618795;"SPRF-PR";"DEL01-PR";"UOP04-DEL01-PR"
499474;2023-01-15;"domingo";"17:00:00";"RJ";101;192;"CASIMIRO DE ABREU";"Avarias e/ou desgaste excessivo no pneu";"Tombamento";"Com Vítimas Feridas";"Pleno dia";"Crescente";"Céu Claro";"Dupla";"Reta";"Não";2;0;2;0;0;0;2;1;-22,47314393;-42,08206801;"SPRF-RJ";"DEL08-RJ";"UOP04-DEL08-RJ"
499475;2023-01-16;"segunda-feira";"06:35:00";"PE";101;64,5;"RECIFE";"Animais na Pista";"Atropelamento de Animal";"Com Vítimas Feridas";"Pleno dia";"Decrescente";"Nublado";"Múltipla";"Reta";"Não";1;0;0;1;0;0;1;1;-8,021973;-34,942708;"SPRF-PE";"DEL01-PE";"UOP01-DEL01-PE"
499476;2023-01-16;"segunda-feira";"06:45:00";"SP";116;80,9;"ROSEIRA";"Reação tardia ou ineficiente do condutor";"Queda de ocupante de veículo";"Com Vítimas Feridas";"Pleno dia";"Crescente";"Céu Claro";"Simples";"Curva";"Não";1;0;1;0;0;0;1;1;-22,89958454;-45,30245564;"SPRF-SP";"DEL08-SP";"UOP01-DEL08-SP"
499477;2023-01-16;"segunda-feira";"04:30:00";"BA";116;634;"JAGUAQUARA";"Conversão proibida";"Colisão frontal";"Com Vítimas Feridas";"Amanhecer";"Decrescente";"Céu Claro";"Simples";"Reta";"Sim";13;0;2;0;11;0;2;2;-13,48322495;-40,04338512;"SPRF-BA";"DEL03-BA";"UOP01-DEL03-BA"
499478;2023-01-16;"segunda-feira";"07:00:00";"PE";104;80,7;"AGRESTINA";"Acessar a via sem observar a presença dos outros veículos";"Colisão transversal";"Sem Vítimas";"Pleno dia";"Crescente";"Céu Claro";"Simples";"Reta";"Não";3;0;0;0;3;0;0;2;-8,40431112;-35,97229265;"SPRF-PE";"DEL02-PE";"UOP01-DEL02-PE"
499482;2023-01-15;"domingo";"18:20:00";"RJ";40;104;"DUQUE DE CAXIAS";"Reação tardia ou ineficiente do condutor";"Queda de ocupante de veículo";"Com Vítimas Feridas";"Plena Noite";"Decrescente";"Céu Claro";"Simples";"Curva";"Não";1;0;1;0;0;0;1;1;-22,62897902;-43,28579508;"SPRF-RJ";"DEL01-RJ";"UOP01-DEL01-RJ"
499483;2023-01-16;"segunda-feira";"05:40:00";"RJ";101;402;"ITAGUAI";"Reação tardia ou ineficiente do condutor";"Saída de leito carroçável";"Com Vítimas Feridas";"Amanhecer";"Decrescente";"Céu Claro";"Dupla";"Curva";"Sim";4;0;3;0;1;0;3;1;-22,85437433;-43,78440169;"SPRF-RJ";"DEL01-RJ";"UOP04-DEL01-RJ"
499484;2023-01-16;"segunda-feira";"01:30:00";"SC";101;105;"PENHA";"Ausência de reação do condutor";"Queda de ocupante de veículo";"Com Vítimas Feridas";"Plena Noite";"Crescente";"Céu Claro";"Dupla";"Retorno Regulamentado";"Sim";1;0;1;0;0;0;1;1;-26,80215497;-48,67891041;"SPRF-SC";"DEL03-SC";"UOP02-DEL03-SC"
499485;2023-01-16;"segunda-feira";"07:20:00";"CE";20;235;"MADALENA";"Reação tardia ou ineficiente do condutor";"Queda de ocupante de veículo";"Com Vítimas Feridas";"Pleno dia";"Crescente";"Céu Claro";"Simples";"Reta";"Não";1;0;1;0;0;0;1;1;-4,87758324;-39,60270982;"SPRF-CE";"DEL02-CE";"UOP02-DEL02-CE"
499486;2023-01-16;"segunda-feira";"08:00:00";"PR";369;137;"IBIPORA";"Manobra de mudança de faixa";"Colisão lateral mesmo sentido";"Com Vítimas Feridas";"Pleno dia";"Crescente";"Céu Claro";"Simples";"Rotatória";"Sim";3;0;0;1;2;0;1;2;-23,270707;-51,044458;"SPRF-PR";"DEL07-PR";"UOP01-DEL07-PR"
499492;2023-01-16;"segunda-feira";"08:00:00";"PE";101;64,7;"RECIFE";"Reação tardia ou ineficiente do condutor";"Colisão traseira";"Com Vítimas Feridas";"Pleno dia";"Crescente";"Céu Claro";"Dupla";"Reta";"Não";4;0;1;0;3;0;1;4;-8,0162921;-34,94045886;"SPRF-PE";"DEL01-PE";"UOP01-DEL01-PE"
499493;2023-01-16;"segunda-feira";"08:20:00";"SC";101;230,4;"PALHOCA";"Demais falhas mecânicas ou elétricas";"Tombamento";"Com Vítimas Feridas";"Pleno dia";"Crescente";"Céu Claro";"Múltipla";"Reta";"Não";2;0;2;0;0;0;2;1;-27,77781898;-48,63489608;"SPRF-SC";"DEL01-SC";"UOP02-DEL01-SC"
499494;2023-01-16;"segunda-feira";"07:50:00";"SC";101;129,9;"BALNEARIO CAMBORIU";"Trafegar com motocicleta (ou similar) entre as faixas";"Colisão traseira";"Com Vítimas Feridas";"Pleno dia";"Decrescente";"Céu Claro";"Dupla";"Reta";"Sim";2;0;0;1;1;0;1;2;-26,98064277;-48,6790679;"SPRF-SC";"DEL04-SC";"UOP03-DEL04-SC"
499495;2023-01-16;"segunda-feira";"08:35:00";"RJ";101;391;"RIO DE JANEIRO";"Ausência de reação do condutor";"Colisão traseira";"Com Vítimas Feridas";"Pleno dia";"Decrescente";"Céu Claro";"Dupla";"Reta";"Não";2;0;0;1;1;0;1;2;-22,894827;-43,68492;"SPRF-RJ";"DEL01-RJ";"UOP04-DEL01-RJ"
499496;2023-01-16;"segunda-feira";"08:30:00";"PR";376;490,1;"PONTA GROSSA";"Mal súbito do condutor";"Saída de leito carroçável";"Com Vítimas Feridas";"Pleno dia";"Decrescente";"Nublado";"Dupla";"Reta";"Sim";1;0;1;0;0;0;1;1;-25,10014126;-50,19706428;"SPRF-PR";"DEL03-PR";"UOP04-DEL03-PR"
499497;2023-01-16;"segunda-feira";"07:30:00";"ES";101;41;"CONCEICAO DA BARRA";"Manobra de mudança de faixa";"Colisão lateral mesmo sentido";"Com Vítimas Feridas";"Pleno dia";"Decrescente";"Céu Claro";"Simples";"Não Informado";"Não";4;0;1;0;2;1;1;3;-18,50841392;-39,91590574;"SPRF-ES";"DEL04-ES";"UOP02-DEL04-ES"
499498;2023-01-16;"segunda-feira";"09:35:00";"MG";381;478;"CONTAGEM";"Ausência de reação do condutor";"Colisão traseira";"Com Vítimas Feridas";"Pleno dia";"Decrescente";"Céu Claro";"Múltipla";"Não Informado";"Sim";2;0;1;0;1;0;1;2;-19,95826094;-44,05921101;"SPRF-MG";"DEL01-MG";"UOP03-DEL01-MG"
499499;2023-01-16;"segunda-feira";"08:30:00";"DF";60;4,7;"BRASILIA";"Ausência de reação do condutor";"Saída de leito carroçável";"Com Vítimas Feridas";"Pleno dia";"Crescente";"Céu Claro";"Dupla";"Reta";"Sim";1;0;1;0;0;0;1;1;-15,894881;-48,102228;"SPRF-DF";"DEL01-DF";"UOP02-DEL01-DF"
499500;2023-01-16;"segunda-feira";"08:00:00";"CE";116;17;"EUSEBIO";"Condutor deixou de manter distância do veículo da frente";"Queda de ocupante de veículo";"Com Vítimas Feridas";"Pleno dia";"Decrescente";"Chuva";"Múltipla";"Reta";"Sim";2;0;1;0;1;0;1;2;-3,89617918;-38,50336042;"SPRF-CE";"DEL01-CE";"UOP02-DEL01-CE"
499501;2023-01-16;"segunda-feira";"07:15:00";"PB";104;89;"REMIGIO";"Condutor deixou de manter distância do veículo da frente";"Colisão traseira";"Com Vítimas Feridas";"Pleno dia";"Decrescente";"Céu Claro";"Simples";"Reta";"Não";2;0;2;0;0;0;2;2;-6,971692;-35,802746;"SPRF-PB";"DEL02-PB";"UOP04-DEL02-PB"
499503;2023-01-16;"segunda-feira";"08:28:00";"BA";324;523,1;"FEIRA DE SANTANA";"Frear bruscamente";"Colisão traseira";"Com Vítimas Feridas";"Pleno dia";"Decrescente";"Sol";"Dupla";"Não Informado";"Não";3;0;2;0;1;0;2;2;-12,29007099;-38,91206799;"SPRF-BA";"DEL01-BA";"UOP03-DEL01-BA"
499504;2023-01-15;"domingo";"03:00:00";"RO";364;713;"PORTO VELHO";"Reação tardia ou ineficiente do condutor";"Colisão lateral mesmo sentido";"Com Vítimas Feridas";"Plena Noite";"Decrescente";"Nublado";"Múltipla";"Não Informado";"Sim";3;0;1;0;2;0;1;2;-8,77205734;-63,88223648;"SPRF-RO";"DEL01-RO";"UOP01-DEL01-RO"
499505;2023-01-16;"segunda-feira";"08:45:00";"PR";277;724;"FOZ DO IGUACU";"Transitar na contramão";"Colisão frontal";"Com Vítimas Feridas";"Pleno dia";"Decrescente";"Céu Claro";"Dupla";"Reta";"Sim";3;0;3;0;0;0;3;2;-25,50257577;-54,53868311;"SPRF-PR";"DEL05-PR";"UOP03-DEL05-PR"
499506;2023-01-16;"segunda-feira";"09:50:00";"BA";116;355,1;"SERRINHA";"Demais falhas mecânicas ou elétricas";"Saída de leito carroçável";"Com Vítimas Feridas";"Pleno dia";"Crescente";"Sol";"Simples";"Reta";"Sim";3;0;3;0;0;0;3;1;-11,650703;-38,991596;"SPRF-BA";"DEL02-BA";"UOP01-DEL02-BA"
499507;2023-01-16;"segunda-feira";"10:00:00";"BA";324;561;"SAO SEBASTIAO DO PASSE";"Manobra de mudança de faixa";"Tombamento";"Com Vítimas Feridas";"Pleno dia";"Crescente";"Nublado";"Dupla";"Reta";"Não";1;0;1;0;0;0;1;1;-12,51;-38,631;"SPRF-BA";"DEL01-BA";"UOP01-DEL01-BA"
499509;2023-01-16;"segunda-feira";"10:45:00";"GO";40;105,3;"CRISTALINA";"Condutor Dormindo";"Saída de leito carroçável";"Com Vítimas Feridas";"Pleno dia";"Decrescente";"Céu Claro";"Simples";"Reta";"Não";4;0;3;0;1;0;3;1;-16,822591;-47,551275;"SPRF-DF";"DEL01-DF";"UOP04-DEL01-DF"
499513;2023-01-16;"segunda-feira";"09:15:00";"GO";20;173,7;"ALVORADA DO NORTE";"Animais na Pista";"Colisão traseira";"Com Vítimas Feridas";"Pleno dia";"Crescente";"Céu Claro";"Simples";"Reta";"Não";8;0;2;0;6;0;2;3;-14,526411;-46,534149;"SPRF-DF";"DEL02-DF";"UOP03-DEL02-DF"
499516;2023-01-16;"segunda-feira";"10:45:00";"AL";101;235;"OLHO DAGUA GRANDE";"Acumulo de água sobre o pavimento";"Capotamento";"Com Vítimas Feridas";"Pleno dia";"Crescente";"Chuva";"Dupla";"Curva";"Não";3;0;3;0;0;0;3;1;-10,11732075;-36,77563499;"SPRF-AL";"DEL02-AL";"UOP02-DEL02-AL"
499517;2023-01-16;"segunda-feira";"11:20:00";"PR";277;586,1;"CASCAVEL";"Desrespeitar a preferência no cruzamento";"Colisão transversal";"Com Vítimas Feridas";"Pleno dia";"Decrescente";"Céu Claro";"Simples";"Reta";"Não";3;0;0;1;2;0;1;2;-24,9649472;-53,4210459;"SPRF-PR";"DEL04-PR";"UOP01-DEL04-PR"
499518;2023-01-16;"segunda-feira";"11:40:00";"RS";290;92;"PORTO ALEGRE";"Acessar a via sem observar a presença dos outros veículos";"Colisão traseira";"Com Vítimas Feridas";"Pleno dia";"Decrescente";"Céu Claro";"Múltipla";"Reta";"Não";5;0;1;0;4;0;1;2;-29,97131881;-51,18213422;"SPRF-RS";"DEL01-RS";"UOP01-DEL01-RS"
499519;2023-01-16;"segunda-feira";"12:00:00";"DF";80;10;"BRASILIA";"Carga excessiva e/ou mal acondicionada";"Colisão com objeto";"Sem Vítimas";"Pleno dia";"Decrescente";"Céu Claro";"Simples";"Reta";"Não";2;0;0;0;1;1;0;2;-15,787066;-48,140709;"SPRF-DF";"DEL01-DF";"UOP03-DEL01-DF"
499521;2023-01-16;"segunda-feira";"11:45:00";"AL";101;235;"OLHO DAGUA GRANDE";"Condutor deixou de manter distância do veículo da frente";"Colisão traseira";"Com Vítimas Feridas";"Pleno dia";"Crescente";"Chuva";"Dupla";"Não Informado";"Não";4;0;2;0;2;0;2;2;-10,11732075;-36,77563499;"SPRF-AL";"DEL02-AL";"UOP02-DEL02-AL"
499522;2023-01-16;"segunda-feira";"10:50:00";"MS";359;528;"LADARIO";"Velocidade Incompatível";"Colisão frontal";"Com Vítimas Feridas";"Pleno dia";"Crescente";"Nublado";"Simples";"Curva";"Não";5;0;1;1;0;3;2;2;-19,05758201;-57,61613004;"SPRF-MS";"DEL03-MS";"UOP03-DEL03-MS"
499523;2023-01-16;"segunda-feira";"11:30:00";"SC";470;96,1;"APIUNA";"Acessar a via sem observar a presença dos outros veículos";"Colisão transversal";"Com Vítimas Feridas";"Pleno dia";"Decrescente";"Céu Claro";"Simples";"Curva";"Sim";2;0;0;2;0;0;2;2;-27,020767;-49,371342;"SPRF-SC";"DEL04-SC";"UOP01-DEL04-SC"
499527;2023-01-16;"segunda-feira";"12:00:00";"RS";470;206;"BENTO GONCALVES";"Ausência de reação do condutor";"Saída de leito carroçável";"Sem Vítimas";"Pleno dia";"Decrescente";"Céu Claro";"Simples";"Curva";"Sim";1;0;0;0;0;1;0;1;-29,08977;-51,556176;"SPRF-RS";"DEL06-RS";"UOP01-DEL06-RS"
499529;2023-01-14;"sábado";"23:30:00";"SC";282;542,2;"CHAPECO";"Velocidade Incompatível";"Colisão lateral sentido oposto";"Sem Vítimas";"Plena Noite";"Crescente";"Garoa/Chuvisco";"Simples";"Curva";"Não";2;0;0;0;2;0;0;2;-27,001301;-52,707569;"SPRF-SC";"DEL07-SC";"UOP01-DEL07-SC"
499530;2023-01-16;"segunda-feira";"13:00:00";"SC";101;209,6;"SAO JOSE";"Condutor deixou de manter distância do veículo da frente";"Engavetamento";"Sem Vítimas";"Pleno dia";"Decrescente";"Céu Claro";"Múltipla";"Reta";"Sim";4;0;0;0;4;0;0;4;-27,61000542;-48,63895057;"SPRF-SC";"DEL01-SC";"UOP01-DEL01-SC"
499531;2023-01-16;"segunda-feira";"13:20:00";"RJ";356;50,9;"ITAPERUNA";"Ausência de reação do condutor";"Colisão traseira";"Sem Vítimas";"Pleno dia";"Decrescente";"Céu Claro";"Simples";"Não Informado";"Não";5;0;0;0;5;0;0;2;-21,2573533;-41,77513029;"SPRF-RJ";"DEL08-RJ";"UOP03-DEL08-RJ"
499532;2023-01-16;"segunda-feira";"09:35:00";"PE";232;409,9;"SERRA TALHADA";"Acesso irregular";"Colisão transversal";"Sem Vítimas";"Pleno dia";"Decrescente";"Céu Claro";"Simples";"Interseção de vias";"Sim";2;0;0;0;2;0;0;2;-7,981944;-38,289467;"SPRF-PE";"DEL04-PE";"UOP01-DEL04-PE"
499534;2023-01-16;"segunda-feira";"12:40:00";"RJ";101;430;"MANGARATIBA";"Condutor deixou de manter distância do veículo da frente";"Colisão traseira";"Com Vítimas Feridas";"Pleno dia";"Decrescente";"Céu Claro";"Simples";"Curva";"Não";2;0;1;0;1;0;1;2;-22,93710123;-44,01083798;"SPRF-RJ";"DEL03-RJ";"UOP01-DEL03-RJ"
499535;2023-01-16;"segunda-feira";"10:40:00";"RN";304;237;"RIACHUELO";"Ausência de reação do condutor";"Tombamento";"Com Vítimas Feridas";"Pleno dia";"Crescente";"Sol";"Simples";"Reta";"Não";2;0;2;0;0;0;2;1;-5,77900576;-35,85274458;"SPRF-RN";"DEL01-RN";"UOP02-DEL01-RN"
499536;2023-01-16;"segunda-feira";"14:10:00";"MG";146;490,5;"POCOS DE CALDAS";"Falta de acostamento";"Saída de leito carroçável";"Com Vítimas Feridas";"Pleno dia";"Decrescente";"Céu Claro";"Simples";"Não Informado";"Não";1;0;1;0;0;0;1;1;-21,80784875;-46,47687793;"SPRF-MG";"DEL09-MG";"UOP01-DEL09-MG"
499537;2023-01-04;"quarta-feira";"12:30:00";"GO";20;1,2;"FORMOSA";"Reação tardia ou ineficiente do condutor";"Colisão transversal";"Sem Vítimas";"Pleno dia";"Decrescente";"Céu Claro";"Simples";"Reta";"Não";3;0;0;0;3;0;0;2;-15,578395;-47,332596;"SPRF-DF";"DEL02-DF";"UOP02-DEL02-DF"
499539;2023-01-16;"segunda-feira";"13:33:00";"RS";287;249;"SANTA MARIA";"Desrespeitar a preferência no cruzamento";"Colisão transversal";"Com Vítimas Feridas";"Pleno dia";"Crescente";"Sol";"Simples";"Não Informado";"Sim";3;0;0;1;1;1;1;2;-29,69465146;-53,85834932;"SPRF-RS";"DEL09-RS";"UOP01-DEL09-RS"
499541;2023-01-16;"segunda-feira";"13:00:00";"MG";50;176,5;"UBERABA";"Obras na pista";"Queda de ocupante de veículo";"Com Vítimas Feridas";"Pleno dia";"Crescente";"Nublado";"Dupla";"Reta";"Sim";2;0;2;0;0;0;2;1;-19,77916235;-47,95398116;"SPRF-MG";"DEL13-MG";"UOP01-DEL13-MG"
499542;2023-01-03;"terça-feira";"16:50:00";"PR";277;451,4;"LARANJEIRAS DO SUL";"Desrespeitar a preferência no cruzamento";"Colisão transversal";"Com Vítimas Feridas";"Pleno dia";"Decrescente";"Nublado";"Simples";"Não Informado";"Não";2;0;0;1;1;0;1;2;-25,36888683;-52,3599691;"SPRF-PR";"DEL04-PR";"UOP02-DEL04-PR"