"id";"data_inversa";"dia_semana";"horario";"uf";"br";"km";"municipio";"causa_acidente";"tipo_acidente";"classificacao_acidente";"fase_dia";"sentido_via";"condicao_metereologica";"tipo_pista";"tracado_via";"uso_solo";"pessoas";"mortos";"feridos_leves";"feridos_graves";"ilesos";"ignorados";"feridos";"veiculos";"latitude";"longitude";"regional";"delegacia";"uop"
499684;2023-01-17;"terça-feira";"08:50:00";"RJ";116;186;"NOVA IGUACU";"Ausência de reação do condutor";"Colisão lateral mesmo sentido";"Com Vítimas Feridas";"Pleno dia";"Decrescente";"Céu Claro";"Dupla";"Reta";"Sim";2;0;1;0;0;1;1;2;-22,73962339;-43,46276495;"SPRF-RJ";"DEL01-RJ";"UOP02-DEL01-RJ"
499686;2023-01-14;"sábado";"14:00:00";"SC";470;8;"NAVEGANTES";"Ingestão de álcool pelo condutor";"Colisão lateral sentido oposto";"Com Vítimas Feridas";"Pleno dia";"Decrescente";"Céu Claro";"Simples";"Não Informado";"Não";5;0;2;0;3;0;2;2;-26,84026946;-48,7167263;"SPRF-SC";"DEL04-SC";"UOP04-DEL04-SC"
499688;2023-01-17;"terça-feira";"08:46:00";"PE";408;104;"JABOATAO DOS GUARARAPES";"Reação tardia ou ineficiente do condutor";"Engavetamento";"Sem Vítimas";"Pleno dia";"Crescente";"Céu Claro";"Dupla";"Reta";"Sim";2;0;0;0;2;0;0;2;-8,064443;-34,99006;"SPRF-PE";"DEL01-PE";"UOP01-DEL01-PE"
499692;2023-01-05;"quinta-feira";"17:30:00";"CE";20;136,8;"TAUA";"Demais falhas na via";"Colisão traseira";"Com Vítimas Feridas";"Pleno dia";"Crescente";"Céu Claro";"Simples";"Reta";"Não";3;0;2;0;1;0;2;2;-5,59110308;-40,09534887;"SPRF-CE";"DEL02-CE";"UOP02-DEL02-CE"
499693;2023-01-17;"terça-feira";"10:00:00";"MG";262;484;"BETIM";"Reação tardia ou ineficiente do condutor";"Engavetamento";"Sem Vítimas";"Pleno dia";"Crescente";"Sol";"Múltipla";"Não Informado";"Sim";6;0;0;0;6;0;0;4;-19,9579361;-44,0914259;"SPRF-MG";"DEL08-MG";"UOP03-DEL08-MG"
499695;2023-01-17;"terça-feira";"07:27:00";"ES";393;0,5;"CACHOEIRO DE ITAPEMIRIM";"Acessar a via sem observar a presença dos outros veículos";"Colisão transversal";"Com Vítimas Feridas";"Pleno dia";"Crescente";"Céu Claro";"Simples";"Não Informado";"Sim";3;0;3;0;0;0;3;2;-20,841324;-41,15929;"SPRF-ES";"DEL03-ES";"UOP02-DEL03-ES"
499697;2023-01-14;"sábado";"00:20:00";"RJ";116;182;"NOVA IGUACU";"Demais falhas mecânicas ou elétricas";"Incêndio";"Sem Vítimas";"Plena Noite";"Crescente";"Céu Claro";"Dupla";"Reta";"Não";1;0;0;0;1;0;0;1;-22,7567755;-43,43107234;"SPRF-RJ";"DEL01-RJ";"UOP02-DEL01-RJ"
499701;2023-01-17;"terça-feira";"10:30:00";"RN";304;47,8;"MOSSORO";"Acessar a via sem observar a presença dos outros veículos";"Colisão traseira";"Com Vítimas Feridas";"Pleno dia";"Decrescente";"Céu Claro";"Dupla";"Reta";"Sim";2;0;1;0;1;0;1;2;-5,22597224;-37,33086797;"SPRF-RN";"DEL04-RN";"UOP01-DEL04-RN"
499702;2023-01-17;"terça-feira";"05:30:00";"MT";163;1005;"TERRA NOVA DO NORTE";"Animais na Pista";"Atropelamento de Animal";"Com Vítimas Feridas";"Amanhecer";"Decrescente";"Céu Claro";"Simples";"Reta";"Não";1;0;0;1;0;0;1;1;-10,57934799;-55,09216633;"SPRF-MT";"DEL06-MT";"UOP03-DEL06-MT"
499704;2023-01-15;"domingo";"11:45:00";"RJ";116;229,9;"PIRAI";"Ausência de reação do condutor";"Queda de ocupante de veículo";"Com Vítimas Feridas";"Pleno dia";"Decrescente";"Céu Claro";"Simples";"Curva";"Não";1;0;1;0;0;0;1;1;-22,65646622;-43,82206692;"SPRF-RJ";"DEL07-RJ";"UOP01-DEL07-RJ"
499708;2023-01-17;"terça-feira";"07:30:00";"BA";30;1;"BRUMADO";"Condutor deixou de manter distância do veículo da frente";"Colisão frontal";"Com Vítimas Feridas";"Pleno dia";"Crescente";"Céu Claro";"Simples";"Reta";"Não";14;0;5;0;9;0;5;4;-14,227962;-41,703894;"SPRF-BA";"DEL08-BA";"UOP01-DEL08-BA"
499715;2023-01-17;"terça-feira";"13:15:00";"CE";116;505;"BREJO SANTO";"Condutor deixou de manter distância do veículo da frente";"Colisão traseira";"Com Vítimas Feridas";"Pleno dia";"Decrescente";"Céu Claro";"Simples";"Reta";"Sim";3;0;2;0;1;0;2;2;-7,48840721;-38,98392298;"SPRF-CE";"DEL05-CE";"UOP03-DEL05-CE"
499718;2023-01-17;"terça-feira";"13:00:00";"BA";324;616;"SALVADOR";"Demais falhas mecânicas ou elétricas";"Incêndio";"Sem Vítimas";"Pleno dia";"Decrescente";"Céu Claro";"Múltipla";"Reta";"Sim";1;0;0;0;1;0;0;1;-12,87957905;-38,43213893;"SPRF-BA";"DEL01-BA";"UOP01-DEL01-BA"
499719;2023-01-17;"terça-feira";"12:45:00";"SC";470;59;"BLUMENAU";"Demais falhas na via";"Saída de leito carroçável";"Sem Vítimas";"Pleno dia";"Crescente";"Céu Claro";"Simples";"Reta";"Sim";1;0;0;0;1;0;0;1;-26,882812;-49,1548;"SPRF-SC";"DEL04-SC";"UOP01-DEL04-SC"
499723;2023-01-17;"terça-feira";"12:30:00";"PE";101;68;"RECIFE";"Pista Escorregadia";"Colisão traseira";"Com Vítimas Feridas";"Pleno dia";"Decrescente";"Chuva";"Dupla";"Não Informado";"Sim";3;0;2;0;1;0;2;2;-8,05074296;-34,94580619;"SPRF-PE";"DEL01-PE";"UOP01-DEL01-PE"
499726;2023-01-17;"terça-feira";"08:45:00";"RJ";101;325;"NITEROI";"Ausência de reação do condutor";"Queda de ocupante de veículo";"Com Vítimas Feridas";"Pleno dia";"Crescente";"Céu Claro";"Dupla";"Reta";"Não";1;0;1;0;0;0;1;1;-22,87292569;-43,13625699;"SPRF-RJ";"DEL02-RJ";"UOP01-DEL02-RJ"
499727;2023-01-17;"terça-feira";"13:19:00";"MA";316;552;"CAXIAS";"Demais falhas mecânicas ou elétricas";"Incêndio";"Sem Vítimas";"Pleno dia";"Decrescente";"Céu Claro";"Dupla";"Reta";"Sim";5;0;0;0;5;0;0;1;-4,882649;-43,345581;"SPRF-MA";"DEL03-MA";"UOP02-DEL03-MA"
499728;2023-01-17;"terça-feira";"10:00:00";"SC";101;412,5;"ARARANGUA";"Reação tardia ou ineficiente do condutor";"Colisão traseira";"Sem Vítimas";"Pleno dia";"Decrescente";"Nublado";"Simples";"Rotatória";"Sim";2;0;0;0;2;0;0;2;-28,9584525;-49,51439917;"SPRF-SC";"DEL02-SC";"UOP02-DEL02-SC"
499729;2023-01-02;"segunda-feira";"09:30:00";"PA";163;567,6;"TRAIRAO";"Velocidade Incompatível";"Queda de ocupante de veículo";"Com Vítimas Feridas";"Pleno dia";"Crescente";"Ignorado";"Simples";"Reta";"Não";2;0;1;0;1;0;1;1;-5,069905;-56,15662;"SPRF-PA";"DEL05-PA";"UOP01-DEL05-PA"
499730;2023-01-17;"terça-feira";"14:00:00";"RR";401;1;"BOA VISTA";"Manobra de mudança de faixa";"Colisão lateral mesmo sentido";"Com Vítimas Feridas";"Pleno dia";"Crescente";"Céu Claro";"Dupla";"Interseção de vias";"Sim";2;0;1;0;1;0;1;2;2,80229396;-60,68243402;"SPRF-RR";"N/A";"UOP01-DEL01-RR"
499731;2023-01-17;"terça-feira";"08:45:00";"MG";262;454,8;"NOVA SERRANA";"Reação tardia ou ineficiente do condutor";"Tombamento";"Com Vítimas Feridas";"Pleno dia";"Decrescente";"Céu Claro";"Simples";"Não Informado";"Não";1;0;1;0;0;0;1;1;-19,85274128;-45,02424211;"SPRF-MG";"DEL08-MG";"UOP03-DEL08-MG"
499732;2023-01-17;"terça-feira";"15:10:00";"MG";40;43,4;"PARACATU";"Reação tardia ou ineficiente do condutor";"Colisão transversal";"Com Vítimas Feridas";"Pleno dia";"Crescente";"Céu Claro";"Simples";"Não Informado";"Não";2;0;1;0;1;0;1;2;-17,22598002;-46,86163701;"SPRF-MG";"DEL14-MG";"UOP01-DEL14-MG"
499733;2023-01-17;"terça-feira";"13:51:00";"PE";316;66,5;"TRINDADE";"Animais na Pista";"Atropelamento de Animal";"Com Vítimas Feridas";"Pleno dia";"Crescente";"Sol";"Simples";"Não Informado";"Não";1;0;0;1;0;0;1;1;-7,796262;-40,199708;"SPRF-PE";"DEL05-PE";"UOP02-DEL05-PE"
499734;2023-01-17;"terça-feira";"12:40:00";"RJ";101;325;"NITEROI";"Reação tardia ou ineficiente do condutor";"Tombamento";"Com Vítimas Feridas";"Pleno dia";"Decrescente";"Céu Claro";"Dupla";"Não Informado";"Sim";2;0;2;0;0;0;2;2;-22,87292569;-43,13625699;"SPRF-RJ";"DEL02-RJ";"UOP01-DEL02-RJ"
499737;2023-01-17;"terça-feira";"14:35:00";"BA";324;543;"AMELIA RODRIGUES";"Ultrapassagem Indevida";"Colisão traseira";"Sem Vítimas";"Pleno dia";"Crescente";"Nublado";"Dupla";"Reta";"Sim";3;0;0;0;1;2;0;2;-12,39713005;-38,76807002;"SPRF-BA";"DEL01-BA";"UOP03-DEL01-BA"
499738;2023-01-17;"terça-feira";"14:40:00";"MT";163;807,4;"SINOP";"Ultrapassagem Indevida";"Saída de leito carroçável";"Com Vítimas Feridas";"Pleno dia";"Decrescente";"Sol";"Simples";"Reta";"Não";1;0;1;0;0;0;1;1;-12,10812328;-55,51715495;"SPRF-MT";"DEL06-MT";"UOP02-DEL06-MT"
499740;2023-01-17;"terça-feira";"15:38:00";"PR";116;209;"RIO NEGRO";"Objeto estático sobre o leito carroçável";"Colisão com objeto";"Com Vítimas Feridas";"Pleno dia";"Decrescente";"Nublado";"Simples";"Curva";"Sim";1;0;1;0;0;0;1;1;-26,07620916;-49,75230908;"SPRF-SC";"DEL06-SC";"UOP01-DEL06-SC"
499741;2023-01-17;"terça-feira";"15:50:00";"GO";60;384;"RIO VERDE";"Reação tardia ou ineficiente do condutor";"Colisão traseira";"Sem Vítimas";"Pleno dia";"Crescente";"Céu Claro";"Dupla";"Reta";"Sim";6;0;0;0;6;0;0;2;-17,7906;-50,9071;"SPRF-GO";"DEL04-GO";"UOP02-DEL04-GO"
499744;2023-01-17;"terça-feira";"13:00:00";"BA";324;407;"NOVA FATIMA";"Transitar na contramão";"Colisão frontal";"Com Vítimas Feridas";"Pleno dia";"Crescente";"Céu Claro";"Simples";"Reta";"Não";2;0;2;0;0;0;2;2;-11,62418733;-39,61203931;"SPRF-BA";"DEL04-BA";"UOP02-DEL04-BA"
499746;2023-01-17;"terça-feira";"16:00:00";"BA";242;572;"IBOTIRAMA";"Chuva";"Saída de leito carroçável";"Com Vítimas Feridas";"Pleno dia";"Crescente";"Chuva";"Simples";"Curva";"Não";1;0;1;0;0;0;1;1;-12,08823902;-43,15744579;"SPRF-BA";"DEL10-BA";"UOP02-DEL10-BA"
499750;2023-01-17;"terça-feira";"13:30:00";"SP";101;47;"UBATUBA";"Reação tardia ou ineficiente do condutor";"Queda de ocupante de veículo";"Com Vítimas Feridas";"Pleno dia";"Decrescente";"Céu Claro";"Simples";"Rotatória";"Sim";1;0;1;0;0;0;1;1;-23,429897;-45,082436;"SPRF-SP";"DEL06-SP";"UOP01-DEL06-SP"
499751;2023-01-17;"terça-feira";"17:15:00";"PE";101;74;"RECIFE";"Ausência de reação do condutor";"Colisão traseira";"Com Vítimas Feridas";"Pleno dia";"Crescente";"Céu Claro";"Dupla";"Reta";"Sim";4;0;2;0;2;0;2;2;-8,10146485;-34,94901577;"SPRF-PE";"DEL01-PE";"UOP01-DEL01-PE"
499752;2023-01-17;"terça-feira";"17:20:00";"ES";393;7,8;"CACHOEIRO DE ITAPEMIRIM";"Ausência de reação do condutor";"Colisão frontal";"Com Vítimas Feridas";"Pleno dia";"Crescente";"Céu Claro";"Simples";"Reta";"Não";8;0;6;1;1;0;7;2;-20,83131413;-41,22312386;"SPRF-ES";"DEL03-ES";"UOP02-DEL03-ES"
499754;2023-01-17;"terça-feira";"17:15:00";"PE";101;58;"RECIFE";"Pista Escorregadia";"Tombamento";"Com Vítimas Feridas";"Pleno dia";"Decrescente";"Chuva";"Dupla";"Reta";"Não";1;0;0;1;0;0;1;1;-7,97063209;-34,92064675;"SPRF-PE";"DEL01-PE";"UOP02-DEL01-PE"
499755;2023-01-17;"terça-feira";"15:50:00";"RJ";116;309;"RESENDE";"Desrespeitar a preferência no cruzamento";"Colisão transversal";"Com Vítimas Feridas";"Pleno dia";"Crescente";"Céu Claro";"Dupla";"Reta";"Sim";2;0;0;1;0;1;1;2;-22,45824255;-44,42765951;"SPRF-RJ";"DEL07-RJ";"UOP02-DEL07-RJ"
499757;2023-01-17;"terça-feira";"17:00:00";"PR";369;148,8;"LONDRINA";"Entrada inopinada do pedestre";"Atropelamento de Pedestre";"Com Vítimas Feridas";"Pleno dia";"Decrescente";"Céu Claro";"Dupla";"Não Informado";"Sim";2;0;1;1;0;0;2;1;-23,293365;-51,147125;"SPRF-PR";"DEL07-PR";"UOP01-DEL07-PR"
499758;2023-01-17;"terça-feira";"14:40:00";"MG";262;30,3;"REDUTO";"Transitar na contramão";"Colisão frontal";"Com Vítimas Feridas";"Pleno dia";"Decrescente";"Céu Claro";"Simples";"Não Informado";"Não";2;0;1;0;0;1;1;2;-20,25053259;-41,98730227;"SPRF-MG";"DEL06-MG";"UOP03-DEL06-MG"
499760;2023-01-17;"terça-feira";"16:45:00";"PR";116;39,3;"CAMPINA GRANDE DO SUL";"Ausência de reação do condutor";"Capotamento";"Com Vítimas Feridas";"Pleno dia";"Crescente";"Garoa/Chuvisco";"Dupla";"Curva";"Não";3;0;2;0;1;0;2;1;-25,156168;-48,8613401;"SPRF-PR";"DEL01-PR";"UOP02-DEL01-PR"
499762;2023-01-17;"terça-feira";"17:30:00";"SC";101;193;"BIGUACU";"Velocidade Incompatível";"Colisão transversal";"Com Vítimas Feridas";"Pleno dia";"Decrescente";"Nublado";"Múltipla";"Interseção de vias";"Sim";2;0;0;1;1;0;1;2;-27,489574;-48,655914;"SPRF-SC";"DEL01-SC";"UOP01-DEL01-SC"
499763;2023-01-17;"terça-feira";"16:40:00";"CE";222;132;"ITAPAJE";"Mal súbito do condutor";"Saída de leito carroçável";"Com Vítimas Feridas";"Pleno dia";"Crescente";"Céu Claro";"Simples";"Curva";"Não";3;0;3;0;0;0;3;1;-3,72379272;-39,64384954;"SPRF-CE";"DEL04-CE";"UOP03-DEL04-CE"
499764;2023-01-17;"terça-feira";"15:40:00";"SC";280;237,5;"CANOINHAS";"Velocidade Incompatível";"Saída de leito carroçável";"Com Vítimas Feridas";"Pleno dia";"Decrescente";"Nublado";"Simples";"Curva";"Não";1;0;1;0;0;0;1;1;-26,20007512;-50,43278217;"SPRF-SC";"DEL06-SC";"UOP04-DEL06-SC"
499765;2023-01-17;"terça-feira";"18:05:00";"SP";116;112,1;"TAUBATE";"Acessar a via sem observar a presença dos outros veículos";"Colisão transversal";"Com Vítimas Feridas";"Anoitecer";"Crescente";"Nublado";"Dupla";"Reta";"Sim";2;0;1;1;0;0;2;2;-23,04159343;-45,57065616;"SPRF-SP";"DEL02-SP";"UOP02-DEL02-SP"
499767;2023-01-17;"terça-feira";"17:10:00";"PI";230;304,6;"FLORIANO";"Reação tardia ou ineficiente do condutor";"Saída de leito carroçável";"Com Vítimas Feridas";"Pleno dia";"Crescente";"Céu Claro";"Simples";"Reta";"Não";1;0;1;0;0;0;1;1;-6,801861;-42,970663;"SPRF-PI";"DEL03-PI";"UOP01-DEL03-PI"
499768;2023-01-17;"terça-feira";"17:33:00";"RN";101;73;"SAO GONCALO DO AMARANTE";"Acessar a via sem observar a presença dos outros veículos";"Colisão transversal";"Com Vítimas Feridas";"Anoitecer";"Crescente";"Chuva";"Simples";"Não Informado";"Não";2;0;1;0;1;0;1;2;-5,70472907;-35,26598454;"SPRF-RN";"DEL02-RN";"UOP01-DEL02-RN"
499770;2023-01-17;"terça-feira";"11:15:00";"SC";480;129,2;"CHAPECO";"Pedestre cruzava a pista fora da faixa";"Atropelamento de Pedestre";"Com Vítimas Feridas";"Pleno dia";"Decrescente";"Nublado";"Simples";"Reta";"Sim";2;0;0;1;1;0;1;1;-27,04656607;-52,63577131;"SPRF-SC";"DEL07-SC";"UOP01-DEL07-SC"
499771;2023-01-17;"terça-feira";"18:04:00";"PR";116;210,9;"RIO NEGRO";"Desrespeitar a preferência no cruzamento";"Colisão transversal";"Com Vítimas Feridas";"Anoitecer";"Crescente";"Chuva";"Simples";"Não Informado";"Sim";2;0;0;1;1;0;1;2;-26,07479435;-49,76117178;"SPRF-SC";"DEL06-SC";"UOP01-DEL06-SC"
499773;2023-01-17;"terça-feira";"18:20:00";"BA";20;17,5;"CORRENTINA";"Condutor deixou de manter distância do veículo da frente";"Colisão traseira";"Com Vítimas Feridas";"Anoitecer";"Crescente";"Céu Claro";"Simples";"Reta";"Não";3;0;1;0;2;0;1;3;-13,80084504;-46,16442204;"SPRF-BA";"DEL10-BA";"UOP01-DEL10-BA"
499774;2023-01-17;"terça-feira";"18:10:00";"RS";470;165,5;"VILA FLORES";"Reação tardia ou ineficiente do condutor";"Saída de leito carroçável";"Com Vítimas Feridas";"Pleno dia";"Crescente";"Garoa/Chuvisco";"Simples";"Não Informado";"Não";1;0;1;0;0;0;1;1;-28,848196;-51,57012463;"SPRF-RS";"DEL06-RS";"UOP02-DEL06-RS"
499775;2023-01-17;"terça-feira";"17:40:00";"PR";376;624;"SAO JOSE DOS PINHAIS";"Avarias e/ou desgaste excessivo no pneu";"Queda de ocupante de veículo";"Com Vítimas Feridas";"Pleno dia";"Crescente";"Garoa/Chuvisco";"Dupla";"Reta";"Não";1;0;1;0;0;0;1;1;-25,64336599;-49,15942795;"SPRF-PR";"DEL01-PR";"UOP04-DEL01-PR"
499776;2023-01-17;"terça-feira";"17:40:00";"SP";116;26,5;"SILVEIRAS";"Reação tardia ou ineficiente do condutor";"Colisão com objeto";"Com Vítimas Feridas";"Pleno dia";"Crescente";"Chuva";"Dupla";"Reta";"Não";1;0;1;0;0;0;1;1;-22,61419397;-44,90005302;"SPRF-SP";"DEL08-SP";"UOP02-DEL08-SP"
499777;2023-01-17;"terça-feira";"18:13:00";"RO";364;236,5;"CACOAL";"Acessar a via sem observar a presença dos outros veículos";"Colisão transversal";"Com Vítimas Feridas";"Anoitecer";"Crescente";"Chuva";"Simples";"Interseção de vias";"Sim";2;0;0;1;1;0;1;2;-11,44587672;-61,43784993;"SPRF-RO";"DEL02-RO";"UOP02-DEL02-RO"
499778;2023-01-17;"terça-feira";"17:00:00";"RJ";393;281;"VOLTA REDONDA";"Ausência de reação do condutor";"Colisão traseira";"Sem Vítimas";"Pleno dia";"Decrescente";"Céu Claro";"Simples";"Reta";"Sim";5;0;0;0;5;0;0;3;-22,48025569;-44,02974901;"SPRF-RJ";"DEL05-RJ";"UOP02-DEL05-RJ"
499779;2023-01-17;"terça-feira";"19:05:00";"SC";470;54,1;"BLUMENAU";"Conversão proibida";"Colisão transversal";"Com Vítimas Feridas";"Anoitecer";"Crescente";"Nublado";"Simples";"Curva";"Sim";2;0;1;0;1;0;1;2;-26,871065;-49,110374;"SPRF-SC";"DEL04-SC";"UOP01-DEL04-SC"
499781;2023-01-17;"terça-feira";"15:40:00";"SC";101;281,3;"IMBITUBA";"Ausência de reação do condutor";"Colisão com objeto";"Com Vítimas Feridas";"Pleno dia";"Crescente";"Nublado";"Dupla";"Reta";"Não";2;0;1;0;0;1;1;1;-28,18793595;-48,69652041;"SPRF-SC";"DEL02-SC";"UOP03-DEL02-SC"
499783;2023-01-17;"terça-feira";"19:40:00";"MG";365;753;"ITUIUTABA";"Objeto estático sobre o leito carroçável";"Colisão com objeto";"Com Vítimas Feridas";"Plena Noite";"Crescente";"Nublado";"Dupla";"Curva";"Sim";1;0;1;0;0;0;1;1;-18,947495;-49,45934;"SPRF-MG";"DEL15-MG";"UOP03-DEL15-MG"
499784;2023-01-17;"terça-feira";"09:46:00";"MS";463;111;"PONTA PORA";"Entrada inopinada do pedestre";"Atropelamento de Pedestre";"Com Vítimas Feridas";"Pleno dia";"Crescente";"Céu Claro";"Dupla";"Reta";"Sim";2;0;2;0;0;0;2;1;-22,56456096;-55,69739789;"SPRF-MS";"DEL04-MS";"UOP03-DEL04-MS"
499786;2023-01-17;"terça-feira";"17:20:00";"ES";262;148,8;"IBATIBA";"Chuva";"Colisão lateral sentido oposto";"Com Vítimas Feridas";"Pleno dia";"Crescente";"Chuva";"Simples";"Não Informado";"Não";3;0;2;0;1;0;2;2;-20,21477309;-41,42392501;"SPRF-ES";"DEL01-ES";"UOP02-DEL01-ES"
499787;2023-01-17;"terça-feira";"19:10:00";"MG";116;114,2;"ITAOBIM";"Pedestre cruzava a pista fora da faixa";"Atropelamento de Pedestre";"Com Vítimas Feridas";"Plena Noite";"Decrescente";"Céu Claro";"Simples";"Desvio Temporário";"Sim";2;0;0;1;1;0;1;1;-16,54781518;-41,50243329;"SPRF-MG";"DEL11-MG";"UOP02-DEL11-MG"
499789;2023-01-17;"terça-feira";"19:20:00";"ES";101;60;"SAO MATEUS";"Acessar a via sem observar a presença dos outros veículos";"Colisão transversal";"Sem Vítimas";"Plena Noite";"Decrescente";"Céu Claro";"Simples";"Não Informado";"Não";4;0;0;0;4;0;0;2;-18,67286757;-39,86626189;"SPRF-ES";"DEL04-ES";"UOP02-DEL04-ES"
499790;2023-01-17;"terça-feira";"20:15:00";"RN";110;45,3;"MOSSORO";"Ausência de reação do condutor";"Tombamento";"Com Vítimas Feridas";"Plena Noite";"Crescente";"Chuva";"Simples";"Reta";"Sim";1;0;1;0;0;0;1;1;-5,19257993;-37,31114905;"SPRF-RN";"DEL04-RN";"UOP01-DEL04-RN"
499793;2023-01-17;"terça-feira";"20:10:00";"PI";343;347;"TERESINA";"Acessar a via sem observar a presença dos outros veículos";"Atropelamento de Pedestre";"Com Vítimas Fatais";"Plena Noite";"Decrescente";"Chuva";"Simples";"Reta";"Sim";2;1;0;0;0;1;0;1;-5,114822;-42,778355;"SPRF-PI";"DEL01-PI";"UOP01-DEL01-PI"
499794;2023-01-17;"terça-feira";"20:50:00";"GO";153;506;"APARECIDA DE GOIANIA";"Reação tardia ou ineficiente do condutor";"Colisão com objeto";"Com Vítimas Feridas";"Plena Noite";"Decrescente";"Nublado";"Dupla";"Não Informado";"Sim";1;0;1;0;0;0;1;1;-16,7633;-49,24;"SPRF-GO";"DEL01-GO";"UOP01-DEL01-GO"
499796;2023-01-17;"terça-feira";"21:00:00";"PE";101;53,7;"PAULISTA";"Acessar a via sem observar a presença dos outros veículos";"Atropelamento de Pedestre";"Com Vítimas Feridas";"Plena Noite";"Crescente";"Chuva";"Múltipla";"Reta";"Não";2;0;2;0;0;0;2;1;-7,93124094;-34,90068606;"SPRF-PE";"DEL01-PE";"UOP02-DEL01-PE"
499798;2023-01-17;"terça-feira";"20:55:00";"PE";101;53,7;"PAULISTA";"Condutor deixou de manter distância do veículo da frente";"Colisão traseira";"Com Vítimas Feridas";"Plena Noite";"Crescente";"Chuva";"Múltipla";"Reta";"Não";2;0;1;0;1;0;1;2;-7,93124094;-34,90068606;"SPRF-PE";"DEL01-PE";"UOP02-DEL01-PE"
499799;2023-01-17;"terça-feira";"21:20:00";"RJ";101;316;"SAO GONCALO";"Acumulo de areia ou detritos sobre o pavimento";"Queda de ocupante de veículo";"Com Vítimas Feridas";"Plena Noite";"Crescente";"Céu Claro";"Dupla";"Reta";"Não";2;0;2;0;0;0;2;1;-22,82835879;-43,09208739;"SPRF-RJ";"DEL02-RJ";"UOP02-DEL02-RJ"
499800;2023-01-17;"terça-feira";"21:45:00";"PE";232;81;"GRAVATA";"Ingestão de álcool pelo condutor";"Colisão transversal";"Com Vítimas Feridas";"Plena Noite";"Crescente";"Céu Claro";"Múltipla";"Reta";"Sim";2;0;2;0;0;0;2;2;-8,19697746;-35,57850408;"SPRF-PE";"DEL02-PE";"UOP02-DEL02PE"
499801;2023-01-17;"terça-feira";"20:30:00";"MG";50;72;"UBERLANDIA";"Ingestão de álcool pelo condutor";"Colisão traseira";"Com Vítimas Feridas";"Plena Noite";"Crescente";"Céu Claro";"Dupla";"Não Informado";"Sim";2;0;1;0;1;0;1;2;-18,90293696;-48,23540926;"SPRF-MG";"DEL15-MG";"UOP01-DEL15-MG"
499803;2023-01-05;"quinta-feira";"17:40:00";"MG";262;124;"RIO CASCA";"Pista esburacada";"Colisão traseira";"Com Vítimas Feridas";"Anoitecer";"Decrescente";"Nublado";"Simples";"Reta";"Não";3;0;1;1;1;0;2;2;-20,2011708;-42,67925669;"SPRF-MG";"DEL03-MG";"UOP03-DEL03-MG"
499807;2023-01-17;"terça-feira";"22:20:00";"PR";116;116;"CURITIBA";"Pedestre cruzava a pista fora da faixa";"Atropelamento de Pedestre";"Com Vítimas Feridas";"Plena Noite";"Crescente";"Chuva";"Múltipla";"Reta";"Sim";2;0;2;0;0;0;2;1;-25,54857573;-49,30457532;"SPRF-PR";"DEL01-PR";"UOP03-DEL01-PR"
499808;2023-01-17;"terça-feira";"22:35:00";"SP";116;129,4;"CACAPAVA";"Reação tardia ou ineficiente do condutor";"Colisão traseira";"Com Vítimas Feridas";"Plena Noite";"Decrescente";"Céu Claro";"Dupla";"Reta";"Sim";2;0;1;0;1;0;1;2;-23,11885593;-45,71948203;"SPRF-SP";"DEL02-SP";"UOP02-DEL02-SP"
499809;2023-01-17;"terça-feira";"21:40:00";"SP";116;312;"SAO LOURENCO DA SERRA";"Ausência de reação do condutor";"Colisão traseira";"Sem Vítimas";"Plena Noite";"Crescente";"Céu Claro";"Dupla";"Reta";"Não";2;0;0;0;2;0;0;2;-23,88342825;-46,97368879;"SPRF-SP";"DEL04-SP";"UOP01-DEL04-SP"
499811;2023-01-17;"terça-feira";"22:30:00";"MA";316;420;"PERITORO";"Pedestre andava na pista";"Atropelamento de Pedestre";"Com Vítimas Fatais";"Plena Noite";"Crescente";"Nublado";"Simples";"Reta";"Não";2;1;0;0;0;1;0;1;-4,351473;-44,371437;"SPRF-MA";"DEL03-MA";"UOP01-DEL03-MA"
499814;2023-01-17;"terça-feira";"23:15:00";"MG";262;40,1;"MANHUACU";"Pista esburacada";"Tombamento";"Com Vítimas Feridas";"Plena Noite";"Crescente";"Nublado";"Simples";"Não Informado";"Não";1;0;1;0;0;0;1;1;-20,27334219;-42,04913988;"SPRF-MG";"DEL06-MG";"UOP03-DEL06-MG"
499815;2023-01-17;"terça-feira";"21:30:00";"RS";285;585;"SAO LUIZ GONZAGA";"Ausência de reação do condutor";"Capotamento";"Com Vítimas Feridas";"Plena Noite";"Crescente";"Céu Claro";"Simples";"Reta";"Não";4;0;1;0;3;0;1;1;-28,461426;-55,135197;"SPRF-RS";"DEL12-RS";"UOP01-DEL12-RS"
499816;2023-01-17;"terça-feira";"23:00:00";"SP";116;274;"TABOAO DA SERRA";"Reação tardia ou ineficiente do condutor";"Colisão traseira";"Com Vítimas Feridas";"Plena Noite";"Decrescente";"Céu Claro";"Dupla";"Reta";"Sim";3;0;2;0;1;0;2;2;-23,63445084;-46,82418514;"SPRF-SP";"DEL04-SP";"UOP01-DEL04-SP"