"id";"data_inversa";"dia_semana";"horario";"uf";"br";"km";"municipio";"causa_acidente";"tipo_acidente";"classificacao_acidente";"fase_dia";"sentido_via";"condicao_metereologica";"tipo_pista";"tracado_via";"uso_solo";"pessoas";"mortos";"feridos_leves";"feridos_graves";"ilesos";"ignorados";"feridos";"veiculos";"latitude";"longitude";"regional";"delegacia";"uop"
499958;2023-01-18;"quarta-feira";"17:30:00";"PR";376;162;"MARINGA";"Ausência de reação do condutor";"Saída de leito carroçável";"Sem Vítimas";"Plena Noite";"Crescente";"Céu Claro";"Dupla";"Reta";"Sim";1;0;0;0;0;1;0;1;-23,3690161;-52,06472665;"SPRF-PR";"DEL09-PR";"UOP01-DEL09-PR"
499959;2023-01-18;"quarta-feira";"20:40:00";"PE";101;76,8;"RECIFE";"Animais na Pista";"Atropelamento de Animal";"Com Vítimas Feridas";"Plena Noite";"Crescente";"Céu Claro";"Dupla";"Reta";"Sim";2;0;1;0;1;0;1;1;-8,11813811;-34,94329214;"SPRF-PE";"DEL01-PE";"UOP01-DEL01-PE"
499960;2023-01-18;"quarta-feira";"18:20:00";"PI";343;262;"CAMPO MAIOR";"Animais na Pista";"Atropelamento de Animal";"Com Vítimas Feridas";"Plena Noite";"Decrescente";"Nublado";"Simples";"Reta";"Não";1;0;0;1;0;0;1;1;-4,81704468;-42,15736186;"SPRF-PI";"DEL01-PI";"UOP03-DEL01-PI"
499961;2023-01-18;"quarta-feira";"20:00:00";"PI";343;189;"PIRIPIRI";"Condutor deixou de manter distância do veículo da frente";"Colisão traseira";"Sem Vítimas";"Plena Noite";"Crescente";"Céu Claro";"Simples";"Não Informado";"Sim";2;0;0;0;2;0;0;2;-4,31367;-41,776325;"SPRF-PI";"DEL02-PI";"UOP01-DEL02-PI"
499962;2023-01-18;"quarta-feira";"14:35:00";"BA";101;534;"SAO JOSE DA VITORIA";"Chuva";"Saída de leito carroçável";"Com Vítimas Feridas";"Pleno dia";"Decrescente";"Nublado";"Simples";"Não Informado";"Não";4;0;1;0;3;0;1;1;-15,1537051;-39,40306294;"SPRF-BA";"DEL05-BA";"UOP01-DEL05-BA"
499963;2023-01-10;"terça-feira";"15:00:00";"PA";308;151;"CAPANEMA";"Acessar a via sem observar a presença dos outros veículos";"Colisão transversal";"Com Vítimas Feridas";"Pleno dia";"Decrescente";"Céu Claro";"Simples";"Reta";"Sim";2;0;1;0;0;1;1;2;-1,21064;-47,182743;"SPRF-PA";"DEL01-PA";"UOP03-DEL01-PA"
499967;2023-01-18;"quarta-feira";"19:15:00";"RS";285;569;"SAO LUIZ GONZAGA";"Reação tardia ou ineficiente do condutor";"Atropelamento de Pedestre";"Com Vítimas Feridas";"Plena Noite";"Decrescente";"Céu Claro";"Simples";"Não Informado";"Não";3;0;1;1;0;1;2;1;-28,413052;-54,985699;"SPRF-RS";"DEL12-RS";"UOP01-DEL12-RS"
499968;2023-01-18;"quarta-feira";"21:45:00";"SC";282;0,4;"FLORIANOPOLIS";"Velocidade Incompatível";"Colisão com objeto";"Com Vítimas Feridas";"Pleno dia";"Crescente";"Nublado";"Dupla";"Reta";"Não";1;0;1;0;0;0;1;1;-27,59845;-48,571995;"SPRF-SC";"DEL01-SC";"UOP01-DEL01-SC"
499969;2023-01-18;"quarta-feira";"21:15:00";"PE";232;102;"BEZERROS";"Pista Escorregadia";"Tombamento";"Com Vítimas Fatais";"Plena Noite";"Crescente";"Chuva";"Dupla";"Não Informado";"Sim";2;1;0;0;1;0;0;2;-8,24666583;-35,75747436;"SPRF-PE";"DEL02-PE";"UOP02-DEL02PE"
499971;2023-01-18;"quarta-feira";"22:40:00";"RS";392;626,1;"SETE DE SETEMBRO";"Entrada inopinada do pedestre";"Atropelamento de Pedestre";"Com Vítimas Feridas";"Plena Noite";"Crescente";"Céu Claro";"Simples";"Curva";"Não";2;0;1;0;1;0;1;1;-28,16454801;-54,42094803;"SPRF-RS";"DEL10-RS";"UOP01-DEL10-RS"
499978;2023-01-18;"quarta-feira";"22:10:00";"MS";262;148;"AGUA CLARA";"Pedestre andava na pista";"Atropelamento de Pedestre";"Com Vítimas Fatais";"Plena Noite";"Crescente";"Céu Claro";"Simples";"Reta";"Não";3;1;0;0;2;0;0;1;-20,4561213;-52,9197777;"SPRF-MS";"DEL07-MS";"UOP02-DEL07-MS"
499979;2023-01-18;"quarta-feira";"23:00:00";"MG";381;783;"CAMPANHA";"Demais falhas mecânicas ou elétricas";"Incêndio";"Sem Vítimas";"Plena Noite";"Crescente";"Ignorado";"Dupla";"Reta";"Não";1;0;0;0;1;0;0;1;-21,86536321;-45,53455982;"SPRF-MG";"DEL16-MG";"UOP02-DEL16-MG"
499980;2023-01-18;"quarta-feira";"23:45:00";"SC";101;127;"ITAJAI";"Velocidade Incompatível";"Saída de leito carroçável";"Sem Vítimas";"Plena Noite";"Crescente";"Garoa/Chuvisco";"Dupla";"Curva";"Não";4;0;0;0;4;0;0;1;-26,9639319;-48,68328024;"SPRF-SC";"DEL04-SC";"UOP04-DEL04-SC"
499981;2023-01-18;"quarta-feira";"23:40:00";"MS";262;488,6;"ANASTACIO";"Entrada inopinada do pedestre";"Atropelamento de Pedestre";"Com Vítimas Feridas";"Plena Noite";"Crescente";"Nublado";"Simples";"Reta";"Sim";2;0;0;1;1;0;1;1;-20,50029059;-55,79656096;"SPRF-MS";"DEL03-MS";"UOP01-DEL03-MS"
499982;2023-01-18;"quarta-feira";"23:45:00";"MG";116;497;"INHAPIM";"Ingestão de álcool pelo condutor";"Colisão com objeto";"Sem Vítimas";"Plena Noite";"Crescente";"Céu Claro";"Múltipla";"Não Informado";"Não";2;0;0;0;1;1;0;1;-19,53642905;-42,12651952;"SPRF-MG";"DEL06-MG";"UOP02-DEL06-MG"
499983;2023-01-19;"quinta-feira";"00:10:00";"RO";364;237;"CACOAL";"Pedestre andava na pista";"Atropelamento de Pedestre";"Com Vítimas Feridas";"Plena Noite";"Crescente";"Chuva";"Simples";"Reta";"Sim";3;0;1;1;0;1;2;1;-11,44341056;-61,44672787;"SPRF-RO";"DEL02-RO";"UOP02-DEL02-RO"
499984;2023-01-18;"quarta-feira";"20:40:00";"RR";174;698,4;"PACARAIMA";"Velocidade Incompatível";"Saída de leito carroçável";"Com Vítimas Feridas";"Pleno dia";"Crescente";"Céu Claro";"Simples";"Não Informado";"Não";2;0;1;1;0;0;2;1;4,383141;-61,150589;"SPRF-RR";"N/A";"UOP01-DEL01-RR"
499986;2023-01-19;"quinta-feira";"00:20:00";"SC";101;90,9;"BARRA VELHA";"Condutor deixou de manter distância do veículo da frente";"Colisão traseira";"Com Vítimas Feridas";"Plena Noite";"Crescente";"Garoa/Chuvisco";"Simples";"Reta";"Sim";3;0;0;1;2;0;1;2;-26,66148503;-48,68866176;"SPRF-SC";"DEL03-SC";"UOP02-DEL03-SC"
499987;2023-01-18;"quarta-feira";"17:00:00";"PI";135;594;"CORRENTE";"Acessar a via sem observar a presença dos outros veículos";"Colisão transversal";"Com Vítimas Feridas";"Pleno dia";"Crescente";"Céu Claro";"Dupla";"Não Informado";"Sim";4;0;1;1;2;0;2;2;-10,435862;-45,172675;"SPRF-PI";"DEL03-PI";"UOP02-DEL03-PI"
499988;2023-01-19;"quinta-feira";"02:10:00";"SC";101;209;"SAO JOSE";"Manobra de mudança de faixa";"Colisão transversal";"Com Vítimas Feridas";"Plena Noite";"Decrescente";"Céu Claro";"Dupla";"Não Informado";"Sim";2;0;1;0;1;0;1;2;-27,61000542;-48,63895057;"SPRF-SC";"DEL01-SC";"UOP01-DEL01-SC"
499989;2023-01-19;"quinta-feira";"02:30:00";"SP";116;230,5;"SAO PAULO";"Acessar a via sem observar a presença dos outros veículos";"Colisão lateral mesmo sentido";"Com Vítimas Feridas";"Plena Noite";"Crescente";"Ignorado";"Múltipla";"Reta";"Sim";3;0;3;0;0;0;3;2;-23,52251783;-46,5855702;"SPRF-SP";"DEL01-SP";"UOP01-DEL01-SP"
499990;2023-01-19;"quinta-feira";"01:40:00";"SC";101;100;"BALNEARIO PICARRAS";"Velocidade Incompatível";"Saída de leito carroçável";"Com Vítimas Feridas";"Plena Noite";"Decrescente";"Garoa/Chuvisco";"Dupla";"Não Informado";"Sim";1;0;0;1;0;0;1;1;-26,75482787;-48,68993675;"SPRF-SC";"DEL03-SC";"UOP02-DEL03-SC"
499995;2023-01-19;"quinta-feira";"04:45:00";"SC";101;217;"PALHOCA";"Pista Escorregadia";"Saída de leito carroçável";"Sem Vítimas";"Plena Noite";"Crescente";"Chuva";"Múltipla";"Reta";"Sim";1;0;0;0;1;0;0;1;-27,66779034;-48,67393586;"SPRF-SC";"DEL01-SC";"UOP02-DEL01-SC"
499998;2023-01-18;"quarta-feira";"14:30:00";"GO";60;326;"ACREUNA";"Demais falhas mecânicas ou elétricas";"Saída de leito carroçável";"Com Vítimas Feridas";"Pleno dia";"Decrescente";"Chuva";"Dupla";"Não Informado";"Não";5;0;3;0;1;1;3;1;-17,5268;-50,4943;"SPRF-GO";"DEL04-GO";"UOP02-DEL04-GO"
499999;2023-01-19;"quinta-feira";"06:10:00";"GO";153;435,9;"ANAPOLIS";"Demais falhas mecânicas ou elétricas";"Tombamento";"Com Vítimas Feridas";"Pleno dia";"Crescente";"Céu Claro";"Dupla";"Reta";"Não";1;0;1;0;0;0;1;1;-16,280523;-48,960049;"SPRF-GO";"DEL02-GO";"UOP01-DEL02-GO"
500001;2023-01-18;"quarta-feira";"14:50:00";"ES";101;66;"SAO MATEUS";"Ausência de reação do condutor";"Tombamento";"Com Vítimas Feridas";"Pleno dia";"Crescente";"Sol";"Dupla";"Reta";"Sim";1;0;1;0;0;0;1;1;-18,7165195;-39,87436378;"SPRF-ES";"DEL04-ES";"UOP02-DEL04-ES"
500003;2023-01-19;"quinta-feira";"05:10:00";"BA";324;567;"SAO SEBASTIAO DO PASSE";"Condutor Dormindo";"Saída de leito carroçável";"Com Vítimas Feridas";"Amanhecer";"Crescente";"Nublado";"Dupla";"Não Informado";"Não";5;0;2;0;3;0;2;1;-12,5378073;-38,59325409;"SPRF-BA";"DEL01-BA";"UOP01-DEL01-BA"
500004;2023-01-19;"quinta-feira";"06:45:00";"MG";40;516,8;"RIBEIRAO DAS NEVES";"Reação tardia ou ineficiente do condutor";"Colisão traseira";"Com Vítimas Feridas";"Pleno dia";"Crescente";"Nublado";"Dupla";"Reta";"Sim";3;0;2;0;1;0;2;2;-19,81628624;-44,08960124;"SPRF-MG";"DEL01-MG";"UOP02-DEL01-MG"
500005;2023-01-19;"quinta-feira";"02:40:00";"MG";381;412,7;"NOVA UNIAO";"Condutor Dormindo";"Colisão com objeto";"Sem Vítimas";"Plena Noite";"Crescente";"Céu Claro";"Dupla";"Curva";"Não";1;0;0;0;1;0;0;1;-19,7364715;-43,60024371;"SPRF-MG";"DEL01-MG";"UOP01-DEL01-MG"
500007;2023-01-19;"quinta-feira";"07:00:00";"SC";101;126;"BALNEARIO CAMBORIU";"Reação tardia ou ineficiente do condutor";"Colisão traseira";"Com Vítimas Feridas";"Pleno dia";"Crescente";"Nublado";"Múltipla";"Reta";"Sim";2;0;1;0;1;0;1;2;-26,95564404;-48,67978366;"SPRF-SC";"DEL04-SC";"UOP04-DEL04-SC"
500009;2023-01-18;"quarta-feira";"17:50:00";"SP";381;33;"ATIBAIA";"Condutor deixou de manter distância do veículo da frente";"Colisão traseira";"Com Vítimas Feridas";"Plena Noite";"Decrescente";"Chuva";"Múltipla";"Reta";"Não";2;0;1;0;1;0;1;2;-23,0728028;-46,56673562;"SPRF-SP";"DEL03-SP";"UOP02-DEL03-SP"
500010;2023-01-15;"domingo";"20:30:00";"RJ";101;296;"ITABORAI";"Acessar a via sem observar a presença dos outros veículos";"Atropelamento de Pedestre";"Com Vítimas Fatais";"Plena Noite";"Decrescente";"Céu Claro";"Dupla";"Reta";"Sim";2;1;0;0;1;0;0;1;-22,7670498;-42,91019601;"SPRF-RJ";"DEL02-RJ";"UOP02-DEL02-RJ"
500011;2023-01-19;"quinta-feira";"06:35:00";"SC";101;75;"ARAQUARI";"Velocidade Incompatível";"Engavetamento";"Com Vítimas Feridas";"Pleno dia";"Crescente";"Céu Claro";"Dupla";"Reta";"Sim";5;0;1;0;4;0;1;3;-26,556178;-48,720615;"SPRF-SC";"DEL03-SC";"UOP02-DEL03-SC"
500012;2023-01-19;"quinta-feira";"06:20:00";"SC";101;65;"ARAQUARI";"Reação tardia ou ineficiente do condutor";"Saída de leito carroçável";"Com Vítimas Feridas";"Amanhecer";"Decrescente";"Céu Claro";"Dupla";"Curva";"Não";1;0;1;0;0;0;1;1;-26,47135714;-48,74457217;"SPRF-SC";"DEL03-SC";"UOP02-DEL03-SC"
500013;2023-01-19;"quinta-feira";"06:30:00";"GO";60;200;"GUAPO";"Ausência de reação do condutor";"Colisão traseira";"Sem Vítimas";"Pleno dia";"Decrescente";"Céu Claro";"Dupla";"Reta";"Não";2;0;0;0;2;0;0;2;-16,8736;-49,6126;"SPRF-GO";"DEL01-GO";"UOP02-DEL01-GO"
500014;2023-01-19;"quinta-feira";"06:30:00";"SC";280;29;"ARAQUARI";"Acessar a via sem observar a presença dos outros veículos";"Colisão transversal";"Com Vítimas Feridas";"Pleno dia";"Decrescente";"Nublado";"Simples";"Interseção de vias";"Não";2;0;1;0;1;0;1;2;-26,41066264;-48,75295628;"SPRF-SC";"DEL03-SC";"UOP03-DEL03-SC"
500015;2023-01-19;"quinta-feira";"07:07:00";"ES";101;293,5;"CARIACICA";"Ausência de reação do condutor";"Colisão com objeto";"Com Vítimas Feridas";"Pleno dia";"Crescente";"Céu Claro";"Dupla";"Não Informado";"Sim";1;0;1;0;0;0;1;1;-20,31526144;-40,39567044;"SPRF-ES";"DEL01-ES";"UOP01-DEL01-ES"
500016;2023-01-19;"quinta-feira";"08:00:00";"SP";116;160;"JACAREI";"Trafegar com motocicleta (ou similar) entre as faixas";"Colisão traseira";"Com Vítimas Feridas";"Pleno dia";"Decrescente";"Céu Claro";"Dupla";"Reta";"Não";2;0;1;0;1;0;1;2;-23,27101606;-45,96787896;"SPRF-SP";"DEL02-SP";"UOP01-DEL02-SP"
500017;2023-01-19;"quinta-feira";"06:15:00";"RJ";116;311,5;"RESENDE";"Demais falhas mecânicas ou elétricas";"Tombamento";"Com Vítimas Feridas";"Pleno dia";"Decrescente";"Céu Claro";"Dupla";"Reta";"Sim";1;0;1;0;0;0;1;1;-22,459865;-44,458019;"SPRF-RJ";"DEL07-RJ";"UOP02-DEL07-RJ"
500018;2023-01-19;"quinta-feira";"07:30:00";"BA";324;619;"SALVADOR";"Acumulo de óleo sobre o pavimento";"Queda de ocupante de veículo";"Com Vítimas Feridas";"Pleno dia";"Decrescente";"Céu Claro";"Múltipla";"Reta";"Sim";1;0;1;0;0;0;1;1;-12,89820999;-38,45012202;"SPRF-BA";"DEL01-BA";"UOP01-DEL01-BA"
500019;2023-01-19;"quinta-feira";"08:05:00";"PE";101;79,7;"JABOATAO DOS GUARARAPES";"Manobra de mudança de faixa";"Colisão lateral mesmo sentido";"Com Vítimas Feridas";"Pleno dia";"Crescente";"Céu Claro";"Dupla";"Curva";"Sim";3;0;0;1;1;1;1;2;-8,14366112;-34,94723453;"SPRF-PE";"DEL01-PE";"UOP01-DEL01-PE"
500020;2023-01-19;"quinta-feira";"08:00:00";"ES";101;160,1;"LINHARES";"Acessar a via sem observar a presença dos outros veículos";"Colisão lateral sentido oposto";"Com Vítimas Feridas";"Pleno dia";"Decrescente";"Céu Claro";"Simples";"Reta";"Não";2;0;1;0;1;0;1;2;-19,47662979;-40,11402541;"SPRF-ES";"DEL04-ES";"UOP01-DEL04-ES"
500021;2023-01-19;"quinta-feira";"06:20:00";"RO";435;123;"CEREJEIRAS";"Manobra de mudança de faixa";"Colisão lateral mesmo sentido";"Com Vítimas Feridas";"Pleno dia";"Crescente";"Céu Claro";"Dupla";"Reta";"Não";2;0;1;0;1;0;1;2;-13,18889171;-60,808424;"SPRF-RO";"DEL04-RO";"UOP02-DEL04-RO"
500022;2023-01-19;"quinta-feira";"08:05:00";"SP";153;64,9;"SAO JOSE DO RIO PRETO";"Demais falhas na via";"Tombamento";"Com Vítimas Feridas";"Pleno dia";"Decrescente";"Nublado";"Simples";"Não Informado";"Sim";1;0;1;0;0;0;1;1;-20,82919401;-49,36046325;"SPRF-SP";"DEL09-SP";"UOP01-DEL09-SP"
500023;2023-01-19;"quinta-feira";"08:00:00";"PR";116;122,5;"CURITIBA";"Manobra de mudança de faixa";"Colisão lateral mesmo sentido";"Com Vítimas Feridas";"Pleno dia";"Crescente";"Nublado";"Dupla";"Curva";"Sim";3;0;0;1;2;0;1;3;-25,56857207;-49,31023179;"SPRF-PR";"DEL01-PR";"UOP03-DEL01-PR"
500027;2023-01-19;"quinta-feira";"08:00:00";"AL";NA;NA;"JUNQUEIRO";"Reação tardia ou ineficiente do condutor";"Colisão frontal";"Com Vítimas Fatais";"Pleno dia";"Não Informado";"Chuva";"Simples";"Reta";"Não";3;1;0;2;0;0;2;2;-9,91622613;-36,47311473;"SPRF-AL";"DEL02-AL";"UOP02-DEL02-AL"
500028;2023-01-19;"quinta-feira";"08:15:00";"SC";101;120,8;"ITAJAI";"Ausência de reação do condutor";"Colisão traseira";"Com Vítimas Feridas";"Pleno dia";"Decrescente";"Céu Claro";"Dupla";"Reta";"Não";4;0;1;0;3;0;1;4;-26,912758;-48,711998;"SPRF-SC";"DEL04-SC";"UOP04-DEL04-SC"
500029;2023-01-19;"quinta-feira";"08:20:00";"PR";116;123,1;"CURITIBA";"Ausência de reação do condutor";"Colisão lateral mesmo sentido";"Com Vítimas Feridas";"Pleno dia";"Decrescente";"Sol";"Dupla";"Reta";"Não";2;0;0;1;1;0;1;2;-25,57736002;-49,31243589;"SPRF-PR";"DEL01-PR";"UOP03-DEL01-PR"
500031;2023-01-19;"quinta-feira";"08:40:00";"MG";381;478,5;"CONTAGEM";"Trafegar com motocicleta (ou similar) entre as faixas";"Colisão lateral mesmo sentido";"Com Vítimas Fatais";"Pleno dia";"Decrescente";"Céu Claro";"Dupla";"Não Informado";"Sim";3;1;0;0;2;0;0;3;-19,9627204;-44,04049873;"SPRF-MG";"DEL01-MG";"UOP03-DEL01-MG"
500033;2023-01-19;"quinta-feira";"09:00:00";"SC";282;48;"AGUAS MORNAS";"Trafegar com motocicleta (ou similar) entre as faixas";"Colisão lateral sentido oposto";"Com Vítimas Feridas";"Pleno dia";"Crescente";"Céu Claro";"Simples";"Curva";"Não";2;0;0;1;1;0;1;2;-27,714352;-48,938072;"SPRF-SC";"DEL01-SC";"UOP03-DEL01-SC"
500036;2023-01-19;"quinta-feira";"08:15:00";"SP";116;112;"TAUBATE";"Manobra de mudança de faixa";"Colisão lateral mesmo sentido";"Com Vítimas Feridas";"Pleno dia";"Crescente";"Céu Claro";"Dupla";"Reta";"Sim";1;0;1;0;0;0;1;1;-23,04159343;-45,57065616;"SPRF-SP";"DEL02-SP";"UOP02-DEL02-SP"
500037;2023-01-19;"quinta-feira";"09:06:00";"RJ";493;2;"ITABORAI";"Manobra de mudança de faixa";"Capotamento";"Com Vítimas Feridas";"Pleno dia";"Decrescente";"Céu Claro";"Dupla";"Reta";"Sim";1;0;1;0;0;0;1;1;-22,75950214;-42,93544822;"SPRF-RJ";"DEL02-RJ";"UOP02-DEL02-RJ"
500043;2023-01-19;"quinta-feira";"10:05:00";"PE";101;70;"RECIFE";"Manobra de mudança de faixa";"Colisão lateral mesmo sentido";"Com Vítimas Feridas";"Pleno dia";"Crescente";"Céu Claro";"Dupla";"Reta";"Não";3;0;2;0;1;0;2;2;-8,06776119;-34,94265074;"SPRF-PE";"DEL01-PE";"UOP01-DEL01-PE"
500044;2023-01-19;"quinta-feira";"10:00:00";"ES";101;270,7;"SERRA";"Pista esburacada";"Queda de ocupante de veículo";"Com Vítimas Feridas";"Pleno dia";"Decrescente";"Céu Claro";"Dupla";"Reta";"Sim";1;0;1;0;0;0;1;1;-20,22662056;-40,27075088;"SPRF-ES";"DEL02-ES";"UOP01-DEL02-ES"
500045;2023-01-19;"quinta-feira";"09:00:00";"TO";153;178;"ARAGUAINA";"Reação tardia ou ineficiente do condutor";"Saída de leito carroçável";"Sem Vítimas";"Pleno dia";"Decrescente";"Chuva";"Simples";"Reta";"Não";1;0;0;0;0;1;0;1;-7,46324901;-48,37314195;"SPRF-TO";"DEL02-TO";"UOP01-DEL02-TO"
500049;2023-01-19;"quinta-feira";"08:30:00";"SC";282;538;"CHAPECO";"Acessar a via sem observar a presença dos outros veículos";"Colisão transversal";"Com Vítimas Feridas";"Pleno dia";"Crescente";"Céu Claro";"Simples";"Curva";"Não";2;0;1;0;1;0;1;2;-26,998323;-52,673199;"SPRF-SC";"DEL07-SC";"UOP01-DEL07-SC"
500050;2023-01-19;"quinta-feira";"10:15:00";"PR";277;723;"FOZ DO IGUACU";"Desrespeitar a preferência no cruzamento";"Colisão transversal";"Com Vítimas Feridas";"Pleno dia";"Crescente";"Céu Claro";"Dupla";"Não Informado";"Sim";3;0;1;0;2;0;1;2;-25,49878215;-54,52985294;"SPRF-PR";"DEL05-PR";"UOP03-DEL05-PR"
500051;2023-01-09;"segunda-feira";"00:20:00";"MG";40;466;"SETE LAGOAS";"Chuva";"Saída de leito carroçável";"Com Vítimas Feridas";"Plena Noite";"Crescente";"Chuva";"Dupla";"Reta";"Sim";1;0;0;1;0;0;1;1;-19,44436025;-44,32384821;"SPRF-MG";"DEL02-MG";"UOP01-DEL02-MG"
500052;2023-01-19;"quinta-feira";"11:26:00";"RJ";116;320;"ITATIAIA";"Transitar na contramão";"Colisão frontal";"Com Vítimas Fatais";"Pleno dia";"Decrescente";"Nublado";"Dupla";"Reta";"Não";2;1;0;0;1;0;0;2;-22,47656315;-44,52710689;"SPRF-RJ";"DEL07-RJ";"UOP02-DEL07-RJ"
500055;2023-01-19;"quinta-feira";"11:59:00";"DF";40;0;"BRASILIA";"Condutor deixou de manter distância do veículo da frente";"Colisão traseira";"Com Vítimas Feridas";"Pleno dia";"Decrescente";"Nublado";"Dupla";"Reta";"Sim";3;0;1;0;2;0;1;2;-15,976897;-47,990129;"SPRF-DF";"DEL01-DF";"UOP01-DEL01-DF"
500056;2023-01-19;"quinta-feira";"11:30:00";"SC";101;215,5;"PALHOCA";"Transitar na contramão";"Colisão transversal";"Com Vítimas Feridas";"Pleno dia";"Crescente";"Céu Claro";"Dupla";"Rotatória";"Não";2;0;1;0;1;0;1;2;-27,65184843;-48,67604941;"SPRF-SC";"DEL01-SC";"UOP02-DEL01-SC"
500057;2023-01-19;"quinta-feira";"11:50:00";"SC";280;31,1;"ARAQUARI";"Ultrapassagem Indevida";"Colisão transversal";"Com Vítimas Feridas";"Pleno dia";"Crescente";"Chuva";"Simples";"Não Informado";"Sim";2;0;1;0;1;0;1;2;-26,41649938;-48,77181215;"SPRF-SC";"DEL03-SC";"UOP03-DEL03-SC"
500060;2023-01-19;"quinta-feira";"12:25:00";"RJ";101;322;"NITEROI";"Ausência de reação do condutor";"Tombamento";"Com Vítimas Feridas";"Pleno dia";"Decrescente";"Céu Claro";"Dupla";"Reta";"Sim";1;0;1;0;0;0;1;1;-22,878923;-43,110676;"SPRF-RJ";"DEL02-RJ";"UOP01-DEL02-RJ"
500061;2023-01-19;"quinta-feira";"11:30:00";"RS";470;207;"BENTO GONCALVES";"Conversão proibida";"Colisão transversal";"Com Vítimas Feridas";"Pleno dia";"Crescente";"Céu Claro";"Simples";"Não Informado";"Não";8;0;7;1;0;0;8;2;-29,101443;-51,543791;"SPRF-RS";"DEL06-RS";"UOP01-DEL06-RS"
500063;2023-01-09;"segunda-feira";"17:15:00";"PB";230;400;"POMBAL";"Acessar a via sem observar a presença dos outros veículos";"Colisão transversal";"Com Vítimas Fatais";"Anoitecer";"Decrescente";"Céu Claro";"Simples";"Reta";"Não";12;3;4;2;2;1;6;2;-6,822;-37,762;"SPRF-PB";"DEL03-PB";"UOP02-DEL03-PB"
500064;2023-01-19;"quinta-feira";"10:15:00";"MG";262;35,6;"MANHUACU";"Demais falhas na via";"Colisão transversal";"Com Vítimas Feridas";"Pleno dia";"Crescente";"Nublado";"Simples";"Curva";"Sim";2;0;1;0;1;0;1;2;-20,2592562;-42,01698194;"SPRF-MG";"DEL06-MG";"UOP03-DEL06-MG"
500066;2023-01-19;"quinta-feira";"10:54:00";"PI";407;477;"JAICOS";"Manobra de mudança de faixa";"Saída de leito carroçável";"Com Vítimas Feridas";"Pleno dia";"Crescente";"Nublado";"Simples";"Curva";"Não";1;0;0;1;0;0;1;1;-7,41962911;-41,19187493;"SPRF-PI";"DEL04-PI";"UOP01-DEL04-PI"
500067;2023-01-19;"quinta-feira";"11:30:00";"PR";277;592;"CASCAVEL";"Avarias e/ou desgaste excessivo no pneu";"Queda de ocupante de veículo";"Com Vítimas Feridas";"Pleno dia";"Crescente";"Céu Claro";"Simples";"Não Informado";"Sim";1;0;1;0;0;0;1;1;-24,98146023;-53,47848218;"SPRF-PR";"DEL04-PR";"UOP01-DEL04-PR"
500068;2023-01-19;"quinta-feira";"13:30:00";"RJ";101;473;"ANGRA DOS REIS";"Acesso irregular";"Atropelamento de Pedestre";"Com Vítimas Feridas";"Pleno dia";"Decrescente";"Céu Claro";"Simples";"Reta";"Sim";2;0;0;1;1;0;1;1;-22,98960623;-44,24168693;"SPRF-RJ";"DEL03-RJ";"UOP02-DEL03-RJ"
500070;2023-01-19;"quinta-feira";"13:30:00";"GO";60;76,2;"ABADIANIA";"Condutor Dormindo";"Saída de leito carroçável";"Com Vítimas Feridas";"Pleno dia";"Crescente";"Céu Claro";"Dupla";"Não Informado";"Não";2;0;2;0;0;0;2;1;-16,280567;-48,791667;"SPRF-GO";"DEL02-GO";"UOP01-DEL02-GO"
500073;2023-01-14;"sábado";"07:20:00";"MG";381;340;"BELA VISTA DE MINAS";"Condutor Dormindo";"Colisão transversal";"Com Vítimas Feridas";"Pleno dia";"Crescente";"Chuva";"Dupla";"Desvio Temporário";"Não";6;0;2;4;0;0;6;2;-19,823387;-43,077351;"SPRF-MG";"DEL03-MG";"UOP01-DEL03-MG"
500074;2023-01-19;"quinta-feira";"13:00:00";"BA";324;622;"SALVADOR";"Demais falhas mecânicas ou elétricas";"Saída de leito carroçável";"Com Vítimas Feridas";"Pleno dia";"Decrescente";"Céu Claro";"Dupla";"Curva";"Não";2;0;2;0;0;0;2;1;-12,93594458;-38,47227216;"SPRF-BA";"DEL01-BA";"UOP01-DEL01-BA"
500075;2023-01-19;"quinta-feira";"12:30:00";"MG";381;762;"CAMPANHA";"Demais falhas na via";"Tombamento";"Com Vítimas Feridas";"Pleno dia";"Crescente";"Céu Claro";"Dupla";"Reta";"Não";1;0;0;1;0;0;1;1;-21,74008678;-45,38580253;"SPRF-MG";"DEL16-MG";"UOP02-DEL16-MG"
500076;2023-01-02;"segunda-feira";"15:40:00";"GO";153;558,2;"PROFESSOR JAMIL";"Pista Escorregadia";"Colisão traseira";"Com Vítimas Feridas";"Pleno dia";"Decrescente";"Chuva";"Dupla";"Curva";"Não";3;0;2;0;1;0;2;2;-17,2081;-49,2137;"SPRF-GO";"DEL03-GO";"UOP01-DEL03-GO"
500077;2023-01-19;"quinta-feira";"12:40:00";"AP";210;2;"MACAPA";"Obras na pista";"Engavetamento";"Sem Vítimas";"Pleno dia";"Decrescente";"Céu Claro";"Simples";"Não Informado";"Sim";3;0;0;0;3;0;0;3;0,08282017;-51,07776189;"SPRF-AP";"N/A";"UOP01-DEL01-AP"
500078;2023-01-19;"quinta-feira";"12:00:00";"MG";116;312;"ITAMBACURI";"Ausência de reação do condutor";"Colisão com objeto";"Sem Vítimas";"Pleno dia";"Crescente";"Céu Claro";"Simples";"Reta";"Não";2;0;0;0;2;0;0;1;-18,08475408;-41,68643781;"SPRF-MG";"DEL11-MG";"UOP01-DEL11-MG"