"id";"data_inversa";"dia_semana";"horario";"uf";"br";"km";"municipio";"causa_acidente";"tipo_acidente";"classificacao_acidente";"fase_dia";"sentido_via";"condicao_metereologica";"tipo_pista";"tracado_via";"uso_solo";"pessoas";"mortos";"feridos_leves";"feridos_graves";"ilesos";"ignorados";"feridos";"veiculos";"latitude";"longitude";"regional";"delegacia";"uop"
500081;2023-01-19;"quinta-feira";"14:20:00";"SC";101;116;"ITAJAI";"Manobra de mudança de faixa";"Colisão lateral mesmo sentido";"Com Vítimas Feridas";"Pleno dia";"Crescente";"Nublado";"Dupla";"Reta";"Não";4;0;0;1;3;0;1;2;-26,87905605;-48,72603512;"SPRF-SC";"DEL04-SC";"UOP04-DEL04-SC"
500083;2023-01-19;"quinta-feira";"15:00:00";"PE";232;126;"CARUARU";"Animais na Pista";"Colisão traseira";"Com Vítimas Feridas";"Pleno dia";"Crescente";"Nublado";"Dupla";"Não Informado";"Sim";5;0;2;0;3;0;2;2;-8,3061041;-35,93702498;"SPRF-PE";"DEL02-PE";"UOP01-DEL02-PE"
500084;2023-01-03;"terça-feira";"17:00:00";"PR";163;254;"TOLEDO";"Avarias e/ou desgaste excessivo no pneu";"Tombamento";"Com Vítimas Feridas";"Pleno dia";"Crescente";"Sol";"Dupla";"Reta";"Não";1;0;0;1;0;0;1;1;-24,6887364;-53,76846121;"SPRF-PR";"DEL06-PR";"UOP02-DEL06-PR"
500086;2023-01-19;"quinta-feira";"14:30:00";"PE";101;83;"JABOATAO DOS GUARARAPES";"Conversão proibida";"Colisão transversal";"Com Vítimas Feridas";"Pleno dia";"Crescente";"Céu Claro";"Simples";"Reta";"Sim";3;0;1;1;1;0;2;2;-8,175172;-34,942642;"SPRF-PE";"DEL01-PE";"UOP01-DEL01-PE"
500087;2023-01-19;"quinta-feira";"15:20:00";"RS";470;224,9;"GARIBALDI";"Desrespeitar a preferência no cruzamento";"Colisão transversal";"Com Vítimas Feridas";"Pleno dia";"Crescente";"Sol";"Simples";"Não Informado";"Sim";2;0;1;0;1;0;1;2;-29,239725;-51,51826;"SPRF-RS";"DEL06-RS";"UOP01-DEL06-RS"
500090;2023-01-19;"quinta-feira";"15:00:00";"PB";104;100,5;"SAO SEBASTIAO DE LAGOA DE  ROCA";"Ultrapassagem Indevida";"Colisão lateral sentido oposto";"Com Vítimas Feridas";"Pleno dia";"Decrescente";"Nublado";"Simples";"Reta";"Não";3;0;2;1;0;0;3;2;-7,048862;-35,855986;"SPRF-PB";"DEL02-PB";"UOP04-DEL02-PB"
500092;2023-01-19;"quinta-feira";"15:40:00";"MG";116;543,6;"SANTA BARBARA DO LESTE";"Velocidade Incompatível";"Saída de leito carroçável";"Com Vítimas Feridas";"Pleno dia";"Decrescente";"Chuva";"Simples";"Não Informado";"Não";4;0;3;0;1;0;3;1;-19,91184896;-42,1350328;"SPRF-MG";"DEL06-MG";"UOP02-DEL06-MG"
500093;2023-01-19;"quinta-feira";"15:38:00";"SP";381;75,9;"SAO PAULO";"Velocidade Incompatível";"Colisão com objeto";"Com Vítimas Feridas";"Pleno dia";"Crescente";"Chuva";"Múltipla";"Não Informado";"Não";2;0;1;1;0;0;2;1;-23,37660089;-46,56409613;"SPRF-SP";"DEL03-SP";"UOP01-DEL03-SP"
500094;2023-01-19;"quinta-feira";"16:15:00";"PR";277;19;"MORRETES";"Acessar a via sem observar a presença dos outros veículos";"Colisão transversal";"Com Vítimas Feridas";"Pleno dia";"Crescente";"Nublado";"Múltipla";"Retorno Regulamentado";"Não";6;0;4;2;0;0;6;2;-25,55787847;-48,65324572;"SPRF-PR";"DEL01-PR";"UOP05-DEL01-PR"
500096;2023-01-19;"quinta-feira";"16:50:00";"RN";226;124,9;"SANTA CRUZ";"Reação tardia ou ineficiente do condutor";"Colisão frontal";"Com Vítimas Feridas";"Pleno dia";"Crescente";"Céu Claro";"Simples";"Reta";"Não";2;0;1;0;1;0;1;2;-6,179054;-36,114771;"SPRF-RN";"DEL03-RN";"UOP02-DEL03-RN"
500097;2023-01-19;"quinta-feira";"17:00:00";"RJ";101;272;"RIO BONITO";"Velocidade Incompatível";"Engavetamento";"Com Vítimas Feridas";"Pleno dia";"Decrescente";"Céu Claro";"Dupla";"Reta";"Não";7;0;1;0;6;0;1;3;-22,72935968;-42,70112512;"SPRF-RJ";"DEL02-RJ";"UOP03-DEL02-RJ"
500098;2023-01-19;"quinta-feira";"17:10:00";"PI";343;0,3;"TERESINA";"Condutor deixou de manter distância do veículo da frente";"Colisão traseira";"Com Vítimas Feridas";"Pleno dia";"Decrescente";"Nublado";"Dupla";"Não Informado";"Sim";3;0;2;0;1;0;2;2;-5,089569;-42,802288;"SPRF-PI";"DEL01-PI";"UOP01-DEL01-PI"
500101;2023-01-19;"quinta-feira";"09:55:00";"BA";324;514;"FEIRA DE SANTANA";"Reação tardia ou ineficiente do condutor";"Colisão lateral mesmo sentido";"Com Vítimas Feridas";"Pleno dia";"Decrescente";"Sol";"Simples";"Reta";"Sim";2;0;1;0;1;0;1;2;-12,23359265;-38,94644851;"SPRF-BA";"DEL02-BA";"UOP01-DEL02-BA"
500103;2023-01-19;"quinta-feira";"17:00:00";"CE";116;3;"FORTALEZA";"Ausência de reação do condutor";"Colisão traseira";"Com Vítimas Feridas";"Anoitecer";"Crescente";"Céu Claro";"Múltipla";"Reta";"Sim";3;0;1;0;1;1;1;2;-3,77866493;-38,51490171;"SPRF-CE";"DEL01-CE";"UOP02-DEL01-CE"
500104;2023-01-19;"quinta-feira";"17:35:00";"PR";369;161;"CAMBE";"Manobra de mudança de faixa";"Colisão lateral mesmo sentido";"Com Vítimas Feridas";"Pleno dia";"Decrescente";"Céu Claro";"Dupla";"Reta";"Sim";2;0;0;1;1;0;1;2;-23,290469;-51,264143;"SPRF-PR";"DEL07-PR";"UOP01-DEL07-PR"
500106;2023-01-19;"quinta-feira";"16:45:00";"MS";262;142;"AGUA CLARA";"Ausência de reação do condutor";"Colisão lateral mesmo sentido";"Com Vítimas Feridas";"Pleno dia";"Crescente";"Céu Claro";"Simples";"Não Informado";"Não";4;0;1;0;3;0;1;2;-20,44583309;-52,86246657;"SPRF-MS";"DEL07-MS";"UOP02-DEL07-MS"
500107;2023-01-19;"quinta-feira";"17:30:00";"CE";222;1,5;"FORTALEZA";"Condutor deixou de manter distância do veículo da frente";"Colisão traseira";"Com Vítimas Feridas";"Anoitecer";"Decrescente";"Nublado";"Múltipla";"Não Informado";"Sim";2;0;1;0;1;0;1;2;-3,738512;-38,582806;"SPRF-CE";"DEL01-CE";"UOP01-DEL01-CE"
500108;2023-01-19;"quinta-feira";"17:55:00";"SC";101;199;"SAO JOSE";"Transitar na contramão";"Colisão transversal";"Com Vítimas Feridas";"Pleno dia";"Crescente";"Nublado";"Dupla";"Reta";"Sim";2;0;1;0;1;0;1;2;-27,53413705;-48,63003205;"SPRF-SC";"DEL01-SC";"UOP01-DEL01-SC"
500109;2023-01-19;"quinta-feira";"01:00:00";"GO";452;193,3;"ITUMBIARA";"Velocidade Incompatível";"Saída de leito carroçável";"Sem Vítimas";"Plena Noite";"Decrescente";"Ignorado";"Simples";"Desvio Temporário";"Não";1;0;0;0;0;1;0;1;-18,36899037;-49,25291789;"SPRF-GO";"DEL03-GO";"UOP02-DEL03-GO"
500111;2023-01-19;"quinta-feira";"18:00:00";"GO";414;387,5;"CORUMBA DE GOIAS";"Demais falhas mecânicas ou elétricas";"Tombamento";"Com Vítimas Feridas";"Pleno dia";"Crescente";"Nublado";"Simples";"Reta";"Não";1;0;1;0;0;0;1;1;-15,88092998;-48,79068001;"SPRF-GO";"DEL02-GO";"UOP01-DEL02-GO"
500112;2023-01-19;"quinta-feira";"18:25:00";"SP";116;219;"GUARULHOS";"Condutor deixou de manter distância do veículo da frente";"Colisão traseira";"Com Vítimas Feridas";"Pleno dia";"Decrescente";"Garoa/Chuvisco";"Múltipla";"Não Informado";"Sim";3;0;1;0;2;0;1;2;-23,46143954;-46,48885316;"SPRF-SP";"DEL01-SP";"UOP01-DEL01-SP"
500114;2023-01-19;"quinta-feira";"15:30:00";"BA";116;707;"MANOEL VITORINO";"Velocidade Incompatível";"Saída de leito carroçável";"Com Vítimas Fatais";"Pleno dia";"Crescente";"Chuva";"Simples";"Reta";"Não";3;1;2;0;0;0;2;1;-14,08962796;-40,21614409;"SPRF-BA";"DEL03-BA";"UOP01-DEL03-BA"
500115;2023-01-19;"quinta-feira";"18:30:00";"RS";158;326;"SANTA MARIA";"Trafegar com motocicleta (ou similar) entre as faixas";"Colisão lateral mesmo sentido";"Com Vítimas Feridas";"Anoitecer";"Crescente";"Céu Claro";"Dupla";"Não Informado";"Sim";3;0;1;0;2;0;1;2;-29,71386725;-53,80853534;"SPRF-RS";"DEL09-RS";"UOP01-DEL09-RS"
500116;2023-01-19;"quinta-feira";"18:30:00";"PI";343;9,4;"PARNAIBA";"Acessar a via sem observar a presença dos outros veículos";"Colisão lateral mesmo sentido";"Com Vítimas Feridas";"Plena Noite";"Decrescente";"Céu Claro";"Simples";"Reta";"Sim";2;0;0;1;1;0;1;2;-2,900722;-41,732681;"SPRF-PI";"DEL05-PI";"UOP01-DEL05-PI"
500119;2023-01-19;"quinta-feira";"18:00:00";"MG";381;857,5;"POUSO ALEGRE";"Velocidade Incompatível";"Tombamento";"Com Vítimas Feridas";"Pleno dia";"Decrescente";"Chuva";"Simples";"Rotatória";"Não";1;0;1;0;0;0;1;1;-22,30117618;-45,89986396;"SPRF-MG";"DEL16-MG";"UOP01-DEL16-MG"
500120;2023-01-19;"quinta-feira";"19:30:00";"ES";262;150;"IBATIBA";"Demais falhas mecânicas ou elétricas";"Incêndio";"Sem Vítimas";"Plena Noite";"Decrescente";"Nublado";"Simples";"Reta";"Não";1;0;0;0;1;0;0;1;-20,21857136;-41,44093913;"SPRF-ES";"DEL01-ES";"UOP02-DEL01-ES"
500121;2023-01-19;"quinta-feira";"18:00:00";"SC";101;104,9;"PENHA";"Trafegar com motocicleta (ou similar) entre as faixas";"Colisão lateral mesmo sentido";"Com Vítimas Feridas";"Pleno dia";"Crescente";"Sol";"Dupla";"Não Informado";"Não";2;0;1;0;1;0;1;2;-26,80072321;-48,67897689;"SPRF-SC";"DEL03-SC";"UOP02-DEL03-SC"
500123;2023-01-19;"quinta-feira";"17:50:00";"PE";101;62,3;"RECIFE";"Manobra de mudança de faixa";"Colisão lateral mesmo sentido";"Com Vítimas Feridas";"Anoitecer";"Crescente";"Céu Claro";"Dupla";"Reta";"Sim";7;0;0;2;5;0;2;2;-7,99905898;-34,93899295;"SPRF-PE";"DEL01-PE";"UOP02-DEL01-PE"
500125;2023-01-19;"quinta-feira";"17:40:00";"BA";367;24;"PORTO SEGURO";"Acumulo de areia ou detritos sobre o pavimento";"Queda de ocupante de veículo";"Com Vítimas Feridas";"Anoitecer";"Crescente";"Céu Claro";"Simples";"Reta";"Sim";1;0;0;1;0;0;1;1;-16,435697;-39,07403;"SPRF-BA";"DEL09-BA";"UOP03-DEL09-BA"
500126;2023-01-19;"quinta-feira";"03:22:00";"PA";163;320;"NOVO PROGRESSO";"Velocidade Incompatível";"Colisão lateral mesmo sentido";"Sem Vítimas";"Pleno dia";"Crescente";"Sol";"Simples";"Reta";"Não";1;0;0;0;0;1;0;1;-6,968144;-55,44874;"SPRF-PA";"DEL05-PA";"UOP01-DEL05-PA"
500127;2023-01-19;"quinta-feira";"19:30:00";"MG";40;551;"NOVA LIMA";"Reação tardia ou ineficiente do condutor";"Engavetamento";"Com Vítimas Feridas";"Plena Noite";"Decrescente";"Chuva";"Múltipla";"Reta";"Sim";5;0;1;0;4;0;1;4;-20,05411435;-43,97101875;"SPRF-MG";"DEL01-MG";"UOP02-DEL01-MG"
500128;2023-01-19;"quinta-feira";"19:20:00";"SP";116;279;"EMBU DAS ARTES";"Condutor deixou de manter distância do veículo da frente";"Colisão traseira";"Com Vítimas Feridas";"Plena Noite";"Crescente";"Céu Claro";"Dupla";"Reta";"Não";2;0;1;0;1;0;1;2;-23,66233697;-46,85292907;"SPRF-SP";"DEL04-SP";"UOP01-DEL04-SP"
500130;2023-01-19;"quinta-feira";"19:00:00";"RJ";101;319;"NITEROI";"Trafegar com motocicleta (ou similar) entre as faixas";"Colisão lateral mesmo sentido";"Com Vítimas Feridas";"Plena Noite";"Decrescente";"Céu Claro";"Dupla";"Reta";"Não";3;0;1;0;2;0;1;3;-22,85411774;-43,1018014;"SPRF-RJ";"DEL02-RJ";"UOP02-DEL02-RJ"
500131;2023-01-19;"quinta-feira";"19:50:00";"SC";280;79;"CORUPA";"Ingestão de álcool e/ou substâncias psicoativas pelo pedestre";"Colisão com objeto";"Com Vítimas Feridas";"Plena Noite";"Crescente";"Céu Claro";"Simples";"Não Informado";"Sim";1;0;1;0;0;0;1;1;-26,44657315;-49,20157809;"SPRF-SC";"DEL06-SC";"UOP03-DEL06-SC"
500132;2023-01-19;"quinta-feira";"19:15:00";"RS";472;623;"BARRA DO QUARAI";"Reação tardia ou ineficiente do condutor";"Saída de leito carroçável";"Sem Vítimas";"Anoitecer";"Crescente";"Céu Claro";"Simples";"Reta";"Não";1;0;0;0;1;0;0;1;-30,160551;-57,414451;"SPRF-RS";"DEL13-RS";"UOP01-DEL13-RS"
500134;2023-01-19;"quinta-feira";"19:50:00";"MA";222;664;"ACAILANDIA";"Ingestão de álcool pelo condutor";"Colisão lateral mesmo sentido";"Com Vítimas Feridas";"Plena Noite";"Crescente";"Chuva";"Simples";"Reta";"Sim";5;0;1;0;4;0;1;2;-4,88920755;-47,37657969;"SPRF-MA";"DEL04-MA";"UOP03-DEL04-MA"
500136;2023-01-19;"quinta-feira";"20:00:00";"PR";277;722;"FOZ DO IGUACU";"Velocidade Incompatível";"Saída de leito carroçável";"Sem Vítimas";"Plena Noite";"Crescente";"Céu Claro";"Dupla";"Não Informado";"Sim";1;0;0;0;0;1;0;1;-25,49494908;-54,52095097;"SPRF-PR";"DEL05-PR";"UOP03-DEL05-PR"
500137;2023-01-19;"quinta-feira";"20:05:00";"RJ";101;576;"PARATY";"Acessar a via sem observar a presença dos outros veículos";"Colisão frontal";"Com Vítimas Feridas";"Plena Noite";"Crescente";"Nublado";"Simples";"Reta";"Não";2;0;1;0;1;0;1;2;-23,22679237;-44,72881647;"SPRF-RJ";"DEL03-RJ";"UOP01-DEL03-RJ"
500139;2023-01-19;"quinta-feira";"17:50:00";"PR";376;172;"MARINGA";"Área urbana sem a presença de local apropriado para a travessia de pedestres";"Atropelamento de Pedestre";"Com Vítimas Feridas";"Pleno dia";"Crescente";"Céu Claro";"Dupla";"Reta";"Sim";2;0;1;0;1;0;1;1;-23,4191001;-51,96816601;"SPRF-PR";"DEL09-PR";"UOP01-DEL09-PR"
500141;2023-01-19;"quinta-feira";"19:50:00";"RS";116;216,1;"MORRO REUTER";"Ingestão de álcool pelo condutor";"Colisão com objeto";"Sem Vítimas";"Plena Noite";"Crescente";"Nublado";"Simples";"Não Informado";"Sim";1;0;0;0;1;0;0;1;-29,53861521;-51,07812703;"SPRF-RS";"DEL05-RS";"UOP02-DEL05-RS"
500142;2023-01-19;"quinta-feira";"20:55:00";"RS";392;337;"SANTA MARIA";"Demais falhas mecânicas ou elétricas";"Incêndio";"Sem Vítimas";"Plena Noite";"Crescente";"Céu Claro";"Simples";"Reta";"Não";1;0;0;0;1;0;0;1;-29,84571322;-53,7540294;"SPRF-RS";"DEL09-RS";"UOP01-DEL09-RS"
500143;2023-01-19;"quinta-feira";"21:30:00";"SC";101;127;"ITAJAI";"Ausência de reação do condutor";"Tombamento";"Com Vítimas Feridas";"Plena Noite";"Crescente";"Chuva";"Dupla";"Curva";"Não";1;0;0;1;0;0;1;1;-26,9639319;-48,68328024;"SPRF-SC";"DEL04-SC";"UOP04-DEL04-SC"
500145;2023-01-19;"quinta-feira";"21:20:00";"RS";470;193,9;"LAGOA VERMELHA";"Acesso irregular";"Colisão frontal";"Com Vítimas Feridas";"Plena Noite";"Decrescente";"Céu Claro";"Simples";"Reta";"Não";5;0;2;0;3;0;2;2;-28,24071378;-51,49917483;"SPRF-RS";"DEL06-RS";"UOP02-DEL06-RS"
500147;2023-01-19;"quinta-feira";"09:00:00";"PE";232;547;"PARNAMIRIM";"Acessar a via sem observar a presença dos outros veículos";"Colisão frontal";"Com Vítimas Feridas";"Pleno dia";"Decrescente";"Céu Claro";"Simples";"Não Informado";"Não";2;0;1;0;1;0;1;2;-8,08638;-39,440124;"SPRF-PE";"DEL05-PE";"UOP01-DEL05-PE"
500148;2023-01-19;"quinta-feira";"21:10:00";"PE";232;8;"RECIFE";"Pista esburacada";"Queda de ocupante de veículo";"Com Vítimas Feridas";"Plena Noite";"Crescente";"Chuva";"Dupla";"Não Informado";"Sim";1;0;0;1;0;0;1;1;-8,07583727;-34,97015791;"SPRF-PE";"DEL01-PE";"UOP01-DEL01-PE"
500150;2023-01-19;"quinta-feira";"19:15:00";"MA";230;392,5;"BALSAS";"Reação tardia ou ineficiente do condutor";"Saída de leito carroçável";"Com Vítimas Feridas";"Plena Noite";"Crescente";"Céu Claro";"Simples";"Não Informado";"Não";2;0;1;0;1;0;1;1;-7,42543797;-45,99905408;"SPRF-MA";"DEL05-MA";"UOP01-DEL05-MA"
500151;2023-01-19;"quinta-feira";"19:35:00";"MS";163;620;"SAO GABRIEL DO OESTE";"Reação tardia ou ineficiente do condutor";"Tombamento";"Com Vítimas Feridas";"Plena Noite";"Decrescente";"Céu Claro";"Dupla";"Reta";"Sim";2;0;2;0;0;0;2;1;-19,35975019;-54,58968631;"SPRF-MS";"DEL06-MS";"UOP02-DEL06-MS"
500152;2023-01-19;"quinta-feira";"22:20:00";"RS";116;245;"SAO LEOPOLDO";"Reação tardia ou ineficiente do condutor";"Colisão transversal";"Com Vítimas Feridas";"Plena Noite";"Crescente";"Nublado";"Dupla";"Reta";"Sim";3;0;2;0;1;0;2;2;-29,74980902;-51,15125361;"SPRF-RS";"DEL01-RS";"UOP02-DEL01-RS"
500154;2023-01-19;"quinta-feira";"22:15:00";"PE";101;48;"ABREU E LIMA";"Acessar a via sem observar a presença dos outros veículos";"Colisão transversal";"Com Vítimas Feridas";"Plena Noite";"Decrescente";"Céu Claro";"Múltipla";"Reta";"Sim";2;0;1;0;1;0;1;2;-7,896651;-34,902625;"SPRF-PE";"DEL01-PE";"UOP02-DEL01-PE"
500156;2023-01-19;"quinta-feira";"22:10:00";"RS";116;119;"SAO MARCOS";"Ingestão de álcool pelo condutor";"Saída de leito carroçável";"Sem Vítimas";"Plena Noite";"Decrescente";"Céu Claro";"Simples";"Curva";"Não";2;0;0;0;1;1;0;1;-28,9961971;-51,07362295;"SPRF-RS";"DEL05-RS";"UOP01-DEL05-RS"
500157;2023-01-19;"quinta-feira";"21:24:00";"RN";101;109;"PARNAMIRIM";"Velocidade Incompatível";"Colisão frontal";"Com Vítimas Feridas";"Plena Noite";"Crescente";"Céu Claro";"Dupla";"Reta";"Sim";2;0;0;2;0;0;2;1;-5,937378;-35,26483;"SPRF-RN";"DEL01-RN";"UOP01-DEL01-RN"
500158;2023-01-19;"quinta-feira";"21:25:00";"MS";262;607,6;"MIRANDA";"Animais na Pista";"Saída de leito carroçável";"Com Vítimas Feridas";"Plena Noite";"Decrescente";"Céu Claro";"Simples";"Reta";"Não";5;0;2;0;3;0;2;1;-20,05195977;-56,78093371;"SPRF-MS";"DEL03-MS";"UOP02-DEL03-MS"
500159;2023-01-19;"quinta-feira";"10:20:00";"RJ";40;113;"DUQUE DE CAXIAS";"Demais falhas mecânicas ou elétricas";"Incêndio";"Sem Vítimas";"Plena Noite";"Decrescente";"Céu Claro";"Múltipla";"Não Informado";"Sim";1;0;0;0;1;0;0;1;-22,70948502;-43,29040354;"SPRF-RJ";"DEL01-RJ";"UOP01-DEL01-RJ"
500163;2023-01-19;"quinta-feira";"23:10:00";"RN";304;295,8;"MACAIBA";"Transitar na contramão";"Colisão frontal";"Com Vítimas Feridas";"Pleno dia";"Crescente";"Nublado";"Simples";"Desvio Temporário";"Não";2;0;1;0;1;0;1;2;-5,86605927;-35,35822096;"SPRF-RN";"DEL01-RN";"UOP02-DEL01-RN"
500166;2023-01-20;"sexta-feira";"00:20:00";"GO";153;559;"PIRACANJUBA";"Ausência de reação do condutor";"Saída de leito carroçável";"Com Vítimas Feridas";"Plena Noite";"Decrescente";"Céu Claro";"Dupla";"Reta";"Não";1;0;1;0;0;0;1;1;-17,2115;-49,2226;"SPRF-GO";"DEL03-GO";"UOP01-DEL03-GO"
500167;2023-01-19;"quinta-feira";"23:40:00";"SC";101;199,8;"SAO JOSE";"Acessar a via sem observar a presença dos outros veículos";"Colisão transversal";"Com Vítimas Feridas";"Plena Noite";"Crescente";"Chuva";"Múltipla";"Interseção de vias";"Sim";2;0;0;1;1;0;1;2;-27,53797597;-48,62549901;"SPRF-SC";"DEL01-SC";"UOP01-DEL01-SC"
500168;2023-01-19;"quinta-feira";"21:20:00";"MG";40;82,6;"PARACATU";"Transitar na contramão";"Colisão frontal";"Com Vítimas Feridas";"Plena Noite";"Crescente";"Céu Claro";"Simples";"Reta";"Não";7;0;4;2;1;0;6;2;-17,46980649;-46,64389174;"SPRF-MG";"DEL14-MG";"UOP01-DEL14-MG"
500170;2023-01-19;"quinta-feira";"23:00:00";"RO";425;99;"NOVA MAMORE";"Reação tardia ou ineficiente do condutor";"Colisão transversal";"Com Vítimas Feridas";"Plena Noite";"Crescente";"Céu Claro";"Dupla";"Não Informado";"Sim";2;0;2;0;0;0;2;2;-10,403116;-65,32756;"SPRF-RO";"DEL01-RO";"UOP03-DEL01-RO"
500173;2023-01-20;"sexta-feira";"01:06:00";"RS";470;189,1;"VERANOPOLIS";"Reação tardia ou ineficiente do condutor";"Saída de leito carroçável";"Com Vítimas Feridas";"Plena Noite";"Crescente";"Céu Claro";"Simples";"Curva";"Não";1;0;1;0;0;0;1;1;-29,01620401;-51,56173297;"SPRF-RS";"DEL06-RS";"UOP02-DEL06-RS"
500174;2023-01-19;"quinta-feira";"20:15:00";"SP";116;516;"CAJATI";"Reação tardia ou ineficiente do condutor";"Capotamento";"Com Vítimas Feridas";"Plena Noite";"Decrescente";"Chuva";"Simples";"Não Informado";"Não";3;0;1;0;2;0;1;1;-24,87423036;-48,2190838;"SPRF-SP";"DEL05-SP";"UOP02-DEL05-SP"
500175;2023-01-20;"sexta-feira";"00:15:00";"MG";251;492,5;"FRANCISCO SA";"Chuva";"Saída de leito carroçável";"Com Vítimas Feridas";"Plena Noite";"Crescente";"Chuva";"Simples";"Não Informado";"Não";22;0;6;0;15;1;6;1;-16,54433804;-43,59543496;"SPRF-MG";"DEL12-MG";"UOP01-DEL12-MG"
500177;2023-01-20;"sexta-feira";"02:00:00";"SC";101;208;"SAO JOSE";"Pista Escorregadia";"Eventos atípicos";"Com Vítimas Feridas";"Plena Noite";"Crescente";"Chuva";"Múltipla";"Não Informado";"Sim";1;0;1;0;0;0;1;1;-27,60327979;-48,63201818;"SPRF-SC";"DEL01-SC";"UOP01-DEL01-SC"
500178;2023-01-20;"sexta-feira";"01:20:00";"PI";343;310,7;"ALTOS";"Ausência de reação do condutor";"Saída de leito carroçável";"Sem Vítimas";"Plena Noite";"Crescente";"Chuva";"Simples";"Reta";"Sim";1;0;0;0;1;0;0;1;-5,040502;-42,485443;"SPRF-PI";"DEL01-PI";"UOP01-DEL01-PI"
500180;2023-01-20;"sexta-feira";"03:30:00";"SP";116;229;"SAO PAULO";"Pedestre cruzava a pista fora da faixa";"Atropelamento de Pedestre";"Com Vítimas Fatais";"Plena Noite";"Decrescente";"Vento";"Dupla";"Reta";"Sim";3;1;1;0;1;0;1;1;-23,51291902;-46,57604698;"SPRF-SP";"DEL01-SP";"UOP01-DEL01-SP"
500181;2023-01-20;"sexta-feira";"05:20:00";"RJ";116;8;"SAPUCAIA";"Reação tardia ou ineficiente do condutor";"Queda de ocupante de veículo";"Com Vítimas Feridas";"Pleno dia";"Decrescente";"Garoa/Chuvisco";"Simples";"Curva";"Não";1;0;1;0;0;0;1;1;-21,92330167;-42,7007131;"SPRF-RJ";"DEL04-RJ";"UOP02-DEL04-RJ"
500183;2023-01-20;"sexta-feira";"06:00:00";"PR";376;168;"MARINGA";"Ausência de reação do condutor";"Saída de leito carroçável";"Com Vítimas Feridas";"Pleno dia";"Decrescente";"Céu Claro";"Dupla";"Reta";"Não";1;0;0;1;0;0;1;1;-23,409788;-51,987453;"SPRF-PR";"DEL09-PR";"UOP01-DEL09-PR"
500185;2023-01-20;"sexta-feira";"05:20:00";"GO";60;373;"RIO VERDE";"Ausência de reação do condutor";"Saída de leito carroçável";"Com Vítimas Fatais";"Amanhecer";"Decrescente";"Céu Claro";"Dupla";"Não Informado";"Sim";1;1;0;0;0;0;0;1;-17,7116;-50,8524;"SPRF-GO";"DEL04-GO";"UOP02-DEL04-GO"
500186;2023-01-19;"quinta-feira";"23:00:00";"RS";471;188,3;"RIO PARDO";"Animais na Pista";"Atropelamento de Animal";"Sem Vítimas";"Plena Noite";"Decrescente";"Céu Claro";"Simples";"Curva";"Não";3;0;0;0;3;0;0;1;-30,148029;-52,373077;"SPRF-RS";"DEL02-RS";"UOP03-DEL02-RS"
500187;2023-01-20;"sexta-feira";"04:55:00";"SC";101;210;"SAO JOSE";"Acumulo de água sobre o pavimento";"Colisão com objeto";"Com Vítimas Feridas";"Plena Noite";"Crescente";"Chuva";"Múltipla";"Não Informado";"Sim";2;0;2;0;0;0;2;1;-27,6167305;-48,6457265;"SPRF-SC";"DEL01-SC";"UOP01-DEL01-SC"
500188;2023-01-20;"sexta-feira";"01:00:00";"SC";101;92;"BARRA VELHA";"Demais falhas mecânicas ou elétricas";"Saída de leito carroçável";"Com Vítimas Feridas";"Plena Noite";"Decrescente";"Nublado";"Dupla";"Reta";"Sim";2;0;1;0;1;0;1;1;-26,68633365;-48,69513452;"SPRF-SC";"DEL03-SC";"UOP02-DEL03-SC"
500189;2023-01-20;"sexta-feira";"05:10:00";"RJ";116;251,9;"PIRAI";"Pedestre cruzava a pista fora da faixa";"Atropelamento de Pedestre";"Com Vítimas Fatais";"Amanhecer";"Decrescente";"Céu Claro";"Dupla";"Reta";"Sim";3;1;0;0;2;0;0;2;-22,58482223;-43,95961921;"SPRF-RJ";"DEL07-RJ";"UOP01-DEL07-RJ"
500190;2023-01-14;"sábado";"20:20:00";"RS";116;0,2;"PORTO ALEGRE";"Reação tardia ou ineficiente do condutor";"Colisão traseira";"Com Vítimas Feridas";"Anoitecer";"Decrescente";"Céu Claro";"Múltipla";"Não Informado";"Sim";2;0;1;0;1;0;1;2;-29,9750581;-51,17796269;"SPRF-RS";"DEL01-RS";"UOP01-DEL01-RS"
500191;2023-01-09;"segunda-feira";"07:50:00";"PI";316;27;"DEMERVAL LOBAO";"Reação tardia ou ineficiente do condutor";"Colisão transversal";"Com Vítimas Feridas";"Pleno dia";"Decrescente";"Nublado";"Simples";"Reta";"Não";7;0;2;3;1;1;5;2;-5,30982304;-42,70451509;"SPRF-PI";"DEL01-PI";"UOP02-DEL01-PI"
500194;2023-01-20;"sexta-feira";"07:25:00";"SC";282;17,1;"SANTO AMARO DA IMPERATRIZ";"Ausência de reação do condutor";"Colisão lateral mesmo sentido";"Com Vítimas Feridas";"Pleno dia";"Decrescente";"Nublado";"Simples";"Reta";"Sim";3;0;2;0;1;0;2;2;-27,665707;-48,688065;"SPRF-SC";"DEL01-SC";"UOP02-DEL01-SC"