"id";"data_inversa";"dia_semana";"horario";"uf";"br";"km";"municipio";"causa_acidente";"tipo_acidente";"classificacao_acidente";"fase_dia";"sentido_via";"condicao_metereologica";"tipo_pista";"tracado_via";"uso_solo";"pessoas";"mortos";"feridos_leves";"feridos_graves";"ilesos";"ignorados";"feridos";"veiculos";"latitude";"longitude";"regional";"delegacia";"uop"
500195;2023-01-20;"sexta-feira";"06:50:00";"MG";381;488;"BETIM";"Ausência de reação do condutor";"Colisão traseira";"Com Vítimas Feridas";"Pleno dia";"Decrescente";"Céu Claro";"Dupla";"Reta";"Não";3;0;2;0;1;0;2;2;-19,9598656;-44,15489715;"SPRF-MG";"DEL01-MG";"UOP03-DEL01-MG"
500196;2023-01-20;"sexta-feira";"06:58:00";"PR";277;575,7;"CASCAVEL";"Ausência de reação do condutor";"Colisão com objeto";"Com Vítimas Feridas";"Pleno dia";"Decrescente";"Sol";"Simples";"Reta";"Não";1;0;1;0;0;0;1;1;-24,98980793;-53,32115517;"SPRF-PR";"DEL04-PR";"UOP01-DEL04-PR"
500197;2023-01-20;"sexta-feira";"07:00:00";"MG";381;487;"BETIM";"Velocidade Incompatível";"Colisão com objeto";"Sem Vítimas";"Pleno dia";"Decrescente";"Nublado";"Dupla";"Reta";"Sim";1;0;0;0;1;0;0;1;-19,95660328;-44,11885511;"SPRF-MG";"DEL01-MG";"UOP03-DEL01-MG"
500199;2023-01-20;"sexta-feira";"06:21:00";"MS";163;330;"RIO BRILHANTE";"Ausência de reação do condutor";"Saída de leito carroçável";"Com Vítimas Feridas";"Pleno dia";"Crescente";"Céu Claro";"Simples";"Reta";"Não";1;0;1;0;0;0;1;1;-21,72527713;-54,50959564;"SPRF-MS";"DEL02-MS";"UOP02-DEL02-MS"
500200;2023-01-20;"sexta-feira";"07:50:00";"SP";153;73;"SAO JOSE DO RIO PRETO";"Reação tardia ou ineficiente do condutor";"Colisão traseira";"Com Vítimas Feridas";"Pleno dia";"Decrescente";"Céu Claro";"Dupla";"Reta";"Não";3;0;2;0;0;1;2;2;-20,87627206;-49,42004692;"SPRF-SP";"DEL09-SP";"UOP01-DEL09-SP"
500203;2023-01-20;"sexta-feira";"06:55:00";"MG";262;497,1;"MOEMA";"Velocidade Incompatível";"Saída de leito carroçável";"Com Vítimas Fatais";"Pleno dia";"Decrescente";"Chuva";"Simples";"Reta";"Não";1;1;0;0;0;0;0;1;-19,7847365;-45,40822903;"SPRF-MG";"DEL08-MG";"UOP03-DEL08-MG"
500204;2023-01-20;"sexta-feira";"08:05:00";"DF";20;9;"BRASILIA";"Acessar a via sem observar a presença dos outros veículos";"Colisão transversal";"Com Vítimas Feridas";"Pleno dia";"Decrescente";"Sol";"Dupla";"Reta";"Sim";2;0;1;0;1;0;1;2;-15,654671;-47,782917;"SPRF-DF";"DEL02-DF";"UOP01-DEL02-DF"
500205;2023-01-20;"sexta-feira";"07:47:00";"PE";232;518;"SALGUEIRO";"Acessar a via sem observar a presença dos outros veículos";"Colisão transversal";"Com Vítimas Feridas";"Pleno dia";"Crescente";"Céu Claro";"Simples";"Interseção de vias";"Não";3;0;1;0;2;0;1;2;-8,06265765;-39,21404785;"SPRF-PE";"DEL05-PE";"UOP01-DEL05-PE"
500206;2023-01-20;"sexta-feira";"08:00:00";"TO";10;437;"PALMAS";"Avarias e/ou desgaste excessivo no pneu";"Tombamento";"Com Vítimas Feridas";"Pleno dia";"Crescente";"Sol";"Múltipla";"Reta";"Sim";2;0;2;0;0;0;2;1;-10,2420550079;-48,2972529993;"SPRF-TO";"DEL01-TO";"UOP03-DEL01-TO"
500207;2023-01-20;"sexta-feira";"07:35:00";"SC";101;158;"PORTO BELO";"Acessar a via sem observar a presença dos outros veículos";"Colisão transversal";"Com Vítimas Feridas";"Pleno dia";"Decrescente";"Céu Claro";"Dupla";"Reta";"Não";2;0;1;0;1;0;1;2;-27,19096301;-48,61259017;"SPRF-SC";"DEL04-SC";"UOP03-DEL04-SC"
500209;2023-01-16;"segunda-feira";"21:40:00";"MA";NA;NA;"IMPERATRIZ";"Pista esburacada";"Colisão com objeto";"Com Vítimas Feridas";"Plena Noite";"Não Informado";"Céu Claro";"Simples";"Reta";"Sim";2;0;1;0;1;0;1;1;-5,52231671;-47,45557308;"SPRF-MA";"DEL04-MA";"UOP01-DEL04-MA"
500210;2023-01-20;"sexta-feira";"06:55:00";"RJ";493;120;"ITAGUAI";"Condutor deixou de manter distância do veículo da frente";"Colisão traseira";"Com Vítimas Feridas";"Pleno dia";"Crescente";"Nublado";"Dupla";"Curva";"Não";4;0;2;0;2;0;2;2;-22,87882;-43,825353;"SPRF-RJ";"DEL01-RJ";"UOP04-DEL01-RJ"
500211;2023-01-20;"sexta-feira";"07:40:00";"RS";472;183,9;"SANTO CRISTO";"Transitar na contramão";"Colisão frontal";"Com Vítimas Feridas";"Pleno dia";"Crescente";"Sol";"Simples";"Não Informado";"Não";2;0;1;0;1;0;1;2;-27,83998265;-54,58295594;"SPRF-RS";"DEL10-RS";"UOP01-DEL10-RS"
500212;2023-01-20;"sexta-feira";"08:55:00";"PE";101;68,1;"RECIFE";"Condutor deixou de manter distância do veículo da frente";"Colisão traseira";"Sem Vítimas";"Pleno dia";"Decrescente";"Céu Claro";"Múltipla";"Não Informado";"Sim";2;0;0;0;2;0;0;2;-8,05074296;-34,94580619;"SPRF-PE";"DEL01-PE";"UOP01-DEL01-PE"
500213;2023-01-20;"sexta-feira";"06:30:00";"RN";304;226;"RIACHUELO";"Ingestão de álcool pelo condutor";"Tombamento";"Com Vítimas Feridas";"Pleno dia";"Crescente";"Sol";"Simples";"Curva";"Não";1;0;1;0;0;0;1;1;-5,74738757;-35,93748093;"SPRF-RN";"DEL01-RN";"UOP03-DEL01-RN"
500214;2023-01-20;"sexta-feira";"07:00:00";"RJ";40;113;"DUQUE DE CAXIAS";"Avarias e/ou desgaste excessivo no pneu";"Queda de ocupante de veículo";"Com Vítimas Feridas";"Pleno dia";"Crescente";"Céu Claro";"Múltipla";"Reta";"Não";2;0;2;0;0;0;2;1;-22,70948502;-43,29040354;"SPRF-RJ";"DEL01-RJ";"UOP01-DEL01-RJ"
500218;2023-01-20;"sexta-feira";"09:30:00";"MG";381;742,8;"TRES CORACOES";"Manobra de mudança de faixa";"Colisão lateral mesmo sentido";"Com Vítimas Feridas";"Pleno dia";"Decrescente";"Chuva";"Dupla";"Não Informado";"Não";5;0;1;0;4;0;1;2;-21,6053414;-45,24066481;"SPRF-MG";"DEL16-MG";"UOP02-DEL16-MG"
500220;2023-01-20;"sexta-feira";"09:40:00";"MG";381;482,6;"CONTAGEM";"Ausência de reação do condutor";"Colisão lateral mesmo sentido";"Com Vítimas Feridas";"Pleno dia";"Crescente";"Céu Claro";"Dupla";"Não Informado";"Sim";3;0;2;0;1;0;2;2;-19,95882786;-44,06993866;"SPRF-MG";"DEL01-MG";"UOP03-DEL01-MG"
500222;2023-01-20;"sexta-feira";"10:00:00";"SP";116;217;"GUARULHOS";"Manobra de mudança de faixa";"Colisão lateral mesmo sentido";"Sem Vítimas";"Pleno dia";"Crescente";"Céu Claro";"Múltipla";"Reta";"Não";2;0;0;0;2;0;0;2;-23,45465572;-46,47254212;"SPRF-SP";"DEL01-SP";"UOP01-DEL01-SP"
500223;2023-01-20;"sexta-feira";"06:15:00";"MA";222;675;"ACAILANDIA";"Desrespeitar a preferência no cruzamento";"Colisão transversal";"Com Vítimas Feridas";"Amanhecer";"Crescente";"Céu Claro";"Simples";"Interseção de vias";"Sim";2;0;1;0;1;0;1;2;-4,93859094;-47,46131504;"SPRF-MA";"DEL04-MA";"UOP03-DEL04-MA"
500224;2023-01-20;"sexta-feira";"10:30:00";"SC";101;57,9;"ARAQUARI";"Reação tardia ou ineficiente do condutor";"Saída de leito carroçável";"Com Vítimas Feridas";"Pleno dia";"Crescente";"Chuva";"Dupla";"Reta";"Não";2;0;2;0;0;0;2;1;-26,43929795;-48,80264282;"SPRF-SC";"DEL03-SC";"UOP01-DEL03-SC"
500226;2023-01-20;"sexta-feira";"10:15:00";"RJ";101;410;"ITAGUAI";"Trafegar com motocicleta (ou similar) entre as faixas";"Colisão transversal";"Com Vítimas Feridas";"Pleno dia";"Crescente";"Nublado";"Dupla";"Reta";"Sim";9;0;2;0;7;0;2;3;-22,88990471;-43,84007225;"SPRF-RJ";"DEL01-RJ";"UOP04-DEL01-RJ"
500228;2023-01-20;"sexta-feira";"11:10:00";"TO";10;431;"PALMAS";"Acessar a via sem observar a presença dos outros veículos";"Colisão traseira";"Com Vítimas Feridas";"Pleno dia";"Crescente";"Céu Claro";"Múltipla";"Não Informado";"Sim";4;0;2;0;2;0;2;2;-10,26420619;-48,3080205;"SPRF-TO";"DEL01-TO";"UOP03-DEL01-TO"
500230;2023-01-19;"quinta-feira";"23:30:00";"RN";405;168,4;"MARCELINO VIEIRA";"Reação tardia ou ineficiente do condutor";"Saída de leito carroçável";"Com Vítimas Fatais";"Plena Noite";"Crescente";"Céu Claro";"Simples";"Desvio Temporário";"Não";1;1;0;0;0;0;0;1;-6,2582317;-38,2489522;"SPRF-RN";"DEL04-RN";"UOP02-DEL04-RN"
500231;2023-01-20;"sexta-feira";"10:50:00";"CE";116;5;"FORTALEZA";"Mal súbito do condutor";"Saída de leito carroçável";"Com Vítimas Feridas";"Pleno dia";"Crescente";"Chuva";"Simples";"Reta";"Não";1;0;1;0;0;0;1;1;-3,79467116;-38,50772734;"SPRF-CE";"DEL01-CE";"UOP02-DEL01-CE"
500234;2023-01-20;"sexta-feira";"11:00:00";"AL";101;114;"PILAR";"Velocidade Incompatível";"Saída de leito carroçável";"Com Vítimas Feridas";"Pleno dia";"Crescente";"Sol";"Dupla";"Não Informado";"Não";1;0;1;0;0;0;1;1;-9,63663301;-36,03046002;"SPRF-AL";"DEL02-AL";"UOP01-DEL02-AL"
500235;2023-01-20;"sexta-feira";"12:30:00";"PR";376;681;"GUARATUBA";"Ausência de reação do condutor";"Capotamento";"Com Vítimas Feridas";"Pleno dia";"Crescente";"Céu Claro";"Dupla";"Curva";"Não";2;0;1;0;1;0;1;1;-25,96596616;-48,89663319;"SPRF-PR";"DEL01-PR";"UOP04-DEL01-PR"
500236;2023-01-20;"sexta-feira";"12:30:00";"SE";101;25;"MURIBECA";"Pista Escorregadia";"Colisão com objeto";"Com Vítimas Feridas";"Pleno dia";"Crescente";"Nublado";"Dupla";"Reta";"Não";4;0;2;0;2;0;2;1;-10,4049654;-36,91875769;"SPRF-SE";"DEL02-SE";"UOP02-DEL02-SE"
500237;2023-01-20;"sexta-feira";"11:30:00";"MT";163;1046;"MATUPA";"Restrição de visibilidade em curvas horizontais";"Colisão transversal";"Com Vítimas Feridas";"Pleno dia";"Crescente";"Nublado";"Simples";"Não Informado";"Não";4;0;1;0;3;0;1;2;-10,13143369;-54,93147634;"SPRF-MT";"DEL06-MT";"UOP03-DEL06-MT"
500238;2023-01-20;"sexta-feira";"13:10:00";"RS";116;264;"CANOAS";"Demais falhas mecânicas ou elétricas";"Eventos atípicos";"Com Vítimas Feridas";"Pleno dia";"Crescente";"Céu Claro";"Dupla";"Reta";"Sim";2;0;1;0;0;1;1;1;-29,914435;-51,17754495;"SPRF-RS";"DEL01-RS";"UOP01-DEL01-RS"
500240;2023-01-20;"sexta-feira";"13:00:00";"RS";287;385;"SANTIAGO";"Animais na Pista";"Atropelamento de Animal";"Sem Vítimas";"Pleno dia";"Crescente";"Chuva";"Simples";"Não Informado";"Não";3;0;0;0;3;0;0;1;-29,27152595;-54,80106096;"SPRF-RS";"DEL12-RS";"UOP02-DEL12-RS"
500241;2023-01-20;"sexta-feira";"11:07:00";"RJ";116;177;"SAO JOAO DE MERITI";"Condutor Dormindo";"Colisão transversal";"Com Vítimas Feridas";"Pleno dia";"Crescente";"Céu Claro";"Dupla";"Reta";"Sim";2;0;1;0;1;0;1;2;-22,78055198;-43,39208599;"SPRF-RJ";"DEL01-RJ";"UOP02-DEL01-RJ"
500243;2023-01-20;"sexta-feira";"12:30:00";"MG";381;923,5;"CAMANDUCAIA";"Reação tardia ou ineficiente do condutor";"Colisão com objeto";"Com Vítimas Feridas";"Pleno dia";"Decrescente";"Chuva";"Dupla";"Curva";"Não";1;0;1;0;0;0;1;1;-22,7671484;-46,22667493;"SPRF-MG";"DEL16-MG";"UOP03-DEL16-MG"
500245;2023-01-20;"sexta-feira";"13:05:00";"PB";230;23;"JOAO PESSOA";"Ausência de reação do condutor";"Tombamento";"Com Vítimas Feridas";"Pleno dia";"Decrescente";"Céu Claro";"Dupla";"Não Informado";"Sim";1;0;1;0;0;0;1;1;-7,1562;-34,8574;"SPRF-PB";"DEL01-PB";"UOP01-DEL01-PB"
500246;2023-01-20;"sexta-feira";"13:10:00";"BA";101;507;"ITABUNA";"Transitar na contramão";"Colisão frontal";"Com Vítimas Feridas";"Pleno dia";"Decrescente";"Sol";"Simples";"Reta";"Sim";2;0;0;2;0;0;2;2;-14,811104;-39,29733;"SPRF-BA";"DEL05-BA";"UOP01-DEL05-BA"
500247;2023-01-20;"sexta-feira";"11:50:00";"RJ";101;485;"ANGRA DOS REIS";"Acessar a via sem observar a presença dos outros veículos";"Colisão transversal";"Com Vítimas Feridas";"Pleno dia";"Crescente";"Nublado";"Simples";"Curva";"Sim";2;0;0;2;0;0;2;2;-22,98573526;-44,29709764;"SPRF-RJ";"DEL03-RJ";"UOP02-DEL03-RJ"
500248;2023-01-20;"sexta-feira";"13:15:00";"RJ";40;105;"DUQUE DE CAXIAS";"Condutor Dormindo";"Colisão lateral mesmo sentido";"Com Vítimas Feridas";"Pleno dia";"Decrescente";"Nublado";"Dupla";"Reta";"Sim";3;0;1;0;2;0;1;2;-22,63784806;-43,28428824;"SPRF-RJ";"DEL01-RJ";"UOP01-DEL01-RJ"
500249;2023-01-20;"sexta-feira";"11:45:00";"MG";40;513;"RIBEIRAO DAS NEVES";"Ausência de reação do condutor";"Colisão traseira";"Sem Vítimas";"Pleno dia";"Crescente";"Nublado";"Dupla";"Reta";"Sim";3;0;0;0;3;0;0;2;-19,7970544;-44,1080512;"SPRF-MG";"DEL01-MG";"UOP02-DEL01-MG"
500252;2023-01-20;"sexta-feira";"13:55:00";"MG";262;35;"MANHUACU";"Condutor deixou de manter distância do veículo da frente";"Atropelamento de Pedestre";"Com Vítimas Feridas";"Pleno dia";"Crescente";"Nublado";"Simples";"Curva";"Sim";2;0;1;0;1;0;1;1;-20,2592562;-42,01698194;"SPRF-MG";"DEL06-MG";"UOP03-DEL06-MG"
500253;2023-01-20;"sexta-feira";"14:00:00";"CE";222;4;"CAUCAIA";"Condutor deixou de manter distância do veículo da frente";"Colisão traseira";"Com Vítimas Feridas";"Pleno dia";"Decrescente";"Céu Claro";"Múltipla";"Reta";"Sim";2;0;1;0;1;0;1;2;-3,74164754;-38,60449792;"SPRF-CE";"DEL01-CE";"UOP01-DEL01-CE"
500255;2023-01-20;"sexta-feira";"13:35:00";"RJ";101;307;"SAO GONCALO";"Ausência de reação do condutor";"Colisão traseira";"Com Vítimas Feridas";"Pleno dia";"Decrescente";"Céu Claro";"Dupla";"Reta";"Sim";2;0;1;0;1;0;1;2;-22,79115777;-43,01514205;"SPRF-RJ";"DEL02-RJ";"UOP02-DEL02-RJ"
500256;2023-01-20;"sexta-feira";"14:35:00";"PR";373;175,5;"PONTA GROSSA";"Velocidade Incompatível";"Colisão com objeto";"Sem Vítimas";"Pleno dia";"Crescente";"Céu Claro";"Dupla";"Curva";"Sim";1;0;0;0;1;0;0;1;-25,06728094;-50,21211882;"SPRF-PR";"DEL03-PR";"UOP01-DEL03-PR"
500258;2023-01-20;"sexta-feira";"12:30:00";"AL";101;227;"PORTO REAL DO COLEGIO";"Chuva";"Saída de leito carroçável";"Sem Vítimas";"Pleno dia";"Decrescente";"Chuva";"Dupla";"Reta";"Não";2;0;0;0;0;2;0;1;-10,10414044;-36,71229046;"SPRF-AL";"DEL02-AL";"UOP02-DEL02-AL"
500259;2023-01-20;"sexta-feira";"14:30:00";"SC";101;206,3;"FLORIANOPOLIS";"Trafegar com motocicleta (ou similar) entre as faixas";"Engavetamento";"Com Vítimas Feridas";"Pleno dia";"Crescente";"Céu Claro";"Múltipla";"Reta";"Não";3;0;2;0;1;0;2;3;-27,59193546;-48,61824557;"SPRF-SC";"DEL01-SC";"UOP01-DEL01-SC"
500262;2023-01-20;"sexta-feira";"12:00:00";"BA";116;208;"EUCLIDES DA CUNHA";"Ausência de reação do condutor";"Saída de leito carroçável";"Com Vítimas Feridas";"Pleno dia";"Crescente";"Céu Claro";"Simples";"Reta";"Não";6;0;3;0;3;0;3;1;-10,48574586;-39,01761064;"SPRF-BA";"DEL07-BA";"UOP02-DEL07-BA"
500263;2023-01-20;"sexta-feira";"14:00:00";"CE";20;296,8;"CANINDE";"Chuva";"Colisão com objeto";"Com Vítimas Feridas";"Pleno dia";"Decrescente";"Chuva";"Simples";"Curva";"Não";2;0;1;0;1;0;1;1;-4,44744398;-39,33936102;"SPRF-CE";"DEL02-CE";"UOP01-DEL02-CE"
500264;2023-01-20;"sexta-feira";"11:45:00";"PR";369;178,8;"ARAPONGAS";"Ausência de reação do condutor";"Colisão com objeto";"Com Vítimas Feridas";"Pleno dia";"Crescente";"Sol";"Dupla";"Reta";"Sim";1;0;0;1;0;0;1;1;-23,356104;-51,393954;"SPRF-PR";"DEL07-PR";"UOP01-DEL07-PR"
500266;2023-01-20;"sexta-feira";"12:24:00";"SC";282;155;"BOM RETIRO";"Condutor deixou de manter distância do veículo da frente";"Colisão traseira";"Com Vítimas Feridas";"Pleno dia";"Crescente";"Céu Claro";"Simples";"Reta";"Não";3;0;1;0;2;0;1;2;-27,75168;-49,707371;"SPRF-SC";"DEL05-SC";"UOP01-DEL05-SC"
500267;2023-01-20;"sexta-feira";"15:00:00";"ES";101;71;"SAO MATEUS";"Acesso irregular";"Colisão lateral mesmo sentido";"Com Vítimas Feridas";"Pleno dia";"Crescente";"Sol";"Simples";"Reta";"Não";2;0;1;0;1;0;1;2;-18,753513;-39,862598;"SPRF-ES";"DEL04-ES";"UOP02-DEL04-ES"
500268;2023-01-20;"sexta-feira";"14:15:00";"RJ";116;314;"RESENDE";"Demais falhas mecânicas ou elétricas";"Colisão com objeto";"Com Vítimas Feridas";"Pleno dia";"Crescente";"Nublado";"Dupla";"Reta";"Não";1;0;1;0;0;0;1;1;-22,46045833;-44,47218299;"SPRF-RJ";"DEL07-RJ";"UOP02-DEL07-RJ"
500269;2023-01-20;"sexta-feira";"15:20:00";"MG";381;480;"CONTAGEM";"Velocidade Incompatível";"Tombamento";"Com Vítimas Feridas";"Pleno dia";"Decrescente";"Chuva";"Múltipla";"Não Informado";"Sim";1;0;1;0;0;0;1;1;-19,95749597;-44,07899901;"SPRF-MG";"DEL01-MG";"UOP03-DEL01-MG"
500270;2023-01-20;"sexta-feira";"08:00:00";"PE";232;113;"BEZERROS";"Entrada inopinada do pedestre";"Atropelamento de Pedestre";"Com Vítimas Feridas";"Pleno dia";"Decrescente";"Sol";"Dupla";"Reta";"Sim";2;0;0;1;1;0;1;1;-8,29906533;-35,8402169;"SPRF-PE";"DEL02-PE";"UOP02-DEL02PE"
500271;2023-01-20;"sexta-feira";"15:30:00";"SC";101;203,3;"SAO JOSE";"Acessar a via sem observar a presença dos outros veículos";"Colisão lateral mesmo sentido";"Sem Vítimas";"Pleno dia";"Decrescente";"Céu Claro";"Múltipla";"Reta";"Sim";2;0;0;0;2;0;0;2;-27,5650044;-48,61460082;"SPRF-SC";"DEL01-SC";"UOP01-DEL01-SC"
500276;2023-01-20;"sexta-feira";"16:00:00";"SC";101;204,7;"SAO JOSE";"Manobra de mudança de faixa";"Queda de ocupante de veículo";"Com Vítimas Feridas";"Pleno dia";"Crescente";"Céu Claro";"Dupla";"Reta";"Sim";1;0;1;0;0;0;1;1;-27,57413014;-48,61363083;"SPRF-SC";"DEL01-SC";"UOP01-DEL01-SC"
500280;2023-01-20;"sexta-feira";"16:15:00";"PE";101;72,2;"RECIFE";"Acessar a via sem observar a presença dos outros veículos";"Colisão transversal";"Com Vítimas Feridas";"Pleno dia";"Crescente";"Sol";"Simples";"Reta";"Sim";3;0;2;0;1;0;2;2;-8,08493106;-34,9450639;"SPRF-PE";"DEL01-PE";"UOP01-DEL01-PE"
500281;2023-01-04;"quarta-feira";"20:00:00";"SC";101;123,4;"ITAJAI";"Ausência de reação do condutor";"Colisão traseira";"Com Vítimas Fatais";"Plena Noite";"Crescente";"Céu Claro";"Dupla";"Reta";"Não";3;1;0;0;2;0;0;2;-26,9394589;-48,6959078;"SPRF-SC";"DEL04-SC";"UOP04-DEL04-SC"
500283;2023-01-20;"sexta-feira";"16:20:00";"RJ";116;235;"PIRAI";"Ausência de reação do condutor";"Colisão traseira";"Com Vítimas Feridas";"Pleno dia";"Crescente";"Chuva";"Dupla";"Curva";"Não";5;0;2;0;3;0;2;3;-22,66934677;-43,85528603;"SPRF-RJ";"DEL07-RJ";"UOP01-DEL07-RJ"
500287;2023-01-20;"sexta-feira";"15:00:00";"RS";468;100,1;"TRES PASSOS";"Desrespeitar a preferência no cruzamento";"Colisão transversal";"Sem Vítimas";"Pleno dia";"Crescente";"Céu Claro";"Simples";"Não Informado";"Sim";2;0;0;0;2;0;0;2;-27,474;-53,91921;"SPRF-RS";"DEL08-RS";"UOP02-DEL08-RS"
500288;2023-01-20;"sexta-feira";"13:10:00";"GO";153;284;"NOVA GLORIA";"Acesso irregular";"Colisão frontal";"Sem Vítimas";"Pleno dia";"Crescente";"Céu Claro";"Dupla";"Reta";"Não";2;0;0;0;2;0;0;2;-15,162119;-49,5406;"SPRF-GO";"DEL07-GO";"UOP02-DEL07-GO"
500291;2023-01-20;"sexta-feira";"13:30:00";"SC";282;547;"NOVA ITABERABA";"Acessar a via sem observar a presença dos outros veículos";"Colisão lateral mesmo sentido";"Com Vítimas Feridas";"Pleno dia";"Decrescente";"Céu Claro";"Simples";"Reta";"Não";3;0;3;0;0;0;3;2;-26,973904;-52,745403;"SPRF-SC";"DEL07-SC";"UOP01-DEL07-SC"
500292;2023-01-20;"sexta-feira";"14:00:00";"BA";30;362,3;"BRUMADO";"Acessar a via sem observar a presença dos outros veículos";"Colisão transversal";"Com Vítimas Feridas";"Pleno dia";"Decrescente";"Céu Claro";"Simples";"Reta";"Não";4;0;1;0;3;0;1;2;-14,23764664;-41,71360806;"SPRF-BA";"DEL08-BA";"UOP01-DEL08-BA"
500296;2023-01-20;"sexta-feira";"16:45:00";"RS";116;242,6;"SAO LEOPOLDO";"Ausência de reação do condutor";"Engavetamento";"Sem Vítimas";"Pleno dia";"Crescente";"Céu Claro";"Múltipla";"Não Informado";"Sim";4;0;0;0;4;0;0;3;-29,72297087;-51,14858729;"SPRF-RS";"DEL01-RS";"UOP02-DEL01-RS"
500297;2023-01-20;"sexta-feira";"17:21:00";"MG";381;489,9;"BETIM";"Ausência de reação do condutor";"Colisão traseira";"Com Vítimas Feridas";"Pleno dia";"Crescente";"Chuva";"Dupla";"Reta";"Sim";5;0;1;0;4;0;1;2;-19,95656893;-44,13714409;"SPRF-MG";"DEL01-MG";"UOP03-DEL01-MG"
500298;2023-01-20;"sexta-feira";"15:55:00";"SC";101;87;"BARRA VELHA";"Reação tardia ou ineficiente do condutor";"Colisão traseira";"Com Vítimas Feridas";"Pleno dia";"Crescente";"Céu Claro";"Dupla";"Reta";"Sim";2;0;1;0;1;0;1;2;-26,63713377;-48,69651057;"SPRF-SC";"DEL03-SC";"UOP02-DEL03-SC"
500299;2023-01-20;"sexta-feira";"17:00:00";"PB";104;114;"LAGOA SECA";"Ausência de reação do condutor";"Colisão traseira";"Com Vítimas Feridas";"Pleno dia";"Crescente";"Céu Claro";"Simples";"Reta";"Sim";3;0;0;1;2;0;1;2;-7,1620139;-35,85712429;"SPRF-PB";"DEL02-PB";"UOP04-DEL02-PB"
500300;2023-01-20;"sexta-feira";"16:40:00";"RN";101;148;"GOIANINHA";"Ingestão de álcool pelo condutor";"Colisão transversal";"Com Vítimas Feridas";"Pleno dia";"Decrescente";"Céu Claro";"Simples";"Reta";"Sim";3;0;1;0;2;0;1;2;-6,27949119;-35,20490033;"SPRF-RN";"DEL01-RN";"UOP01-DEL01-RN"
500301;2023-01-20;"sexta-feira";"17:00:00";"PR";476;136;"CURITIBA";"Reação tardia ou ineficiente do condutor";"Colisão lateral mesmo sentido";"Com Vítimas Feridas";"Pleno dia";"Crescente";"Chuva";"Múltipla";"Reta";"Sim";3;0;2;0;1;0;2;2;-25,491047;-49,271679;"SPRF-PR";"DEL01-PR";"UOP03-DEL01-PR"
500304;2023-01-20;"sexta-feira";"17:20:00";"PR";277;1;"FOZ DO IGUACU";"Acessar a via sem observar a presença dos outros veículos";"Colisão traseira";"Com Vítimas Feridas";"Pleno dia";"Crescente";"Céu Claro";"Dupla";"Interseção de vias";"Sim";3;0;1;0;2;0;1;3;-25,5469;-54,5882;"SPRF-PR";"DEL05-PR";"UOP03-DEL05-PR"
500305;2023-01-20;"sexta-feira";"14:25:00";"RJ";40;91;"PETROPOLIS";"Ausência de reação do condutor";"Saída de leito carroçável";"Com Vítimas Feridas";"Pleno dia";"Crescente";"Céu Claro";"Simples";"Reta";"Não";4;0;2;0;2;0;2;1;-22,550286;-43,244983;"SPRF-RJ";"DEL06-RJ";"UOP02-DEL06-RJ"
500306;2023-01-20;"sexta-feira";"11:30:00";"MG";381;209,2;"NAQUE";"Ultrapassagem Indevida";"Colisão lateral mesmo sentido";"Com Vítimas Feridas";"Pleno dia";"Crescente";"Céu Claro";"Simples";"Reta";"Não";2;0;0;1;1;0;1;2;-19,2217212;-42,3220738;"SPRF-MG";"DEL06-MG";"UOP01-DEL06-MG"
500308;2023-01-20;"sexta-feira";"17:40:00";"GO";153;502,1;"GOIANIA";"Condutor deixou de manter distância do veículo da frente";"Colisão traseira";"Com Vítimas Feridas";"Pleno dia";"Crescente";"Nublado";"Múltipla";"Reta";"Sim";3;0;1;0;2;0;1;2;-16,7287;-49,2424;"SPRF-GO";"DEL01-GO";"UOP01-DEL01-GO"
500314;2023-01-20;"sexta-feira";"17:40:00";"GO";40;96;"CRISTALINA";"Acessar a via sem observar a presença dos outros veículos";"Saída de leito carroçável";"Com Vítimas Feridas";"Pleno dia";"Crescente";"Céu Claro";"Simples";"Não Informado";"Não";4;0;2;0;2;0;2;1;-16,75768;-47,601613;"SPRF-DF";"DEL01-DF";"UOP04-DEL01-DF"
500315;2023-01-20;"sexta-feira";"17:45:00";"RS";290;418;"SAO GABRIEL";"Transitar na contramão";"Colisão transversal";"Com Vítimas Feridas";"Pleno dia";"Decrescente";"Céu Claro";"Dupla";"Não Informado";"Não";2;0;1;0;1;0;1;2;-30,35267577;-54,33292866;"SPRF-RS";"DEL11-RS";"UOP02-DEL11-RS"
500316;2023-01-20;"sexta-feira";"14:00:00";"MG";50;175;"UBERABA";"Condutor usando celular";"Capotamento";"Com Vítimas Feridas";"Pleno dia";"Decrescente";"Sol";"Simples";"Reta";"Sim";1;0;1;0;0;0;1;1;-19,77880359;-47,9695118;"SPRF-MG";"DEL13-MG";"UOP01-DEL13-MG"
500318;2023-01-22;"domingo";"08:25:00";"AL";101;103,2;"PILAR";"Acessar a via sem observar a presença dos outros veículos";"Colisão traseira";"Com Vítimas Feridas";"Pleno dia";"Crescente";"Céu Claro";"Dupla";"Retorno Regulamentado";"Não";5;0;1;0;3;1;1;2;-9,581803;-35,97346001;"SPRF-AL";"DEL02-AL";"UOP01-DEL02-AL"