"id";"data_inversa";"dia_semana";"horario";"uf";"br";"km";"municipio";"causa_acidente";"tipo_acidente";"classificacao_acidente";"fase_dia";"sentido_via";"condicao_metereologica";"tipo_pista";"tracado_via";"uso_solo";"pessoas";"mortos";"feridos_leves";"feridos_graves";"ilesos";"ignorados";"feridos";"veiculos";"latitude";"longitude";"regional";"delegacia";"uop"
500427;2023-01-21;"sábado";"20:20:00";"PR";163;20;"SANTO ANTONIO DO SUDOESTE";"Ingestão de álcool pelo condutor";"Colisão frontal";"Com Vítimas Feridas";"Plena Noite";"Crescente";"Ignorado";"Simples";"Reta";"Não";3;0;0;2;1;0;2;2;-26,20985993;-53,63955188;"SPRF-PR";"DEL02-PR";"UOP02-DEL02-PR"
500428;2023-01-22;"domingo";"07:30:00";"SP";116;282;"ITAPECERICA DA SERRA";"Condutor deixou de manter distância do veículo da frente";"Colisão traseira";"Com Vítimas Feridas";"Pleno dia";"Crescente";"Céu Claro";"Dupla";"Reta";"Não";3;0;1;0;2;0;1;2;-23,68570216;-46,85970975;"SPRF-SP";"DEL04-SP";"UOP01-DEL04-SP"
500429;2023-01-21;"sábado";"12:40:00";"RN";304;299;"MACAIBA";"Manobra de mudança de faixa";"Saída de leito carroçável";"Com Vítimas Feridas";"Pleno dia";"Decrescente";"Céu Claro";"Simples";"Reta";"Não";1;0;0;1;0;0;1;1;-5,87095859;-35,32359587;"SPRF-RN";"DEL01-RN";"UOP02-DEL01-RN"
500431;2023-01-22;"domingo";"11:25:00";"RJ";101;580,1;"PARATY";"Reação tardia ou ineficiente do condutor";"Colisão lateral mesmo sentido";"Com Vítimas Feridas";"Pleno dia";"Crescente";"Sol";"Simples";"Reta";"Não";2;0;1;0;1;0;1;2;-23,23874387;-44,70062115;"SPRF-RJ";"DEL03-RJ";"UOP01-DEL03-RJ"
500432;2023-01-21;"sábado";"16:20:00";"RN";304;41;"MOSSORO";"Ingestão de álcool e/ou substâncias psicoativas pelo pedestre";"Colisão traseira";"Com Vítimas Feridas";"Pleno dia";"Decrescente";"Céu Claro";"Dupla";"Reta";"Sim";3;0;0;2;1;0;2;2;-5,20483515;-37,37615746;"SPRF-RN";"DEL04-RN";"UOP01-DEL04-RN"
500433;2023-01-22;"domingo";"20:00:00";"SP";116;297;"ITAPECERICA DA SERRA";"Desrespeitar a preferência no cruzamento";"Colisão transversal";"Com Vítimas Feridas";"Plena Noite";"Decrescente";"Céu Claro";"Simples";"Não Informado";"Não";3;0;1;0;2;0;1;2;-23,78323219;-46,91437053;"SPRF-SP";"DEL04-SP";"UOP01-DEL04-SP"
500436;2023-01-22;"domingo";"19:00:00";"PR";376;628,5;"SAO JOSE DOS PINHAIS";"Reação tardia ou ineficiente do condutor";"Saída de leito carroçável";"Com Vítimas Feridas";"Plena Noite";"Crescente";"Nublado";"Dupla";"Reta";"Não";1;0;1;0;0;0;1;1;-25,68732536;-49,14802551;"SPRF-PR";"DEL01-PR";"UOP04-DEL01-PR"
500437;2023-01-21;"sábado";"06:30:00";"MG";381;346;"BELA VISTA DE MINAS";"Acumulo de água sobre o pavimento";"Saída de leito carroçável";"Com Vítimas Feridas";"Pleno dia";"Decrescente";"Chuva";"Simples";"Não Informado";"Não";2;0;1;1;0;0;2;1;-19,85472214;-43,11155319;"SPRF-MG";"DEL03-MG";"UOP01-DEL03-MG"
500438;2023-01-21;"sábado";"17:00:00";"RJ";101;189;"RIO DAS OSTRAS";"Pista Escorregadia";"Saída de leito carroçável";"Com Vítimas Feridas";"Pleno dia";"Crescente";"Garoa/Chuvisco";"Simples";"Curva";"Não";4;0;4;0;0;0;4;1;-22,45589967;-42,0608363;"SPRF-RJ";"DEL08-RJ";"UOP04-DEL08-RJ"
500439;2023-01-21;"sábado";"17:30:00";"SC";282;533,2;"CORDILHEIRA ALTA";"Afundamento ou ondulação no pavimento";"Saída de leito carroçável";"Com Vítimas Feridas";"Plena Noite";"Crescente";"Nublado";"Simples";"Curva";"Não";1;0;1;0;0;0;1;1;-26,995323;-52,625305;"SPRF-SC";"DEL07-SC";"UOP01-DEL07-SC"
500440;2023-01-20;"sexta-feira";"23:30:00";"AL";104;41;"BRANQUINHA";"Condutor deixou de manter distância do veículo da frente";"Colisão traseira";"Com Vítimas Feridas";"Plena Noite";"Decrescente";"Céu Claro";"Simples";"Reta";"Não";4;0;2;0;2;0;2;3;-9,204973;-36,03164206;"SPRF-AL";"DEL01-AL";"UOP02-DEL01-AL"
500441;2023-01-21;"sábado";"11:40:00";"RO";435;123,5;"CEREJEIRAS";"Ultrapassagem Indevida";"Colisão lateral mesmo sentido";"Com Vítimas Feridas";"Pleno dia";"Decrescente";"Céu Claro";"Dupla";"Reta";"Sim";3;0;2;1;0;0;3;2;-13,18889171;-60,808424;"SPRF-RO";"DEL04-RO";"UOP02-DEL04-RO"
500442;2023-01-23;"segunda-feira";"07:41:00";"DF";40;4;"BRASILIA";"Condutor deixou de manter distância do veículo da frente";"Colisão traseira";"Sem Vítimas";"Pleno dia";"Decrescente";"Nublado";"Dupla";"Reta";"Sim";2;0;0;0;2;0;0;2;-16,012033;-47,982124;"SPRF-DF";"DEL01-DF";"UOP01-DEL01-DF"
500444;2023-01-23;"segunda-feira";"09:50:00";"RS";116;258;"ESTEIO";"Manobra de mudança de faixa";"Colisão lateral mesmo sentido";"Com Vítimas Feridas";"Pleno dia";"Decrescente";"Céu Claro";"Dupla";"Reta";"Sim";2;0;1;0;0;1;1;2;-29,86150502;-51,18091535;"SPRF-RS";"DEL01-RS";"UOP02-DEL01-RS"
500448;2023-01-21;"sábado";"03:10:00";"RS";116;238;"NOVO HAMBURGO";"Ingestão de álcool pelo condutor";"Colisão lateral mesmo sentido";"Com Vítimas Feridas";"Plena Noite";"Crescente";"Nublado";"Dupla";"Reta";"Sim";3;0;2;1;0;0;3;2;-29,68739789;-51,14197352;"SPRF-RS";"DEL01-RS";"UOP02-DEL01-RS"
500449;2023-01-22;"domingo";"14:30:00";"PR";277;478,4;"NOVA LARANJEIRAS";"Mal súbito do condutor";"Colisão frontal";"Com Vítimas Feridas";"Pleno dia";"Decrescente";"Sol";"Simples";"Reta";"Não";7;0;3;1;3;0;4;3;-25,29793428;-52,56841504;"SPRF-PR";"DEL04-PR";"UOP02-DEL04-PR"
500451;2023-01-21;"sábado";"02:40:00";"MG";40;15,3;"PARACATU";"Animais na Pista";"Atropelamento de Animal";"Com Vítimas Feridas";"Plena Noite";"Crescente";"Garoa/Chuvisco";"Simples";"Desvio Temporário";"Não";10;0;3;0;6;1;3;2;-17,07769216;-47,03616232;"SPRF-MG";"DEL14-MG";"UOP01-DEL14-MG"
500452;2023-01-21;"sábado";"21:00:00";"MG";262;531,8;"LUZ";"Velocidade Incompatível";"Saída de leito carroçável";"Com Vítimas Feridas";"Plena Noite";"Crescente";"Nublado";"Simples";"Reta";"Não";2;0;2;0;0;0;2;1;-19,78291077;-45,72383994;"SPRF-MG";"DEL08-MG";"UOP02-DEL08-MG"
500453;2023-01-22;"domingo";"04:50:00";"RS";285;372,5;"SALDANHA MARINHO";"Ingestão de álcool pelo condutor";"Colisão lateral sentido oposto";"Sem Vítimas";"Plena Noite";"Decrescente";"Céu Claro";"Simples";"Reta";"Não";2;0;0;0;2;0;0;2;-28,405064;-53,083088;"SPRF-RS";"DEL08-RS";"UOP03-DEL08-RS"
500455;2023-01-22;"domingo";"04:10:00";"PR";476;277;"SAO MATEUS DO SUL";"Pedestre andava na pista";"Atropelamento de Pedestre";"Com Vítimas Fatais";"Plena Noite";"Decrescente";"Céu Claro";"Simples";"Reta";"Sim";2;1;0;0;1;0;0;1;-25,87564811;-50,38928932;"SPRF-PR";"DEL02-PR";"UOP03-DEL02-PR"
500456;2023-01-22;"domingo";"01:50:00";"DF";70;12;"BRASILIA";"Demais falhas mecânicas ou elétricas";"Colisão com objeto";"Sem Vítimas";"Plena Noite";"Crescente";"Céu Claro";"Dupla";"Reta";"Não";1;0;0;0;0;1;0;1;-15,792243;-48,158543;"SPRF-DF";"DEL01-DF";"UOP03-DEL01-DF"
500457;2023-01-22;"domingo";"12:22:00";"SP";116;223;"GUARULHOS";"Avarias e/ou desgaste excessivo no pneu";"Queda de ocupante de veículo";"Com Vítimas Feridas";"Pleno dia";"Decrescente";"Céu Claro";"Múltipla";"Reta";"Não";2;0;2;0;0;0;2;1;-23,47559815;-46,5246609;"SPRF-SP";"DEL01-SP";"UOP01-DEL01-SP"
500458;2023-01-21;"sábado";"16:25:00";"PE";423;91,3;"GARANHUNS";"Ingestão de álcool pelo condutor";"Colisão traseira";"Sem Vítimas";"Pleno dia";"Crescente";"Céu Claro";"Simples";"Não Informado";"Sim";5;0;0;0;5;0;0;2;-8,856556;-36,463932;"SPRF-PE";"DEL03-PE";"UOP01-DEL03-PE"
500459;2023-01-21;"sábado";"18:40:00";"PB";104;195,5;"ALCANTIL";"Transitar na contramão";"Colisão frontal";"Com Vítimas Fatais";"Plena Noite";"Crescente";"Céu Claro";"Simples";"Curva";"Não";3;1;0;0;0;2;0;2;-7,76107074;-36,09318327;"SPRF-PB";"DEL02-PB";"UOP03-DEL02-PB"
500461;2023-01-22;"domingo";"17:28:00";"SP";116;216;"GUARULHOS";"Reação tardia ou ineficiente do condutor";"Saída de leito carroçável";"Com Vítimas Feridas";"Pleno dia";"Decrescente";"Céu Claro";"Múltipla";"Reta";"Não";2;0;1;0;1;0;1;1;-23,45056589;-46,46258105;"SPRF-SP";"DEL01-SP";"UOP01-DEL01-SP"
500462;2023-01-21;"sábado";"18:30:00";"PE";232;405,2;"SERRA TALHADA";"Ausência de reação do condutor";"Queda de ocupante de veículo";"Com Vítimas Feridas";"Plena Noite";"Decrescente";"Nublado";"Simples";"Reta";"Não";1;0;1;0;0;0;1;1;-7,98895584;-38,25355016;"SPRF-PE";"DEL04-PE";"UOP01-DEL04-PE"
500463;2023-01-22;"domingo";"12:00:00";"PB";230;334;"PATOS";"Ausência de reação do condutor";"Colisão traseira";"Com Vítimas Feridas";"Pleno dia";"Decrescente";"Céu Claro";"Simples";"Curva";"Não";2;0;1;0;1;0;1;2;-7,018;-37,2589;"SPRF-PB";"DEL03-PB";"UOP01-DEL03-PB"
500465;2023-01-23;"segunda-feira";"08:45:00";"MT";364;376;"SANTO ANTONIO DO LEVERGER";"Ausência de reação do condutor";"Saída de leito carroçável";"Sem Vítimas";"Pleno dia";"Crescente";"Céu Claro";"Dupla";"Reta";"Não";1;0;0;0;1;0;0;1;-15,70428959;-55,72805299;"SPRF-MT";"DEL01-MT";"UOP02-DEL01-MT"
500466;2023-01-20;"sexta-feira";"23:20:00";"MA";135;3;"SAO LUIS";"Reação tardia ou ineficiente do condutor";"Colisão traseira";"Sem Vítimas";"Plena Noite";"Decrescente";"Céu Claro";"Dupla";"Reta";"Sim";3;0;0;0;3;0;0;2;-2,65110377;-44,30605888;"SPRF-MA";"DEL01-MA";"UOP01-DEL01-MA"
500467;2023-01-20;"sexta-feira";"20:30:00";"MG";381;838,8;"SAO SEBASTIAO DA BELA VISTA";"Condutor Dormindo";"Saída de leito carroçável";"Com Vítimas Feridas";"Plena Noite";"Crescente";"Chuva";"Dupla";"Reta";"Não";2;0;2;0;0;0;2;1;-22,15688319;-45,82624912;"SPRF-MG";"DEL16-MG";"UOP01-DEL16-MG"
500468;2023-01-20;"sexta-feira";"19:30:00";"RJ";116;189;"NOVA IGUACU";"Reação tardia ou ineficiente do condutor";"Tombamento";"Com Vítimas Feridas";"Plena Noite";"Decrescente";"Céu Claro";"Dupla";"Reta";"Sim";2;0;1;0;1;0;1;1;-22,73765712;-43,49182298;"SPRF-RJ";"DEL01-RJ";"UOP02-DEL01-RJ"
500470;2023-01-22;"domingo";"04:50:00";"MA";135;22,5;"SAO LUIS";"Reação tardia ou ineficiente do condutor";"Engavetamento";"Sem Vítimas";"Amanhecer";"Decrescente";"Ignorado";"Dupla";"Não Informado";"Sim";4;0;0;0;3;1;0;4;-2,558226;-44,31316;"SPRF-MA";"DEL01-MA";"UOP01-DEL01-MA"
500472;2023-01-22;"domingo";"01:30:00";"MT";163;641;"NOVA MUTUM";"Ingestão de álcool pelo condutor";"Colisão traseira";"Com Vítimas Fatais";"Plena Noite";"Crescente";"Nublado";"Simples";"Reta";"Não";2;1;0;0;1;0;0;2;-13,455121;-56,080232;"SPRF-MT";"DEL01-MT";"UOP01-DEL01-MT"
500473;2023-01-23;"segunda-feira";"10:55:00";"PR";373;177;"PONTA GROSSA";"Pedestre andava na pista";"Atropelamento de Pedestre";"Com Vítimas Feridas";"Pleno dia";"Crescente";"Céu Claro";"Dupla";"Reta";"Sim";2;0;1;0;1;0;1;1;-25,05596766;-50,22677884;"SPRF-PR";"DEL03-PR";"UOP01-DEL03-PR"
500475;2023-01-21;"sábado";"22:15:00";"RO";364;403,4;"OURO PRETO DO OESTE";"Condutor deixou de manter distância do veículo da frente";"Colisão traseira";"Com Vítimas Fatais";"Plena Noite";"Crescente";"Nublado";"Simples";"Reta";"Não";4;1;0;0;3;0;0;2;-10,58293907;-62,36028809;"SPRF-RO";"DEL03-RO";"UOP02-DEL03-RO"
500476;2023-01-21;"sábado";"14:30:00";"MG";381;482;"BETIM";"Pista esburacada";"Tombamento";"Com Vítimas Feridas";"Pleno dia";"Decrescente";"Nublado";"Múltipla";"Não Informado";"Sim";2;0;1;1;0;0;2;1;-19,958515;-44,0765706;"SPRF-MG";"DEL01-MG";"UOP03-DEL01-MG"
500479;2023-01-23;"segunda-feira";"10:15:00";"BA";330;795,8;"JEQUIE";"Velocidade Incompatível";"Engavetamento";"Com Vítimas Feridas";"Pleno dia";"Decrescente";"Céu Claro";"Simples";"Não Informado";"Não";5;0;2;0;3;0;2;3;-13,9283457;-39,99910172;"SPRF-BA";"DEL03-BA";"UOP01-DEL03-BA"
500482;2023-01-23;"segunda-feira";"09:50:00";"RJ";101;502;"ANGRA DOS REIS";"Acesso irregular";"Colisão traseira";"Com Vítimas Feridas";"Pleno dia";"Decrescente";"Céu Claro";"Simples";"Reta";"Não";3;0;1;0;2;0;1;2;-22,92526971;-44,36990312;"SPRF-RJ";"DEL03-RJ";"UOP02-DEL03-RJ"
500483;2023-01-23;"segunda-feira";"11:20:00";"SC";101;108;"PENHA";"Condutor deixou de manter distância do veículo da frente";"Colisão traseira";"Com Vítimas Feridas";"Pleno dia";"Crescente";"Céu Claro";"Dupla";"Reta";"Não";2;0;1;0;1;0;1;2;-26,82606902;-48,69052298;"SPRF-SC";"DEL03-SC";"UOP02-DEL03-SC"
500484;2023-01-20;"sexta-feira";"18:00:00";"RO";364;226,7;"CACOAL";"Reação tardia ou ineficiente do condutor";"Colisão frontal";"Com Vítimas Feridas";"Anoitecer";"Decrescente";"Céu Claro";"Simples";"Não Informado";"Não";2;0;1;0;1;0;1;2;-11,50326836;-61,36777537;"SPRF-RO";"DEL02-RO";"UOP02-DEL02-RO"
500485;2023-01-23;"segunda-feira";"07:40:00";"BA";116;233;"QUIJINGUE";"Desrespeitar a preferência no cruzamento";"Colisão transversal";"Com Vítimas Fatais";"Pleno dia";"Crescente";"Céu Claro";"Simples";"Não Informado";"Não";2;1;0;0;1;0;0;2;-10,64470866;-38,95468322;"SPRF-BA";"DEL07-BA";"UOP02-DEL07-BA"
500486;2023-01-23;"segunda-feira";"11:04:00";"DF";40;6;"BRASILIA";"Ausência de reação do condutor";"Colisão traseira";"Com Vítimas Feridas";"Pleno dia";"Crescente";"Céu Claro";"Dupla";"Reta";"Sim";1;0;1;0;0;0;1;1;-16,029741;-47,978867;"SPRF-DF";"DEL01-DF";"UOP01-DEL01-DF"
500487;2023-01-21;"sábado";"13:00:00";"PB";101;74,8;"SANTA RITA";"Reação tardia ou ineficiente do condutor";"Tombamento";"Com Vítimas Feridas";"Pleno dia";"Crescente";"Céu Claro";"Dupla";"Não Informado";"Não";2;0;0;1;0;1;1;1;-7,083677;-34,972977;"SPRF-PB";"DEL01-PB";"UOP04-DEL01-PB"
500488;2023-01-22;"domingo";"14:25:00";"SP";116;303;"SAO LOURENCO DA SERRA";"Ausência de reação do condutor";"Saída de leito carroçável";"Com Vítimas Fatais";"Pleno dia";"Decrescente";"Céu Claro";"Múltipla";"Reta";"Não";3;1;1;0;1;0;1;1;-23,82760675;-46,92631345;"SPRF-SP";"DEL04-SP";"UOP01-DEL04-SP"
500493;2023-01-20;"sexta-feira";"19:50:00";"SP";153;79;"BADY BASSITT";"Pedestre andava na pista";"Atropelamento de Pedestre";"Com Vítimas Fatais";"Plena Noite";"Crescente";"Garoa/Chuvisco";"Dupla";"Desvio Temporário";"Não";3;1;0;0;1;1;0;2;-20,90672129;-49,4709489;"SPRF-SP";"DEL09-SP";"UOP01-DEL09-SP"
500495;2023-01-21;"sábado";"15:30:00";"RJ";116;37;"TERESOPOLIS";"Acessar a via sem observar a presença dos outros veículos";"Colisão transversal";"Com Vítimas Feridas";"Pleno dia";"Crescente";"Chuva";"Simples";"Curva";"Não";4;0;1;0;3;0;1;2;-22,11701917;-42,78157123;"SPRF-RJ";"DEL04-RJ";"UOP02-DEL04-RJ"
500496;2023-01-21;"sábado";"21:00:00";"RS";470;240;"CARLOS BARBOSA";"Transitar na contramão";"Colisão lateral sentido oposto";"Sem Vítimas";"Plena Noite";"Crescente";"Céu Claro";"Simples";"Curva";"Não";2;0;0;0;2;0;0;2;-29,3509201;-51,51359868;"SPRF-RS";"DEL06-RS";"UOP01-DEL06-RS"
500498;2023-01-21;"sábado";"07:30:00";"MG";153;59;"MONTE ALEGRE DE MINAS";"Acostamento em desnível";"Queda de ocupante de veículo";"Com Vítimas Feridas";"Pleno dia";"Decrescente";"Nublado";"Simples";"Reta";"Não";1;0;1;0;0;0;1;1;-18,88622703;-49,05195006;"SPRF-MG";"DEL15-MG";"UOP03-DEL15-MG"
500499;2023-01-23;"segunda-feira";"12:10:00";"PR";158;535;"PATO BRANCO";"Acessar a via sem observar a presença dos outros veículos";"Colisão transversal";"Com Vítimas Feridas";"Pleno dia";"Crescente";"Céu Claro";"Simples";"Reta";"Sim";3;0;1;0;2;0;1;2;-26,23547098;-52,69066504;"SPRF-PR";"DEL02-PR";"UOP01-DEL02-PR"
500500;2023-01-21;"sábado";"20:50:00";"PE";101;78;"RECIFE";"Ausência de reação do condutor";"Colisão traseira";"Com Vítimas Feridas";"Plena Noite";"Crescente";"Céu Claro";"Dupla";"Curva";"Sim";3;0;1;0;2;0;1;2;-8,1435024142;-34,9474884601;"SPRF-PE";"DEL01-PE";"UOP01-DEL01-PE"
500501;2023-01-21;"sábado";"09:00:00";"MG";381;844,2;"SAO SEBASTIAO DA BELA VISTA";"Manobra de mudança de faixa";"Tombamento";"Com Vítimas Feridas";"Pleno dia";"Decrescente";"Nublado";"Dupla";"Não Informado";"Não";5;0;3;0;2;0;3;2;-22,1969417;-45,85144043;"SPRF-MG";"DEL16-MG";"UOP01-DEL16-MG"
500503;2023-01-23;"segunda-feira";"07:40:00";"PE";116;42;"SALGUEIRO";"Acesso irregular";"Colisão transversal";"Com Vítimas Feridas";"Pleno dia";"Crescente";"Nublado";"Simples";"Reta";"Não";3;0;3;0;0;0;3;2;-8,205779;-39,104805;"SPRF-PE";"DEL05-PE";"UOP01-DEL05-PE"
500504;2023-01-21;"sábado";"04:30:00";"ES";101;91,5;"JAGUARE";"Reação tardia ou ineficiente do condutor";"Queda de ocupante de veículo";"Com Vítimas Feridas";"Plena Noite";"Crescente";"Céu Claro";"Simples";"Reta";"Não";1;0;1;0;0;0;1;1;-18,90626994;-39,95995813;"SPRF-ES";"DEL04-ES";"UOP02-DEL04-ES"
500511;2023-01-23;"segunda-feira";"12:30:00";"MG";381;906;"CAMBUI";"Velocidade Incompatível";"Colisão com objeto";"Com Vítimas Feridas";"Pleno dia";"Decrescente";"Chuva";"Dupla";"Não Informado";"Não";1;0;1;0;0;0;1;1;-22,70254777;-46,11752735;"SPRF-MG";"DEL16-MG";"UOP03-DEL16-MG"
500514;2023-01-21;"sábado";"22:20:00";"PI";222;126;"BATALHA";"Transitar na contramão";"Colisão lateral sentido oposto";"Com Vítimas Fatais";"Plena Noite";"Crescente";"Céu Claro";"Simples";"Reta";"Sim";3;1;0;1;1;0;1;2;-4,02421811;-42,07781804;"SPRF-PI";"DEL02-PI";"UOP01-DEL02-PI"
500515;2023-01-23;"segunda-feira";"12:00:00";"MG";381;449;"SABARA";"Reação tardia ou ineficiente do condutor";"Colisão traseira";"Sem Vítimas";"Pleno dia";"Crescente";"Nublado";"Simples";"Não Informado";"Sim";2;0;0;0;2;0;0;2;-19,84164036;-43,86232683;"SPRF-MG";"DEL01-MG";"UOP01-DEL01-MG"
500516;2023-01-21;"sábado";"15:30:00";"RN";226;11;"MACAIBA";"Ingestão de álcool e/ou substâncias psicoativas pelo pedestre";"Colisão transversal";"Com Vítimas Feridas";"Pleno dia";"Decrescente";"Céu Claro";"Simples";"Reta";"Sim";4;0;1;0;2;1;1;2;-5,84572966;-35,30339507;"SPRF-RN";"DEL01-RN";"UOP02-DEL01-RN"
500517;2023-01-04;"quarta-feira";"16:40:00";"PA";163;339;"NOVO PROGRESSO";"Transitar na contramão";"Saída de leito carroçável";"Sem Vítimas";"Pleno dia";"Crescente";"Céu Claro";"Simples";"Reta";"Não";4;0;0;0;0;4;0;1;-6,820006;-55,46949;"SPRF-PA";"DEL05-PA";"UOP01-DEL05-PA"
500518;2023-01-23;"segunda-feira";"12:05:00";"PR";277;156;"PORTO AMAZONAS";"Chuva";"Saída de leito carroçável";"Sem Vítimas";"Pleno dia";"Decrescente";"Chuva";"Simples";"Curva";"Não";3;0;0;0;3;0;0;1;-25,47289;-49,895964;"SPRF-PR";"DEL03-PR";"UOP03-DEL03-PR"
500519;2023-01-23;"segunda-feira";"08:10:00";"PB";230;405,4;"POMBAL";"Acessar a via sem observar a presença dos outros veículos";"Colisão lateral mesmo sentido";"Com Vítimas Feridas";"Pleno dia";"Crescente";"Céu Claro";"Simples";"Não Informado";"Sim";3;0;2;0;1;0;2;2;-6,786765;-37,795289;"SPRF-PB";"DEL03-PB";"UOP02-DEL03-PB"
500523;2023-01-23;"segunda-feira";"13:09:00";"GO";40;12;"LUZIANIA";"Condutor deixou de manter distância do veículo da frente";"Colisão transversal";"Com Vítimas Feridas";"Pleno dia";"Crescente";"Céu Claro";"Múltipla";"Reta";"Sim";2;0;1;0;1;0;1;2;-16,145123;-47,945382;"SPRF-DF";"DEL01-DF";"UOP01-DEL01-DF"
500524;2023-01-21;"sábado";"16:05:00";"PE";101;67,2;"RECIFE";"Reação tardia ou ineficiente do condutor";"Colisão traseira";"Com Vítimas Feridas";"Pleno dia";"Crescente";"Céu Claro";"Múltipla";"Reta";"Sim";3;0;2;0;1;0;2;2;-8,044685;-34,944217;"SPRF-PE";"DEL01-PE";"UOP01-DEL01-PE"
500525;2023-01-23;"segunda-feira";"10:00:00";"PR";277;179,2;"PALMEIRA";"Reação tardia ou ineficiente do condutor";"Saída de leito carroçável";"Com Vítimas Feridas";"Pleno dia";"Crescente";"Céu Claro";"Simples";"Não Informado";"Não";4;0;1;0;3;0;1;1;-25,435076;-50,011779;"SPRF-PR";"DEL08-PR";"UOP02-DEL08-PR"
500527;2023-01-22;"domingo";"04:30:00";"ES";101;287;"CARIACICA";"Condutor deixou de manter distância do veículo da frente";"Colisão traseira";"Com Vítimas Feridas";"Amanhecer";"Decrescente";"Chuva";"Dupla";"Reta";"Não";2;0;0;1;1;0;1;2;-20,26493528;-40,38471702;"SPRF-ES";"DEL01-ES";"UOP01-DEL01-ES"
500529;2023-01-23;"segunda-feira";"10:30:00";"SC";282;4;"SAO JOSE";"Pedestre cruzava a pista fora da faixa";"Atropelamento de Pedestre";"Com Vítimas Feridas";"Pleno dia";"Crescente";"Céu Claro";"Múltipla";"Não Informado";"Sim";3;0;0;1;2;0;1;1;-27,592646;-48,604034;"SPRF-SC";"DEL01-SC";"UOP01-DEL01-SC"
500530;2023-01-22;"domingo";"18:00:00";"MA";10;250;"IMPERATRIZ";"Ingestão de álcool pelo condutor";"Atropelamento de Pedestre";"Com Vítimas Feridas";"Plena Noite";"Decrescente";"Nublado";"Dupla";"Reta";"Não";2;0;1;1;0;0;2;1;-5,550874;-47,459305;"SPRF-MA";"DEL04-MA";"UOP01-DEL04-MA"
500531;2023-01-21;"sábado";"11:30:00";"ES";101;50;"SAO MATEUS";"Ultrapassagem Indevida";"Saída de leito carroçável";"Com Vítimas Feridas";"Pleno dia";"Decrescente";"Nublado";"Simples";"Reta";"Não";2;0;2;0;0;0;2;1;-18,58588752;-39,89233239;"SPRF-ES";"DEL04-ES";"UOP02-DEL04-ES"
500532;2023-01-20;"sexta-feira";"17:50:00";"SC";101;122,6;"ITAJAI";"Trafegar com motocicleta (ou similar) entre as faixas";"Colisão traseira";"Com Vítimas Feridas";"Pleno dia";"Crescente";"Céu Claro";"Dupla";"Reta";"Sim";2;0;0;1;1;0;1;2;-26,92955916;-48,70499836;"SPRF-SC";"DEL04-SC";"UOP04-DEL04-SC"
500533;2023-01-21;"sábado";"07:40:00";"GO";414;439;"ANAPOLIS";"Acessar a via sem observar a presença dos outros veículos";"Colisão transversal";"Com Vítimas Feridas";"Pleno dia";"Decrescente";"Nublado";"Simples";"Não Informado";"Sim";2;0;1;0;1;0;1;2;-16,28128823;-48,94258908;"SPRF-GO";"DEL02-GO";"UOP01-DEL02-GO"
500534;2023-01-21;"sábado";"15:30:00";"MG";381;491,9;"BETIM";"Pista esburacada";"Tombamento";"Com Vítimas Feridas";"Pleno dia";"Decrescente";"Chuva";"Múltipla";"Reta";"Sim";1;0;1;0;0;0;1;1;-19,97490091;-44,19004301;"SPRF-MG";"DEL01-MG";"UOP03-DEL01-MG"
500536;2023-01-21;"sábado";"17:00:00";"ES";101;29;"CONCEICAO DA BARRA";"Velocidade Incompatível";"Saída de leito carroçável";"Sem Vítimas";"Pleno dia";"Decrescente";"Garoa/Chuvisco";"Simples";"Reta";"Não";1;0;0;0;1;0;0;1;-18,39992188;-39,93877968;"SPRF-ES";"DEL04-ES";"UOP02-DEL04-ES"
500537;2023-01-07;"sábado";"19:00:00";"PR";476;131,8;"CURITIBA";"Condutor desrespeitou a iluminação vermelha do semáforo";"Atropelamento de Pedestre";"Com Vítimas Feridas";"Anoitecer";"Crescente";"Nublado";"Múltipla";"Reta";"Sim";2;0;1;0;0;1;1;1;-25,4591221;-49,2502501;"SPRF-PR";"DEL01-PR";"UOP03-DEL01-PR"
500538;2023-01-21;"sábado";"08:15:00";"PE";424;88,1;"GARANHUNS";"Manobra de mudança de faixa";"Colisão traseira";"Com Vítimas Feridas";"Pleno dia";"Crescente";"Céu Claro";"Simples";"Reta";"Sim";3;0;0;2;1;0;2;2;-8,88289772;-36,50848532;"SPRF-PE";"DEL03-PE";"UOP01-DEL03-PE"
500539;2023-01-21;"sábado";"11:00:00";"RJ";40;78;"PETROPOLIS";"Chuva";"Capotamento";"Com Vítimas Feridas";"Pleno dia";"Crescente";"Chuva";"Dupla";"Não Informado";"Não";4;0;1;0;3;0;1;1;-22,486377;-43,2269311;"SPRF-RJ";"DEL06-RJ";"UOP02-DEL06-RJ"
500544;2023-01-23;"segunda-feira";"13:45:00";"SP";381;69;"MAIRIPORA";"Velocidade Incompatível";"Colisão com objeto";"Com Vítimas Feridas";"Pleno dia";"Decrescente";"Nublado";"Múltipla";"Reta";"Não";2;0;1;0;1;0;1;1;-23,34553108;-46,56787903;"SPRF-SP";"DEL03-SP";"UOP01-DEL03-SP"
500546;2023-01-21;"sábado";"16:00:00";"RJ";40;81;"PETROPOLIS";"Avarias e/ou desgaste excessivo no pneu";"Saída de leito carroçável";"Com Vítimas Feridas";"Pleno dia";"Crescente";"Chuva";"Simples";"Não Informado";"Não";4;0;1;0;3;0;1;1;-22,50560003;-43,23186384;"SPRF-RJ";"DEL06-RJ";"UOP02-DEL06-RJ"