"id";"data_inversa";"dia_semana";"horario";"uf";"br";"km";"municipio";"causa_acidente";"tipo_acidente";"classificacao_acidente";"fase_dia";"sentido_via";"condicao_metereologica";"tipo_pista";"tracado_via";"uso_solo";"pessoas";"mortos";"feridos_leves";"feridos_graves";"ilesos";"ignorados";"feridos";"veiculos";"latitude";"longitude";"regional";"delegacia";"uop"
500548;2023-01-23;"segunda-feira";"14:56:00";"MG";262;175;"SAO DOMINGOS DO PRATA";"Pista esburacada";"Capotamento";"Com Vítimas Feridas";"Pleno dia";"Crescente";"Nublado";"Simples";"Curva";"Não";2;0;2;0;0;0;2;1;-19,93200618;-42,95476933;"SPRF-MG";"DEL03-MG";"UOP01-DEL03-MG"
500550;2023-01-23;"segunda-feira";"12:50:00";"SC";101;154;"PORTO BELO";"Avarias e/ou desgaste excessivo no pneu";"Tombamento";"Com Vítimas Feridas";"Pleno dia";"Decrescente";"Céu Claro";"Múltipla";"Reta";"Não";2;0;2;0;0;0;2;1;-27,153819;-48,61086393;"SPRF-SC";"DEL04-SC";"UOP03-DEL04-SC"
500553;2023-01-20;"sexta-feira";"20:00:00";"TO";10;434;"PALMAS";"Reação tardia ou ineficiente do condutor";"Colisão traseira";"Com Vítimas Feridas";"Plena Noite";"Decrescente";"Céu Claro";"Múltipla";"Não Informado";"Sim";3;0;3;0;0;0;3;2;-10,23826108;-48,31165502;"SPRF-TO";"DEL01-TO";"UOP03-DEL01-TO"
500554;2023-01-23;"segunda-feira";"11:20:00";"MS";267;506,5;"JARDIM";"Reação tardia ou ineficiente do condutor";"Saída de leito carroçável";"Com Vítimas Feridas";"Pleno dia";"Decrescente";"Chuva";"Simples";"Não Informado";"Não";3;0;2;1;0;0;3;1;-21,46225917;-56,35517398;"SPRF-MS";"DEL05-MS";"UOP01-DEL05-MS"
500555;2023-01-22;"domingo";"20:15:00";"PA";316;57;"CASTANHAL";"Ausência de reação do condutor";"Colisão com objeto";"Com Vítimas Feridas";"Plena Noite";"Crescente";"Ignorado";"Dupla";"Reta";"Sim";1;0;1;0;0;0;1;1;-1,299203;-47,967472;"SPRF-PA";"DEL01-PA";"UOP01-DEL01-PA"
500556;2023-01-23;"segunda-feira";"14:20:00";"SC";101;82;"BARRA VELHA";"Demais falhas mecânicas ou elétricas";"Tombamento";"Com Vítimas Feridas";"Pleno dia";"Decrescente";"Sol";"Dupla";"Não Informado";"Não";2;0;1;1;0;0;2;1;-26,61721694;-48,71884525;"SPRF-SC";"DEL03-SC";"UOP02-DEL03-SC"
500560;2023-01-23;"segunda-feira";"14:57:00";"ES";101;293,5;"CARIACICA";"Ausência de reação do condutor";"Colisão traseira";"Com Vítimas Feridas";"Pleno dia";"Crescente";"Nublado";"Dupla";"Curva";"Sim";3;0;1;0;2;0;1;2;-20,31526144;-40,39567044;"SPRF-ES";"DEL01-ES";"UOP01-DEL01-ES"
500561;2023-01-20;"sexta-feira";"20:00:00";"SP";116;561;"BARRA DO TURVO";"Reação tardia ou ineficiente do condutor";"Capotamento";"Sem Vítimas";"Pleno dia";"Decrescente";"Garoa/Chuvisco";"Dupla";"Curva";"Não";1;0;0;0;0;1;0;1;-25,02045097;-48,51586004;"SPRF-SP";"DEL05-SP";"UOP02-DEL05-SP"
500562;2023-01-23;"segunda-feira";"15:00:00";"RS";392;80;"PELOTAS";"Velocidade Incompatível";"Saída de leito carroçável";"Com Vítimas Feridas";"Pleno dia";"Crescente";"Céu Claro";"Simples";"Reta";"Não";5;0;1;1;3;0;2;5;-31,67630908;-52,4548941;"SPRF-RS";"DEL07-RS";"UOP01-DEL07-RS"
500564;2023-01-23;"segunda-feira";"15:19:00";"RN";405;164,1;"RAFAEL FERNANDES";"Acessar a via sem observar a presença dos outros veículos";"Colisão transversal";"Com Vítimas Fatais";"Pleno dia";"Crescente";"Sol";"Simples";"Reta";"Não";2;1;0;0;1;0;0;2;-6,22171893;-38,23789208;"SPRF-RN";"DEL04-RN";"UOP02-DEL04-RN"
500565;2023-01-21;"sábado";"07:00:00";"PB";230;148,7;"CAMPINA GRANDE";"Acessar a via sem observar a presença dos outros veículos";"Colisão transversal";"Com Vítimas Feridas";"Pleno dia";"Decrescente";"Céu Claro";"Dupla";"Reta";"Sim";3;0;1;1;1;0;2;2;-7,24788;-35,871505;"SPRF-PB";"DEL02-PB";"UOP01-DEL02-PB"
500568;2023-01-22;"domingo";"07:15:00";"AP";210;2;"MACAPA";"Ingestão de álcool pelo condutor";"Colisão transversal";"Sem Vítimas";"Pleno dia";"Decrescente";"Céu Claro";"Dupla";"Reta";"Sim";2;0;0;0;2;0;0;2;0,08282017;-51,07776189;"SPRF-AP";"N/A";"UOP01-DEL01-AP"
500569;2023-01-21;"sábado";"12:30:00";"PR";277;101,5;"CURITIBA";"Manobra de mudança de faixa";"Colisão lateral mesmo sentido";"Com Vítimas Feridas";"Pleno dia";"Crescente";"Céu Claro";"Dupla";"Não Informado";"Não";2;0;1;0;1;0;1;2;-25,4312742;-49,37659632;"SPRF-PR";"DEL01-PR";"UAP06-DEL01-PR"
500570;2023-01-23;"segunda-feira";"15:00:00";"SC";101;117;"ITAJAI";"Ausência de reação do condutor";"Colisão lateral mesmo sentido";"Com Vítimas Feridas";"Pleno dia";"Decrescente";"Céu Claro";"Dupla";"Não Informado";"Não";2;0;1;0;1;0;1;2;-26,88747187;-48,72252969;"SPRF-SC";"DEL04-SC";"UOP04-DEL04-SC"
500574;2023-01-22;"domingo";"20:00:00";"SC";101;385;"ICARA";"Demais Fenômenos da natureza";"Saída de leito carroçável";"Com Vítimas Feridas";"Anoitecer";"Decrescente";"Céu Claro";"Dupla";"Reta";"Não";1;0;1;0;0;0;1;1;-28,77262259;-49,3112922;"SPRF-SC";"DEL02-SC";"UOP02-DEL02-SC"
500577;2023-01-23;"segunda-feira";"14:30:00";"PR";116;9;"CAMPINA GRANDE DO SUL";"Condutor deixou de manter distância do veículo da frente";"Colisão traseira";"Com Vítimas Feridas";"Pleno dia";"Crescente";"Céu Claro";"Dupla";"Não Informado";"Não";2;0;1;1;0;0;2;2;-25,3708;-49,1246;"SPRF-PR";"DEL01-PR";"UOP02-DEL01-PR"
500578;2023-01-21;"sábado";"22:45:00";"RS";116;148,9;"CAXIAS DO SUL";"Ingestão de álcool pelo condutor";"Colisão transversal";"Sem Vítimas";"Plena Noite";"Decrescente";"Céu Claro";"Múltipla";"Interseção de vias";"Sim";4;0;0;0;4;0;0;2;-29,15444539;-51,15101681;"SPRF-RS";"DEL05-RS";"UOP01-DEL05-RS"
500579;2023-01-23;"segunda-feira";"16:30:00";"MG";146;408,2;"GUAXUPE";"Velocidade Incompatível";"Saída de leito carroçável";"Com Vítimas Feridas";"Pleno dia";"Crescente";"Chuva";"Simples";"Não Informado";"Não";3;0;1;0;2;0;1;1;-21,31337;-46,606077;"SPRF-MG";"DEL09-MG";"UOP01-DEL09-MG"
500581;2023-01-23;"segunda-feira";"02:30:00";"SP";116;139,4;"SAO JOSE DOS CAMPOS";"Ausência de reação do condutor";"Colisão com objeto";"Com Vítimas Feridas";"Plena Noite";"Decrescente";"Céu Claro";"Dupla";"Reta";"Sim";1;0;1;0;0;0;1;1;-23,16153216;-45,80400592;"SPRF-SP";"DEL02-SP";"UOP01-DEL02-SP"
500583;2023-01-23;"segunda-feira";"11:30:00";"CE";20;212,4;"BOA VIAGEM";"Obras na pista";"Tombamento";"Com Vítimas Feridas";"Pleno dia";"Decrescente";"Céu Claro";"Simples";"Não Informado";"Não";1;0;1;0;0;0;1;1;-5,05326502;-39,69065897;"SPRF-CE";"DEL02-CE";"UOP02-DEL02-CE"
500584;2023-01-21;"sábado";"21:00:00";"GO";153;359;"JARAGUA";"Ingestão de álcool pelo condutor";"Saída de leito carroçável";"Sem Vítimas";"Plena Noite";"Decrescente";"Céu Claro";"Dupla";"Interseção de vias";"Não";1;0;0;0;1;0;0;1;-15,742197;-49,320297;"SPRF-GO";"DEL02-GO";"UOP02-DEL02-GO"
500587;2023-01-22;"domingo";"01:40:00";"GO";364;113;"APARECIDA DO RIO DOCE";"Ausência de reação do condutor";"Saída de leito carroçável";"Sem Vítimas";"Plena Noite";"Decrescente";"Nublado";"Simples";"Não Informado";"Não";1;0;0;0;0;1;0;1;-18,307617;-51,143929;"SPRF-GO";"DEL05-GO";"UOP02-DEL05-GO"
500588;2023-01-23;"segunda-feira";"16:30:00";"CE";222;221;"SOBRAL";"Animais na Pista";"Colisão com objeto";"Com Vítimas Feridas";"Pleno dia";"Crescente";"Céu Claro";"Simples";"Não Informado";"Não";2;0;2;0;0;0;2;1;-3,72208783;-40,32840729;"SPRF-CE";"DEL04-CE";"UOP01-DEL04-CE"
500591;2023-01-23;"segunda-feira";"16:30:00";"RJ";40;105;"DUQUE DE CAXIAS";"Trafegar com motocicleta (ou similar) entre as faixas";"Colisão transversal";"Com Vítimas Feridas";"Pleno dia";"Crescente";"Nublado";"Múltipla";"Não Informado";"Sim";2;0;1;0;1;0;1;2;-22,63784806;-43,28428824;"SPRF-RJ";"DEL01-RJ";"UOP01-DEL01-RJ"
500592;2023-01-23;"segunda-feira";"15:20:00";"PR";116;10;"CAMPINA GRANDE DO SUL";"Pista Escorregadia";"Capotamento";"Com Vítimas Feridas";"Pleno dia";"Crescente";"Chuva";"Dupla";"Curva";"Não";2;0;0;1;1;0;1;1;-25,08357197;-48,64281407;"SPRF-PR";"DEL01-PR";"UOP02-DEL01-PR"
500594;2023-01-22;"domingo";"05:00:00";"PB";230;218;"SOLEDADE";"Ausência de reação do condutor";"Saída de leito carroçável";"Sem Vítimas";"Amanhecer";"Crescente";"Céu Claro";"Simples";"Não Informado";"Não";1;0;0;0;0;1;0;1;-7,0492;-36,3843;"SPRF-PB";"DEL02-PB";"UOP02-DEL02-PB"
500596;2023-01-21;"sábado";"15:30:00";"PE";232;149;"SAO CAITANO";"Avarias e/ou desgaste excessivo no pneu";"Saída de leito carroçável";"Sem Vítimas";"Pleno dia";"Decrescente";"Céu Claro";"Dupla";"Reta";"Não";1;0;0;0;1;0;0;1;-8,32744699;-36,15405;"SPRF-PE";"DEL03-PE";"UOP02-DEL03-PE"
500597;2023-01-23;"segunda-feira";"10:10:00";"RO";364;763;"PORTO VELHO";"Acessar a via sem observar a presença dos outros veículos";"Saída de leito carroçável";"Com Vítimas Feridas";"Pleno dia";"Decrescente";"Céu Claro";"Simples";"Reta";"Não";2;0;1;0;0;1;1;1;-9,11536439;-64,11490778;"SPRF-RO";"DEL01-RO";"UOP02-DEL01-RO"
500598;2023-01-23;"segunda-feira";"12:30:00";"MG";262;548;"LUZ";"Demais falhas mecânicas ou elétricas";"Incêndio";"Sem Vítimas";"Pleno dia";"Crescente";"Nublado";"Simples";"Não Informado";"Não";1;0;0;0;1;0;0;1;-19,73163489;-45,8631039;"SPRF-MG";"DEL08-MG";"UOP02-DEL08-MG"
500600;2023-01-20;"sexta-feira";"22:39:00";"PI";316;7;"TERESINA";"Manobra de mudança de faixa";"Colisão lateral mesmo sentido";"Com Vítimas Feridas";"Plena Noite";"Crescente";"Céu Claro";"Dupla";"Reta";"Sim";2;0;1;0;1;0;1;2;-5,15584638;-42,77173332;"SPRF-PI";"DEL01-PI";"UOP02-DEL01-PI"
500601;2023-01-23;"segunda-feira";"16:50:00";"PR";369;149;"LONDRINA";"Condutor desrespeitou a iluminação vermelha do semáforo";"Colisão transversal";"Sem Vítimas";"Pleno dia";"Crescente";"Céu Claro";"Dupla";"Não Informado";"Sim";2;0;0;0;2;0;0;2;-23,29280583;-51,15455389;"SPRF-PR";"DEL07-PR";"UOP01-DEL07-PR"
500603;2023-01-23;"segunda-feira";"17:20:00";"SP";116;216;"GUARULHOS";"Trafegar com motocicleta (ou similar) entre as faixas";"Colisão traseira";"Com Vítimas Feridas";"Pleno dia";"Decrescente";"Nublado";"Múltipla";"Não Informado";"Sim";2;0;1;0;1;0;1;2;-23,45056589;-46,46258105;"SPRF-SP";"DEL01-SP";"UOP01-DEL01-SP"
500604;2023-01-23;"segunda-feira";"15:30:00";"SC";101;151;"ITAPEMA";"Manobra de mudança de faixa";"Colisão lateral mesmo sentido";"Com Vítimas Feridas";"Pleno dia";"Decrescente";"Garoa/Chuvisco";"Dupla";"Reta";"Sim";2;0;1;0;1;0;1;2;-27,126536;-48,609642;"SPRF-SC";"DEL04-SC";"UOP03-DEL04-SC"
500605;2023-01-23;"segunda-feira";"17:40:00";"SC";101;217;"PALHOCA";"Condutor deixou de manter distância do veículo da frente";"Colisão traseira";"Com Vítimas Feridas";"Pleno dia";"Crescente";"Nublado";"Dupla";"Reta";"Sim";3;0;0;1;2;0;1;3;-27,66779034;-48,67393586;"SPRF-SC";"DEL01-SC";"UOP02-DEL01-SC"
500606;2023-01-22;"domingo";"01:10:00";"GO";364;60,7;"CACHOEIRA ALTA";"Ingestão de álcool pelo condutor";"Saída de leito carroçável";"Sem Vítimas";"Plena Noite";"Crescente";"Céu Claro";"Simples";"Reta";"Não";1;0;0;0;1;0;0;1;-18,7332;-50,947502;"SPRF-GO";"DEL05-GO";"UOP02-DEL05-GO"
500609;2023-01-22;"domingo";"04:30:00";"PR";376;334;"ORTIGUEIRA";"Velocidade Incompatível";"Colisão com objeto";"Com Vítimas Fatais";"Plena Noite";"Decrescente";"Céu Claro";"Simples";"Interseção de vias";"Não";1;1;0;0;0;0;0;1;-24,11348;-51,03336;"SPRF-PR";"DEL07-PR";"UOP02-DEL07-PR"
500610;2023-01-23;"segunda-feira";"17:55:00";"GO";80;117;"VILA PROPICIO";"Ultrapassagem Indevida";"Saída de leito carroçável";"Com Vítimas Fatais";"Anoitecer";"Crescente";"Chuva";"Simples";"Reta";"Não";1;1;0;0;0;0;0;1;-15,208875;-48,697312;"SPRF-GO";"DEL07-GO";"UOP02-DEL07-GO"
500612;2023-01-23;"segunda-feira";"17:50:00";"RS";287;396;"SANTIAGO";"Acessar a via sem observar a presença dos outros veículos";"Colisão transversal";"Com Vítimas Feridas";"Pleno dia";"Crescente";"Céu Claro";"Simples";"Curva";"Sim";2;0;1;0;1;0;1;2;-29,17770678;-54,84942019;"SPRF-RS";"DEL12-RS";"UOP02-DEL12-RS"
500613;2023-01-21;"sábado";"11:30:00";"GO";40;84,6;"CRISTALINA";"Velocidade Incompatível";"Colisão traseira";"Com Vítimas Feridas";"Pleno dia";"Crescente";"Chuva";"Dupla";"Reta";"Não";4;0;3;0;1;0;3;2;-16,704572;-47,689396;"SPRF-DF";"DEL01-DF";"UOP04-DEL01-DF"
500614;2023-01-23;"segunda-feira";"16:40:00";"MG";381;707,3;"NEPOMUCENO";"Velocidade Incompatível";"Saída de leito carroçável";"Com Vítimas Feridas";"Pleno dia";"Decrescente";"Chuva";"Dupla";"Não Informado";"Não";1;0;1;0;0;0;1;1;-21,36199299;-45,19169583;"SPRF-MG";"DEL04-MG";"UOP02-DEL04-MG"
500616;2023-01-23;"segunda-feira";"18:15:00";"PR";277;586;"CASCAVEL";"Conversão proibida";"Colisão transversal";"Com Vítimas Feridas";"Pleno dia";"Crescente";"Céu Claro";"Simples";"Reta";"Sim";2;0;1;0;1;0;1;2;-24,9649472;-53,4210459;"SPRF-PR";"DEL04-PR";"UOP01-DEL04-PR"
500620;2023-01-22;"domingo";"17:50:00";"MS";262;365;"CAMPO GRANDE";"Conversão proibida";"Colisão frontal";"Com Vítimas Feridas";"Plena Noite";"Decrescente";"Chuva";"Simples";"Reta";"Sim";4;0;3;0;1;0;3;3;-20,49132429;-54,74025306;"SPRF-MS";"DEL01-MS";"UOP03-DEL01-MS"
500621;2023-01-23;"segunda-feira";"18:00:00";"PR";376;5;"MANDAGUARI";"Conversão proibida";"Colisão transversal";"Com Vítimas Feridas";"Pleno dia";"Decrescente";"Céu Claro";"Simples";"Reta";"Sim";2;0;2;0;0;0;2;2;-23,547966;-51,671265;"SPRF-PR";"DEL09-PR";"UOP01-DEL09-PR"
500622;2023-01-23;"segunda-feira";"16:30:00";"MT";163;56,1;"ITIQUIRA";"Acumulo de água sobre o pavimento";"Saída de leito carroçável";"Com Vítimas Fatais";"Pleno dia";"Crescente";"Chuva";"Dupla";"Não Informado";"Não";2;1;0;0;1;0;0;1;-17,02147497;-54,76233709;"SPRF-MT";"DEL02-MT";"UOP03-DEL02-MT"
500625;2023-01-23;"segunda-feira";"18:40:00";"GO";153;414;"ANAPOLIS";"Animais na Pista";"Atropelamento de Animal";"Com Vítimas Feridas";"Anoitecer";"Decrescente";"Nublado";"Simples";"Não Informado";"Não";2;0;2;0;0;0;2;1;-16,125668;-49,043564;"SPRF-GO";"DEL02-GO";"UOP02-DEL02-GO"
500626;2023-01-23;"segunda-feira";"18:11:00";"PB";101;76;"SANTA RITA";"Condutor deixou de manter distância do veículo da frente";"Colisão traseira";"Com Vítimas Feridas";"Plena Noite";"Crescente";"Céu Claro";"Dupla";"Reta";"Não";2;0;1;0;1;0;1;2;-7,09085711;-34,96857932;"SPRF-PB";"DEL01-PB";"UOP04-DEL01-PB"
500627;2023-01-21;"sábado";"16:50:00";"MG";381;266;"TIMOTEO";"Reação tardia ou ineficiente do condutor";"Colisão traseira";"Sem Vítimas";"Pleno dia";"Crescente";"Sol";"Simples";"Reta";"Não";2;0;0;0;2;0;0;2;-19,54887291;-42,69859101;"SPRF-MG";"DEL03-MG";"UOP02-DEL03-MG"
500628;2023-01-23;"segunda-feira";"17:50:00";"RJ";101;562;"PARATY";"Acessar a via sem observar a presença dos outros veículos";"Colisão transversal";"Com Vítimas Feridas";"Pleno dia";"Decrescente";"Chuva";"Simples";"Reta";"Não";5;0;2;0;3;0;2;2;-23,133118;-44,708622;"SPRF-RJ";"DEL03-RJ";"UOP03-DEL03-RJ"
500629;2023-01-23;"segunda-feira";"19:10:00";"PR";277;589,2;"CASCAVEL";"Desrespeitar a preferência no cruzamento";"Colisão frontal";"Com Vítimas Feridas";"Anoitecer";"Decrescente";"Céu Claro";"Simples";"Não Informado";"Sim";2;0;0;1;1;0;1;2;-24,97777319;-53,44688591;"SPRF-PR";"DEL04-PR";"UOP01-DEL04-PR"
500631;2023-01-20;"sexta-feira";"20:10:00";"GO";153;503,7;"GOIANIA";"Reação tardia ou ineficiente do condutor";"Colisão com objeto";"Com Vítimas Feridas";"Plena Noite";"Decrescente";"Céu Claro";"Dupla";"Não Informado";"Não";1;0;1;0;0;0;1;1;-16,7366;-49,243;"SPRF-GO";"DEL01-GO";"UOP01-DEL01-GO"
500632;2023-01-23;"segunda-feira";"09:20:00";"MT";174;176;"PORTO ESPERIDIAO";"Ultrapassagem Indevida";"Saída de leito carroçável";"Com Vítimas Feridas";"Pleno dia";"Decrescente";"Nublado";"Simples";"Desvio Temporário";"Não";5;0;2;0;3;0;2;1;-15,8524937;-58,5267061;"SPRF-MT";"DEL03-MT";"UOP01-DEL03-MT"
500633;2023-01-22;"domingo";"15:50:00";"PI";316;3,8;"TERESINA";"Condutor deixou de manter distância do veículo da frente";"Colisão lateral mesmo sentido";"Com Vítimas Feridas";"Pleno dia";"Crescente";"Sol";"Dupla";"Não Informado";"Sim";3;0;1;0;1;1;1;2;-5,12826443;-42,79292384;"SPRF-PI";"DEL01-PI";"UOP02-DEL01-PI"
500634;2023-01-23;"segunda-feira";"19:27:00";"DF";70;8;"BRASILIA";"Condutor deixou de manter distância do veículo da frente";"Colisão traseira";"Com Vítimas Feridas";"Plena Noite";"Decrescente";"Céu Claro";"Dupla";"Reta";"Não";3;0;2;0;1;0;2;2;-15,784966;-48,122108;"SPRF-DF";"DEL01-DF";"UOP03-DEL01-DF"
500635;2023-01-23;"segunda-feira";"19:13:00";"GO";50;97;"CRISTALINA";"Acessar a via sem observar a presença dos outros veículos";"Colisão transversal";"Com Vítimas Feridas";"Plena Noite";"Crescente";"Nublado";"Simples";"Reta";"Sim";2;0;0;1;1;0;1;2;-16,758046;-47,609702;"SPRF-DF";"DEL01-DF";"UOP04-DEL01-DF"
500636;2023-01-23;"segunda-feira";"19:00:00";"PI";316;5;"TERESINA";"Pedestre cruzava a pista fora da faixa";"Atropelamento de Pedestre";"Com Vítimas Feridas";"Plena Noite";"Crescente";"Céu Claro";"Múltipla";"Reta";"Sim";2;0;2;0;0;0;2;1;-5,14169858;-42,78157276;"SPRF-PI";"DEL01-PI";"UOP02-DEL01-PI"
500638;2023-01-23;"segunda-feira";"19:55:00";"SC";101;120;"ITAJAI";"Ingestão de álcool pelo condutor";"Colisão lateral mesmo sentido";"Com Vítimas Feridas";"Plena Noite";"Decrescente";"Céu Claro";"Múltipla";"Reta";"Sim";2;0;1;0;1;0;1;2;-26,912758;-48,711998;"SPRF-SC";"DEL04-SC";"UOP04-DEL04-SC"
500641;2023-01-21;"sábado";"17:00:00";"RJ";116;271;"BARRA MANSA";"Acumulo de água sobre o pavimento";"Saída de leito carroçável";"Com Vítimas Feridas";"Anoitecer";"Crescente";"Chuva";"Dupla";"Curva";"Sim";4;0;2;0;2;0;2;1;-22,560883;-44,12224;"SPRF-RJ";"DEL07-RJ";"UOP02-DEL07-RJ"
500643;2023-01-23;"segunda-feira";"20:30:00";"PR";116;145;"MANDIRITUBA";"Reação tardia ou ineficiente do condutor";"Saída de leito carroçável";"Com Vítimas Feridas";"Plena Noite";"Decrescente";"Garoa/Chuvisco";"Simples";"Não Informado";"Não";1;0;1;0;0;0;1;1;-25,805656;-49,327416;"SPRF-PR";"DEL01-PR";"UOP03-DEL01-PR"
500644;2023-01-21;"sábado";"09:10:00";"RS";116;249;"SAO LEOPOLDO";"Reação tardia ou ineficiente do condutor";"Capotamento";"Com Vítimas Feridas";"Pleno dia";"Decrescente";"Céu Claro";"Dupla";"Curva";"Sim";1;0;1;0;0;0;1;1;-29,7831804;-51,16099063;"SPRF-RS";"DEL01-RS";"UOP02-DEL01-RS"
500646;2023-01-23;"segunda-feira";"19:30:00";"RR";401;1;"BOA VISTA";"Ultrapassagem Indevida";"Colisão lateral mesmo sentido";"Com Vítimas Feridas";"Plena Noite";"Decrescente";"Céu Claro";"Múltipla";"Não Informado";"Sim";2;0;1;0;1;0;1;2;2,80229396;-60,68243402;"SPRF-RR";"N/A";"UOP01-DEL01-RR"
500648;2023-01-21;"sábado";"12:35:00";"MG";381;795,2;"SAO GONCALO DO SAPUCAI";"Acumulo de água sobre o pavimento";"Saída de leito carroçável";"Com Vítimas Feridas";"Pleno dia";"Decrescente";"Chuva";"Dupla";"Não Informado";"Não";2;0;2;0;0;0;2;1;-21,91262524;-45,57496905;"SPRF-MG";"DEL16-MG";"UOP02-DEL16-MG"
500649;2023-01-23;"segunda-feira";"20:00:00";"RJ";116;114;"MAGE";"Chuva";"Capotamento";"Com Vítimas Feridas";"Plena Noite";"Decrescente";"Chuva";"Dupla";"Reta";"Sim";1;0;1;0;0;0;1;1;-22,58009519;-43,0114958;"SPRF-RJ";"DEL02-RJ";"UOP04-DEL02-RJ"
500650;2023-01-23;"segunda-feira";"19:45:00";"MG";40;522;"CONTAGEM";"Velocidade Incompatível";"Colisão lateral mesmo sentido";"Com Vítimas Feridas";"Plena Noite";"Crescente";"Céu Claro";"Dupla";"Reta";"Não";3;0;1;0;1;1;1;2;-19,8638731;-44,06749809;"SPRF-MG";"DEL01-MG";"UOP02-DEL01-MG"
500651;2023-01-23;"segunda-feira";"19:50:00";"SP";116;448;"REGISTRO";"Ausência de reação do condutor";"Saída de leito carroçável";"Com Vítimas Feridas";"Plena Noite";"Crescente";"Nublado";"Dupla";"Reta";"Não";1;0;1;0;0;0;1;1;-24,52099699;-47,85336602;"SPRF-SP";"DEL05-SP";"UOP01-DEL05-SP"
500652;2023-01-21;"sábado";"20:15:00";"RS";116;245;"SAO LEOPOLDO";"Acessar a via sem observar a presença dos outros veículos";"Colisão transversal";"Com Vítimas Feridas";"Plena Noite";"Decrescente";"Garoa/Chuvisco";"Dupla";"Não Informado";"Sim";2;0;1;0;1;0;1;2;-29,74980902;-51,15125361;"SPRF-RS";"DEL01-RS";"UOP02-DEL01-RS"
500655;2023-01-16;"segunda-feira";"07:30:00";"RJ";495;2;"TERESOPOLIS";"Ultrapassagem Indevida";"Colisão transversal";"Com Vítimas Feridas";"Pleno dia";"Crescente";"Céu Claro";"Simples";"Reta";"Sim";3;0;0;2;1;0;2;2;-22,397038;-42,984928;"SPRF-RJ";"DEL04-RJ";"UOP01-DEL04-RJ"
500657;2023-01-20;"sexta-feira";"18:00:00";"DF";70;13;"BRASILIA";"Reação tardia ou ineficiente do condutor";"Queda de ocupante de veículo";"Com Vítimas Feridas";"Pleno dia";"Crescente";"Céu Claro";"Dupla";"Reta";"Sim";1;0;0;1;0;0;1;1;-15,794558;-48,166584;"SPRF-DF";"DEL01-DF";"UOP03-DEL01-DF"
500659;2023-01-23;"segunda-feira";"21:40:00";"RS";290;574,5;"ALEGRETE";"Ausência de reação do condutor";"Saída de leito carroçável";"Com Vítimas Feridas";"Plena Noite";"Crescente";"Céu Claro";"Simples";"Não Informado";"Sim";5;0;5;0;0;0;5;1;-29,82142448;-55,72167993;"SPRF-RS";"DEL13-RS";"UOP02-DEL13-RS"
500660;2023-01-23;"segunda-feira";"21:30:00";"RS";101;1,5;"TORRES";"Reação tardia ou ineficiente do condutor";"Colisão lateral mesmo sentido";"Com Vítimas Feridas";"Plena Noite";"Crescente";"Céu Claro";"Dupla";"Não Informado";"Sim";2;0;1;0;1;0;1;2;-29,31124281;-49,77339797;"SPRF-RS";"DEL03-RS";"UOP02-DEL03-RS"
500662;2023-01-23;"segunda-feira";"21:59:00";"GO";40;21;"LUZIANIA";"Acessar a via sem observar a presença dos outros veículos";"Colisão lateral mesmo sentido";"Com Vítimas Feridas";"Plena Noite";"Crescente";"Céu Claro";"Dupla";"Reta";"Sim";3;0;1;0;2;0;1;2;-16,218542;-47,915731;"SPRF-DF";"DEL01-DF";"UOP01-DEL01-DF"
500663;2023-01-23;"segunda-feira";"18:00:00";"SC";470;138,5;"RIO DO SUL";"Reação tardia ou ineficiente do condutor";"Tombamento";"Com Vítimas Feridas";"Anoitecer";"Decrescente";"Chuva";"Simples";"Reta";"Sim";1;0;1;0;0;0;1;1;-27,1944437;-49,62448239;"SPRF-SC";"DEL04-SC";"UOP02-DEL04-SC"
500666;2023-01-23;"segunda-feira";"22:45:00";"MG";50;172,6;"UBERABA";"Chuva";"Tombamento";"Com Vítimas Feridas";"Plena Noite";"Decrescente";"Chuva";"Dupla";"Reta";"Não";1;0;0;1;0;0;1;1;-19,7624352;-47,97701547;"SPRF-MG";"DEL13-MG";"UOP01-DEL13-MG"
500668;2023-01-21;"sábado";"02:40:00";"SC";470;3,8;"NAVEGANTES";"Desrespeitar a preferência no cruzamento";"Colisão transversal";"Com Vítimas Feridas";"Plena Noite";"Decrescente";"Céu Claro";"Simples";"Não Informado";"Sim";4;0;1;2;1;0;3;2;-26,85906928;-48,68956089;"SPRF-SC";"DEL04-SC";"UOP04-DEL04-SC"
500669;2023-01-23;"segunda-feira";"21:30:00";"RJ";40;29;"TRES RIOS";"Objeto estático sobre o leito carroçável";"Saída de leito carroçável";"Com Vítimas Feridas";"Pleno dia";"Decrescente";"Chuva";"Dupla";"Curva";"Sim";1;0;1;0;0;0;1;1;-22,17756692;-43,16802216;"SPRF-RJ";"DEL06-RJ";"UOP01-DEL06-RJ"