"id";"data_inversa";"dia_semana";"horario";"uf";"br";"km";"municipio";"causa_acidente";"tipo_acidente";"classificacao_acidente";"fase_dia";"sentido_via";"condicao_metereologica";"tipo_pista";"tracado_via";"uso_solo";"pessoas";"mortos";"feridos_leves";"feridos_graves";"ilesos";"ignorados";"feridos";"veiculos";"latitude";"longitude";"regional";"delegacia";"uop"
500670;2023-01-23;"segunda-feira";"23:15:00";"MG";365;695;"MONTE ALEGRE DE MINAS";"Transitar na contramão";"Colisão frontal";"Com Vítimas Fatais";"Plena Noite";"Decrescente";"Céu Claro";"Dupla";"Não Informado";"Não";3;1;2;0;0;0;2;2;-18,87825;-48,949039;"SPRF-MG";"DEL15-MG";"UOP03-DEL15-MG"
500671;2023-01-23;"segunda-feira";"23:10:00";"PR";277;3,5;"PARANAGUA";"Ausência de reação do condutor";"Colisão lateral mesmo sentido";"Com Vítimas Feridas";"Plena Noite";"Crescente";"Céu Claro";"Dupla";"Reta";"Sim";3;0;1;0;1;1;1;3;-25,544535;-48,542083;"SPRF-PR";"DEL01-PR";"UOP05-DEL01-PR"
500673;2023-01-19;"quinta-feira";"18:45:00";"PE";428;186;"PETROLINA";"Manobra de mudança de faixa";"Colisão lateral mesmo sentido";"Com Vítimas Feridas";"Plena Noite";"Decrescente";"Céu Claro";"Dupla";"Retorno Regulamentado";"Sim";2;0;1;0;0;1;1;1;-9,34807826;-40,47441248;"SPRF-PE";"DEL06-PE";"UOP01-DEL06-PE"
500675;2023-01-23;"segunda-feira";"23:10:00";"SC";101;140;"BALNEARIO CAMBORIU";"Avarias e/ou desgaste excessivo no pneu";"Saída de leito carroçável";"Com Vítimas Feridas";"Plena Noite";"Crescente";"Garoa/Chuvisco";"Dupla";"Não Informado";"Não";2;0;1;0;1;0;1;1;-27,03881189;-48,60025148;"SPRF-SC";"DEL04-SC";"UOP03-DEL04-SC"
500676;2023-01-24;"terça-feira";"01:00:00";"MG";116;180,7;"CARAI";"Ingestão de álcool pelo condutor";"Colisão com objeto";"Com Vítimas Feridas";"Plena Noite";"Crescente";"Céu Claro";"Simples";"Não Informado";"Não";2;0;1;1;0;0;2;1;-17,08489136;-41,48608495;"SPRF-MG";"DEL11-MG";"UOP01-DEL11-MG"
500678;2023-01-23;"segunda-feira";"22:20:00";"RJ";116;143;"DUQUE DE CAXIAS";"Manobra de mudança de faixa";"Colisão lateral mesmo sentido";"Sem Vítimas";"Plena Noite";"Decrescente";"Chuva";"Dupla";"Reta";"Não";2;0;0;0;2;0;0;1;-22,65237271;-43,23918118;"SPRF-RJ";"DEL01-RJ";"UOP01-DEL01-RJ"
500680;2023-01-23;"segunda-feira";"20:00:00";"ES";259;37,1;"COLATINA";"Ultrapassagem Indevida";"Colisão lateral mesmo sentido";"Com Vítimas Feridas";"Plena Noite";"Decrescente";"Nublado";"Simples";"Reta";"Não";2;0;1;0;1;0;1;2;-19,55632225;-40,51127191;"SPRF-ES";"DEL02-ES";"UOP01-DEL02-ES"
500682;2023-01-24;"terça-feira";"02:20:00";"PR";277;171;"PALMEIRA";"Avarias e/ou desgaste excessivo no pneu";"Queda de ocupante de veículo";"Com Vítimas Feridas";"Plena Noite";"Decrescente";"Ignorado";"Dupla";"Reta";"Sim";2;0;2;0;0;0;2;1;-25,45779015;-49,94062119;"SPRF-PR";"DEL03-PR";"UOP03-DEL03-PR"
500683;2023-01-19;"quinta-feira";"19:00:00";"PE";428;189;"PETROLINA";"Condutor deixou de manter distância do veículo da frente";"Engavetamento";"Com Vítimas Feridas";"Plena Noite";"Decrescente";"Céu Claro";"Dupla";"Reta";"Sim";3;0;1;0;2;0;1;3;-9,37197508;-40,48679585;"SPRF-PE";"DEL06-PE";"UOP01-DEL06-PE"
500684;2023-01-19;"quinta-feira";"21:40:00";"RJ";101;293;"ITABORAI";"Mal súbito do condutor";"Queda de ocupante de veículo";"Com Vítimas Feridas";"Plena Noite";"Decrescente";"Céu Claro";"Dupla";"Curva";"Sim";1;0;1;0;0;0;1;1;-22,756203;-42,88724;"SPRF-RJ";"DEL02-RJ";"UOP02-DEL02-RJ"
500687;2023-01-20;"sexta-feira";"18:00:00";"RS";116;267;"CANOAS";"Acessar a via sem observar a presença dos outros veículos";"Colisão lateral mesmo sentido";"Com Vítimas Feridas";"Pleno dia";"Decrescente";"Céu Claro";"Simples";"Reta";"Sim";2;0;1;0;1;0;1;2;-29,94142398;-51,17697062;"SPRF-RS";"DEL01-RS";"UOP01-DEL01-RS"
500689;2023-01-20;"sexta-feira";"19:15:00";"RS";290;93;"PORTO ALEGRE";"Manobra de mudança de faixa";"Colisão lateral mesmo sentido";"Com Vítimas Feridas";"Anoitecer";"Decrescente";"Céu Claro";"Múltipla";"Reta";"Sim";1;0;1;0;0;0;1;1;-29,970839;-51,187725;"SPRF-RS";"DEL01-RS";"UOP01-DEL01-RS"
500690;2023-01-24;"terça-feira";"01:00:00";"SC";470;171;"POUSO REDONDO";"Reação tardia ou ineficiente do condutor";"Colisão lateral mesmo sentido";"Sem Vítimas";"Plena Noite";"Crescente";"Nublado";"Simples";"Curva";"Não";1;0;0;0;0;1;0;1;-27,26584537;-49,8925209;"SPRF-SC";"DEL04-SC";"UOP02-DEL04-SC"
500692;2023-01-24;"terça-feira";"06:37:00";"PR";116;124;"FAZENDA RIO GRANDE";"Trafegar com motocicleta (ou similar) entre as faixas";"Colisão lateral mesmo sentido";"Com Vítimas Feridas";"Pleno dia";"Decrescente";"Céu Claro";"Dupla";"Reta";"Sim";2;0;1;0;1;0;1;2;-25,624582;-49,315159;"SPRF-PR";"DEL01-PR";"UOP03-DEL01-PR"
500693;2023-01-24;"terça-feira";"06:15:00";"MG";50;22,5;"ARAGUARI";"Restrição de visibilidade em curvas verticais";"Saída de leito carroçável";"Sem Vítimas";"Amanhecer";"Crescente";"Nublado";"Dupla";"Desvio Temporário";"Não";1;0;0;0;1;0;0;1;-18,60474;-48,051437;"SPRF-MG";"DEL15-MG";"UOP02-DEL15-MG"
500694;2023-01-24;"terça-feira";"06:00:00";"PR";163;283;"MARECHAL CANDIDO RONDON";"Acessar a via sem observar a presença dos outros veículos";"Colisão transversal";"Com Vítimas Feridas";"Pleno dia";"Crescente";"Céu Claro";"Simples";"Não Informado";"Não";2;0;1;0;1;0;1;2;-24,57864514;-53,99236214;"SPRF-PR";"DEL06-PR";"UOP02-DEL06-PR"
500695;2023-01-20;"sexta-feira";"23:30:00";"CE";222;1,8;"FORTALEZA";"Acessar a via sem observar a presença dos outros veículos";"Colisão transversal";"Sem Vítimas";"Plena Noite";"Crescente";"Céu Claro";"Múltipla";"Reta";"Sim";2;0;0;0;1;1;0;2;-3,737804;-38,578061;"SPRF-CE";"DEL01-CE";"UOP01-DEL01-CE"
500696;2023-01-24;"terça-feira";"06:00:00";"MG";381;599,8;"CARMOPOLIS DE MINAS";"Acumulo de água sobre o pavimento";"Colisão com objeto";"Com Vítimas Feridas";"Pleno dia";"Crescente";"Chuva";"Dupla";"Não Informado";"Não";1;0;1;0;0;0;1;1;-20,61546798;-44,73611382;"SPRF-MG";"DEL04-MG";"UOP01-DEL04-MG"
500701;2023-01-20;"sexta-feira";"20:10:00";"PE";232;82,8;"GRAVATA";"Animais na Pista";"Saída de leito carroçável";"Com Vítimas Feridas";"Plena Noite";"Decrescente";"Céu Claro";"Dupla";"Reta";"Não";3;0;1;0;2;0;1;1;-8,19905415;-35,58715194;"SPRF-PE";"DEL02-PE";"UOP02-DEL02PE"
500702;2023-01-24;"terça-feira";"07:15:00";"SP";116;220,1;"GUARULHOS";"Reação tardia ou ineficiente do condutor";"Colisão transversal";"Com Vítimas Feridas";"Amanhecer";"Crescente";"Nublado";"Múltipla";"Reta";"Sim";2;0;1;0;1;0;1;2;-23,46472809;-46,49793962;"SPRF-SP";"DEL01-SP";"UOP01-DEL01-SP"
500704;2023-01-21;"sábado";"01:00:00";"RJ";101;445;"MANGARATIBA";"Ingestão de álcool pelo condutor";"Colisão frontal";"Com Vítimas Feridas";"Plena Noite";"Crescente";"Nublado";"Simples";"Curva";"Não";3;0;1;0;2;0;1;2;-22,99332083;-44,09244699;"SPRF-RJ";"DEL03-RJ";"UOP01-DEL03-RJ"
500705;2023-01-20;"sexta-feira";"18:50:00";"PE";101;64,8;"RECIFE";"Manobra de mudança de faixa";"Colisão lateral mesmo sentido";"Sem Vítimas";"Plena Noite";"Decrescente";"Céu Claro";"Dupla";"Reta";"Sim";5;0;0;0;4;1;0;3;-8,025323;-34,942812;"SPRF-PE";"DEL01-PE";"UOP01-DEL01-PE"
500706;2023-01-21;"sábado";"06:20:00";"RN";304;295;"MACAIBA";"Manobra de mudança de faixa";"Tombamento";"Com Vítimas Feridas";"Pleno dia";"Crescente";"Céu Claro";"Simples";"Reta";"Sim";2;0;1;1;0;0;2;1;-5,86605927;-35,35822096;"SPRF-RN";"DEL01-RN";"UOP02-DEL01-RN"
500708;2023-01-20;"sexta-feira";"17:30:00";"PE";101;61;"RECIFE";"Demais falhas mecânicas ou elétricas";"Colisão traseira";"Com Vítimas Feridas";"Plena Noite";"Decrescente";"Céu Claro";"Dupla";"Curva";"Sim";3;0;3;0;0;0;3;2;-7,995389;-34,939158;"SPRF-PE";"DEL01-PE";"UOP02-DEL01-PE"
500709;2023-01-20;"sexta-feira";"19:00:00";"SC";101;203;"SAO JOSE";"Manobra de mudança de faixa";"Colisão lateral mesmo sentido";"Com Vítimas Feridas";"Anoitecer";"Decrescente";"Céu Claro";"Dupla";"Viaduto";"Sim";3;0;1;0;2;0;1;2;-27,5650044;-48,61460082;"SPRF-SC";"DEL01-SC";"UOP01-DEL01-SC"
500711;2023-01-24;"terça-feira";"07:05:00";"SC";280;3,2;"SAO FRANCISCO DO SUL";"Conversão proibida";"Colisão transversal";"Com Vítimas Feridas";"Pleno dia";"Crescente";"Céu Claro";"Simples";"Reta";"Não";2;0;1;1;0;0;2;2;-26,24531966;-48,61556107;"SPRF-SC";"DEL03-SC";"UOP03-DEL03-SC"
500712;2023-01-24;"terça-feira";"04:30:00";"BA";110;379;"CATU";"Reação tardia ou ineficiente do condutor";"Saída de leito carroçável";"Com Vítimas Feridas";"Pleno dia";"Crescente";"Sol";"Simples";"Curva";"Não";3;0;2;0;1;0;2;1;-12,44136496;-38,47474858;"SPRF-BA";"DEL01-BA";"UOP01-DEL01-BA"
500714;2023-01-21;"sábado";"03:30:00";"PR";277;587,7;"CASCAVEL";"Obras na pista";"Colisão transversal";"Com Vítimas Feridas";"Plena Noite";"Decrescente";"Céu Claro";"Simples";"Reta";"Sim";2;0;1;0;1;0;1;2;-24,9649472;-53,4210459;"SPRF-PR";"DEL04-PR";"UOP01-DEL04-PR"
500715;2023-01-24;"terça-feira";"07:40:00";"DF";60;9,4;"BRASILIA";"Frear bruscamente";"Colisão traseira";"Com Vítimas Feridas";"Pleno dia";"Decrescente";"Céu Claro";"Dupla";"Não Informado";"Não";3;0;3;0;0;0;3;2;-15,906293;-48,139965;"SPRF-DF";"DEL01-DF";"UOP02-DEL01-DF"
500716;2023-01-20;"sexta-feira";"19:27:00";"PR";277;340,5;"GUARAPUAVA";"Reação tardia ou ineficiente do condutor";"Colisão traseira";"Com Vítimas Feridas";"Anoitecer";"Crescente";"Céu Claro";"Dupla";"Não Informado";"Sim";2;0;1;0;1;0;1;2;-25,34491177;-51,39231179;"SPRF-PR";"DEL08-PR";"UOP01-DEL08-PR"
500718;2023-01-20;"sexta-feira";"23:40:00";"MG";365;677;"MONTE ALEGRE DE MINAS";"Reação tardia ou ineficiente do condutor";"Saída de leito carroçável";"Com Vítimas Feridas";"Plena Noite";"Decrescente";"Garoa/Chuvisco";"Dupla";"Reta";"Não";3;0;2;0;1;0;2;1;-18,85007136;-48,80839348;"SPRF-MG";"DEL15-MG";"UOP01-DEL15-MG"
500719;2023-01-24;"terça-feira";"06:40:00";"BA";116;412,8;"FEIRA DE SANTANA";"Ausência de reação do condutor";"Colisão lateral mesmo sentido";"Sem Vítimas";"Pleno dia";"Crescente";"Céu Claro";"Dupla";"Interseção de vias";"Sim";2;0;0;0;2;0;0;2;-12,1339280069;-38,9679672748;"SPRF-BA";"DEL02-BA";"UOP01-DEL02-BA"
500720;2023-01-24;"terça-feira";"07:30:00";"SP";116;461;"JACUPIRANGA";"Velocidade Incompatível";"Tombamento";"Sem Vítimas";"Pleno dia";"Decrescente";"Céu Claro";"Dupla";"Reta";"Não";1;0;0;0;0;1;0;1;-24,61672184;-47,88933615;"SPRF-SP";"DEL05-SP";"UOP01-DEL05-SP"
500721;2023-01-24;"terça-feira";"07:00:00";"SC";470;67,6;"INDAIAL";"Desrespeitar a preferência no cruzamento";"Colisão transversal";"Com Vítimas Feridas";"Pleno dia";"Decrescente";"Nublado";"Simples";"Não Informado";"Não";2;0;2;0;0;0;2;2;-26,872158;-49,23127;"SPRF-SC";"DEL04-SC";"UOP01-DEL04-SC"
500722;2023-01-20;"sexta-feira";"21:30:00";"SE";101;88;"NOSSA SENHORA DO SOCORRO";"Velocidade Incompatível";"Saída de leito carroçável";"Sem Vítimas";"Plena Noite";"Crescente";"Céu Claro";"Dupla";"Reta";"Não";1;0;0;0;0;1;0;1;-10,87113297;-37,1344637;"SPRF-SE";"DEL01-SE";"UOP01-DEL01-SE"
500723;2023-01-24;"terça-feira";"07:15:00";"SC";101;357;"SANGAO";"Acessar a via sem observar a presença dos outros veículos";"Colisão transversal";"Com Vítimas Feridas";"Pleno dia";"Decrescente";"Céu Claro";"Simples";"Interseção de vias";"Não";2;0;0;1;1;0;1;2;-28,64759604;-49,10290003;"SPRF-SC";"DEL02-SC";"UOP01-DEL02-SC"
500724;2023-01-24;"terça-feira";"08:12:00";"SP";116;207;"GUARULHOS";"Ausência de reação do condutor";"Engavetamento";"Com Vítimas Feridas";"Pleno dia";"Crescente";"Nublado";"Dupla";"Reta";"Sim";3;0;1;0;2;0;1;3;-23,41972188;-46,38419203;"SPRF-SP";"DEL01-SP";"UOP01-DEL01-SP"
500725;2023-01-20;"sexta-feira";"18:50:00";"PR";376;180,9;"MARINGA";"Condutor deixou de manter distância do veículo da frente";"Tombamento";"Com Vítimas Feridas";"Anoitecer";"Crescente";"Céu Claro";"Dupla";"Reta";"Sim";1;0;1;0;0;0;1;1;-23,42725352;-51,89512271;"SPRF-PR";"DEL09-PR";"UOP01-DEL09-PR"
500726;2023-01-21;"sábado";"15:30:00";"PI";316;223,8;"VALENCA DO PIAUI";"Condutor Dormindo";"Saída de leito carroçável";"Com Vítimas Feridas";"Pleno dia";"Crescente";"Céu Claro";"Simples";"Reta";"Não";1;0;0;1;0;0;1;1;-6,5067815;-41,7381835;"SPRF-PI";"DEL04-PI";"UOP02-DEL04-PI"
500727;2023-01-24;"terça-feira";"08:15:00";"SP";116;319;"SAO LOURENCO DA SERRA";"Avarias e/ou desgaste excessivo no pneu";"Queda de ocupante de veículo";"Com Vítimas Feridas";"Pleno dia";"Decrescente";"Céu Claro";"Dupla";"Reta";"Não";1;0;1;0;0;0;1;1;-23,93100968;-46,9996511;"SPRF-SP";"DEL04-SP";"UOP03-DEL04-SP"
500728;2023-01-21;"sábado";"02:10:00";"PR";376;35,4;"NOVA LONDRINA";"Transitar na contramão";"Colisão frontal";"Com Vítimas Fatais";"Plena Noite";"Crescente";"Céu Claro";"Simples";"Reta";"Não";4;1;3;0;0;0;3;2;-22,80192;-52,99954;"SPRF-PR";"DEL09-PR";"UOP02-DEL09-PR"
500732;2023-01-24;"terça-feira";"08:20:00";"SP";381;54,3;"MAIRIPORA";"Avarias e/ou desgaste excessivo no pneu";"Tombamento";"Com Vítimas Feridas";"Pleno dia";"Crescente";"Céu Claro";"Dupla";"Curva";"Não";1;0;1;0;0;0;1;1;-23,24813659;-46,5929693;"SPRF-SP";"DEL03-SP";"UOP01-DEL03-SP"
500734;2023-01-24;"terça-feira";"08:20:00";"ES";101;135;"LINHARES";"Condutor deixou de manter distância do veículo da frente";"Engavetamento";"Sem Vítimas";"Pleno dia";"Decrescente";"Céu Claro";"Simples";"Reta";"Não";3;0;0;0;3;0;0;3;-19,28406301;-40,08688713;"SPRF-ES";"DEL04-ES";"UOP01-DEL04-ES"
500735;2023-01-24;"terça-feira";"08:10:00";"RJ";101;111,9;"CAMPOS DOS GOYTACAZES";"Curva acentuada";"Capotamento";"Com Vítimas Feridas";"Pleno dia";"Crescente";"Chuva";"Dupla";"Curva";"Não";15;0;7;0;8;0;7;2;-21,96256001;-41,64818859;"SPRF-RJ";"DEL08-RJ";"UOP02-DEL08-RJ"
500736;2023-01-21;"sábado";"03:15:00";"SC";101;215;"PALHOCA";"Ausência de reação do condutor";"Colisão traseira";"Sem Vítimas";"Plena Noite";"Crescente";"Céu Claro";"Dupla";"Curva";"Sim";2;0;0;0;1;1;0;2;-27,65184843;-48,67604941;"SPRF-SC";"DEL01-SC";"UOP02-DEL01-SC"
500737;2023-01-22;"domingo";"10:50:00";"SP";116;95,5;"PINDAMONHANGABA";"Reação tardia ou ineficiente do condutor";"Colisão traseira";"Com Vítimas Feridas";"Pleno dia";"Decrescente";"Céu Claro";"Dupla";"Reta";"Não";2;0;0;1;1;0;1;2;-22,96514512;-45,43013094;"SPRF-SP";"DEL08-SP";"UOP01-DEL08-SP"
500739;2023-01-24;"terça-feira";"08:25:00";"SC";101;127;"ITAJAI";"Condutor deixou de manter distância do veículo da frente";"Colisão traseira";"Com Vítimas Feridas";"Pleno dia";"Decrescente";"Céu Claro";"Dupla";"Reta";"Não";2;0;1;0;1;0;1;2;-26,9639319;-48,68328024;"SPRF-SC";"DEL04-SC";"UOP04-DEL04-SC"
500741;2023-01-20;"sexta-feira";"17:00:00";"MG";116;812;"ALEM PARAIBA";"Velocidade Incompatível";"Saída de leito carroçável";"Com Vítimas Feridas";"Anoitecer";"Crescente";"Chuva";"Simples";"Não Informado";"Não";5;0;0;5;0;0;5;1;-21,8449291;-42,67297203;"SPRF-MG";"DEL07-MG";"UOP01-DEL07-MG"
500743;2023-01-20;"sexta-feira";"18:24:00";"PR";277;714,7;"FOZ DO IGUACU";"Reação tardia ou ineficiente do condutor";"Colisão traseira";"Com Vítimas Feridas";"Pleno dia";"Decrescente";"Sol";"Dupla";"Reta";"Não";3;0;0;1;2;0;1;2;-25,4650714;-54,44902954;"SPRF-PR";"DEL05-PR";"UOP01-DEL05-PR"
500745;2023-01-20;"sexta-feira";"21:20:00";"GO";60;89;"ANAPOLIS";"Acessar a via sem observar a presença dos outros veículos";"Tombamento";"Com Vítimas Feridas";"Plena Noite";"Decrescente";"Céu Claro";"Dupla";"Reta";"Sim";2;0;0;1;0;1;1;1;-16,3367;-48,8957;"SPRF-GO";"DEL02-GO";"UOP01-DEL02-GO"
500746;2023-01-21;"sábado";"04:40:00";"SC";101;89,3;"BARRA VELHA";"Reação tardia ou ineficiente do condutor";"Capotamento";"Com Vítimas Feridas";"Plena Noite";"Decrescente";"Céu Claro";"Dupla";"Reta";"Sim";1;0;1;0;0;0;1;1;-26,65175997;-48,68721921;"SPRF-SC";"DEL03-SC";"UOP02-DEL03-SC"
500747;2023-01-24;"terça-feira";"08:00:00";"MA";230;407;"BALSAS";"Acessar a via sem observar a presença dos outros veículos";"Colisão transversal";"Com Vítimas Feridas";"Pleno dia";"Decrescente";"Céu Claro";"Simples";"Reta";"Sim";2;0;0;1;1;0;1;2;-7,51919168;-46,06740888;"SPRF-MA";"DEL05-MA";"UOP01-DEL05-MA"
500748;2023-01-20;"sexta-feira";"19:40:00";"MT";163;786;"VERA";"Ingestão de álcool pelo condutor";"Saída de leito carroçável";"Sem Vítimas";"Plena Noite";"Decrescente";"Céu Claro";"Simples";"Interseção de vias";"Não";2;0;0;0;2;0;0;1;-12,28711818;-55,56221565;"SPRF-MT";"DEL06-MT";"UOP02-DEL06-MT"
500749;2023-01-21;"sábado";"10:30:00";"SP";381;82;"SAO PAULO";"Reação tardia ou ineficiente do condutor";"Colisão traseira";"Com Vítimas Feridas";"Pleno dia";"Crescente";"Nublado";"Múltipla";"Não Informado";"Sim";2;0;1;0;0;1;1;2;-23,42399;-46,575112;"SPRF-SP";"DEL03-SP";"UOP01-DEL03-SP"
500750;2023-01-20;"sexta-feira";"22:45:00";"GO";40;7;"VALPARAISO DE GOIAS";"Reação tardia ou ineficiente do condutor";"Colisão lateral mesmo sentido";"Sem Vítimas";"Plena Noite";"Crescente";"Céu Claro";"Dupla";"Reta";"Sim";2;0;0;0;1;1;0;2;-16,108482;-47,972524;"SPRF-DF";"DEL01-DF";"UOP01-DEL01-DF"
500751;2023-01-24;"terça-feira";"09:30:00";"PR";369;150;"LONDRINA";"Reação tardia ou ineficiente do condutor";"Colisão traseira";"Sem Vítimas";"Pleno dia";"Crescente";"Céu Claro";"Dupla";"Não Informado";"Não";3;0;0;0;3;0;0;3;-23,29291423;-51,16316915;"SPRF-PR";"DEL07-PR";"UOP01-DEL07-PR"
500752;2023-01-23;"segunda-feira";"23:00:00";"RJ";40;119,7;"DUQUE DE CAXIAS";"Reação tardia ou ineficiente do condutor";"Capotamento";"Com Vítimas Feridas";"Plena Noite";"Crescente";"Chuva";"Múltipla";"Reta";"Sim";1;0;1;0;0;0;1;1;-22,76375592;-43,28683062;"SPRF-RJ";"DEL01-RJ";"UOP01-DEL01-RJ"
500753;2023-01-20;"sexta-feira";"19:40:00";"RO";364;199,7;"PIMENTA BUENO";"Ingestão de álcool pelo condutor";"Colisão com objeto";"Sem Vítimas";"Plena Noite";"Decrescente";"Céu Claro";"Simples";"Rotatória";"Sim";1;0;0;0;0;1;0;1;-11,656688;-61,191955;"SPRF-RO";"DEL02-RO";"UOP02-DEL02-RO"
500754;2023-01-20;"sexta-feira";"21:00:00";"MS";262;386;"TERENOS";"Problema com o freio";"Atropelamento de Pedestre";"Com Vítimas Feridas";"Plena Noite";"Crescente";"Céu Claro";"Simples";"Reta";"Não";1;0;0;1;0;0;1;1;-20,43132423;-54,89118605;"SPRF-MS";"DEL01-MS";"UOP03-DEL01-MS"
500757;2023-01-21;"sábado";"06:45:00";"MS";163;486,4;"CAMPO GRANDE";"Reação tardia ou ineficiente do condutor";"Capotamento";"Com Vítimas Feridas";"Pleno dia";"Decrescente";"Nublado";"Simples";"Não Informado";"Não";2;0;0;1;1;0;1;1;-20,4336361;-54,54376745;"SPRF-MS";"DEL01-MS";"UOP02-DEL01-MS"
500759;2023-01-20;"sexta-feira";"20:00:00";"SC";101;189,6;"BIGUACU";"Manobra de mudança de faixa";"Colisão traseira";"Com Vítimas Feridas";"Plena Noite";"Decrescente";"Céu Claro";"Dupla";"Reta";"Não";2;0;1;0;1;0;1;2;-27,459393;-48,638914;"SPRF-SC";"DEL01-SC";"UOP01-DEL01-SC"
500760;2023-01-24;"terça-feira";"09:40:00";"RJ";101;488;"ANGRA DOS REIS";"Pista em desnível";"Tombamento";"Com Vítimas Feridas";"Pleno dia";"Crescente";"Nublado";"Simples";"Reta";"Não";1;0;1;0;0;0;1;1;-22,96213447;-44,29725587;"SPRF-RJ";"DEL03-RJ";"UOP02-DEL03-RJ"
500763;2023-01-21;"sábado";"01:20:00";"MS";163;329;"RIO BRILHANTE";"Carga excessiva e/ou mal acondicionada";"Incêndio";"Sem Vítimas";"Plena Noite";"Crescente";"Nublado";"Simples";"Reta";"Não";1;0;0;0;0;1;0;1;-21,73378102;-54,51255295;"SPRF-MS";"DEL02-MS";"UOP02-DEL02-MS"
500764;2023-01-21;"sábado";"04:30:00";"AC";364;131;"RIO BRANCO";"Ausência de reação do condutor";"Saída de leito carroçável";"Sem Vítimas";"Amanhecer";"Decrescente";"Céu Claro";"Dupla";"Curva";"Sim";1;0;0;0;1;0;0;1;-10,01594689;-67,84093848;"SPRF-AC";"N/A";"UOP01-DEL01-AC"
500765;2023-01-21;"sábado";"18:15:00";"RS";116;236,1;"NOVO HAMBURGO";"Acumulo de água sobre o pavimento";"Saída de leito carroçável";"Sem Vítimas";"Anoitecer";"Decrescente";"Nublado";"Simples";"Reta";"Sim";1;0;0;0;1;0;0;1;-29,66938502;-51,14304731;"SPRF-RS";"DEL01-RS";"UOP02-DEL01-RS"
500768;2023-01-20;"sexta-feira";"20:00:00";"MS";376;58,5;"GLORIA DE DOURADOS";"Reação tardia ou ineficiente do condutor";"Saída de leito carroçável";"Com Vítimas Feridas";"Plena Noite";"Crescente";"Céu Claro";"Simples";"Rotatória";"Não";1;0;0;1;0;0;1;1;-22,45807104;-54,24922412;"SPRF-MS";"DEL04-MS";"UOP01-DEL04-MS"
500769;2023-01-20;"sexta-feira";"18:50:00";"RS";158;329;"SANTA MARIA";"Desrespeitar a preferência no cruzamento";"Colisão transversal";"Com Vítimas Feridas";"Pleno dia";"Crescente";"Céu Claro";"Dupla";"Não Informado";"Sim";4;0;1;0;1;2;1;2;-29,71044468;-53,82100409;"SPRF-RS";"DEL09-RS";"UOP01-DEL09-RS"
500770;2023-01-05;"quinta-feira";"09:30:00";"ES";101;258,5;"SERRA";"Entrada inopinada do pedestre";"Atropelamento de Pedestre";"Com Vítimas Feridas";"Pleno dia";"Crescente";"Céu Claro";"Dupla";"Curva";"Sim";3;0;0;1;2;0;1;1;-20,13059888;-40,2961019;"SPRF-ES";"DEL02-ES";"UOP01-DEL02-ES"
500771;2023-01-21;"sábado";"06:30:00";"MG";381;358;"JOAO MONLEVADE";"Ingestão de álcool pelo condutor";"Saída de leito carroçável";"Sem Vítimas";"Amanhecer";"Crescente";"Chuva";"Simples";"Reta";"Sim";1;0;0;0;1;0;0;1;-19,85592801;-43,21689055;"SPRF-MG";"DEL03-MG";"UOP01-DEL03-MG"
500772;2023-01-21;"sábado";"20:00:00";"MA";135;6;"SAO LUIS";"Pista Escorregadia";"Saída de leito carroçável";"Sem Vítimas";"Plena Noite";"Crescente";"Céu Claro";"Dupla";"Reta";"Sim";2;0;0;0;2;0;0;1;-2,62904022;-44,31489056;"SPRF-MA";"DEL01-MA";"UOP01-DEL01-MA"
500774;2023-01-21;"sábado";"00:30:00";"RJ";101;218;"CASIMIRO DE ABREU";"Pista Escorregadia";"Capotamento";"Com Vítimas Feridas";"Plena Noite";"Crescente";"Céu Claro";"Dupla";"Reta";"Sim";1;0;1;0;0;0;1;1;-22,50788881;-42,30025408;"SPRF-RJ";"DEL02-RJ";"UOP03-DEL02-RJ"
500775;2023-01-22;"domingo";"13:20:00";"SP";116;40,2;"CACHOEIRA PAULISTA";"Ausência de reação do condutor";"Colisão com objeto";"Com Vítimas Fatais";"Pleno dia";"Crescente";"Sol";"Múltipla";"Não Informado";"Não";1;1;0;0;0;0;0;1;-22,68080728;-45,00688982;"SPRF-SP";"DEL08-SP";"UOP02-DEL08-SP"
500776;2023-01-24;"terça-feira";"11:00:00";"PB";104;135,9;"QUEIMADAS";"Condutor deixou de manter distância do veículo da frente";"Colisão traseira";"Com Vítimas Feridas";"Pleno dia";"Crescente";"Céu Claro";"Simples";"Não Informado";"Sim";2;0;1;0;1;0;1;2;-7,33449509;-35,89813347;"SPRF-PB";"DEL02-PB";"UOP03-DEL02-PB"
500777;2023-01-20;"sexta-feira";"18:00:00";"RJ";101;87;"CAMPOS DOS GOYTACAZES";"Curva acentuada";"Capotamento";"Com Vítimas Feridas";"Pleno dia";"Crescente";"Chuva";"Dupla";"Curva";"Não";2;0;2;0;0;0;2;1;-21,82626899;-41,49641201;"SPRF-RJ";"DEL08-RJ";"UOP02-DEL08-RJ"
500779;2023-01-24;"terça-feira";"11:40:00";"MG";381;4;"BETIM";"Reação tardia ou ineficiente do condutor";"Engavetamento";"Com Vítimas Feridas";"Pleno dia";"Decrescente";"Céu Claro";"Dupla";"Reta";"Sim";3;0;1;0;2;0;1;3;-19,96825;-44,198708;"SPRF-MG";"DEL01-MG";"UOP03-DEL01-MG"