"id";"data_inversa";"dia_semana";"horario";"uf";"br";"km";"municipio";"causa_acidente";"tipo_acidente";"classificacao_acidente";"fase_dia";"sentido_via";"condicao_metereologica";"tipo_pista";"tracado_via";"uso_solo";"pessoas";"mortos";"feridos_leves";"feridos_graves";"ilesos";"ignorados";"feridos";"veiculos";"latitude";"longitude";"regional";"delegacia";"uop"
500780;2023-01-24;"terça-feira";"11:00:00";"PR";163;135;"CAPITAO LEONIDAS MARQUES";"Reação tardia ou ineficiente do condutor";"Saída de leito carroçável";"Com Vítimas Feridas";"Pleno dia";"Decrescente";"Céu Claro";"Dupla";"Não Informado";"Não";1;0;1;0;0;0;1;1;-25,51424922;-53,59133676;"SPRF-PR";"DEL04-PR";"UOP04-DEL04-PR"
500782;2023-01-22;"domingo";"05:55:00";"RS";158;327;"SANTA MARIA";"Ingestão de álcool pelo condutor";"Saída de leito carroçável";"Com Vítimas Feridas";"Amanhecer";"Crescente";"Céu Claro";"Simples";"Não Informado";"Sim";2;0;2;0;0;0;2;1;-29,714945;-53,81083;"SPRF-RS";"DEL09-RS";"UOP01-DEL09-RS"
500783;2023-01-24;"terça-feira";"11:41:00";"TO";10;432;"PALMAS";"Demais falhas mecânicas ou elétricas";"Colisão com objeto";"Sem Vítimas";"Pleno dia";"Crescente";"Céu Claro";"Simples";"Não Informado";"Não";1;0;0;0;1;0;0;1;-10,288658;-48,297463;"SPRF-TO";"DEL01-TO";"UOP03-DEL01-TO"
500784;2023-01-20;"sexta-feira";"19:35:00";"RJ";116;195;"QUEIMADOS";"Avarias e/ou desgaste excessivo no pneu";"Queda de ocupante de veículo";"Com Vítimas Feridas";"Plena Noite";"Decrescente";"Céu Claro";"Múltipla";"Reta";"Sim";2;0;2;0;0;0;2;1;-22,73573614;-43,54749701;"SPRF-RJ";"DEL01-RJ";"UOP02-DEL01-RJ"
500788;2023-01-24;"terça-feira";"11:30:00";"RO";364;198;"PIMENTA BUENO";"Manobra de mudança de faixa";"Colisão lateral mesmo sentido";"Com Vítimas Feridas";"Pleno dia";"Crescente";"Céu Claro";"Simples";"Não Informado";"Sim";3;0;1;0;1;1;1;2;-11,67049488;-61,19146173;"SPRF-RO";"DEL02-RO";"UOP02-DEL02-RO"
500789;2023-01-20;"sexta-feira";"22:00:00";"SC";101;252;"PAULO LOPES";"Ausência de reação do condutor";"Colisão traseira";"Com Vítimas Feridas";"Plena Noite";"Crescente";"Céu Claro";"Dupla";"Reta";"Sim";4;0;0;1;3;0;1;2;-27,959177;-48,67842358;"SPRF-SC";"DEL02-SC";"UOP03-DEL02-SC"
500790;2023-01-24;"terça-feira";"11:00:00";"MG";267;152,2;"LIMA DUARTE";"Velocidade Incompatível";"Saída de leito carroçável";"Com Vítimas Feridas";"Pleno dia";"Decrescente";"Chuva";"Simples";"Reta";"Não";5;0;4;0;1;0;4;1;-21,825264;-43,75612716;"SPRF-MG";"DEL05-MG";"UOP01-DEL05-MG"
500791;2023-01-24;"terça-feira";"11:30:00";"SC";282;108;"ALFREDO WAGNER";"Ausência de reação do condutor";"Colisão traseira";"Sem Vítimas";"Pleno dia";"Decrescente";"Céu Claro";"Simples";"Não Informado";"Não";2;0;0;0;2;0;0;2;-27,710777;-49,356228;"SPRF-SC";"DEL01-SC";"UOP03-DEL01-SC"
500792;2023-01-21;"sábado";"15:30:00";"ES";101;223,8;"FUNDAO";"Ausência de reação do condutor";"Colisão traseira";"Com Vítimas Feridas";"Pleno dia";"Crescente";"Céu Claro";"Simples";"Reta";"Não";2;0;1;0;1;0;1;2;-19,88448281;-40,41556146;"SPRF-ES";"DEL02-ES";"UOP01-DEL02-ES"
500793;2023-01-21;"sábado";"22:30:00";"PR";163;39,3;"SANTO ANTONIO DO SUDOESTE";"Transitar na contramão";"Colisão frontal";"Com Vítimas Feridas";"Plena Noite";"Decrescente";"Céu Claro";"Simples";"Reta";"Não";3;0;2;1;0;0;3;2;-26,036685;-53,732166;"SPRF-PR";"DEL02-PR";"UOP02-DEL02-PR"
500795;2023-01-24;"terça-feira";"12:15:00";"PE";232;77,9;"GRAVATA";"Velocidade Incompatível";"Colisão transversal";"Com Vítimas Feridas";"Pleno dia";"Crescente";"Céu Claro";"Dupla";"Reta";"Sim";2;0;1;0;1;0;1;2;-8,19343863;-35,54300692;"SPRF-PE";"DEL02-PE";"UOP02-DEL02PE"
500796;2023-01-21;"sábado";"05:00:00";"PR";277;660;"MATELANDIA";"Reação tardia ou ineficiente do condutor";"Queda de ocupante de veículo";"Com Vítimas Feridas";"Amanhecer";"Decrescente";"Céu Claro";"Dupla";"Curva";"Não";1;0;1;0;0;0;1;1;-25,25136237;-53,99027796;"SPRF-PR";"DEL05-PR";"UOP02-DEL05-PR"
500797;2023-01-24;"terça-feira";"13:30:00";"SC";280;54,8;"GUARAMIRIM";"Acessar a via sem observar a presença dos outros veículos";"Atropelamento de Pedestre";"Com Vítimas Feridas";"Pleno dia";"Decrescente";"Céu Claro";"Dupla";"Curva";"Sim";2;0;0;1;1;0;1;1;-26,47552;-48,992246;"SPRF-SC";"DEL03-SC";"UOP03-DEL03-SC"
500798;2023-01-24;"terça-feira";"13:15:00";"RS";153;47;"ERECHIM";"Acessar a via sem observar a presença dos outros veículos";"Colisão transversal";"Com Vítimas Feridas";"Pleno dia";"Decrescente";"Céu Claro";"Simples";"Rotatória";"Sim";3;0;1;0;2;0;1;2;-27,64530366;-52,24998023;"SPRF-RS";"DEL08-RS";"UOP04-DEL08-RS"
500802;2023-01-21;"sábado";"13:30:00";"SC";101;214,4;"PALHOCA";"Manobra de mudança de faixa";"Colisão lateral mesmo sentido";"Com Vítimas Feridas";"Pleno dia";"Crescente";"Céu Claro";"Múltipla";"Reta";"Sim";3;0;1;0;2;0;1;2;-27,64443;-48,67057;"SPRF-SC";"DEL01-SC";"UOP02-DEL01-SC"
500803;2023-01-22;"domingo";"06:30:00";"MG";262;437,1;"NOVA SERRANA";"Velocidade Incompatível";"Colisão com objeto";"Com Vítimas Feridas";"Pleno dia";"Crescente";"Chuva";"Dupla";"Não Informado";"Não";6;0;1;0;5;0;1;1;-19,89622194;-44,86972815;"SPRF-MG";"DEL08-MG";"UOP03-DEL08-MG"
500804;2023-01-24;"terça-feira";"13:30:00";"RS";290;68,7;"GRAVATAI";"Condutor deixou de manter distância do veículo da frente";"Tombamento";"Com Vítimas Feridas";"Pleno dia";"Crescente";"Céu Claro";"Dupla";"Interseção de vias";"Sim";2;0;1;0;1;0;1;1;-29,9435746;-50,93811035;"SPRF-RS";"DEL03-RS";"UOP01-DEL03-RS"
500805;2023-01-22;"domingo";"02:58:00";"MT";163;688;"LUCAS DO RIO VERDE";"Ausência de reação do condutor";"Queda de ocupante de veículo";"Com Vítimas Feridas";"Plena Noite";"Decrescente";"Céu Claro";"Dupla";"Rotatória";"Não";1;0;1;0;0;0;1;1;-13,17535188;-55,98243627;"SPRF-MT";"DEL06-MT";"UOP02-DEL06-MT"
500806;2023-01-24;"terça-feira";"13:25:00";"RS";116;152,7;"CAXIAS DO SUL";"Conversão proibida";"Colisão transversal";"Com Vítimas Feridas";"Pleno dia";"Decrescente";"Sol";"Simples";"Reta";"Não";2;0;1;0;1;0;1;2;-29,1829343;-51,16801501;"SPRF-RS";"DEL05-RS";"UOP01-DEL05-RS"
500807;2023-01-24;"terça-feira";"13:35:00";"MG";40;558;"NOVA LIMA";"Velocidade Incompatível";"Saída de leito carroçável";"Com Vítimas Feridas";"Pleno dia";"Crescente";"Garoa/Chuvisco";"Dupla";"Reta";"Não";1;0;1;0;0;0;1;1;-20,11082646;-43,97221642;"SPRF-MG";"DEL01-MG";"UOP02-DEL01-MG"
500808;2023-01-21;"sábado";"08:40:00";"SP";101;46;"UBATUBA";"Trafegar com motocicleta (ou similar) entre as faixas";"Atropelamento de Pedestre";"Com Vítimas Feridas";"Pleno dia";"Decrescente";"Céu Claro";"Simples";"Reta";"Sim";2;0;1;0;1;0;1;1;-23,42403383;-45,07492113;"SPRF-SP";"DEL06-SP";"UOP01-DEL06-SP"
500809;2023-01-24;"terça-feira";"11:20:00";"RO";174;16,2;"VILHENA";"Conversão proibida";"Colisão transversal";"Com Vítimas Feridas";"Pleno dia";"Crescente";"Nublado";"Simples";"Reta";"Sim";5;0;3;0;2;0;3;2;-12,71452302;-60,1262149;"SPRF-RO";"DEL04-RO";"UOP01-DEL04-RO"
500810;2023-01-20;"sexta-feira";"17:55:00";"MA";10;304,1;"ACAILANDIA";"Ausência de reação do condutor";"Tombamento";"Com Vítimas Feridas";"Pleno dia";"Crescente";"Céu Claro";"Simples";"Reta";"Não";1;0;0;1;0;0;1;1;-5,078606;-47,557503;"SPRF-MA";"DEL04-MA";"UOP03-DEL04-MA"
500811;2023-01-16;"segunda-feira";"12:45:00";"PI";NA;NA;"JACOBINA DO PIAUI";"Condutor deixou de manter distância do veículo da frente";"Colisão traseira";"Sem Vítimas";"Pleno dia";"Não Informado";"Céu Claro";"Simples";"Reta";"Sim";2;0;0;0;2;0;0;2;-7,93366181;-41,20806087;"SPRF-PI";"DEL04-PI";"UOP01-DEL04-PI"
500812;2023-01-24;"terça-feira";"08:30:00";"BA";324;579;"CANDEIAS";"Reação tardia ou ineficiente do condutor";"Saída de leito carroçável";"Com Vítimas Feridas";"Pleno dia";"Crescente";"Sol";"Dupla";"Reta";"Não";5;0;3;0;2;0;3;1;-12,600821;-38,505531;"SPRF-BA";"DEL01-BA";"UOP01-DEL01-BA"
500813;2023-01-21;"sábado";"01:20:00";"PE";104;29,4;"TORITAMA";"Manobra de mudança de faixa";"Colisão lateral sentido oposto";"Sem Vítimas";"Plena Noite";"Crescente";"Céu Claro";"Simples";"Reta";"Sim";2;0;0;0;2;0;0;2;-8,0078;-36,0621;"SPRF-PE";"DEL02-PE";"UOP01-DEL02-PE"
500814;2023-01-23;"segunda-feira";"04:00:00";"PE";428;73;"SANTA MARIA DA BOA VISTA";"Acumulo de água sobre o pavimento";"Capotamento";"Com Vítimas Feridas";"Plena Noite";"Crescente";"Chuva";"Simples";"Ponte";"Não";4;0;4;0;0;0;4;1;-8,72018283;-39,77321719;"SPRF-PE";"DEL06-PE";"UOP03-DEL06-PE"
500815;2023-01-24;"terça-feira";"14:00:00";"PR";116;124;"FAZENDA RIO GRANDE";"Condutor deixou de manter distância do veículo da frente";"Colisão traseira";"Sem Vítimas";"Pleno dia";"Crescente";"Céu Claro";"Dupla";"Reta";"Não";6;0;0;0;6;0;0;2;-25,57736002;-49,31243589;"SPRF-PR";"DEL01-PR";"UOP03-DEL01-PR"
500816;2023-01-24;"terça-feira";"11:20:00";"AP";210;73,5;"PORTO GRANDE";"Chuva";"Capotamento";"Com Vítimas Feridas";"Pleno dia";"Crescente";"Chuva";"Simples";"Curva";"Não";5;0;0;1;0;4;1;1;0,57009495;-51,16613002;"SPRF-AP";"N/A";"UOP01-DEL01-AP"
500818;2023-01-23;"segunda-feira";"06:40:00";"BA";101;474;"URUCUCA";"Acessar a via sem observar a presença dos outros veículos";"Colisão traseira";"Com Vítimas Feridas";"Pleno dia";"Crescente";"Céu Claro";"Simples";"Interseção de vias";"Não";2;0;0;1;1;0;1;1;-14,571467;-39,36036792;"SPRF-BA";"DEL05-BA";"UOP01-DEL05-BA"
500819;2023-01-24;"terça-feira";"14:20:00";"MG";459;106,3;"POUSO ALEGRE";"Desrespeitar a preferência no cruzamento";"Colisão lateral mesmo sentido";"Com Vítimas Feridas";"Pleno dia";"Crescente";"Sol";"Múltipla";"Rotatória";"Sim";3;0;2;0;1;0;2;2;-22,2393593;-45,87727731;"SPRF-MG";"DEL16-MG";"UOP01-DEL16-MG"
500820;2023-01-23;"segunda-feira";"01:49:00";"MG";NA;NA;"UBERABA";"Transitar na contramão";"Colisão lateral sentido oposto";"Com Vítimas Feridas";"Plena Noite";"Não Informado";"Chuva";"Dupla";"Rotatória";"Sim";4;0;1;0;2;1;1;2;-19,775061;-47,970595;"SPRF-MG";"DEL13-MG";"UOP01-DEL13-MG"
500821;2023-01-22;"domingo";"05:15:00";"SP";101;34;"UBATUBA";"Condutor Dormindo";"Colisão traseira";"Com Vítimas Feridas";"Amanhecer";"Decrescente";"Céu Claro";"Múltipla";"Não Informado";"Não";2;0;1;0;1;0;1;2;-23,39141027;-44,99853296;"SPRF-SP";"DEL06-SP";"UOP01-DEL06-SP"
500822;2023-01-20;"sexta-feira";"23:30:00";"SP";116;54;"LORENA";"Reação tardia ou ineficiente do condutor";"Saída de leito carroçável";"Com Vítimas Feridas";"Plena Noite";"Crescente";"Céu Claro";"Múltipla";"Reta";"Não";3;0;0;1;0;2;1;1;-22,76037278;-45,11863947;"SPRF-SP";"DEL08-SP";"UOP02-DEL08-SP"
500824;2023-01-20;"sexta-feira";"18:13:00";"SP";116;148;"SAO JOSE DOS CAMPOS";"Condutor deixou de manter distância do veículo da frente";"Colisão traseira";"Com Vítimas Feridas";"Anoitecer";"Decrescente";"Nublado";"Dupla";"Reta";"Não";4;0;2;0;1;1;2;2;-23,199616;-45,877927;"SPRF-SP";"DEL02-SP";"UOP01-DEL02-SP"
500828;2023-01-24;"terça-feira";"15:00:00";"MG";50;182;"UBERABA";"Velocidade Incompatível";"Tombamento";"Com Vítimas Feridas";"Pleno dia";"Crescente";"Chuva";"Dupla";"Reta";"Não";1;0;1;0;0;0;1;1;-19,793806;-47,911165;"SPRF-MG";"DEL13-MG";"UOP01-DEL13-MG"
500829;2023-01-22;"domingo";"09:30:00";"ES";101;256,7;"SERRA";"Reação tardia ou ineficiente do condutor";"Queda de ocupante de veículo";"Com Vítimas Feridas";"Pleno dia";"Crescente";"Céu Claro";"Múltipla";"Não Informado";"Sim";2;0;1;0;1;0;1;1;-20,119123;-40,311005;"SPRF-ES";"DEL02-ES";"UOP01-DEL02-ES"
500830;2023-01-24;"terça-feira";"11:20:00";"SC";101;297;"LAGUNA";"Condutor deixou de manter distância do veículo da frente";"Colisão traseira";"Sem Vítimas";"Pleno dia";"Crescente";"Céu Claro";"Dupla";"Reta";"Sim";2;0;0;0;1;1;0;2;-28,31353989;-48,7240982;"SPRF-SC";"DEL02-SC";"UOP03-DEL02-SC"
500834;2023-01-24;"terça-feira";"15:30:00";"ES";101;65;"SAO MATEUS";"Reação tardia ou ineficiente do condutor";"Colisão traseira";"Com Vítimas Feridas";"Pleno dia";"Decrescente";"Nublado";"Simples";"Reta";"Sim";4;0;1;0;3;0;1;2;-18,70935945;-39,87762087;"SPRF-ES";"DEL04-ES";"UOP02-DEL04-ES"
500835;2023-01-24;"terça-feira";"14:00:00";"PR";116;119;"CURITIBA";"Ausência de reação do condutor";"Colisão com objeto";"Com Vítimas Feridas";"Pleno dia";"Crescente";"Céu Claro";"Dupla";"Curva";"Sim";1;0;1;0;0;0;1;1;-25,54456009;-49,30146002;"SPRF-PR";"DEL01-PR";"UOP03-DEL01-PR"
500837;2023-01-24;"terça-feira";"14:50:00";"MG";381;456;"BELO HORIZONTE";"Desrespeitar a preferência no cruzamento";"Colisão transversal";"Com Vítimas Feridas";"Pleno dia";"Decrescente";"Chuva";"Dupla";"Não Informado";"Sim";2;0;2;0;0;0;2;2;-19,84507477;-43,88658285;"SPRF-MG";"DEL01-MG";"UOP01-DEL01-MG"
500841;2023-01-24;"terça-feira";"14:10:00";"SC";101;111;"NAVEGANTES";"Acessar a via sem observar a presença dos outros veículos";"Colisão lateral mesmo sentido";"Com Vítimas Feridas";"Pleno dia";"Crescente";"Céu Claro";"Dupla";"Reta";"Sim";2;0;1;0;1;0;1;2;-26,83955734;-48,71418074;"SPRF-SC";"DEL04-SC";"UOP04-DEL04-SC"
500843;2023-01-24;"terça-feira";"16:30:00";"SP";153;41;"ONDA VERDE";"Reação tardia ou ineficiente do condutor";"Colisão com objeto";"Com Vítimas Feridas";"Pleno dia";"Crescente";"Céu Claro";"Simples";"Não Informado";"Não";3;0;3;0;0;0;3;1;-20,62848304;-49,33623886;"SPRF-SP";"DEL09-SP";"UOP01-DEL09-SP"
500844;2023-01-22;"domingo";"17:00:00";"GO";153;187,6;"URUACU";"Velocidade Incompatível";"Colisão transversal";"Com Vítimas Feridas";"Pleno dia";"Crescente";"Chuva";"Simples";"Não Informado";"Não";11;0;7;1;3;0;8;3;-14,403475;-49,157497;"SPRF-GO";"DEL07-GO";"UOP02-DEL07-GO"
500845;2023-01-24;"terça-feira";"16:00:00";"MG";262;471,8;"BOM DESPACHO";"Condutor deixou de manter distância do veículo da frente";"Colisão traseira";"Com Vítimas Feridas";"Pleno dia";"Crescente";"Nublado";"Simples";"Não Informado";"Não";5;0;2;0;2;1;2;2;-19,78632286;-45,16679393;"SPRF-MG";"DEL08-MG";"UOP03-DEL08-MG"
500846;2023-01-24;"terça-feira";"15:10:00";"MA";135;8;"SAO LUIS";"Condutor deixou de manter distância do veículo da frente";"Colisão traseira";"Com Vítimas Feridas";"Pleno dia";"Decrescente";"Garoa/Chuvisco";"Dupla";"Desvio Temporário";"Sim";1;0;1;0;0;0;1;1;-2,64342093;-44,27374175;"SPRF-MA";"DEL01-MA";"UOP01-DEL01-MA"
500848;2023-01-24;"terça-feira";"14:41:00";"RO";NA;NA;"PORTO VELHO";"Ingestão de substâncias psicoativas pelo condutor";"Colisão com objeto";"Sem Vítimas";"Pleno dia";"Não Informado";"Céu Claro";"Dupla";"Reta";"Sim";5;0;0;0;5;0;0;2;-8,80359739;-63,82690435;"SPRF-RO";"DEL01-RO";"UOP01-DEL01-RO"
500851;2023-01-24;"terça-feira";"15:20:00";"PE";424;77,6;"GARANHUNS";"Ultrapassagem Indevida";"Tombamento";"Com Vítimas Feridas";"Pleno dia";"Crescente";"Céu Claro";"Simples";"Reta";"Não";2;0;1;0;0;1;1;2;-8,8151088;-36,56890186;"SPRF-PE";"DEL03-PE";"UOP01-DEL03-PE"
500852;2023-01-24;"terça-feira";"16:30:00";"PR";376;671;"GUARATUBA";"Reação tardia ou ineficiente do condutor";"Tombamento";"Com Vítimas Feridas";"Pleno dia";"Decrescente";"Céu Claro";"Dupla";"Reta";"Não";1;0;1;0;0;0;1;1;-25,885323;-48,935154;"SPRF-PR";"DEL01-PR";"UOP04-DEL01-PR"
500853;2023-01-24;"terça-feira";"16:32:00";"RJ";116;204;"QUEIMADOS";"Chuva";"Saída de leito carroçável";"Com Vítimas Feridas";"Pleno dia";"Decrescente";"Chuva";"Dupla";"Reta";"Não";1;0;1;0;0;0;1;1;-22,72895007;-43,63189001;"SPRF-RJ";"DEL01-RJ";"UOP03-DEL01-RJ"
500855;2023-01-24;"terça-feira";"16:30:00";"PR";153;20;"JACAREZINHO";"Desrespeitar a preferência no cruzamento";"Colisão transversal";"Com Vítimas Feridas";"Pleno dia";"Crescente";"Céu Claro";"Simples";"Interseção de vias";"Não";6;0;5;1;0;0;6;2;-23,15816552;-49,95960461;"SPRF-PR";"DEL07-PR";"UOP04-DEL07-PR"
500856;2023-01-24;"terça-feira";"17:20:00";"PB";101;94;"JOAO PESSOA";"Ausência de reação do condutor";"Tombamento";"Com Vítimas Feridas";"Anoitecer";"Decrescente";"Céu Claro";"Dupla";"Não Informado";"Não";1;0;1;0;0;0;1;1;-7,21483297;-34,9117521;"SPRF-PB";"DEL01-PB";"UOP02-DEL01-PB"
500858;2023-01-06;"sexta-feira";"10:19:00";"PA";316;63;"CASTANHAL";"Condutor deixou de manter distância do veículo da frente";"Colisão traseira";"Com Vítimas Feridas";"Pleno dia";"Crescente";"Céu Claro";"Dupla";"Reta";"Sim";4;0;2;0;2;0;2;2;-1,29679363;-47,92878096;"SPRF-PA";"DEL01-PA";"UOP01-DEL01-PA"
500859;2023-01-24;"terça-feira";"17:40:00";"RN";101;94;"NATAL";"Manobra de mudança de faixa";"Colisão lateral mesmo sentido";"Com Vítimas Feridas";"Pleno dia";"Crescente";"Céu Claro";"Múltipla";"Reta";"Sim";2;0;1;0;1;0;1;2;-5,83176615;-35,21191342;"SPRF-RN";"DEL01-RN";"UOP01-DEL01-RN"
500861;2023-01-20;"sexta-feira";"21:45:00";"MG";50;174;"UBERABA";"Transitar na contramão";"Colisão frontal";"Com Vítimas Feridas";"Plena Noite";"Decrescente";"Chuva";"Simples";"Não Informado";"Sim";2;0;2;0;0;0;2;2;-19,77611337;-47,97190905;"SPRF-MG";"DEL13-MG";"UOP01-DEL13-MG"
500862;2023-01-24;"terça-feira";"17:40:00";"SC";280;25,9;"ARAQUARI";"Acessar a via sem observar a presença dos outros veículos";"Colisão transversal";"Com Vítimas Feridas";"Pleno dia";"Decrescente";"Céu Claro";"Simples";"Reta";"Não";2;0;2;0;0;0;2;2;-26,38352781;-48,72677516;"SPRF-SC";"DEL03-SC";"UOP03-DEL03-SC"
500864;2023-01-24;"terça-feira";"17:30:00";"TO";153;133;"ARAGUAINA";"Animais na Pista";"Atropelamento de Animal";"Com Vítimas Feridas";"Pleno dia";"Decrescente";"Sol";"Dupla";"Rotatória";"Sim";1;0;1;0;0;0;1;1;-7,11461109;-48,18743388;"SPRF-TO";"DEL02-TO";"UOP01-DEL02-TO"
500866;2023-01-24;"terça-feira";"17:38:00";"RS";158;324;"SANTA MARIA";"Ausência de reação do condutor";"Colisão traseira";"Com Vítimas Feridas";"Pleno dia";"Decrescente";"Sol";"Dupla";"Reta";"Sim";2;0;1;0;1;0;1;2;-29,70344629;-53,79473269;"SPRF-RS";"DEL09-RS";"UOP01-DEL09-RS"
500867;2023-01-24;"terça-feira";"17:45:00";"SP";116;277;"EMBU DAS ARTES";"Reação tardia ou ineficiente do condutor";"Queda de ocupante de veículo";"Com Vítimas Feridas";"Anoitecer";"Crescente";"Céu Claro";"Dupla";"Reta";"Sim";1;0;1;0;0;0;1;1;-23,64870535;-46,84395469;"SPRF-SP";"DEL04-SP";"UOP01-DEL04-SP"
500868;2023-01-24;"terça-feira";"17:20:00";"MS";359;524;"CORUMBA";"Reação tardia ou ineficiente do condutor";"Saída de leito carroçável";"Com Vítimas Feridas";"Pleno dia";"Decrescente";"Céu Claro";"Simples";"Curva";"Não";1;0;1;0;0;0;1;1;-19,02177276;-57,61507992;"SPRF-MS";"DEL03-MS";"UOP03-DEL03-MS"
500870;2023-01-24;"terça-feira";"17:20:00";"PB";230;25;"JOAO PESSOA";"Reação tardia ou ineficiente do condutor";"Colisão lateral mesmo sentido";"Sem Vítimas";"Anoitecer";"Decrescente";"Céu Claro";"Simples";"Reta";"Sim";6;0;0;0;6;0;0;2;-7,16950718;-34,87847458;"SPRF-PB";"DEL01-PB";"UOP01-DEL01-PB"
500873;2023-01-24;"terça-feira";"16:00:00";"RJ";40;29,6;"TRES RIOS";"Velocidade Incompatível";"Colisão com objeto";"Com Vítimas Feridas";"Pleno dia";"Decrescente";"Chuva";"Dupla";"Curva";"Não";1;0;1;0;0;0;1;1;-22,17756692;-43,16802216;"SPRF-RJ";"DEL06-RJ";"UOP01-DEL06-RJ"
500874;2023-01-24;"terça-feira";"17:50:00";"RS";386;350;"ESTRELA";"Demais falhas mecânicas ou elétricas";"Tombamento";"Com Vítimas Feridas";"Pleno dia";"Crescente";"Sol";"Dupla";"Não Informado";"Sim";1;0;1;0;0;0;1;1;-29,4743;-51,952923;"SPRF-RS";"DEL04-RS";"UOP02-DEL04-RS"
500875;2023-01-21;"sábado";"12:10:00";"MG";40;731,8;"OLIVEIRA FORTES";"Condutor deixou de manter distância do veículo da frente";"Colisão traseira";"Com Vítimas Feridas";"Pleno dia";"Decrescente";"Garoa/Chuvisco";"Dupla";"Não Informado";"Não";2;0;1;0;1;0;1;2;-21,34218094;-43,58845595;"SPRF-MG";"DEL05-MG";"UOP01-DEL05-MG"
500877;2023-01-24;"terça-feira";"18:50:00";"SC";101;200,8;"BIGUACU";"Ausência de reação do condutor";"Colisão traseira";"Com Vítimas Feridas";"Anoitecer";"Decrescente";"Céu Claro";"Múltipla";"Reta";"Sim";2;0;1;0;1;0;1;2;-27,54018513;-48,62287714;"SPRF-SC";"DEL01-SC";"UOP01-DEL01-SC"
500879;2023-01-24;"terça-feira";"19:00:00";"SP";116;227,1;"SAO PAULO";"Ausência de reação do condutor";"Colisão lateral mesmo sentido";"Com Vítimas Feridas";"Plena Noite";"Decrescente";"Nublado";"Múltipla";"Reta";"Sim";2;0;1;0;0;1;1;2;-23,49659264;-46,55648754;"SPRF-SP";"DEL01-SP";"UOP01-DEL01-SP"
500882;2023-01-24;"terça-feira";"18:00:00";"MG";40;511,1;"RIBEIRAO DAS NEVES";"Condutor deixou de manter distância do veículo da frente";"Colisão traseira";"Com Vítimas Feridas";"Plena Noite";"Decrescente";"Chuva";"Dupla";"Reta";"Sim";3;0;1;1;1;0;2;2;-19,78164295;-44,11733194;"SPRF-MG";"DEL01-MG";"UOP02-DEL01-MG"
500883;2023-01-24;"terça-feira";"17:00:00";"RJ";101;493;"ANGRA DOS REIS";"Chuva";"Saída de leito carroçável";"Com Vítimas Feridas";"Anoitecer";"Decrescente";"Chuva";"Simples";"Curva";"Não";4;0;4;0;0;0;4;1;-22,94374503;-44,32522199;"SPRF-RJ";"DEL03-RJ";"UOP02-DEL03-RJ"
500884;2023-01-24;"terça-feira";"17:30:00";"SC";101;409,3;"ARARANGUA";"Acessar a via sem observar a presença dos outros veículos";"Tombamento";"Com Vítimas Feridas";"Pleno dia";"Decrescente";"Sol";"Simples";"Reta";"Sim";2;0;0;1;1;0;1;2;-28,937955;-49,496067;"SPRF-SC";"DEL02-SC";"UOP02-DEL02-SC"
500887;2023-01-24;"terça-feira";"19:50:00";"MG";381;532;"ITATIAIUCU";"Pista esburacada";"Colisão com objeto";"Com Vítimas Feridas";"Plena Noite";"Decrescente";"Chuva";"Dupla";"Curva";"Não";4;0;1;0;3;0;1;1;-20,18182886;-44,37895835;"SPRF-MG";"DEL04-MG";"UOP03-DEL04-MG"
500888;2023-01-24;"terça-feira";"19:35:00";"PE";101;40;"IGARASSU";"Área urbana sem a presença de local apropriado para a travessia de pedestres";"Atropelamento de Pedestre";"Com Vítimas Feridas";"Plena Noite";"Crescente";"Nublado";"Dupla";"Não Informado";"Sim";2;0;1;0;1;0;1;1;-7,821475;-34,916545;"SPRF-PE";"DEL01-PE";"UOP02-DEL01-PE"
500890;2023-01-24;"terça-feira";"17:50:00";"PA";308;152;"CAPANEMA";"Acessar a via sem observar a presença dos outros veículos";"Tombamento";"Com Vítimas Feridas";"Anoitecer";"Crescente";"Ignorado";"Simples";"Interseção de vias";"Não";2;0;0;1;1;0;1;2;-1,20594664;-47,17506821;"SPRF-PA";"DEL01-PA";"UOP03-DEL01-PA"
500891;2023-01-24;"terça-feira";"17:00:00";"MG";116;489,6;"INHAPIM";"Reação tardia ou ineficiente do condutor";"Colisão frontal";"Com Vítimas Feridas";"Pleno dia";"Crescente";"Chuva";"Simples";"Não Informado";"Não";3;0;2;1;0;0;3;2;-19,46771319;-42,13403065;"SPRF-MG";"DEL06-MG";"UOP02-DEL06-MG"
500892;2023-01-24;"terça-feira";"20:10:00";"SP";116;426;"JUQUIA";"Conversão proibida";"Colisão transversal";"Com Vítimas Feridas";"Plena Noite";"Crescente";"Céu Claro";"Múltipla";"Curva";"Não";2;0;1;0;1;0;1;2;-24,38733253;-47,7179575;"SPRF-SP";"DEL05-SP";"UOP01-DEL05-SP"
500893;2023-01-21;"sábado";"21:00:00";"MG";267;188,2;"OLARIA";"Entrada inopinada do pedestre";"Atropelamento de Pedestre";"Com Vítimas Fatais";"Plena Noite";"Decrescente";"Nevoeiro/Neblina";"Simples";"Reta";"Não";5;1;0;0;4;0;0;1;-21,91205285;-44,00375709;"SPRF-MG";"DEL05-MG";"UOP01-DEL05-MG"