"id";"data_inversa";"dia_semana";"horario";"uf";"br";"km";"municipio";"causa_acidente";"tipo_acidente";"classificacao_acidente";"fase_dia";"sentido_via";"condicao_metereologica";"tipo_pista";"tracado_via";"uso_solo";"pessoas";"mortos";"feridos_leves";"feridos_graves";"ilesos";"ignorados";"feridos";"veiculos";"latitude";"longitude";"regional";"delegacia";"uop"
500897;2023-01-24;"terça-feira";"20:30:00";"SC";470;58;"BLUMENAU";"Transitar na contramão";"Colisão frontal";"Com Vítimas Feridas";"Plena Noite";"Crescente";"Céu Claro";"Simples";"Não Informado";"Sim";3;0;1;0;1;1;1;2;-26,883879;-49,145622;"SPRF-SC";"DEL04-SC";"UOP01-DEL04-SC"
500899;2023-01-22;"domingo";"19:20:00";"RS";392;51,5;"RIO GRANDE";"Reação tardia ou ineficiente do condutor";"Colisão traseira";"Com Vítimas Feridas";"Anoitecer";"Crescente";"Céu Claro";"Dupla";"Reta";"Não";8;0;2;0;6;0;2;3;-31,85621898;-52,32534987;"SPRF-RS";"DEL07-RS";"UOP02-DEL07-RS"
500901;2023-01-24;"terça-feira";"21:00:00";"GO";50;138;"IPAMERI";"Reação tardia ou ineficiente do condutor";"Saída de leito carroçável";"Sem Vítimas";"Plena Noite";"Decrescente";"Garoa/Chuvisco";"Dupla";"Reta";"Não";3;0;0;0;3;0;0;1;-17,072;-47,7397;"SPRF-GO";"DEL06-GO";"UOP01-DEL06-GO"
500903;2023-01-24;"terça-feira";"21:30:00";"MG";381;794;"SAO GONCALO DO SAPUCAI";"Chuva";"Saída de leito carroçável";"Com Vítimas Feridas";"Plena Noite";"Crescente";"Chuva";"Dupla";"Não Informado";"Não";3;0;1;0;2;0;1;1;-21,92913899;-45,61170907;"SPRF-MG";"DEL16-MG";"UOP02-DEL16-MG"
500905;2023-01-24;"terça-feira";"22:10:00";"MG";40;794,6;"JUIZ DE FORA";"Chuva";"Saída de leito carroçável";"Sem Vítimas";"Plena Noite";"Crescente";"Chuva";"Dupla";"Reta";"Não";1;0;0;0;0;1;0;1;-21,79926451;-43,40729012;"SPRF-MG";"DEL05-MG";"UOP01-DEL05-MG"
500908;2023-01-21;"sábado";"04:20:00";"RS";470;211;"BENTO GONCALVES";"Reação tardia ou ineficiente do condutor";"Saída de leito carroçável";"Com Vítimas Feridas";"Plena Noite";"Decrescente";"Céu Claro";"Simples";"Não Informado";"Não";1;0;1;0;0;0;1;1;-29,12453775;-51,54360394;"SPRF-RS";"DEL06-RS";"UOP01-DEL06-RS"
500910;2023-01-22;"domingo";"06:50:00";"SC";116;203;"PONTE ALTA";"Ingestão de álcool pelo condutor";"Colisão com objeto";"Com Vítimas Feridas";"Pleno dia";"Crescente";"Nublado";"Simples";"Reta";"Não";1;0;1;0;0;0;1;1;-27,45017401;-50,39628572;"SPRF-SC";"DEL05-SC";"UOP03-DEL05-SC"
500912;2023-01-24;"terça-feira";"23:00:00";"PR";277;83;"CURITIBA";"Condutor deixou de manter distância do veículo da frente";"Colisão traseira";"Com Vítimas Feridas";"Plena Noite";"Decrescente";"Céu Claro";"Dupla";"Reta";"Sim";2;0;1;0;0;1;1;2;-25,44863604;-49,22961831;"SPRF-PR";"DEL01-PR";"UOP01-DEL01-PR"
500916;2023-01-25;"quarta-feira";"00:15:00";"PR";277;114;"CAMPO LARGO";"Reação tardia ou ineficiente do condutor";"Colisão traseira";"Com Vítimas Fatais";"Anoitecer";"Crescente";"Céu Claro";"Dupla";"Reta";"Sim";2;1;0;0;1;0;0;2;-25,44485772;-49,49886214;"SPRF-PR";"DEL03-PR";"UOP03-DEL03-PR"
500917;2023-01-24;"terça-feira";"23:30:00";"RS";471;148,6;"SANTA CRUZ DO SUL";"Desrespeitar a preferência no cruzamento";"Colisão transversal";"Com Vítimas Feridas";"Plena Noite";"Crescente";"Céu Claro";"Simples";"Interseção de vias";"Sim";2;0;2;0;0;0;2;2;-29,78578665;-52,41088986;"SPRF-RS";"DEL02-RS";"UOP03-DEL02-RS"
500920;2023-01-25;"quarta-feira";"01:45:00";"RJ";40;121;"DUQUE DE CAXIAS";"Ingestão de álcool pelo condutor";"Saída de leito carroçável";"Sem Vítimas";"Plena Noite";"Crescente";"Céu Claro";"Múltipla";"Reta";"Sim";1;0;0;0;1;0;0;1;-22,78185499;-43,28571273;"SPRF-RJ";"DEL01-RJ";"UOP01-DEL01-RJ"
500921;2023-01-25;"quarta-feira";"02:00:00";"SC";101;124;"ITAJAI";"Animais na Pista";"Atropelamento de Animal";"Com Vítimas Feridas";"Plena Noite";"Crescente";"Céu Claro";"Dupla";"Reta";"Não";1;0;0;1;0;0;1;1;-26,94335064;-48,69198648;"SPRF-SC";"DEL04-SC";"UOP04-DEL04-SC"
500922;2023-01-25;"quarta-feira";"01:30:00";"RJ";101;435;"MANGARATIBA";"Reação tardia ou ineficiente do condutor";"Saída de leito carroçável";"Com Vítimas Feridas";"Plena Noite";"Crescente";"Chuva";"Simples";"Curva";"Não";2;0;2;0;0;0;2;1;-22,93945885;-44,0529249;"SPRF-RJ";"DEL03-RJ";"UOP01-DEL03-RJ"
500925;2023-01-25;"quarta-feira";"04:30:00";"GO";60;86,8;"ANAPOLIS";"Animais na Pista";"Atropelamento de Animal";"Com Vítimas Feridas";"Plena Noite";"Decrescente";"Nublado";"Dupla";"Desvio Temporário";"Não";2;0;0;2;0;0;2;1;-16,3212;-48,8728;"SPRF-GO";"DEL02-GO";"UOP01-DEL02-GO"
500926;2023-01-04;"quarta-feira";"14:40:00";"SC";101;79;"ARAQUARI";"Avarias e/ou desgaste excessivo no pneu";"Colisão traseira";"Com Vítimas Feridas";"Pleno dia";"Decrescente";"Chuva";"Múltipla";"Reta";"Não";3;0;0;1;2;0;1;3;-26,58559601;-48,72192112;"SPRF-SC";"DEL03-SC";"UOP02-DEL03-SC"
500928;2023-01-20;"sexta-feira";"21:35:00";"BA";110;168;"RIBEIRA DO POMBAL";"Reação tardia ou ineficiente do condutor";"Saída de leito carroçável";"Com Vítimas Feridas";"Plena Noite";"Crescente";"Céu Claro";"Simples";"Reta";"Não";1;0;1;0;0;0;1;1;-10,824597;-38,53163103;"SPRF-BA";"DEL07-BA";"UOP02-DEL07-BA"
500929;2023-01-25;"quarta-feira";"05:25:00";"RS";386;125;"SARANDI";"Reação tardia ou ineficiente do condutor";"Saída de leito carroçável";"Com Vítimas Feridas";"Amanhecer";"Crescente";"Céu Claro";"Simples";"Curva";"Não";4;0;3;0;1;0;3;1;-27,907253;-52,975269;"SPRF-RS";"DEL08-RS";"UOP01-DEL08-RS"
500931;2023-01-25;"quarta-feira";"05:45:00";"CE";222;212;"FORQUILHA";"Velocidade Incompatível";"Saída de leito carroçável";"Com Vítimas Feridas";"Pleno dia";"Decrescente";"Chuva";"Simples";"Curva";"Não";3;0;3;0;0;0;3;1;-3,7883359;-40,28192391;"SPRF-CE";"DEL04-CE";"UOP01-DEL04-CE"
500934;2023-01-25;"quarta-feira";"05:30:00";"RO";364;199,4;"PIMENTA BUENO";"Ingestão de álcool ou de substâncias psicoativas pelo pedestre";"Atropelamento de Pedestre";"Com Vítimas Feridas";"Amanhecer";"Decrescente";"Nublado";"Simples";"Não Informado";"Sim";3;0;1;0;1;1;1;1;-11,661617;-61,191055;"SPRF-RO";"DEL02-RO";"UOP02-DEL02-RO"
500935;2023-01-25;"quarta-feira";"04:50:00";"SC";280;79;"CORUPA";"Acessar a via sem observar a presença dos outros veículos";"Colisão traseira";"Com Vítimas Feridas";"Pleno dia";"Decrescente";"Céu Claro";"Simples";"Ponte";"Não";2;0;2;0;0;0;2;2;-26,44657315;-49,20157809;"SPRF-SC";"DEL06-SC";"UOP03-DEL06-SC"
500939;2023-01-20;"sexta-feira";"21:00:00";"ES";101;232,5;"FUNDAO";"Transitar na contramão";"Colisão lateral sentido oposto";"Com Vítimas Feridas";"Plena Noite";"Decrescente";"Chuva";"Simples";"Reta";"Não";4;0;0;1;3;0;1;2;-19,95224103;-40,40879816;"SPRF-ES";"DEL02-ES";"UOP01-DEL02-ES"
500940;2023-01-22;"domingo";"18:30:00";"ES";101;268;"SERRA";"Pista Escorregadia";"Queda de ocupante de veículo";"Com Vítimas Feridas";"Plena Noite";"Crescente";"Chuva";"Dupla";"Reta";"Sim";1;0;0;1;0;0;1;1;-20,20842;-40,269405;"SPRF-ES";"DEL02-ES";"UOP01-DEL02-ES"
500942;2023-01-25;"quarta-feira";"07:10:00";"MG";381;497,2;"BETIM";"Velocidade Incompatível";"Colisão traseira";"Com Vítimas Feridas";"Pleno dia";"Crescente";"Céu Claro";"Múltipla";"Não Informado";"Sim";2;0;0;1;1;0;1;2;-20,00483625;-44,21367172;"SPRF-MG";"DEL01-MG";"UOP03-DEL01-MG"
500943;2023-01-25;"quarta-feira";"00:30:00";"RJ";40;51,4;"PETROPOLIS";"Ausência de reação do condutor";"Colisão lateral mesmo sentido";"Com Vítimas Feridas";"Plena Noite";"Decrescente";"Vento";"Simples";"Não Informado";"Sim";3;0;1;0;1;1;1;2;-22,33333493;-43,13338637;"SPRF-RJ";"DEL06-RJ";"UOP01-DEL06-RJ"
500945;2023-01-16;"segunda-feira";"22:30:00";"SP";116;32;"CRUZEIRO";"Problema com o freio";"Incêndio";"Sem Vítimas";"Plena Noite";"Crescente";"Céu Claro";"Múltipla";"Reta";"Não";1;0;0;0;1;0;0;1;-22,6422031;-44,94731891;"SPRF-SP";"DEL08-SP";"UOP02-DEL08-SP"
500946;2023-01-21;"sábado";"10:15:00";"SP";153;65;"SAO JOSE DO RIO PRETO";"Reação tardia ou ineficiente do condutor";"Saída de leito carroçável";"Com Vítimas Feridas";"Pleno dia";"Crescente";"Nublado";"Dupla";"Retorno Regulamentado";"Sim";2;0;2;0;0;0;2;1;-20,8355877;-49,36570039;"SPRF-SP";"DEL09-SP";"UOP01-DEL09-SP"
500947;2023-01-21;"sábado";"15:10:00";"SP";153;72;"SAO JOSE DO RIO PRETO";"Condutor deixou de manter distância do veículo da frente";"Colisão traseira";"Sem Vítimas";"Pleno dia";"Decrescente";"Garoa/Chuvisco";"Dupla";"Não Informado";"Não";2;0;0;0;2;0;0;2;-20,86715501;-49,41334398;"SPRF-SP";"DEL09-SP";"UOP01-DEL09-SP"
500948;2023-01-21;"sábado";"11:45:00";"SC";101;201;"SAO JOSE";"Condutor deixou de manter distância do veículo da frente";"Colisão traseira";"Com Vítimas Feridas";"Pleno dia";"Decrescente";"Sol";"Dupla";"Reta";"Não";3;0;1;0;2;0;1;2;-27,54836599;-48,61977975;"SPRF-SC";"DEL01-SC";"UOP01-DEL01-SC"
500949;2023-01-20;"sexta-feira";"18:10:00";"SP";116;148,2;"SAO JOSE DOS CAMPOS";"Trafegar com motocicleta (ou similar) entre as faixas";"Colisão lateral mesmo sentido";"Com Vítimas Feridas";"Anoitecer";"Decrescente";"Nublado";"Dupla";"Não Informado";"Sim";4;0;1;0;3;0;1;3;-23,20067421;-45,8795018;"SPRF-SP";"DEL02-SP";"UOP01-DEL02-SP"
500950;2023-01-21;"sábado";"08:05:00";"MG";116;292;"TEOFILO OTONI";"Ultrapassagem Indevida";"Saída de leito carroçável";"Com Vítimas Feridas";"Pleno dia";"Decrescente";"Céu Claro";"Simples";"Reta";"Não";5;0;3;0;2;0;3;2;-17,98144887;-41,55430919;"SPRF-MG";"DEL11-MG";"UOP01-DEL11-MG"
500951;2023-01-25;"quarta-feira";"07:30:00";"RN";101;108;"PARNAMIRIM";"Condutor deixou de manter distância do veículo da frente";"Queda de ocupante de veículo";"Com Vítimas Feridas";"Pleno dia";"Crescente";"Céu Claro";"Dupla";"Não Informado";"Sim";2;0;1;0;1;0;1;2;-5,92825102;-35,26465683;"SPRF-RN";"DEL01-RN";"UOP01-DEL01-RN"
500952;2023-01-21;"sábado";"13:30:00";"PR";163;176;"LINDOESTE";"Acumulo de água sobre o pavimento";"Saída de leito carroçável";"Com Vítimas Feridas";"Pleno dia";"Decrescente";"Chuva";"Dupla";"Desvio Temporário";"Sim";2;0;1;0;1;0;1;1;-25,20861096;-53,59772964;"SPRF-PR";"DEL04-PR";"UOP04-DEL04-PR"
500954;2023-01-25;"quarta-feira";"07:55:00";"RS";386;349,6;"LAJEADO";"Reação tardia ou ineficiente do condutor";"Queda de ocupante de veículo";"Com Vítimas Feridas";"Pleno dia";"Crescente";"Céu Claro";"Dupla";"Reta";"Não";2;0;2;0;0;0;2;1;-29,451736;-51,965893;"SPRF-RS";"DEL04-RS";"UOP02-DEL04-RS"
500957;2023-01-22;"domingo";"00:40:00";"SC";101;340;"TUBARAO";"Condutor deixou de manter distância do veículo da frente";"Colisão traseira";"Sem Vítimas";"Plena Noite";"Crescente";"Céu Claro";"Múltipla";"Reta";"Sim";2;0;0;0;2;0;0;2;-28,501444;-49,04690399;"SPRF-SC";"DEL02-SC";"UOP01-DEL02-SC"
500958;2023-01-25;"quarta-feira";"07:30:00";"RJ";116;174;"SAO JOAO DE MERITI";"Condutor deixou de manter distância do veículo da frente";"Queda de ocupante de veículo";"Com Vítimas Feridas";"Pleno dia";"Decrescente";"Céu Claro";"Dupla";"Reta";"Sim";2;0;1;0;1;0;1;2;-22,79423806;-43,36403759;"SPRF-RJ";"DEL01-RJ";"UOP02-DEL01-RJ"
500960;2023-01-25;"quarta-feira";"07:40:00";"PR";277;76;"SAO JOSE DOS PINHAIS";"Manobra de mudança de faixa";"Colisão lateral mesmo sentido";"Com Vítimas Feridas";"Pleno dia";"Crescente";"Sol";"Dupla";"Reta";"Sim";3;0;2;0;1;0;2;2;-25,51327981;-49,12433291;"SPRF-PR";"DEL01-PR";"UOP01-DEL01-PR"
500963;2023-01-22;"domingo";"03:50:00";"SC";101;377;"ICARA";"Condutor Dormindo";"Saída de leito carroçável";"Sem Vítimas";"Plena Noite";"Crescente";"Céu Claro";"Simples";"Reta";"Não";1;0;0;0;1;0;0;1;-28,7345708;-49,24624124;"SPRF-SC";"DEL02-SC";"UOP01-DEL02-SC"
500964;2023-01-25;"quarta-feira";"08:00:00";"SE";235;47;"ITABAIANA";"Condutor deixou de manter distância do veículo da frente";"Colisão traseira";"Com Vítimas Feridas";"Pleno dia";"Crescente";"Céu Claro";"Simples";"Reta";"Não";2;0;1;0;1;0;1;2;-10,731889;-37,411335;"SPRF-SE";"DEL01-SE";"UOP02-DEL01-SE"
500965;2023-01-22;"domingo";"03:20:00";"GO";60;130;"GOIANIA";"Condutor deixou de manter distância do veículo da frente";"Colisão traseira";"Sem Vítimas";"Plena Noite";"Decrescente";"Nublado";"Dupla";"Reta";"Sim";2;0;0;0;2;0;0;2;-16,5675;-49,1554;"SPRF-GO";"DEL01-GO";"UOP01-DEL01-GO"
500966;2023-01-25;"quarta-feira";"07:45:00";"RS";116;520;"PELOTAS";"Desrespeitar a preferência no cruzamento";"Colisão transversal";"Com Vítimas Feridas";"Pleno dia";"Crescente";"Céu Claro";"Simples";"Não Informado";"Sim";2;0;1;0;1;0;1;2;-31,70060621;-52,36130079;"SPRF-RS";"DEL07-RS";"UOP01-DEL07-RS"
500968;2023-01-21;"sábado";"13:50:00";"RS";116;537,8;"CAPAO DO LEAO";"Ausência de reação do condutor";"Tombamento";"Com Vítimas Feridas";"Pleno dia";"Crescente";"Céu Claro";"Simples";"Reta";"Não";1;0;1;0;0;0;1;1;-31,799409;-52,492569;"SPRF-RS";"DEL07-RS";"UOP01-DEL07-RS"
500970;2023-01-21;"sábado";"20:30:00";"PR";376;178;"MARINGA";"Reação tardia ou ineficiente do condutor";"Tombamento";"Com Vítimas Feridas";"Plena Noite";"Crescente";"Céu Claro";"Dupla";"Reta";"Sim";1;0;0;1;0;0;1;1;-23,43684112;-51,87880764;"SPRF-PR";"DEL09-PR";"UOP01-DEL09-PR"
500973;2023-01-21;"sábado";"19:10:00";"PR";277;36,4;"MORRETES";"Reação tardia ou ineficiente do condutor";"Colisão traseira";"Sem Vítimas";"Plena Noite";"Crescente";"Céu Claro";"Dupla";"Reta";"Não";2;0;0;0;2;0;0;2;-25,571209;-48,839816;"SPRF-PR";"DEL01-PR";"UOP05-DEL01-PR"
500974;2023-01-21;"sábado";"10:30:00";"MG";262;380;"JUATUBA";"Velocidade Incompatível";"Saída de leito carroçável";"Com Vítimas Feridas";"Pleno dia";"Decrescente";"Chuva";"Dupla";"Reta";"Não";1;0;1;0;0;0;1;1;-19,94800688;-44,38150406;"SPRF-MG";"DEL01-MG";"UOP03-DEL01-MG"
500975;2023-01-25;"quarta-feira";"08:50:00";"ES";101;267,2;"SERRA";"Pedestre cruzava a pista fora da faixa";"Atropelamento de Pedestre";"Com Vítimas Feridas";"Pleno dia";"Crescente";"Chuva";"Múltipla";"Reta";"Sim";3;0;1;0;1;1;1;2;-20,19930999;-40,26884609;"SPRF-ES";"DEL02-ES";"UOP01-DEL02-ES"
500976;2023-01-22;"domingo";"01:00:00";"SP";381;59;"MAIRIPORA";"Ausência de reação do condutor";"Saída de leito carroçável";"Com Vítimas Feridas";"Plena Noite";"Crescente";"Céu Claro";"Dupla";"Curva";"Não";1;0;0;1;0;0;1;1;-23,289033;-46,58782;"SPRF-SP";"DEL03-SP";"UOP01-DEL03-SP"
500977;2023-01-25;"quarta-feira";"08:20:00";"SC";282;182,8;"BOCAINA DO SUL";"Reação tardia ou ineficiente do condutor";"Colisão traseira";"Sem Vítimas";"Pleno dia";"Crescente";"Céu Claro";"Simples";"Reta";"Não";2;0;0;0;2;0;0;2;-27,735399;-49,958389;"SPRF-SC";"DEL05-SC";"UOP01-DEL05-SC"
500978;2023-01-25;"quarta-feira";"07:00:00";"SC";101;436,4;"SOMBRIO";"Demais falhas mecânicas ou elétricas";"Tombamento";"Com Vítimas Feridas";"Pleno dia";"Decrescente";"Céu Claro";"Múltipla";"Reta";"Não";2;0;0;1;1;0;1;1;-29,10817487;-49,63739835;"SPRF-SC";"DEL02-SC";"UOP02-DEL02-SC"
500979;2023-01-21;"sábado";"23:45:00";"RS";290;94;"PORTO ALEGRE";"Reação tardia ou ineficiente do condutor";"Colisão com objeto";"Com Vítimas Feridas";"Plena Noite";"Decrescente";"Nublado";"Múltipla";"Curva";"Sim";2;0;0;2;0;0;2;1;-29,973856;-51,197853;"SPRF-RS";"DEL01-RS";"UOP01-DEL01-RS"
500980;2023-01-21;"sábado";"08:20:00";"MG";116;534,9;"SANTA RITA DE MINAS";"Mal súbito do condutor";"Colisão com objeto";"Com Vítimas Feridas";"Pleno dia";"Crescente";"Garoa/Chuvisco";"Simples";"Curva";"Não";1;0;1;0;0;0;1;1;-19,85682107;-42,14046478;"SPRF-MG";"DEL06-MG";"UOP02-DEL06-MG"
500981;2023-01-21;"sábado";"18:50:00";"PE";424;16,8;"PEDRA";"Transitar na contramão";"Colisão frontal";"Com Vítimas Feridas";"Plena Noite";"Crescente";"Céu Claro";"Simples";"Não Informado";"Sim";3;0;1;0;2;0;1;2;-8,49967931;-36,95655101;"SPRF-PE";"DEL04-PE";"UOP02-DEL04-PE"
500982;2023-01-21;"sábado";"10:50:00";"RS";158;327;"SANTA MARIA";"Ausência de reação do condutor";"Colisão traseira";"Com Vítimas Feridas";"Pleno dia";"Crescente";"Sol";"Dupla";"Não Informado";"Sim";3;0;2;0;1;0;2;2;-29,71007849;-53,82156014;"SPRF-RS";"DEL09-RS";"UOP01-DEL09-RS"
500983;2023-01-21;"sábado";"23:00:00";"PR";116;67;"CAMPINA GRANDE DO SUL";"Animais na Pista";"Atropelamento de Animal";"Com Vítimas Feridas";"Plena Noite";"Crescente";"Céu Claro";"Dupla";"Reta";"Sim";1;0;1;0;0;0;1;1;-25,31679789;-49,01854527;"SPRF-PR";"DEL01-PR";"UOP02-DEL01-PR"
500984;2023-01-25;"quarta-feira";"08:05:00";"SP";116;136;"SAO JOSE DOS CAMPOS";"Ausência de reação do condutor";"Colisão traseira";"Com Vítimas Feridas";"Pleno dia";"Crescente";"Sol";"Dupla";"Reta";"Não";2;0;0;1;1;0;1;2;-23,14874471;-45,77863714;"SPRF-SP";"DEL02-SP";"UOP01-DEL02-SP"
500987;2023-01-25;"quarta-feira";"07:30:00";"PB";230;157;"CAMPINA GRANDE";"Acesso irregular";"Colisão transversal";"Com Vítimas Feridas";"Pleno dia";"Decrescente";"Céu Claro";"Simples";"Desvio Temporário";"Sim";2;0;2;0;0;0;2;2;-7,264;-35,9199;"SPRF-PB";"DEL02-PB";"UOP01-DEL02-PB"
500989;2023-01-25;"quarta-feira";"09:00:00";"RJ";116;80;"TERESOPOLIS";"Acessar a via sem observar a presença dos outros veículos";"Atropelamento de Pedestre";"Com Vítimas Feridas";"Pleno dia";"Crescente";"Chuva";"Simples";"Desvio Temporário";"Sim";2;0;1;1;0;0;2;1;-22,39006974;-42,9533628;"SPRF-RJ";"DEL04-RJ";"UOP01-DEL04-RJ"
500992;2023-01-25;"quarta-feira";"07:40:00";"MG";116;703;"MURIAE";"Desrespeitar a preferência no cruzamento";"Colisão transversal";"Com Vítimas Feridas";"Pleno dia";"Crescente";"Céu Claro";"Simples";"Não Informado";"Sim";7;0;3;0;4;0;3;2;-21,12682309;-42,3832189;"SPRF-MG";"DEL07-MG";"UOP02-DEL07-MG"
500994;2023-01-21;"sábado";"12:10:00";"MG";40;656;"CRISTIANO OTONI";"Velocidade Incompatível";"Colisão com objeto";"Com Vítimas Feridas";"Pleno dia";"Decrescente";"Chuva";"Dupla";"Não Informado";"Não";2;0;2;0;0;0;2;1;-20,87951976;-43,80065268;"SPRF-MG";"DEL05-MG";"UOP02-DEL05-MG"
500995;2023-01-21;"sábado";"15:41:00";"SP";116;153;"SAO JOSE DOS CAMPOS";"Acessar a via sem observar a presença dos outros veículos";"Queda de ocupante de veículo";"Com Vítimas Feridas";"Pleno dia";"Decrescente";"Céu Claro";"Múltipla";"Interseção de vias";"Sim";1;0;1;0;0;0;1;1;-23,23262274;-45,91372624;"SPRF-SP";"DEL02-SP";"UOP01-DEL02-SP"
500996;2023-01-22;"domingo";"01:30:00";"SP";381;21;"BRAGANCA PAULISTA";"Reação tardia ou ineficiente do condutor";"Queda de ocupante de veículo";"Com Vítimas Feridas";"Plena Noite";"Decrescente";"Nublado";"Dupla";"Não Informado";"Não";1;0;1;0;0;0;1;1;-22,99140199;-46,50878201;"SPRF-SP";"DEL03-SP";"UOP02-DEL03-SP"
500997;2023-01-21;"sábado";"14:10:00";"SP";381;37;"ATIBAIA";"Pedestre cruzava a pista fora da faixa";"Atropelamento de Pedestre";"Com Vítimas Fatais";"Pleno dia";"Crescente";"Céu Claro";"Múltipla";"Reta";"Não";4;1;0;0;3;0;0;1;-23,10506237;-46,56881577;"SPRF-SP";"DEL03-SP";"UOP01-DEL03-SP"
500998;2023-01-25;"quarta-feira";"09:30:00";"SC";116;2;"MAFRA";"Reação tardia ou ineficiente do condutor";"Colisão traseira";"Com Vítimas Feridas";"Pleno dia";"Decrescente";"Céu Claro";"Simples";"Não Informado";"Sim";2;0;1;0;1;0;1;2;-26,12391791;-49,79303212;"SPRF-SC";"DEL06-SC";"UOP01-DEL06-SC"
500999;2023-01-21;"sábado";"12:00:00";"PR";376;507,6;"PONTA GROSSA";"Ausência de reação do condutor";"Capotamento";"Sem Vítimas";"Pleno dia";"Crescente";"Céu Claro";"Dupla";"Não Informado";"Não";2;0;0;0;2;0;0;1;-25,20765918;-50,06555557;"SPRF-PR";"DEL03-PR";"UOP04-DEL03-PR"
501000;2023-01-25;"quarta-feira";"09:40:00";"GO";40;11;"LUZIANIA";"Ausência de reação do condutor";"Atropelamento de Pedestre";"Com Vítimas Feridas";"Pleno dia";"Crescente";"Céu Claro";"Dupla";"Reta";"Sim";2;0;1;0;1;0;1;1;-16,138336;-47,951644;"SPRF-DF";"DEL01-DF";"UOP01-DEL01-DF"
501001;2023-01-21;"sábado";"12:45:00";"SC";101;198;"BIGUACU";"Condutor deixou de manter distância do veículo da frente";"Colisão traseira";"Sem Vítimas";"Pleno dia";"Decrescente";"Céu Claro";"Dupla";"Reta";"Sim";3;0;0;0;1;2;0;2;-27,52658712;-48,63506019;"SPRF-SC";"DEL01-SC";"UOP01-DEL01-SC"
501003;2023-01-25;"quarta-feira";"09:21:00";"PE";101;73;"RECIFE";"Ausência de reação do condutor";"Colisão com objeto";"Com Vítimas Feridas";"Pleno dia";"Crescente";"Sol";"Dupla";"Curva";"Sim";1;0;1;0;0;0;1;1;-8,0993257;-34,95010953;"SPRF-PE";"DEL01-PE";"UOP01-DEL01-PE"
501005;2023-01-21;"sábado";"11:30:00";"MG";381;646,2;"SANTO ANTONIO DO AMPARO";"Chuva";"Colisão com objeto";"Com Vítimas Feridas";"Pleno dia";"Crescente";"Chuva";"Dupla";"Não Informado";"Não";10;0;2;0;8;0;2;3;-20,946019;-44,881606;"SPRF-MG";"DEL04-MG";"UOP02-DEL04-MG"
501006;2023-01-21;"sábado";"15:42:00";"RO";364;204;"PIMENTA BUENO";"Ausência de reação do condutor";"Colisão lateral mesmo sentido";"Com Vítimas Feridas";"Pleno dia";"Crescente";"Céu Claro";"Simples";"Reta";"Sim";2;0;0;1;1;0;1;2;-11,6221911;-61,21108913;"SPRF-RO";"DEL02-RO";"UOP02-DEL02-RO"
501007;2023-01-21;"sábado";"16:40:00";"SC";101;148;"ITAPEMA";"Acessar a via sem observar a presença dos outros veículos";"Colisão traseira";"Sem Vítimas";"Pleno dia";"Decrescente";"Céu Claro";"Múltipla";"Reta";"Sim";2;0;0;0;2;0;0;2;-27,10123686;-48,61807962;"SPRF-SC";"DEL04-SC";"UOP03-DEL04-SC"
501008;2023-01-13;"sexta-feira";"14:20:00";"RJ";116;176;"SAO JOAO DE MERITI";"Ausência de reação do condutor";"Colisão lateral mesmo sentido";"Com Vítimas Feridas";"Pleno dia";"Decrescente";"Sol";"Múltipla";"Reta";"Sim";2;0;1;0;1;0;1;2;-22,7839538;-43,38195488;"SPRF-RJ";"DEL01-RJ";"UOP02-DEL01-RJ"
501009;2023-01-21;"sábado";"11:40:00";"RO";364;381;"OURO PRETO DO OESTE";"Pista esburacada";"Queda de ocupante de veículo";"Com Vítimas Feridas";"Pleno dia";"Decrescente";"Sol";"Simples";"Reta";"Sim";2;0;1;0;0;1;1;1;-10,73029115;-62,22943647;"SPRF-RO";"DEL02-RO";"UOP01-DEL02-RO"
501011;2023-01-22;"domingo";"02:30:00";"SC";101;385,9;"ICARA";"Condutor Dormindo";"Saída de leito carroçável";"Sem Vítimas";"Plena Noite";"Crescente";"Nublado";"Dupla";"Reta";"Não";1;0;0;0;1;0;0;1;-28,7802484;-49,32798564;"SPRF-SC";"DEL02-SC";"UOP02-DEL02-SC"
501013;2023-01-25;"quarta-feira";"10:00:00";"SP";116;206;"GUARULHOS";"Reação tardia ou ineficiente do condutor";"Queda de ocupante de veículo";"Com Vítimas Feridas";"Pleno dia";"Crescente";"Céu Claro";"Simples";"Reta";"Sim";2;0;1;1;0;0;2;1;-23,41722629;-46,37510292;"SPRF-SP";"DEL01-SP";"UOP01-DEL01-SP"
501014;2023-01-17;"terça-feira";"07:30:00";"SC";101;416,5;"ARARANGUA";"Desrespeitar a preferência no cruzamento";"Colisão frontal";"Sem Vítimas";"Pleno dia";"Decrescente";"Céu Claro";"Múltipla";"Não Informado";"Sim";2;0;0;0;2;0;0;2;-28,96708874;-49,52338825;"SPRF-SC";"DEL02-SC";"UOP02-DEL02-SC"