"id";"data_inversa";"dia_semana";"horario";"uf";"br";"km";"municipio";"causa_acidente";"tipo_acidente";"classificacao_acidente";"fase_dia";"sentido_via";"condicao_metereologica";"tipo_pista";"tracado_via";"uso_solo";"pessoas";"mortos";"feridos_leves";"feridos_graves";"ilesos";"ignorados";"feridos";"veiculos";"latitude";"longitude";"regional";"delegacia";"uop"
501016;2023-01-25;"quarta-feira";"06:44:00";"BA";418;114;"MUCURI";"Ausência de reação do condutor";"Capotamento";"Com Vítimas Feridas";"Pleno dia";"Crescente";"Sol";"Simples";"Reta";"Não";3;0;0;3;0;0;3;1;-17,887356;-40,091083;"SPRF-BA";"DEL09-BA";"UOP02-DEL09-BA"
501017;2023-01-25;"quarta-feira";"10:30:00";"PE";101;49,6;"ABREU E LIMA";"Acumulo de areia ou detritos sobre o pavimento";"Tombamento";"Com Vítimas Feridas";"Pleno dia";"Crescente";"Sol";"Múltipla";"Reta";"Sim";1;0;1;0;0;0;1;1;-7,9005152;-34,90180641;"SPRF-PE";"DEL01-PE";"UOP02-DEL01-PE"
501019;2023-01-25;"quarta-feira";"11:00:00";"SC";470;35;"GASPAR";"Condutor deixou de manter distância do veículo da frente";"Colisão transversal";"Com Vítimas Feridas";"Pleno dia";"Decrescente";"Sol";"Múltipla";"Não Informado";"Não";3;0;1;0;2;0;1;2;-26,912857;-48,958965;"SPRF-SC";"DEL04-SC";"UOP01-DEL04-SC"
501020;2023-01-25;"quarta-feira";"11:00:00";"RN";304;96;"NATAL";"Ausência de reação do condutor";"Colisão lateral mesmo sentido";"Com Vítimas Feridas";"Pleno dia";"Decrescente";"Céu Claro";"Múltipla";"Reta";"Não";2;0;1;0;1;0;1;2;-5,85494835;-35,21157861;"SPRF-RN";"DEL04-RN";"UOP01-DEL04-RN"
501021;2023-01-25;"quarta-feira";"10:50:00";"MG";50;33,9;"ARAGUARI";"Chuva";"Saída de leito carroçável";"Com Vítimas Feridas";"Pleno dia";"Decrescente";"Chuva";"Dupla";"Reta";"Não";1;0;1;0;0;0;1;1;-18,64832;-48,13324;"SPRF-MG";"DEL15-MG";"UOP02-DEL15-MG"
501024;2023-01-22;"domingo";"20:10:00";"MG";40;527;"CONTAGEM";"Condutor deixou de manter distância do veículo da frente";"Colisão traseira";"Com Vítimas Feridas";"Plena Noite";"Decrescente";"Chuva";"Dupla";"Curva";"Sim";2;0;0;1;0;1;1;2;-19,90149502;-44,04938939;"SPRF-MG";"DEL01-MG";"UOP02-DEL01-MG"
501026;2023-01-25;"quarta-feira";"10:20:00";"MG";116;376;"MATHIAS LOBATO";"Acesso irregular";"Colisão transversal";"Com Vítimas Feridas";"Pleno dia";"Crescente";"Céu Claro";"Simples";"Reta";"Não";2;0;1;0;1;0;1;2;-18,586299;-41,92426908;"SPRF-MG";"DEL06-MG";"UOP01-DEL06-MG"
501028;2023-01-25;"quarta-feira";"07:40:00";"RJ";101;597;"PARATY";"Objeto estático sobre o leito carroçável";"Queda de ocupante de veículo";"Com Vítimas Feridas";"Pleno dia";"Decrescente";"Céu Claro";"Simples";"Reta";"Não";1;0;0;1;0;0;1;1;-23,34025796;-44,74508227;"SPRF-RJ";"DEL03-RJ";"UOP01-DEL03-RJ"
501029;2023-01-21;"sábado";"12:00:00";"PR";163;285;"MARECHAL CANDIDO RONDON";"Conversão proibida";"Colisão transversal";"Com Vítimas Feridas";"Pleno dia";"Crescente";"Céu Claro";"Múltipla";"Reta";"Sim";2;0;0;1;1;0;1;2;-24,568102;-54,034168;"SPRF-PR";"DEL06-PR";"UOP02-DEL06-PR"
501030;2023-01-21;"sábado";"21:00:00";"RO";364;596;"ITAPUA DO OESTE";"Ultrapassagem Indevida";"Colisão frontal";"Com Vítimas Feridas";"Plena Noite";"Decrescente";"Céu Claro";"Simples";"Reta";"Não";9;0;0;9;0;0;9;2;-9,25742194;-63,16233977;"SPRF-RO";"DEL03-RO";"UOP03-DEL03-RO"
501032;2023-01-25;"quarta-feira";"10:55:00";"BA";116;826;"VITORIA DA CONQUISTA";"Acessar a via sem observar a presença dos outros veículos";"Colisão lateral mesmo sentido";"Com Vítimas Feridas";"Pleno dia";"Crescente";"Nublado";"Dupla";"Retorno Regulamentado";"Sim";3;0;1;0;2;0;1;2;-14,87806;-40,85479;"SPRF-BA";"DEL08-BA";"UOP01-DEL08-BA"
501034;2023-01-25;"quarta-feira";"10:50:00";"RS";285;298;"PASSO FUNDO";"Acessar a via sem observar a presença dos outros veículos";"Colisão transversal";"Com Vítimas Feridas";"Pleno dia";"Decrescente";"Céu Claro";"Simples";"Rotatória";"Sim";3;0;1;0;2;0;1;2;-28,236414;-52,423466;"SPRF-RS";"DEL08-RS";"UOP03-DEL08-RS"
501035;2023-01-22;"domingo";"04:30:00";"MT";70;280;"PRIMAVERA DO LESTE";"Condutor Dormindo";"Saída de leito carroçável";"Com Vítimas Feridas";"Amanhecer";"Decrescente";"Céu Claro";"Simples";"Reta";"Sim";3;0;0;3;0;0;3;1;-15,5628096;-54,2970162;"SPRF-MT";"DEL05-MT";"UOP01-DEL05-MT"
501037;2023-01-25;"quarta-feira";"09:55:00";"RR";401;1;"BOA VISTA";"Ausência de reação do condutor";"Colisão lateral mesmo sentido";"Com Vítimas Feridas";"Pleno dia";"Decrescente";"Céu Claro";"Múltipla";"Reta";"Sim";2;0;0;1;1;0;1;2;2,80229396;-60,68243402;"SPRF-RR";"N/A";"UOP01-DEL01-RR"
501039;2023-01-25;"quarta-feira";"11:40:00";"PE";101;75,7;"RECIFE";"Condutor deixou de manter distância do veículo da frente";"Colisão traseira";"Com Vítimas Feridas";"Pleno dia";"Crescente";"Céu Claro";"Dupla";"Reta";"Sim";2;0;1;0;1;0;1;2;-8,115797;-34,944499;"SPRF-PE";"DEL01-PE";"UOP01-DEL01-PE"
501040;2023-01-24;"terça-feira";"18:30:00";"SC";282;115,8;"ALFREDO WAGNER";"Velocidade Incompatível";"Saída de leito carroçável";"Com Vítimas Feridas";"Pleno dia";"Decrescente";"Céu Claro";"Simples";"Curva";"Não";1;0;1;0;0;0;1;1;-27,755424;-49,39444;"SPRF-SC";"DEL01-SC";"UOP03-DEL01-SC"
501041;2023-01-25;"quarta-feira";"11:30:00";"SC";101;214;"PALHOCA";"Ingestão de álcool pelo condutor";"Colisão traseira";"Com Vítimas Feridas";"Pleno dia";"Crescente";"Sol";"Múltipla";"Reta";"Não";2;0;1;0;1;0;1;2;-27,64443;-48,67057;"SPRF-SC";"DEL01-SC";"UOP02-DEL01-SC"
501042;2023-01-21;"sábado";"14:15:00";"SP";116;385;"MIRACATU";"Velocidade Incompatível";"Queda de ocupante de veículo";"Com Vítimas Feridas";"Pleno dia";"Crescente";"Sol";"Dupla";"Curva";"Não";1;0;1;0;0;0;1;1;-24,25403017;-47,37599945;"SPRF-SP";"DEL04-SP";"UOP02-DEL04-SP"
501043;2023-01-25;"quarta-feira";"12:00:00";"SC";116;5,5;"MAFRA";"Desrespeitar a preferência no cruzamento";"Colisão transversal";"Com Vítimas Feridas";"Pleno dia";"Crescente";"Céu Claro";"Simples";"Não Informado";"Sim";5;0;1;1;3;0;2;3;-26,14094396;-49,81508303;"SPRF-SC";"DEL06-SC";"UOP01-DEL06-SC"
501045;2023-01-25;"quarta-feira";"09:50:00";"MG";381;545,9;"ITATIAIUCU";"Ingestão de álcool pelo condutor";"Colisão traseira";"Sem Vítimas";"Pleno dia";"Decrescente";"Céu Claro";"Dupla";"Reta";"Não";2;0;0;0;2;0;0;2;-20,28766303;-44,43572087;"SPRF-MG";"DEL04-MG";"UOP03-DEL04-MG"
501046;2023-01-25;"quarta-feira";"11:50:00";"SC";101;105;"PENHA";"Ausência de reação do condutor";"Tombamento";"Com Vítimas Feridas";"Pleno dia";"Crescente";"Sol";"Dupla";"Curva";"Não";2;0;2;0;0;0;2;1;-26,80215497;-48,67891041;"SPRF-SC";"DEL03-SC";"UOP02-DEL03-SC"
501047;2023-01-21;"sábado";"17:10:00";"MG";40;785;"JUIZ DE FORA";"Reação tardia ou ineficiente do condutor";"Colisão com objeto";"Com Vítimas Feridas";"Pleno dia";"Crescente";"Chuva";"Dupla";"Reta";"Não";4;0;1;0;3;0;1;1;-21,71976086;-43,44303569;"SPRF-MG";"DEL05-MG";"UOP01-DEL05-MG"
501049;2023-01-25;"quarta-feira";"10:40:00";"RJ";40;119;"DUQUE DE CAXIAS";"Condutor usando celular";"Colisão frontal";"Com Vítimas Feridas";"Pleno dia";"Decrescente";"Céu Claro";"Simples";"Não Informado";"Sim";2;0;0;1;1;0;1;2;-22,76375592;-43,28683062;"SPRF-RJ";"DEL01-RJ";"UOP01-DEL01-RJ"
501051;2023-01-22;"domingo";"06:30:00";"PR";369;144,9;"LONDRINA";"Velocidade Incompatível";"Saída de leito carroçável";"Sem Vítimas";"Pleno dia";"Decrescente";"Céu Claro";"Dupla";"Reta";"Sim";1;0;0;0;0;1;0;1;-23,293555;-51,112012;"SPRF-PR";"DEL07-PR";"UOP01-DEL07-PR"
501052;2023-01-21;"sábado";"14:30:00";"SP";116;229;"GUARULHOS";"Reação tardia ou ineficiente do condutor";"Colisão traseira";"Sem Vítimas";"Pleno dia";"Decrescente";"Céu Claro";"Simples";"Reta";"Não";5;0;0;0;5;0;0;2;-23,51291902;-46,57604698;"SPRF-SP";"DEL01-SP";"UOP01-DEL01-SP"
501054;2023-01-21;"sábado";"19:40:00";"ES";101;144;"LINHARES";"Semáforo com defeito";"Colisão transversal";"Com Vítimas Feridas";"Plena Noite";"Decrescente";"Nublado";"Simples";"Reta";"Sim";3;0;2;0;1;0;2;2;-19,35188295;-40,0636685;"SPRF-ES";"DEL04-ES";"UOP01-DEL04-ES"
501058;2023-01-14;"sábado";"18:35:00";"PB";361;36;"CATINGUEIRA";"Ingestão de álcool pelo condutor";"Capotamento";"Com Vítimas Feridas";"Plena Noite";"Decrescente";"Céu Claro";"Simples";"Curva";"Não";1;0;0;1;0;0;1;1;-7,09077111;-37,56284298;"SPRF-PB";"DEL03-PB";"UOP01-DEL03-PB"
501060;2023-01-22;"domingo";"01:50:00";"PR";153;352;"REBOUCAS";"Ingestão de álcool pelo condutor";"Saída de leito carroçável";"Sem Vítimas";"Plena Noite";"Crescente";"Céu Claro";"Simples";"Reta";"Não";2;0;0;0;2;0;0;1;-25,6240101;-50,70976188;"SPRF-PR";"DEL08-PR";"UOP02-DEL08-PR"
501061;2023-01-25;"quarta-feira";"13:00:00";"MG";381;491,8;"BETIM";"Ausência de reação do condutor";"Tombamento";"Com Vítimas Feridas";"Pleno dia";"Crescente";"Sol";"Múltipla";"Reta";"Sim";1;0;1;0;0;0;1;1;-19,95981613;-44,15458918;"SPRF-MG";"DEL01-MG";"UOP03-DEL01-MG"
501062;2023-01-25;"quarta-feira";"12:30:00";"GO";60;110;"GOIANAPOLIS";"Problema na suspensão";"Colisão lateral mesmo sentido";"Com Vítimas Feridas";"Pleno dia";"Crescente";"Nublado";"Dupla";"Curva";"Não";3;0;2;0;1;0;2;2;-16,45;-49,0316;"SPRF-GO";"DEL01-GO";"UOP01-DEL01-GO"
501068;2023-01-25;"quarta-feira";"13:20:00";"SC";470;147;"RIO DO SUL";"Reação tardia ou ineficiente do condutor";"Colisão transversal";"Com Vítimas Feridas";"Pleno dia";"Crescente";"Céu Claro";"Simples";"Reta";"Sim";3;0;1;1;1;0;2;2;-27,243439;-49,690025;"SPRF-SC";"DEL04-SC";"UOP02-DEL04-SC"
501069;2023-01-25;"quarta-feira";"12:00:00";"MS";376;170;"NOVA ANDRADINA";"Avarias e/ou desgaste excessivo no pneu";"Tombamento";"Com Vítimas Feridas";"Pleno dia";"Crescente";"Céu Claro";"Dupla";"Reta";"Sim";1;0;1;0;0;0;1;1;-22,30822281;-53,39668524;"SPRF-MS";"DEL04-MS";"UOP04-DEL04-MS"
501070;2023-01-21;"sábado";"10:50:00";"ES";262;76;"DOMINGOS MARTINS";"Velocidade Incompatível";"Colisão lateral sentido oposto";"Com Vítimas Feridas";"Pleno dia";"Crescente";"Chuva";"Simples";"Não Informado";"Não";5;0;2;2;1;0;4;3;-20,41279327;-40,90834307;"SPRF-ES";"DEL01-ES";"UOP02-DEL01-ES"
501072;2023-01-25;"quarta-feira";"14:00:00";"CE";116;17;"FORTALEZA";"Acessar a via sem observar a presença dos outros veículos";"Colisão lateral mesmo sentido";"Com Vítimas Feridas";"Pleno dia";"Decrescente";"Céu Claro";"Dupla";"Reta";"Sim";2;0;0;1;1;0;1;2;-3,89617918;-38,50336042;"SPRF-CE";"DEL01-CE";"UOP02-DEL01-CE"
501073;2023-01-21;"sábado";"20:15:00";"ES";262;144;"IBATIBA";"Velocidade Incompatível";"Saída de leito carroçável";"Com Vítimas Fatais";"Plena Noite";"Crescente";"Chuva";"Simples";"Não Informado";"Não";1;1;0;0;0;0;0;1;-20,23880893;-41,40054411;"SPRF-ES";"DEL01-ES";"UOP02-DEL01-ES"
501075;2023-01-25;"quarta-feira";"12:15:00";"GO";60;113,2;"TEREZOPOLIS DE GOIAS";"Demais falhas mecânicas ou elétricas";"Saída de leito carroçável";"Com Vítimas Feridas";"Pleno dia";"Decrescente";"Sol";"Dupla";"Desvio Temporário";"Não";2;0;2;0;0;0;2;1;-16,4572;-49,0567;"SPRF-GO";"DEL01-GO";"UOP01-DEL01-GO"
501076;2023-01-25;"quarta-feira";"14:00:00";"PB";101;111,2;"ALHANDRA";"Demais falhas mecânicas ou elétricas";"Tombamento";"Com Vítimas Feridas";"Pleno dia";"Crescente";"Céu Claro";"Dupla";"Reta";"Não";2;0;2;0;0;0;2;1;-7,36122197;-34,95184711;"SPRF-PB";"DEL01-PB";"UOP02-DEL01-PB"
501077;2023-01-25;"quarta-feira";"11:35:00";"MG";116;397,2;"GOVERNADOR VALADARES";"Pista esburacada";"Colisão lateral mesmo sentido";"Com Vítimas Feridas";"Pleno dia";"Decrescente";"Nublado";"Simples";"Não Informado";"Não";5;0;3;0;2;0;3;2;-18,75570099;-41,98568765;"SPRF-MG";"DEL06-MG";"UOP01-DEL06-MG"
501078;2023-01-25;"quarta-feira";"14:30:00";"RS";285;496;"ENTRE-IJUIS";"Ingestão de álcool pelo condutor";"Tombamento";"Com Vítimas Feridas";"Pleno dia";"Crescente";"Céu Claro";"Simples";"Interseção de vias";"Não";2;0;2;0;0;0;2;1;-28,378;-54,2629;"SPRF-RS";"DEL10-RS";"UOP01-DEL10-RS"
501080;2023-01-25;"quarta-feira";"08:45:00";"SC";101;119;"ITAJAI";"Manobra de mudança de faixa";"Colisão lateral mesmo sentido";"Com Vítimas Feridas";"Pleno dia";"Decrescente";"Céu Claro";"Dupla";"Reta";"Não";2;0;1;0;1;0;1;2;-26,9043179;-48,71555481;"SPRF-SC";"DEL04-SC";"UOP04-DEL04-SC"
501081;2023-01-25;"quarta-feira";"14:10:00";"RN";101;96;"NATAL";"Condutor deixou de manter distância do veículo da frente";"Engavetamento";"Sem Vítimas";"Pleno dia";"Decrescente";"Céu Claro";"Dupla";"Reta";"Sim";4;0;0;0;4;0;0;4;-5,84949622;-35,20890752;"SPRF-RN";"DEL01-RN";"UOP01-DEL01-RN"
501084;2023-01-25;"quarta-feira";"14:45:00";"TO";10;432;"PALMAS";"Reação tardia ou ineficiente do condutor";"Colisão traseira";"Com Vítimas Feridas";"Pleno dia";"Crescente";"Nublado";"Múltipla";"Reta";"Não";3;0;2;0;1;0;2;2;-10,25585889;-48,31112765;"SPRF-TO";"DEL01-TO";"UOP03-DEL01-TO"
501085;2023-01-25;"quarta-feira";"14:45:00";"PR";476;163;"ARAUCARIA";"Frear bruscamente";"Colisão traseira";"Com Vítimas Feridas";"Pleno dia";"Decrescente";"Sol";"Simples";"Reta";"Não";5;0;4;0;1;0;4;3;-25,6350071;-49,46267009;"SPRF-PR";"DEL01-PR";"UAP06-DEL01-PR"
501086;2023-01-21;"sábado";"21:00:00";"RS";470;161;"NOVA PRATA";"Ausência de reação do condutor";"Saída de leito carroçável";"Sem Vítimas";"Plena Noite";"Decrescente";"Chuva";"Simples";"Reta";"Não";1;0;0;0;1;0;0;1;-28,817015;-51,594917;"SPRF-RS";"DEL06-RS";"UOP02-DEL06-RS"
501088;2023-01-21;"sábado";"23:00:00";"PR";116;121;"CURITIBA";"Avarias e/ou desgaste excessivo no pneu";"Tombamento";"Com Vítimas Feridas";"Plena Noite";"Crescente";"Nublado";"Dupla";"Não Informado";"Não";2;0;2;0;0;0;2;1;-25,59623231;-49,31659698;"SPRF-PR";"DEL01-PR";"UOP03-DEL01-PR"
501092;2023-01-22;"domingo";"17:00:00";"RJ";101;297;"ITABORAI";"Conversão proibida";"Colisão lateral mesmo sentido";"Com Vítimas Feridas";"Pleno dia";"Crescente";"Céu Claro";"Simples";"Reta";"Sim";3;0;2;0;1;0;2;2;-22,76942037;-42,91873581;"SPRF-RJ";"DEL02-RJ";"UOP02-DEL02-RJ"
501093;2023-01-25;"quarta-feira";"15:00:00";"PB";230;74;"SOBRADO";"Condutor deixou de manter distância do veículo da frente";"Colisão traseira";"Com Vítimas Feridas";"Pleno dia";"Crescente";"Sol";"Dupla";"Não Informado";"Não";2;0;1;0;0;1;1;2;-7,1894;-35,2596;"SPRF-PB";"DEL01-PB";"UOP03-DEL01-PB"
501094;2023-01-25;"quarta-feira";"15:15:00";"MG";365;611;"UBERLANDIA";"Reação tardia ou ineficiente do condutor";"Colisão lateral mesmo sentido";"Com Vítimas Feridas";"Pleno dia";"Crescente";"Chuva";"Dupla";"Reta";"Sim";2;0;1;0;1;0;1;2;-18,92877741;-48,19227934;"SPRF-MG";"DEL15-MG";"UOP01-DEL15-MG"
501098;2023-01-21;"sábado";"13:50:00";"ES";101;145;"LINHARES";"Transitar na contramão";"Colisão transversal";"Com Vítimas Feridas";"Pleno dia";"Decrescente";"Céu Claro";"Dupla";"Reta";"Sim";2;0;1;0;0;1;1;2;-19,36089598;-40,06464018;"SPRF-ES";"DEL04-ES";"UOP01-DEL04-ES"
501099;2023-01-21;"sábado";"20:00:00";"SE";101;152;"ESTANCIA";"Deficiência do Sistema de Iluminação/Sinalização";"Colisão transversal";"Com Vítimas Fatais";"Plena Noite";"Crescente";"Céu Claro";"Simples";"Reta";"Sim";3;1;1;0;1;0;1;2;-11,27427138;-37,44811177;"SPRF-SE";"DEL02-SE";"UOP01-DEL02-SE"
501101;2023-01-21;"sábado";"21:00:00";"GO";70;29;"COCALZINHO DE GOIAS";"Ausência de reação do condutor";"Saída de leito carroçável";"Com Vítimas Feridas";"Plena Noite";"Crescente";"Nublado";"Simples";"Reta";"Não";1;0;1;0;0;0;1;1;-15,76396108;-48,44290582;"SPRF-DF";"DEL01-DF";"UOP03-DEL01-DF"
501107;2023-01-25;"quarta-feira";"15:35:00";"MG";381;604;"OLIVEIRA";"Velocidade Incompatível";"Colisão lateral mesmo sentido";"Com Vítimas Feridas";"Pleno dia";"Decrescente";"Céu Claro";"Dupla";"Reta";"Não";4;0;2;1;1;0;3;2;-20,65861706;-44,73695366;"SPRF-MG";"DEL04-MG";"UOP01-DEL04-MG"
501109;2023-01-25;"quarta-feira";"15:30:00";"MG";381;510,7;"SAO JOAQUIM DE BICAS";"Pedestre cruzava a pista fora da faixa";"Atropelamento de Pedestre";"Com Vítimas Feridas";"Pleno dia";"Decrescente";"Nublado";"Dupla";"Reta";"Não";1;0;1;0;0;0;1;1;-20,05261;-44,28173;"SPRF-MG";"DEL04-MG";"UOP03-DEL04-MG"
501112;2023-01-25;"quarta-feira";"17:00:00";"SP";116;212;"GUARULHOS";"Reação tardia ou ineficiente do condutor";"Colisão traseira";"Com Vítimas Feridas";"Pleno dia";"Crescente";"Céu Claro";"Múltipla";"Reta";"Sim";2;0;1;0;1;0;1;2;-23,43608315;-46,42805094;"SPRF-SP";"DEL01-SP";"UOP01-DEL01-SP"
501113;2023-01-25;"quarta-feira";"17:00:00";"MG";381;356;"JOAO MONLEVADE";"Conversão proibida";"Colisão frontal";"Com Vítimas Feridas";"Pleno dia";"Crescente";"Nublado";"Simples";"Reta";"Sim";2;0;1;0;1;0;1;2;-19,84765404;-43,20566395;"SPRF-MG";"DEL03-MG";"UOP01-DEL03-MG"
501114;2023-01-24;"terça-feira";"08:00:00";"SC";101;405;"MARACAJA";"Manobra de mudança de faixa";"Colisão lateral mesmo sentido";"Com Vítimas Feridas";"Pleno dia";"Crescente";"Céu Claro";"Dupla";"Reta";"Não";2;0;1;0;1;0;1;2;-28,902825;-49,47715;"SPRF-SC";"DEL02-SC";"UOP02-DEL02-SC"
501115;2023-01-21;"sábado";"15:15:00";"RS";293;21;"CAPAO DO LEAO";"Ausência de reação do condutor";"Colisão lateral mesmo sentido";"Sem Vítimas";"Pleno dia";"Crescente";"Céu Claro";"Simples";"Reta";"Não";3;0;0;0;3;0;0;2;-31,73825629;-52,53163706;"SPRF-RS";"DEL07-RS";"UOP01-DEL07-RS"
501117;2023-01-25;"quarta-feira";"17:50:00";"PR";369;143,4;"LONDRINA";"Condutor deixou de manter distância do veículo da frente";"Colisão traseira";"Com Vítimas Feridas";"Pleno dia";"Decrescente";"Céu Claro";"Dupla";"Reta";"Sim";2;0;1;0;1;0;1;2;-23,2928551;-51,09626412;"SPRF-PR";"DEL07-PR";"UOP01-DEL07-PR"
501118;2023-01-25;"quarta-feira";"17:10:00";"GO";50;278,6;"CATALAO";"Área urbana sem a presença de local apropriado para a travessia de pedestres";"Atropelamento de Pedestre";"Com Vítimas Feridas";"Pleno dia";"Decrescente";"Céu Claro";"Simples";"Não Informado";"Sim";3;0;1;0;2;0;1;1;-18,17232275;-47,92541573;"SPRF-GO";"DEL06-GO";"UOP01-DEL06-GO"
501119;2023-01-21;"sábado";"18:35:00";"SP";116;212;"GUARULHOS";"Velocidade Incompatível";"Colisão transversal";"Com Vítimas Feridas";"Anoitecer";"Crescente";"Céu Claro";"Múltipla";"Interseção de vias";"Sim";5;0;3;0;2;0;3;2;-23,43608315;-46,42805094;"SPRF-SP";"DEL01-SP";"UOP01-DEL01-SP"
501120;2023-01-25;"quarta-feira";"16:10:00";"GO";60;396;"RIO VERDE";"Pista Escorregadia";"Saída de leito carroçável";"Com Vítimas Feridas";"Pleno dia";"Decrescente";"Chuva";"Dupla";"Não Informado";"Sim";1;0;1;0;0;0;1;1;-17,8244;-51,0172;"SPRF-GO";"DEL04-GO";"UOP02-DEL04-GO"
501122;2023-01-25;"quarta-feira";"18:37:00";"GO";20;214,6;"POSSE";"Acessar a via sem observar a presença dos outros veículos";"Colisão transversal";"Com Vítimas Feridas";"Anoitecer";"Crescente";"Céu Claro";"Simples";"Curva";"Sim";5;0;1;3;1;0;4;2;-14,244229;-46,355961;"SPRF-DF";"DEL02-DF";"UOP03-DEL02-DF"
501123;2023-01-25;"quarta-feira";"16:20:00";"RJ";101;425;"MANGARATIBA";"Ausência de reação do condutor";"Colisão lateral mesmo sentido";"Com Vítimas Feridas";"Pleno dia";"Crescente";"Céu Claro";"Simples";"Reta";"Não";2;0;1;0;1;0;1;2;-22,92618815;-43,96323294;"SPRF-RJ";"DEL03-RJ";"UOP01-DEL03-RJ"
501124;2023-01-21;"sábado";"10:40:00";"RJ";40;78;"PETROPOLIS";"Velocidade Incompatível";"Capotamento";"Com Vítimas Feridas";"Pleno dia";"Crescente";"Chuva";"Simples";"Não Informado";"Não";3;0;3;0;0;0;3;1;-22,48485874;-43,22843406;"SPRF-RJ";"DEL06-RJ";"UOP02-DEL06-RJ"
501125;2023-01-22;"domingo";"20:35:00";"ES";262;94;"DOMINGOS MARTINS";"Desrespeitar a preferência no cruzamento";"Colisão transversal";"Com Vítimas Feridas";"Plena Noite";"Crescente";"Chuva";"Simples";"Não Informado";"Não";2;0;1;0;1;0;1;2;-20,37386581;-41,05851884;"SPRF-ES";"DEL01-ES";"UOP02-DEL01-ES"
501128;2023-01-25;"quarta-feira";"18:20:00";"RS";158;335;"SANTA MARIA";"Desrespeitar a preferência no cruzamento";"Colisão transversal";"Com Vítimas Feridas";"Anoitecer";"Crescente";"Nublado";"Simples";"Não Informado";"Sim";3;0;2;0;1;0;2;2;-29,70851535;-53,88442286;"SPRF-RS";"DEL09-RS";"UOP01-DEL09-RS"
501129;2023-01-25;"quarta-feira";"18:51:00";"PE";101;7;"GOIANA";"Acesso irregular";"Colisão traseira";"Com Vítimas Feridas";"Plena Noite";"Decrescente";"Céu Claro";"Dupla";"Reta";"Sim";5;0;3;0;2;0;3;2;-7,55997111;-34,99072674;"SPRF-PE";"DEL01-PE";"UOP02-DEL01-PE"
501132;2023-01-25;"quarta-feira";"18:30:00";"SC";101;329;"TUBARAO";"Ausência de reação do condutor";"Colisão traseira";"Com Vítimas Feridas";"Pleno dia";"Decrescente";"Céu Claro";"Dupla";"Reta";"Não";2;0;1;0;1;0;1;2;-28,4591804;-48,98835897;"SPRF-SC";"DEL02-SC";"UOP01-DEL02-SC"
501133;2023-01-25;"quarta-feira";"18:10:00";"PR";376;175,4;"MARINGA";"Manobra de mudança de faixa";"Colisão lateral mesmo sentido";"Com Vítimas Feridas";"Pleno dia";"Crescente";"Céu Claro";"Dupla";"Não Informado";"Sim";2;0;1;0;1;0;1;2;-23,41273876;-51,94449663;"SPRF-PR";"DEL09-PR";"UOP01-DEL09-PR"
501135;2023-01-25;"quarta-feira";"18:20:00";"PR";116;14;"COLOMBO";"Condutor deixou de manter distância do veículo da frente";"Colisão traseira";"Sem Vítimas";"Pleno dia";"Crescente";"Céu Claro";"Dupla";"Reta";"Sim";2;0;0;0;2;0;0;2;-25,3818;-49,1643;"SPRF-PR";"DEL01-PR";"UOP02-DEL01-PR"
501137;2023-01-21;"sábado";"09:30:00";"PR";277;0;"FOZ DO IGUACU";"Acessar a via sem observar a presença dos outros veículos";"Colisão lateral mesmo sentido";"Com Vítimas Feridas";"Pleno dia";"Crescente";"Céu Claro";"Dupla";"Não Informado";"Sim";2;0;1;0;1;0;1;2;-25,5469;-54,5882;"SPRF-PR";"DEL05-PR";"UOP03-DEL05-PR"
501139;2023-01-25;"quarta-feira";"16:40:00";"CE";222;205,9;"FORQUILHA";"Velocidade Incompatível";"Colisão com objeto";"Com Vítimas Feridas";"Pleno dia";"Crescente";"Chuva";"Simples";"Reta";"Não";2;0;1;0;1;0;1;1;-3,781798;-40,230502;"SPRF-CE";"DEL04-CE";"UOP01-DEL04-CE"
501141;2023-01-22;"domingo";"05:00:00";"SC";470;57,9;"BLUMENAU";"Ingestão de álcool pelo condutor";"Colisão transversal";"Sem Vítimas";"Plena Noite";"Decrescente";"Nublado";"Simples";"Interseção de vias";"Sim";2;0;0;0;2;0;0;2;-26,88286132;-49,14160967;"SPRF-SC";"DEL04-SC";"UOP01-DEL04-SC"
501143;2023-01-25;"quarta-feira";"18:45:00";"PB";230;135,1;"CAMPINA GRANDE";"Ausência de reação do condutor";"Saída de leito carroçável";"Com Vítimas Feridas";"Plena Noite";"Decrescente";"Céu Claro";"Dupla";"Curva";"Não";4;0;4;0;0;0;4;1;-7,282077;-35,768555;"SPRF-PB";"DEL02-PB";"UOP01-DEL02-PB"
501144;2023-01-25;"quarta-feira";"18:00:00";"GO";153;497;"GOIANIA";"Acessar a via sem observar a presença dos outros veículos";"Colisão traseira";"Com Vítimas Feridas";"Anoitecer";"Crescente";"Garoa/Chuvisco";"Dupla";"Reta";"Sim";2;0;0;1;1;0;1;2;-16,6854;-49,2338;"SPRF-GO";"DEL01-GO";"UOP01-DEL01-GO"
501146;2023-01-25;"quarta-feira";"19:20:00";"CE";116;16;"FORTALEZA";"Reação tardia ou ineficiente do condutor";"Colisão com objeto";"Com Vítimas Feridas";"Plena Noite";"Crescente";"Céu Claro";"Dupla";"Reta";"Sim";1;0;0;1;0;0;1;1;-3,88732794;-38,50185439;"SPRF-CE";"DEL01-CE";"UOP02-DEL01-CE"