"id";"data_inversa";"dia_semana";"horario";"uf";"br";"km";"municipio";"causa_acidente";"tipo_acidente";"classificacao_acidente";"fase_dia";"sentido_via";"condicao_metereologica";"tipo_pista";"tracado_via";"uso_solo";"pessoas";"mortos";"feridos_leves";"feridos_graves";"ilesos";"ignorados";"feridos";"veiculos";"latitude";"longitude";"regional";"delegacia";"uop"
501736;2023-01-27;"sexta-feira";"22:20:00";"SC";282;526;"XAXIM";"Demais falhas mecânicas ou elétricas";"Colisão com objeto";"Sem Vítimas";"Plena Noite";"Decrescente";"Céu Claro";"Simples";"Reta";"Não";2;0;0;0;2;0;0;2;-26,969427;-52,57497;"SPRF-SC";"DEL07-SC";"UOP01-DEL07-SC"
501737;2023-01-28;"sábado";"15:00:00";"ES";262;158;"IBATIBA";"Condutor deixou de manter distância do veículo da frente";"Colisão traseira";"Com Vítimas Feridas";"Pleno dia";"Crescente";"Céu Claro";"Simples";"Reta";"Não";3;0;2;0;1;0;2;2;-20,23111383;-41,49626094;"SPRF-ES";"DEL01-ES";"UOP02-DEL01-ES"
501738;2023-01-28;"sábado";"15:59:00";"RN";101;101,4;"PARNAMIRIM";"Ausência de reação do condutor";"Colisão traseira";"Com Vítimas Feridas";"Pleno dia";"Crescente";"Sol";"Múltipla";"Viaduto";"Sim";3;0;1;1;1;0;2;3;-5,8870205;-35,23253202;"SPRF-RN";"DEL01-RN";"UOP01-DEL01-RN"
501739;2023-01-28;"sábado";"16:00:00";"RS";116;245;"SAO LEOPOLDO";"Reação tardia ou ineficiente do condutor";"Colisão traseira";"Com Vítimas Feridas";"Pleno dia";"Decrescente";"Garoa/Chuvisco";"Dupla";"Não Informado";"Sim";5;0;1;0;4;0;1;2;-29,74980902;-51,15125361;"SPRF-RS";"DEL01-RS";"UOP02-DEL01-RS"
501740;2023-01-28;"sábado";"14:30:00";"PR";369;239;"JANDAIA DO SUL";"Pista Escorregadia";"Tombamento";"Com Vítimas Feridas";"Pleno dia";"Crescente";"Nublado";"Simples";"Não Informado";"Não";1;0;1;0;0;0;1;1;-23,67565612;-51,69548035;"SPRF-PR";"DEL09-PR";"UOP01-DEL09-PR"
501741;2023-01-28;"sábado";"14:40:00";"MG";50;175;"UBERABA";"Reação tardia ou ineficiente do condutor";"Colisão traseira";"Sem Vítimas";"Pleno dia";"Decrescente";"Céu Claro";"Dupla";"Reta";"Não";3;0;0;0;3;0;0;2;-19,77880359;-47,9695118;"SPRF-MG";"DEL13-MG";"UOP01-DEL13-MG"
501742;2023-01-28;"sábado";"14:10:00";"RS";290;51;"GLORINHA";"Avarias e/ou desgaste excessivo no pneu";"Queda de ocupante de veículo";"Com Vítimas Feridas";"Pleno dia";"Decrescente";"Céu Claro";"Dupla";"Reta";"Não";2;0;2;0;0;0;2;1;-29,909935;-50,767315;"SPRF-RS";"DEL03-RS";"UOP01-DEL03-RS"
501743;2023-01-28;"sábado";"14:40:00";"GO";153;416,7;"PIRENOPOLIS";"Avarias e/ou desgaste excessivo no pneu";"Saída de leito carroçável";"Com Vítimas Feridas";"Pleno dia";"Decrescente";"Céu Claro";"Simples";"Reta";"Não";2;0;0;1;1;0;1;1;-16,1680507;-49,04321107;"SPRF-GO";"DEL02-GO";"UOP01-DEL02-GO"
501744;2023-01-28;"sábado";"15:30:00";"RJ";40;1;"COMENDADOR LEVY GASPARIAN";"Velocidade Incompatível";"Capotamento";"Com Vítimas Feridas";"Pleno dia";"Decrescente";"Nublado";"Dupla";"Curva";"Não";5;0;4;0;1;0;4;1;-22,01067195;-43,25892193;"SPRF-RJ";"DEL06-RJ";"UOP01-DEL06-RJ"
501745;2023-01-28;"sábado";"16:10:00";"RS";386;416;"MONTENEGRO";"Demais Fenômenos da natureza";"Colisão com objeto";"Com Vítimas Feridas";"Pleno dia";"Crescente";"Chuva";"Simples";"Reta";"Não";2;0;2;0;0;0;2;1;-29,817648;-51,463001;"SPRF-RS";"DEL01-RS";"UOP01-DEL01-RS"
501746;2023-01-28;"sábado";"15:45:00";"RJ";116;138;"DUQUE DE CAXIAS";"Acumulo de areia ou detritos sobre o pavimento";"Tombamento";"Com Vítimas Feridas";"Pleno dia";"Crescente";"Céu Claro";"Simples";"Curva";"Sim";1;0;1;0;0;0;1;1;-22,64697319;-43,19165101;"SPRF-RJ";"DEL01-RJ";"UOP01-DEL01-RJ"
501747;2023-01-28;"sábado";"16:00:00";"MG";262;448,3;"NOVA SERRANA";"Condutor deixou de manter distância do veículo da frente";"Colisão traseira";"Com Vítimas Feridas";"Pleno dia";"Decrescente";"Céu Claro";"Simples";"Reta";"Sim";4;0;2;0;2;0;2;2;-19,87174184;-44,96984197;"SPRF-MG";"DEL08-MG";"UOP03-DEL08-MG"
501748;2023-01-28;"sábado";"16:20:00";"PI";343;345;"TERESINA";"Conversão proibida";"Colisão transversal";"Com Vítimas Feridas";"Pleno dia";"Decrescente";"Céu Claro";"Dupla";"Interseção de vias";"Sim";2;0;1;0;1;0;1;2;-5,102889;-42,766506;"SPRF-PI";"DEL01-PI";"UOP01-DEL01-PI"
501750;2023-01-28;"sábado";"15:40:00";"RS";386;233,3;"SOLEDADE";"Avarias e/ou desgaste excessivo no pneu";"Tombamento";"Com Vítimas Feridas";"Pleno dia";"Crescente";"Nublado";"Simples";"Reta";"Não";2;0;2;0;0;0;2;1;-28,715521;-52,566353;"SPRF-RS";"DEL04-RS";"UOP03-DEL04-RS"
501751;2023-01-28;"sábado";"16:10:00";"PR";376;270;"MARILANDIA DO SUL";"Ingestão de álcool pelo condutor";"Colisão com objeto";"Com Vítimas Feridas";"Pleno dia";"Decrescente";"Céu Claro";"Dupla";"Reta";"Não";1;0;1;0;0;0;1;1;-23,76530925;-51,27234759;"SPRF-PR";"DEL07-PR";"UOP02-DEL07-PR"
501752;2023-01-28;"sábado";"15:00:00";"GO";452;47;"RIO VERDE";"Desrespeitar a preferência no cruzamento";"Colisão transversal";"Com Vítimas Feridas";"Pleno dia";"Crescente";"Céu Claro";"Simples";"Interseção de vias";"Não";4;0;1;0;3;0;1;2;-17,95640055;-50,50355945;"SPRF-GO";"DEL04-GO";"UOP01-DEL04-GO"
501754;2023-01-28;"sábado";"17:15:00";"MG";381;505,5;"BETIM";"Velocidade Incompatível";"Colisão com objeto";"Com Vítimas Feridas";"Pleno dia";"Crescente";"Nublado";"Dupla";"Não Informado";"Sim";3;0;3;0;0;0;3;1;-20,04478441;-44,27276484;"SPRF-MG";"DEL04-MG";"UOP03-DEL04-MG"
501755;2023-01-28;"sábado";"16:40:00";"PR";476;116;"COLOMBO";"Condutor deixou de manter distância do veículo da frente";"Colisão traseira";"Com Vítimas Feridas";"Pleno dia";"Crescente";"Céu Claro";"Dupla";"Interseção de vias";"Sim";2;0;1;0;1;0;1;2;-25,34936565;-49,1682083;"SPRF-PR";"DEL01-PR";"UOP01-DEL01-PR"
501756;2023-01-28;"sábado";"17:20:00";"SP";116;209;"GUARULHOS";"Ingestão de álcool pelo condutor";"Colisão traseira";"Sem Vítimas";"Pleno dia";"Crescente";"Chuva";"Múltipla";"Interseção de vias";"Sim";4;0;0;0;4;0;0;2;-23,42511799;-46,40221101;"SPRF-SP";"DEL01-SP";"UOP01-DEL01-SP"
501757;2023-01-28;"sábado";"16:10:00";"PR";277;591,9;"CASCAVEL";"Condutor deixou de manter distância do veículo da frente";"Colisão traseira";"Sem Vítimas";"Pleno dia";"Crescente";"Céu Claro";"Simples";"Interseção de vias";"Sim";3;0;0;0;2;1;0;2;-24,98473242;-53,46501885;"SPRF-PR";"DEL04-PR";"UOP01-DEL04-PR"
501758;2023-01-28;"sábado";"16:10:00";"MG";40;816;"MATIAS BARBOSA";"Ausência de reação do condutor";"Queda de ocupante de veículo";"Com Vítimas Feridas";"Pleno dia";"Decrescente";"Nublado";"Dupla";"Reta";"Não";1;0;1;0;0;0;1;1;-21,90755681;-43,31493223;"SPRF-MG";"DEL05-MG";"UOP01-DEL05-MG"
501760;2023-01-28;"sábado";"16:45:00";"PE";424;104,9;"BREJAO";"Acesso irregular";"Colisão lateral mesmo sentido";"Com Vítimas Feridas";"Pleno dia";"Crescente";"Céu Claro";"Simples";"Desvio Temporário";"Não";3;0;2;0;1;0;2;2;-8,98516988;-36,50939867;"SPRF-PE";"DEL03-PE";"UOP01-DEL03-PE"
501761;2023-01-28;"sábado";"17:40:00";"SP";116;303;"SAO LOURENCO DA SERRA";"Área urbana sem a presença de local apropriado para a travessia de pedestres";"Queda de ocupante de veículo";"Com Vítimas Feridas";"Anoitecer";"Decrescente";"Céu Claro";"Dupla";"Não Informado";"Sim";1;0;0;1;0;0;1;1;-23,82760675;-46,92631345;"SPRF-SP";"DEL04-SP";"UOP01-DEL04-SP"
501762;2023-01-28;"sábado";"14:57:00";"PR";277;46,7;"MORRETES";"Manobra de mudança de faixa";"Colisão lateral mesmo sentido";"Com Vítimas Feridas";"Pleno dia";"Decrescente";"Céu Claro";"Dupla";"Reta";"Não";3;0;2;0;1;0;2;2;-25,58170589;-48,87791023;"SPRF-PR";"DEL01-PR";"UOP01-DEL01-PR"
501763;2023-01-28;"sábado";"17:15:00";"GO";50;180,2;"CAMPO ALEGRE DE GOIAS";"Ausência de reação do condutor";"Colisão com objeto";"Sem Vítimas";"Pleno dia";"Decrescente";"Céu Claro";"Dupla";"Não Informado";"Não";1;0;0;0;1;0;0;1;-17,4105;-47,787;"SPRF-GO";"DEL06-GO";"UOP01-DEL06-GO"
501764;2023-01-28;"sábado";"16:00:00";"SP";381;73;"SAO PAULO";"Reação tardia ou ineficiente do condutor";"Colisão com objeto";"Com Vítimas Feridas";"Pleno dia";"Crescente";"Chuva";"Dupla";"Curva";"Não";1;0;1;0;0;0;1;1;-23,36553404;-46,55253934;"SPRF-SP";"DEL03-SP";"UOP01-DEL03-SP"
501765;2023-01-22;"domingo";"17:30:00";"RS";386;435;"NOVA SANTA RITA";"Desrespeitar a preferência no cruzamento";"Colisão transversal";"Com Vítimas Feridas";"Pleno dia";"Decrescente";"Céu Claro";"Dupla";"Rotatória";"Não";3;0;1;0;2;0;1;2;-29,846369;-51,275738;"SPRF-RS";"DEL01-RS";"UOP01-DEL01-RS"
501766;2023-01-28;"sábado";"09:50:00";"RR";174;411;"IRACEMA";"Condutor deixou de manter distância do veículo da frente";"Colisão traseira";"Com Vítimas Fatais";"Pleno dia";"Decrescente";"Céu Claro";"Simples";"Reta";"Não";2;1;0;0;1;0;0;2;2,17591;-61,049072;"SPRF-RR";"N/A";"UOP01-DEL01-RR"
501767;2023-01-28;"sábado";"17:10:00";"RJ";465;12;"SEROPEDICA";"Manobra de mudança de faixa";"Colisão lateral sentido oposto";"Com Vítimas Feridas";"Anoitecer";"Crescente";"Chuva";"Simples";"Reta";"Sim";2;0;1;0;1;0;1;2;-22,79609787;-43,64742164;"SPRF-RJ";"DEL01-RJ";"UOP03-DEL01-RJ"
501768;2023-01-28;"sábado";"18:00:00";"SP";116;207;"GUARULHOS";"Velocidade Incompatível";"Colisão frontal";"Com Vítimas Feridas";"Pleno dia";"Decrescente";"Chuva";"Múltipla";"Não Informado";"Sim";1;0;0;1;0;0;1;1;-23,41972188;-46,3841920329;"SPRF-SP";"DEL01-SP";"UOP01-DEL01-SP"
501769;2023-01-28;"sábado";"18:00:00";"TO";10;432;"PALMAS";"Ausência de reação do condutor";"Colisão traseira";"Sem Vítimas";"Anoitecer";"Crescente";"Garoa/Chuvisco";"Dupla";"Retorno Regulamentado";"Não";3;0;0;0;2;1;0;2;-10,25585889;-48,31112765;"SPRF-TO";"DEL01-TO";"UOP03-DEL01-TO"
501772;2023-01-28;"sábado";"16:30:00";"MT";70;349;"CAMPO VERDE";"Ingestão de álcool pelo condutor";"Colisão frontal";"Com Vítimas Feridas";"Pleno dia";"Crescente";"Nublado";"Simples";"Reta";"Não";4;0;2;1;1;0;3;2;-15,51386613;-54,86303508;"SPRF-MT";"DEL05-MT";"UOP02-DEL05-MT"
501774;2023-01-28;"sábado";"13:50:00";"MS";262;294,9;"CAMPO GRANDE";"Ausência de reação do condutor";"Colisão com objeto";"Com Vítimas Feridas";"Pleno dia";"Decrescente";"Sol";"Simples";"Não Informado";"Não";1;0;1;0;0;0;1;1;-20,50280096;-54,2492044;"SPRF-MS";"DEL01-MS";"UOP01-DEL01-MS"
501776;2023-01-28;"sábado";"18:45:00";"SP";381;70;"MAIRIPORA";"Ausência de reação do condutor";"Colisão com objeto";"Com Vítimas Feridas";"Anoitecer";"Decrescente";"Nublado";"Dupla";"Curva";"Não";3;0;2;0;1;0;2;2;-23,34553108;-46,56787903;"SPRF-SP";"DEL03-SP";"UOP01-DEL03-SP"
501777;2023-01-16;"segunda-feira";"13:00:00";"BA";30;385;"BRUMADO";"Acessar a via sem observar a presença dos outros veículos";"Colisão transversal";"Com Vítimas Feridas";"Pleno dia";"Crescente";"Ignorado";"Simples";"Reta";"Não";2;0;0;1;1;0;1;2;-14,15832766;-41,52355916;"SPRF-BA";"DEL08-BA";"UOP01-DEL08-BA"
501781;2023-01-28;"sábado";"14:40:00";"RS";287;338;"SAO VICENTE DO SUL";"Acumulo de água sobre o pavimento";"Saída de leito carroçável";"Com Vítimas Feridas";"Pleno dia";"Crescente";"Chuva";"Simples";"Curva";"Não";5;0;4;1;0;0;5;1;-29,61409526;-54,68474865;"SPRF-RS";"DEL12-RS";"UOP02-DEL12-RS"
501784;2023-01-28;"sábado";"17:00:00";"RJ";116;338;"RESENDE";"Acumulo de água sobre o pavimento";"Saída de leito carroçável";"Com Vítimas Feridas";"Anoitecer";"Decrescente";"Chuva";"Dupla";"Reta";"Não";1;0;1;0;0;0;1;1;-22,50881627;-44,68523485;"SPRF-RJ";"DEL07-RJ";"UOP02-DEL07-RJ"
501785;2023-01-28;"sábado";"19:25:00";"PI";343;1;"TERESINA";"Ausência de reação do condutor";"Colisão lateral mesmo sentido";"Com Vítimas Feridas";"Plena Noite";"Decrescente";"Céu Claro";"Dupla";"Não Informado";"Sim";2;0;1;0;1;0;1;2;-5,089569;-42,802288;"SPRF-PI";"DEL01-PI";"UOP01-DEL01-PI"
501786;2023-01-28;"sábado";"19:05:00";"GO";60;449;"JATAI";"Ausência de reação do condutor";"Saída de leito carroçável";"Com Vítimas Feridas";"Anoitecer";"Decrescente";"Céu Claro";"Dupla";"Reta";"Não";1;0;1;0;0;0;1;1;-17,8514;-51,5158;"SPRF-GO";"DEL05-GO";"UOP01-DEL05-GO"
501787;2023-01-28;"sábado";"19:40:00";"PE";232;410;"SERRA TALHADA";"Reação tardia ou ineficiente do condutor";"Colisão traseira";"Com Vítimas Feridas";"Plena Noite";"Crescente";"Céu Claro";"Simples";"Reta";"Não";3;0;1;0;1;1;1;3;-7,98261841;-38,30039606;"SPRF-PE";"DEL04-PE";"UOP01-DEL04-PE"
501788;2023-01-28;"sábado";"20:15:00";"SP";101;51,8;"UBATUBA";"Trafegar com motocicleta (ou similar) entre as faixas";"Colisão frontal";"Com Vítimas Feridas";"Plena Noite";"Crescente";"Céu Claro";"Simples";"Reta";"Sim";5;0;0;1;4;0;1;2;-23,4623355;-45,06476561;"SPRF-SP";"DEL06-SP";"UOP01-DEL06-SP"
501789;2023-01-28;"sábado";"19:40:00";"PB";101;86,4;"JOAO PESSOA";"Área urbana sem a presença de local apropriado para a travessia de pedestres";"Atropelamento de Pedestre";"Com Vítimas Feridas";"Plena Noite";"Decrescente";"Céu Claro";"Dupla";"Reta";"Sim";2;0;0;1;0;1;1;1;-7,15118983;-34,91012184;"SPRF-PB";"DEL01-PB";"UOP01-DEL01-PB"
501791;2023-01-28;"sábado";"19:20:00";"PE";428;140,7;"PETROLINA";"Conversão proibida";"Colisão transversal";"Com Vítimas Feridas";"Plena Noite";"Decrescente";"Céu Claro";"Simples";"Curva";"Sim";2;0;1;0;1;0;1;2;-9,00410765;-40,27235985;"SPRF-PE";"DEL06-PE";"UOP03-DEL06-PE"
501792;2023-01-28;"sábado";"17:30:00";"PE";423;135;"CARUARU";"Ausência de reação do condutor";"Colisão com objeto";"Sem Vítimas";"Plena Noite";"Crescente";"Céu Claro";"Dupla";"Reta";"Não";2;0;0;0;1;1;0;1;-8,31071093;-36,03210926;"SPRF-PE";"DEL03-PE";"UOP01-DEL03-PE"
501794;2023-01-28;"sábado";"20:00:00";"ES";101;264;"SERRA";"Manobra de mudança de faixa";"Colisão lateral mesmo sentido";"Com Vítimas Feridas";"Plena Noite";"Crescente";"Céu Claro";"Dupla";"Interseção de vias";"Sim";3;0;2;0;1;0;2;2;-20,17292791;-40,26736384;"SPRF-ES";"DEL02-ES";"UOP01-DEL02-ES"
501795;2023-01-28;"sábado";"20:30:00";"ES";101;266;"SERRA";"Condutor deixou de manter distância do veículo da frente";"Colisão traseira";"Com Vítimas Feridas";"Plena Noite";"Decrescente";"Céu Claro";"Dupla";"Reta";"Sim";3;0;1;0;2;0;1;2;-20,190199;-40,26828891;"SPRF-ES";"DEL02-ES";"UOP01-DEL02-ES"
501796;2023-01-28;"sábado";"20:40:00";"PE";101;68,8;"RECIFE";"Pedestre cruzava a pista fora da faixa";"Atropelamento de Pedestre";"Com Vítimas Feridas";"Plena Noite";"Decrescente";"Céu Claro";"Múltipla";"Reta";"Sim";2;0;1;0;0;1;1;1;-8,05074296;-34,94580619;"SPRF-PE";"DEL01-PE";"UOP01-DEL01-PE"
501797;2023-01-28;"sábado";"20:30:00";"SC";470;57,8;"BLUMENAU";"Acessar a via sem observar a presença dos outros veículos";"Colisão transversal";"Com Vítimas Feridas";"Plena Noite";"Crescente";"Céu Claro";"Simples";"Reta";"Sim";2;0;1;0;1;0;1;2;-26,88379798;-49,14557678;"SPRF-SC";"DEL04-SC";"UOP01-DEL04-SC"
501798;2023-01-28;"sábado";"16:00:00";"RJ";493;92;"SEROPEDICA";"Chuva";"Saída de leito carroçável";"Com Vítimas Feridas";"Pleno dia";"Decrescente";"Chuva";"Dupla";"Reta";"Sim";4;0;2;1;1;0;3;1;-22,66312575;-43,62361908;"SPRF-RJ";"DEL01-RJ";"UOP04-DEL01-RJ"
501799;2023-01-28;"sábado";"20:47:00";"RS";116;247;"SAO LEOPOLDO";"Reação tardia ou ineficiente do condutor";"Colisão traseira";"Com Vítimas Feridas";"Plena Noite";"Decrescente";"Nublado";"Dupla";"Curva";"Sim";5;0;2;0;3;0;2;4;-29,76733091;-51,1535296;"SPRF-RS";"DEL01-RS";"UOP02-DEL01-RS"
501801;2023-01-28;"sábado";"20:30:00";"ES";101;292,7;"CARIACICA";"Ingestão de álcool pelo condutor";"Saída de leito carroçável";"Com Vítimas Fatais";"Plena Noite";"Crescente";"Céu Claro";"Dupla";"Reta";"Sim";1;1;0;0;0;0;0;1;-20,30650512;-40,39488717;"SPRF-ES";"DEL01-ES";"UOP01-DEL01-ES"
501802;2023-01-28;"sábado";"18:50:00";"PI";343;438,8;"LAGOINHA DO PIAUI";"Ausência de reação do condutor";"Colisão traseira";"Com Vítimas Fatais";"Plena Noite";"Decrescente";"Nublado";"Simples";"Reta";"Não";2;1;0;0;0;1;0;2;-5,843313;-42,624416;"SPRF-PI";"DEL01-PI";"UOP02-DEL01-PI"
501803;2023-01-28;"sábado";"21:05:00";"SC";101;206,7;"SAO JOSE";"Reação tardia ou ineficiente do condutor";"Colisão traseira";"Com Vítimas Feridas";"Plena Noite";"Crescente";"Nublado";"Múltipla";"Reta";"Sim";5;0;1;0;4;0;1;2;-27,59193546;-48,61824557;"SPRF-SC";"DEL01-SC";"UOP01-DEL01-SC"
501804;2023-01-21;"sábado";"03:00:00";"BA";415;56;"ITABUNA";"Velocidade Incompatível";"Saída de leito carroçável";"Com Vítimas Feridas";"Plena Noite";"Decrescente";"Nevoeiro/Neblina";"Simples";"Curva";"Não";2;0;0;2;0;0;2;1;-14,84910679;-39,38459158;"SPRF-BA";"DEL05-BA";"UOP01-DEL05-BA"
501805;2023-01-28;"sábado";"21:10:00";"PR";376;4;"APUCARANA";"Desrespeitar a preferência no cruzamento";"Colisão transversal";"Com Vítimas Feridas";"Plena Noite";"Decrescente";"Céu Claro";"Simples";"Não Informado";"Sim";2;0;1;0;1;0;1;2;-23,5513;-51,461266;"SPRF-PR";"DEL07-PR";"UOP03-DEL07-PR"
501807;2023-01-28;"sábado";"20:55:00";"DF";60;12,4;"BRASILIA";"Velocidade Incompatível";"Engavetamento";"Com Vítimas Feridas";"Plena Noite";"Crescente";"Nublado";"Dupla";"Reta";"Sim";7;0;1;0;6;0;1;3;-15,916267;-48,164268;"SPRF-DF";"DEL01-DF";"UOP02-DEL01-DF"
501808;2023-01-28;"sábado";"21:14:00";"MG";381;491;"BETIM";"Ausência de reação do condutor";"Colisão traseira";"Sem Vítimas";"Plena Noite";"Decrescente";"Nublado";"Dupla";"Curva";"Sim";3;0;0;0;2;1;0;2;-19,9965179;-44,2090357;"SPRF-MG";"DEL01-MG";"UOP03-DEL01-MG"
501809;2023-01-28;"sábado";"20:20:00";"CE";20;94,5;"TAUA";"Ausência de reação do condutor";"Queda de ocupante de veículo";"Com Vítimas Fatais";"Pleno dia";"Decrescente";"Céu Claro";"Simples";"Reta";"Não";1;1;0;0;0;0;0;1;-5,92908888;-40,22749409;"SPRF-CE";"DEL02-CE";"UOP02-DEL02-CE"
501810;2023-01-28;"sábado";"20:10:00";"SC";101;105,9;"PENHA";"Reação tardia ou ineficiente do condutor";"Tombamento";"Com Vítimas Feridas";"Plena Noite";"Decrescente";"Céu Claro";"Simples";"Curva";"Não";1;0;1;0;0;0;1;1;-26,81204473;-48,68308067;"SPRF-SC";"DEL03-SC";"UOP02-DEL03-SC"
501812;2023-01-28;"sábado";"16:00:00";"RO";421;51;"MONTE NEGRO";"Ingestão de álcool pelo condutor";"Colisão traseira";"Com Vítimas Feridas";"Anoitecer";"Crescente";"Chuva";"Simples";"Reta";"Não";3;0;1;1;1;0;2;2;-10,270235;-63,300957;"SPRF-RO";"DEL03-RO";"UOP01-DEL03-RO"
501813;2023-01-28;"sábado";"20:45:00";"SC";101;148;"ITAPEMA";"Pedestre andava na pista";"Atropelamento de Pedestre";"Com Vítimas Feridas";"Plena Noite";"Crescente";"Nublado";"Múltipla";"Reta";"Sim";2;0;1;1;0;0;2;1;-27,10123686;-48,61807962;"SPRF-SC";"DEL04-SC";"UOP03-DEL04-SC"
501814;2023-01-28;"sábado";"21:15:00";"SC";282;225;"LAGES";"Ingestão de álcool pelo condutor";"Colisão frontal";"Sem Vítimas";"Plena Noite";"Crescente";"Céu Claro";"Simples";"Não Informado";"Sim";2;0;0;0;2;0;0;2;-27,795473;-50,389488;"SPRF-SC";"DEL05-SC";"UOP02-DEL05-SC"
501815;2023-01-28;"sábado";"20:30:00";"PI";343;268;"CAMPO MAIOR";"Ausência de reação do condutor";"Colisão frontal";"Com Vítimas Feridas";"Plena Noite";"Crescente";"Céu Claro";"Simples";"Reta";"Sim";2;0;0;2;0;0;2;2;-4,842865;-42,187584;"SPRF-PI";"DEL01-PI";"UOP03-DEL01-PI"
501816;2023-01-28;"sábado";"18:03:00";"SP";116;3,2;"QUELUZ";"Chuva";"Capotamento";"Sem Vítimas";"Plena Noite";"Decrescente";"Chuva";"Dupla";"Reta";"Não";2;0;0;0;2;0;0;1;-22,52383208;-44,72621799;"SPRF-SP";"DEL08-SP";"UOP02-DEL08-SP"
501817;2023-01-28;"sábado";"21:45:00";"RJ";40;111;"DUQUE DE CAXIAS";"Reação tardia ou ineficiente do condutor";"Tombamento";"Com Vítimas Feridas";"Plena Noite";"Crescente";"Nublado";"Dupla";"Reta";"Sim";2;0;1;0;0;1;1;2;-22,691868;-43,287453;"SPRF-RJ";"DEL01-RJ";"UOP01-DEL01-RJ"
501818;2023-01-28;"sábado";"20:20:00";"RS";287;282,5;"SAO PEDRO DO SUL";"Reação tardia ou ineficiente do condutor";"Tombamento";"Com Vítimas Feridas";"Plena Noite";"Decrescente";"Nublado";"Simples";"Rotatória";"Sim";2;0;1;1;0;0;2;1;-29,63672746;-54,18536961;"SPRF-RS";"DEL09-RS";"UOP01-DEL09-RS"
501819;2023-01-28;"sábado";"21:20:00";"GO";364;58;"CACHOEIRA ALTA";"Ausência de reação do condutor";"Saída de leito carroçável";"Sem Vítimas";"Plena Noite";"Crescente";"Chuva";"Simples";"Reta";"Não";1;0;0;0;0;1;0;1;-18,750378;-50,936588;"SPRF-GO";"DEL05-GO";"UOP02-DEL05-GO"
501820;2023-01-28;"sábado";"18:30:00";"PR";277;164;"PALMEIRA";"Ausência de reação do condutor";"Saída de leito carroçável";"Sem Vítimas";"Pleno dia";"Crescente";"Céu Claro";"Simples";"Reta";"Não";1;0;0;0;1;0;0;1;-25,450667;-49,949278;"SPRF-PR";"DEL03-PR";"UOP03-DEL03-PR"
501821;2023-01-28;"sábado";"19:00:00";"AC";364;1;"ACRELANDIA";"Animais na Pista";"Atropelamento de Animal";"Com Vítimas Feridas";"Plena Noite";"Crescente";"Chuva";"Simples";"Reta";"Não";2;0;2;0;0;0;2;1;-9,80578064;-66,85446029;"SPRF-AC";"N/A";"UOP03-DEL01-AC"
501822;2023-01-28;"sábado";"20:45:00";"RJ";116;329;"ITATIAIA";"Condutor deixou de manter distância do veículo da frente";"Colisão lateral mesmo sentido";"Com Vítimas Fatais";"Plena Noite";"Decrescente";"Chuva";"Dupla";"Reta";"Não";2;1;1;0;0;0;1;2;-22,50466912;-44,606568;"SPRF-RJ";"DEL07-RJ";"UOP02-DEL07-RJ"
501824;2023-01-28;"sábado";"20:50:00";"PE";104;34;"TORITAMA";"Demais falhas mecânicas ou elétricas";"Incêndio";"Sem Vítimas";"Plena Noite";"Decrescente";"Céu Claro";"Dupla";"Não Informado";"Não";1;0;0;0;0;1;0;1;-8,035022;-36,052402;"SPRF-PE";"DEL02-PE";"UOP01-DEL02-PE"
501826;2023-01-28;"sábado";"20:00:00";"RS";116;17,6;"VACARIA";"Ingestão de álcool pelo condutor";"Saída de leito carroçável";"Com Vítimas Feridas";"Plena Noite";"Crescente";"Céu Claro";"Simples";"Curva";"Não";1;0;1;0;0;0;1;1;-28,34419591;-50,81682206;"SPRF-RS";"DEL05-RS";"UOP03-DEL05-RS"
501828;2023-01-28;"sábado";"23:06:00";"PI";343;7;"PARNAIBA";"Ingestão de álcool pelo condutor";"Saída de leito carroçável";"Sem Vítimas";"Plena Noite";"Crescente";"Céu Claro";"Simples";"Reta";"Sim";1;0;0;0;1;0;0;1;-2,898051;-41,714767;"SPRF-PI";"DEL05-PI";"UOP01-DEL05-PI"
501829;2023-01-28;"sábado";"17:00:00";"RJ";116;316;"ITATIAIA";"Reação tardia ou ineficiente do condutor";"Colisão frontal";"Com Vítimas Feridas";"Pleno dia";"Crescente";"Chuva";"Dupla";"Curva";"Não";2;0;2;0;0;0;2;2;-22,46560057;-44,49102813;"SPRF-RJ";"DEL07-RJ";"UOP02-DEL07-RJ"
501830;2023-01-28;"sábado";"22:25:00";"GO";40;5;"VALPARAISO DE GOIAS";"Acessar a via sem observar a presença dos outros veículos";"Colisão lateral mesmo sentido";"Sem Vítimas";"Plena Noite";"Crescente";"Nublado";"Dupla";"Não Informado";"Sim";2;0;0;0;2;0;0;2;-16,093134;-47,982236;"SPRF-DF";"DEL01-DF";"UOP01-DEL01-DF"
501832;2023-01-28;"sábado";"20:30:00";"MG";40;517;"RIBEIRAO DAS NEVES";"Velocidade Incompatível";"Colisão com objeto";"Com Vítimas Feridas";"Plena Noite";"Decrescente";"Céu Claro";"Dupla";"Reta";"Não";2;0;1;0;1;0;1;1;-19,82351202;-44,08438913;"SPRF-MG";"DEL01-MG";"UOP02-DEL01-MG"