"id";"data_inversa";"dia_semana";"horario";"uf";"br";"km";"municipio";"causa_acidente";"tipo_acidente";"classificacao_acidente";"fase_dia";"sentido_via";"condicao_metereologica";"tipo_pista";"tracado_via";"uso_solo";"pessoas";"mortos";"feridos_leves";"feridos_graves";"ilesos";"ignorados";"feridos";"veiculos";"latitude";"longitude";"regional";"delegacia";"uop"
502037;2023-01-29;"domingo";"17:00:00";"MG";381;532;"ITATIAIUCU";"Velocidade Incompatível";"Saída de leito carroçável";"Com Vítimas Feridas";"Anoitecer";"Crescente";"Chuva";"Dupla";"Curva";"Não";2;0;1;0;1;0;1;1;-20,1904316;-44,38268793;"SPRF-MG";"DEL04-MG";"UOP03-DEL04-MG"
502038;2023-01-29;"domingo";"21:45:00";"MG";50;168;"UBERABA";"Obras na pista";"Colisão com objeto";"Com Vítimas Feridas";"Plena Noite";"Crescente";"Garoa/Chuvisco";"Dupla";"Não Informado";"Não";4;0;3;0;1;0;3;1;-19,716585;-47,981327;"SPRF-MG";"DEL13-MG";"UOP01-DEL13-MG"
502039;2023-01-29;"domingo";"22:20:00";"RS";101;10,2;"MAQUINE";"Acessar a via sem observar a presença dos outros veículos";"Colisão transversal";"Com Vítimas Fatais";"Plena Noite";"Decrescente";"Nublado";"Simples";"Reta";"Sim";3;1;0;2;0;0;2;2;-29,755025;-50,171228;"SPRF-RS";"DEL03-RS";"UOP01-DEL03-RS"
502040;2023-01-29;"domingo";"20:45:00";"PE";423;28,4;"SAO CAITANO";"Animais na Pista";"Atropelamento de Animal";"Com Vítimas Fatais";"Plena Noite";"Crescente";"Céu Claro";"Simples";"Reta";"Não";1;1;0;0;0;0;0;1;-8,40754639;-36,18739843;"SPRF-PE";"DEL03-PE";"UOP02-DEL03-PE"
502041;2023-01-29;"domingo";"21:00:00";"PR";277;74;"SAO JOSE DOS PINHAIS";"Reação tardia ou ineficiente do condutor";"Colisão com objeto";"Com Vítimas Feridas";"Plena Noite";"Decrescente";"Chuva";"Dupla";"Reta";"Sim";2;0;1;0;1;0;1;1;-25,51726115;-49,11540707;"SPRF-PR";"DEL01-PR";"UOP01-DEL01-PR"
502042;2023-01-29;"domingo";"20:50:00";"MG";40;278;"TRES MARIAS";"Reação tardia ou ineficiente do condutor";"Colisão com objeto";"Sem Vítimas";"Plena Noite";"Crescente";"Nublado";"Simples";"Não Informado";"Sim";2;0;0;0;2;0;0;2;-18,220313;-45,220762;"SPRF-MG";"DEL14-MG";"UOP02-DEL14-MG"
502044;2023-01-29;"domingo";"19:30:00";"RO";364;424;"JARU";"Desrespeitar a preferência no cruzamento";"Colisão transversal";"Com Vítimas Feridas";"Plena Noite";"Crescente";"Nublado";"Simples";"Interseção de vias";"Sim";3;0;2;0;1;0;2;2;-10,44457274;-62,46568412;"SPRF-RO";"DEL03-RO";"UOP02-DEL03-RO"
502045;2023-01-29;"domingo";"22:00:00";"RS";116;267;"CANOAS";"Reação tardia ou ineficiente do condutor";"Colisão com objeto";"Sem Vítimas";"Plena Noite";"Decrescente";"Céu Claro";"Dupla";"Reta";"Sim";1;0;0;0;1;0;0;1;-29,94546;-51,176768;"SPRF-RS";"DEL01-RS";"UOP01-DEL01-RS"
502046;2023-01-29;"domingo";"17:00:00";"CE";20;77;"TAUA";"Manobra de mudança de faixa";"Colisão transversal";"Com Vítimas Fatais";"Pleno dia";"Crescente";"Céu Claro";"Simples";"Interseção de vias";"Sim";4;1;2;0;1;0;2;2;-6,015183;-40,294764;"SPRF-CE";"DEL02-CE";"UOP02-DEL02-CE"
502048;2023-01-29;"domingo";"21:30:00";"MG";381;652,3;"SANTO ANTONIO DO AMPARO";"Objeto estático sobre o leito carroçável";"Saída de leito carroçável";"Sem Vítimas";"Plena Noite";"Decrescente";"Chuva";"Dupla";"Curva";"Não";1;0;0;0;1;0;0;1;-20,98384831;-44,94479972;"SPRF-MG";"DEL04-MG";"UOP02-DEL04-MG"
502049;2023-01-29;"domingo";"22:45:00";"MG";40;462;"SETE LAGOAS";"Avarias e/ou desgaste excessivo no pneu";"Saída de leito carroçável";"Com Vítimas Feridas";"Plena Noite";"Crescente";"Chuva";"Dupla";"Não Informado";"Não";1;0;1;0;0;0;1;1;-19,4136917;-44,33879427;"SPRF-MG";"DEL02-MG";"UOP01-DEL02-MG"
502050;2023-01-29;"domingo";"23:00:00";"PE";101;70;"RECIFE";"Condutor deixou de manter distância do veículo da frente";"Colisão traseira";"Com Vítimas Feridas";"Plena Noite";"Decrescente";"Céu Claro";"Dupla";"Não Informado";"Não";2;0;0;1;0;1;1;2;-8,06776119;-34,94265074;"SPRF-PE";"DEL01-PE";"UOP01-DEL01-PE"
502051;2023-01-29;"domingo";"22:45:00";"SE";101;139;"ESTANCIA";"Reação tardia ou ineficiente do condutor";"Colisão traseira";"Com Vítimas Feridas";"Plena Noite";"Crescente";"Céu Claro";"Dupla";"Reta";"Não";2;0;1;0;1;0;1;2;-11,16432207;-37,39806827;"SPRF-SE";"DEL02-SE";"UOP01-DEL02-SE"
502052;2023-01-29;"domingo";"21:35:00";"PR";376;1,5;"APUCARANA";"Acessar a via sem observar a presença dos outros veículos";"Colisão transversal";"Com Vítimas Feridas";"Plena Noite";"Decrescente";"Nublado";"Simples";"Reta";"Não";2;0;0;1;1;0;1;2;-23,5513;-51,461266;"SPRF-PR";"DEL07-PR";"UOP03-DEL07-PR"
502053;2023-01-29;"domingo";"22:30:00";"SP";116;142,6;"SAO JOSE DOS CAMPOS";"Ausência de reação do condutor";"Colisão com objeto";"Com Vítimas Feridas";"Plena Noite";"Decrescente";"Chuva";"Dupla";"Reta";"Sim";1;0;1;0;0;0;1;1;-23,17426078;-45,82940111;"SPRF-SP";"DEL02-SP";"UOP01-DEL02-SP"
502055;2023-01-29;"domingo";"20:00:00";"SC";280;118;"SAO BENTO DO SUL";"Ausência de reação do condutor";"Saída de leito carroçável";"Sem Vítimas";"Plena Noite";"Crescente";"Chuva";"Simples";"Reta";"Não";1;0;0;0;1;0;0;1;-26,26608202;-49,42467403;"SPRF-SC";"DEL06-SC";"UOP03-DEL06-SC"
502057;2023-01-29;"domingo";"23:40:00";"PR";376;644;"TIJUCAS DO SUL";"Transitar na contramão";"Colisão frontal";"Sem Vítimas";"Plena Noite";"Crescente";"Nublado";"Simples";"Não Informado";"Não";2;0;0;0;1;1;0;2;-25,81419584;-49,13167969;"SPRF-PR";"DEL01-PR";"UOP04-DEL01-PR"
502058;2023-01-29;"domingo";"21:25:00";"RO";364;342;"JI-PARANA";"Demais falhas mecânicas ou elétricas";"Colisão com objeto";"Com Vítimas Feridas";"Plena Noite";"Crescente";"Céu Claro";"Dupla";"Não Informado";"Não";4;0;1;1;2;0;2;1;-10,88381227;-61,93741416;"SPRF-RO";"DEL02-RO";"UOP01-DEL02-RO"
502059;2023-01-29;"domingo";"22:50:00";"MG";262;12,9;"MARTINS SOARES";"Reação tardia ou ineficiente do condutor";"Colisão com objeto";"Com Vítimas Feridas";"Plena Noite";"Crescente";"Céu Claro";"Simples";"Reta";"Não";13;0;12;1;0;0;13;1;-20,25771509;-41,86161294;"SPRF-MG";"DEL06-MG";"UOP03-DEL06-MG"
502060;2023-01-29;"domingo";"20:10:00";"RO";364;240;"CACOAL";"Ingestão de álcool pelo condutor";"Colisão lateral mesmo sentido";"Com Vítimas Feridas";"Plena Noite";"Crescente";"Céu Claro";"Simples";"Reta";"Sim";4;0;4;0;0;0;4;2;-11,43579019;-61,47096987;"SPRF-RO";"DEL02-RO";"UOP02-DEL02-RO"
502061;2023-01-29;"domingo";"23:11:00";"MT";163;839;"SINOP";"Reação tardia ou ineficiente do condutor";"Colisão com objeto";"Com Vítimas Feridas";"Plena Noite";"Decrescente";"Céu Claro";"Dupla";"Reta";"Sim";1;0;0;1;0;0;1;1;-11,951051;-55,516876;"SPRF-MT";"DEL06-MT";"UOP02-DEL06-MT"
502062;2023-01-30;"segunda-feira";"00:45:00";"BA";116;17;"VITORIA DA CONQUISTA";"Acessar a via sem observar a presença dos outros veículos";"Colisão transversal";"Com Vítimas Feridas";"Plena Noite";"Crescente";"Nublado";"Simples";"Interseção de vias";"Sim";5;0;1;0;4;0;1;2;-14,851;-40,8485;"SPRF-BA";"DEL08-BA";"UOP01-DEL08-BA"
502063;2023-01-29;"domingo";"21:20:00";"RJ";40;119;"DUQUE DE CAXIAS";"Manobra de mudança de faixa";"Colisão lateral mesmo sentido";"Com Vítimas Feridas";"Plena Noite";"Decrescente";"Céu Claro";"Múltipla";"Reta";"Sim";3;0;1;1;0;1;2;2;-22,76397393;-43,2866478;"SPRF-RJ";"DEL01-RJ";"UOP01-DEL01-RJ"
502065;2023-01-29;"domingo";"22:00:00";"RO";364;382;"OURO PRETO DO OESTE";"Condutor deixou de manter distância do veículo da frente";"Colisão traseira";"Sem Vítimas";"Plena Noite";"Crescente";"Nublado";"Simples";"Reta";"Não";4;0;0;0;4;0;0;2;-10,72605374;-62,23652595;"SPRF-RO";"DEL02-RO";"UOP01-DEL02-RO"
502066;2023-01-30;"segunda-feira";"02:10:00";"RS";116;237;"NOVO HAMBURGO";"Reação tardia ou ineficiente do condutor";"Colisão com objeto";"Com Vítimas Feridas";"Plena Noite";"Decrescente";"Céu Claro";"Dupla";"Não Informado";"Sim";1;0;1;0;0;0;1;1;-29,68504471;-51,14161618;"SPRF-RS";"DEL01-RS";"UOP02-DEL01-RS"
502067;2023-01-29;"domingo";"23:17:00";"MA";135;13;"SAO LUIS";"Reação tardia ou ineficiente do condutor";"Colisão com objeto";"Com Vítimas Feridas";"Plena Noite";"Decrescente";"Céu Claro";"Simples";"Reta";"Sim";2;0;1;0;1;0;1;1;-2,68053538;-44,29512283;"SPRF-MA";"DEL01-MA";"UOP01-DEL01-MA"
502068;2023-01-30;"segunda-feira";"00:30:00";"MT";364;203;"RONDONOPOLIS";"Ausência de reação do condutor";"Tombamento";"Com Vítimas Feridas";"Plena Noite";"Crescente";"Chuva";"Dupla";"Não Informado";"Sim";1;0;1;0;0;0;1;1;-16,47555256;-54,65344724;"SPRF-MT";"DEL02-MT";"UOP01-DEL02-MT"
502069;2023-01-30;"segunda-feira";"03:00:00";"SP";116;229;"SAO PAULO";"Ausência de reação do condutor";"Engavetamento";"Com Vítimas Feridas";"Plena Noite";"Decrescente";"Nublado";"Múltipla";"Reta";"Não";6;0;4;0;2;0;4;5;-23,51291902;-46,57604698;"SPRF-SP";"DEL01-SP";"UOP01-DEL01-SP"
502070;2023-01-30;"segunda-feira";"02:00:00";"CE";116;18;"FORTALEZA";"Velocidade Incompatível";"Colisão com objeto";"Sem Vítimas";"Plena Noite";"Crescente";"Céu Claro";"Dupla";"Reta";"Sim";1;0;0;0;0;1;0;1;-3,90496605;-38,50518756;"SPRF-CE";"DEL01-CE";"UOP02-DEL01-CE"
502071;2023-01-29;"domingo";"21:15:00";"MS";163;543,8;"BANDEIRANTES";"Ausência de reação do condutor";"Saída de leito carroçável";"Sem Vítimas";"Plena Noite";"Crescente";"Céu Claro";"Simples";"Reta";"Não";1;0;0;0;1;0;0;1;-19,96315981;-54,37880145;"SPRF-MS";"DEL01-MS";"UOP02-DEL01-MS"
502073;2023-01-30;"segunda-feira";"03:30:00";"MG";40;481,3;"SETE LAGOAS";"Condutor Dormindo";"Colisão traseira";"Com Vítimas Feridas";"Plena Noite";"Crescente";"Nublado";"Múltipla";"Reta";"Não";2;0;1;0;1;0;1;2;-19,5511262;-44,24459038;"SPRF-MG";"DEL02-MG";"UOP01-DEL02-MG"
502076;2023-01-30;"segunda-feira";"05:00:00";"PI";343;47;"BURITI DOS LOPES";"Animais na Pista";"Capotamento";"Com Vítimas Feridas";"Amanhecer";"Crescente";"Céu Claro";"Simples";"Reta";"Sim";3;0;3;0;0;0;3;1;-3,16904;-41,861897;"SPRF-PI";"DEL05-PI";"UOP01-DEL05-PI"
502077;2023-01-30;"segunda-feira";"05:25:00";"ES";101;189;"ARACRUZ";"Acessar a via sem observar a presença dos outros veículos";"Colisão transversal";"Com Vítimas Feridas";"Amanhecer";"Crescente";"Garoa/Chuvisco";"Simples";"Interseção de vias";"Não";2;0;1;0;1;0;1;2;-19,68134019;-40,27051885;"SPRF-ES";"DEL04-ES";"UOP01-DEL04-ES"
502078;2023-01-30;"segunda-feira";"04:30:00";"SC";101;123,3;"ITAJAI";"Velocidade Incompatível";"Colisão traseira";"Com Vítimas Fatais";"Plena Noite";"Crescente";"Céu Claro";"Dupla";"Não Informado";"Sim";3;1;1;0;1;0;1;3;-26,9386;-48,6966;"SPRF-SC";"DEL04-SC";"UOP04-DEL04-SC"
502079;2023-01-30;"segunda-feira";"05:25:00";"PR";153;48,8;"SANTO ANTONIO DA PLATINA";"Ausência de reação do condutor";"Colisão traseira";"Com Vítimas Feridas";"Amanhecer";"Decrescente";"Garoa/Chuvisco";"Simples";"Curva";"Não";2;0;1;0;0;1;1;2;-23,34623012;-50,0664882;"SPRF-PR";"DEL07-PR";"UOP04-DEL07-PR"
502081;2023-01-01;"domingo";"18:00:00";"BA";116;3;"VITORIA DA CONQUISTA";"Acessar a via sem observar a presença dos outros veículos";"Colisão transversal";"Com Vítimas Feridas";"Anoitecer";"Decrescente";"Céu Claro";"Simples";"Não Informado";"Não";7;0;1;0;6;0;1;2;-14,851;-40,8485;"SPRF-BA";"DEL08-BA";"UOP01-DEL08-BA"
502082;2023-01-30;"segunda-feira";"07:00:00";"MG";381;402;"BOM JESUS DO AMPARO";"Velocidade Incompatível";"Saída de leito carroçável";"Com Vítimas Feridas";"Pleno dia";"Crescente";"Céu Claro";"Dupla";"Não Informado";"Não";1;0;0;1;0;0;1;1;-19,75364097;-43,52827802;"SPRF-MG";"DEL01-MG";"UOP01-DEL01-MG"
502083;2023-01-30;"segunda-feira";"06:35:00";"RS";285;280,3;"MATO CASTELHANO";"Transitar na contramão";"Colisão lateral sentido oposto";"Com Vítimas Feridas";"Amanhecer";"Decrescente";"Céu Claro";"Simples";"Reta";"Não";3;0;0;1;2;0;1;2;-28,251572;-52,252426;"SPRF-RS";"DEL08-RS";"UOP03-DEL08-RS"
502085;2023-01-20;"sexta-feira";"18:05:00";"PR";277;523;"GUARANIACU";"Avarias e/ou desgaste excessivo no pneu";"Saída de leito carroçável";"Com Vítimas Fatais";"Anoitecer";"Crescente";"Chuva";"Simples";"Curva";"Não";1;1;0;0;0;0;0;1;-25,11018112;-52,85167802;"SPRF-PR";"DEL04-PR";"UOP05-DEL04-PR"
502086;2023-01-29;"domingo";"19:00:00";"PA";230;515;"ANAPU";"Objeto estático sobre o leito carroçável";"Colisão com objeto";"Com Vítimas Fatais";"Plena Noite";"Crescente";"Chuva";"Simples";"Reta";"Não";2;1;0;0;1;0;0;2;-3,36922044;-51,32427426;"SPRF-PA";"DEL04-PA";"UOP01-DEL04-PA"
502087;2023-01-30;"segunda-feira";"02:30:00";"RJ";40;0;"COMENDADOR LEVY GASPARIAN";"Pista Escorregadia";"Capotamento";"Com Vítimas Feridas";"Plena Noite";"Decrescente";"Nublado";"Dupla";"Não Informado";"Não";4;0;1;0;3;0;1;1;-22,011084;-43,26723;"SPRF-RJ";"DEL06-RJ";"UOP01-DEL06-RJ"
502092;2023-01-30;"segunda-feira";"06:35:00";"GO";153;508;"APARECIDA DE GOIANIA";"Condutor deixou de manter distância do veículo da frente";"Colisão traseira";"Com Vítimas Feridas";"Pleno dia";"Decrescente";"Céu Claro";"Dupla";"Não Informado";"Sim";2;0;1;0;1;0;1;2;-16,7804;-49,2371;"SPRF-GO";"DEL01-GO";"UOP03-DEL01-GO"
502094;2023-01-30;"segunda-feira";"07:50:00";"BA";418;87;"NOVA VICOSA";"Ausência de reação do condutor";"Colisão traseira";"Com Vítimas Feridas";"Pleno dia";"Crescente";"Céu Claro";"Simples";"Não Informado";"Sim";2;0;0;1;1;0;1;2;-17,892078;-39,81627;"SPRF-BA";"DEL09-BA";"UOP02-DEL09-BA"
502095;2023-01-28;"sábado";"18:15:00";"MG";381;453;"SABARA";"Conversão proibida";"Colisão lateral sentido oposto";"Sem Vítimas";"Pleno dia";"Decrescente";"Chuva";"Simples";"Curva";"Não";2;0;0;0;2;0;0;2;-19,85197588;-43,88851019;"SPRF-MG";"DEL01-MG";"UOP01-DEL01-MG"
502098;2023-01-29;"domingo";"22:10:00";"RN";405;156;"PAU DOS FERROS";"Deficiência do Sistema de Iluminação/Sinalização";"Atropelamento de Pedestre";"Com Vítimas Feridas";"Plena Noite";"Crescente";"Céu Claro";"Simples";"Reta";"Sim";2;0;0;2;0;0;2;1;-6,15854069;-38,2077416;"SPRF-RN";"DEL04-RN";"UOP02-DEL04-RN"
502099;2023-01-30;"segunda-feira";"06:00:00";"RO";364;712;"PORTO VELHO";"Acessar a via sem observar a presença dos outros veículos";"Colisão transversal";"Com Vítimas Feridas";"Amanhecer";"Decrescente";"Nublado";"Dupla";"Reta";"Sim";3;0;1;1;0;1;2;2;-8,77393788;-63,87891769;"SPRF-RO";"DEL01-RO";"UOP01-DEL01-RO"
502100;2023-01-28;"sábado";"20:00:00";"MG";381;440;"SABARA";"Reação tardia ou ineficiente do condutor";"Queda de ocupante de veículo";"Com Vítimas Feridas";"Plena Noite";"Crescente";"Nublado";"Simples";"Reta";"Não";1;0;0;1;0;0;1;1;-19,81160206;-43,79604396;"SPRF-MG";"DEL01-MG";"UOP01-DEL01-MG"
502101;2023-01-29;"domingo";"19:00:00";"RO";364;1006;"PORTO VELHO";"Transitar na contramão";"Colisão frontal";"Com Vítimas Fatais";"Plena Noite";"Crescente";"Céu Claro";"Simples";"Reta";"Não";2;1;0;1;0;0;1;2;-9,70695628;-66,04972194;"SPRF-RO";"DEL01-RO";"UOP03-DEL01-RO"
502108;2023-01-30;"segunda-feira";"08:30:00";"PR";277;80;"CURITIBA";"Reação tardia ou ineficiente do condutor";"Colisão lateral mesmo sentido";"Com Vítimas Feridas";"Pleno dia";"Crescente";"Nublado";"Dupla";"Reta";"Sim";2;0;1;0;1;0;1;2;-25,47666056;-49,20747936;"SPRF-PR";"DEL01-PR";"UOP01-DEL01-PR"
502110;2023-01-30;"segunda-feira";"07:20:00";"PR";376;645,1;"TIJUCAS DO SUL";"Ausência de reação do condutor";"Tombamento";"Com Vítimas Feridas";"Pleno dia";"Decrescente";"Chuva";"Simples";"Não Informado";"Não";2;0;1;0;1;0;1;1;-25,82214295;-49,12707913;"SPRF-PR";"DEL01-PR";"UOP04-DEL01-PR"
502111;2023-01-30;"segunda-feira";"08:00:00";"SC";101;327;"CAPIVARI DE BAIXO";"Obstrução na via";"Colisão traseira";"Com Vítimas Feridas";"Pleno dia";"Crescente";"Céu Claro";"Dupla";"Viaduto";"Sim";8;0;1;0;7;0;1;4;-28,44012;-48,963143;"SPRF-SC";"DEL02-SC";"UOP01-DEL02-SC"
502112;2023-01-30;"segunda-feira";"07:00:00";"MG";40;530,9;"BELO HORIZONTE";"Ausência de reação do condutor";"Colisão lateral mesmo sentido";"Com Vítimas Feridas";"Pleno dia";"Crescente";"Céu Claro";"Dupla";"Não Informado";"Sim";2;0;1;0;0;1;1;2;-19,92064782;-44,0335681;"SPRF-MG";"DEL01-MG";"UOP02-DEL01-MG"
502113;2023-01-30;"segunda-feira";"07:55:00";"RN";101;134,5;"ARES";"Ausência de reação do condutor";"Tombamento";"Com Vítimas Feridas";"Pleno dia";"Decrescente";"Céu Claro";"Dupla";"Curva";"Não";2;0;2;0;0;0;2;1;-6,18022401;-35,21699006;"SPRF-RN";"DEL01-RN";"UOP01-DEL01-RN"
502115;2023-01-30;"segunda-feira";"08:00:00";"BA";116;816,2;"VITORIA DA CONQUISTA";"Reação tardia ou ineficiente do condutor";"Tombamento";"Com Vítimas Feridas";"Pleno dia";"Crescente";"Céu Claro";"Simples";"Reta";"Não";1;0;1;0;0;0;1;1;-14,77751018;-40,73036091;"SPRF-BA";"DEL08-BA";"UOP01-DEL08-BA"
502116;2023-01-30;"segunda-feira";"09:00:00";"BA";324;621;"SALVADOR";"Condutor deixou de manter distância do veículo da frente";"Colisão traseira";"Com Vítimas Feridas";"Pleno dia";"Crescente";"Céu Claro";"Dupla";"Reta";"Sim";5;0;1;0;4;0;1;4;-12,91233708;-38,45956983;"SPRF-BA";"DEL01-BA";"UOP01-DEL01-BA"
502122;2023-01-30;"segunda-feira";"10:11:00";"PE";104;78;"AGRESTINA";"Ausência de reação do condutor";"Saída de leito carroçável";"Sem Vítimas";"Pleno dia";"Crescente";"Céu Claro";"Simples";"Curva";"Não";1;0;0;0;0;1;0;1;-8,384866;-35,982338;"SPRF-PE";"DEL02-PE";"UOP01-DEL02-PE"
502124;2023-01-30;"segunda-feira";"11:05:00";"RJ";116;300;"PORTO REAL";"Condutor Dormindo";"Colisão traseira";"Com Vítimas Feridas";"Pleno dia";"Crescente";"Nublado";"Dupla";"Reta";"Não";1;0;1;0;0;0;1;1;-22,45223481;-44,35432502;"SPRF-RJ";"DEL07-RJ";"UOP02-DEL07-RJ"
502126;2023-01-30;"segunda-feira";"12:00:00";"RS";116;38;"VACARIA";"Acessar a via sem observar a presença dos outros veículos";"Colisão transversal";"Com Vítimas Feridas";"Pleno dia";"Crescente";"Céu Claro";"Simples";"Reta";"Sim";4;0;2;0;2;0;2;3;-28,50548;-50,92516;"SPRF-RS";"DEL05-RS";"UOP03-DEL05-RS"
502127;2023-01-30;"segunda-feira";"08:43:00";"MA";222;661;"ACAILANDIA";"Condutor deixou de manter distância do veículo da frente";"Colisão traseira";"Com Vítimas Feridas";"Pleno dia";"Decrescente";"Céu Claro";"Simples";"Não Informado";"Não";2;0;1;0;1;0;1;2;-4,87587256;-47,35338025;"SPRF-MA";"DEL04-MA";"UOP03-DEL04-MA"
502128;2023-01-30;"segunda-feira";"12:25:00";"RS";470;159;"NOVA PRATA";"Desrespeitar a preferência no cruzamento";"Colisão transversal";"Com Vítimas Feridas";"Pleno dia";"Decrescente";"Céu Claro";"Simples";"Rotatória";"Sim";2;0;1;0;1;0;1;2;-28,8014352;-51,60989642;"SPRF-RS";"DEL06-RS";"UOP02-DEL06-RS"
502129;2023-01-30;"segunda-feira";"09:15:00";"PE";101;23,5;"GOIANA";"Acumulo de água sobre o pavimento";"Saída de leito carroçável";"Com Vítimas Feridas";"Pleno dia";"Decrescente";"Chuva";"Múltipla";"Não Informado";"Não";2;0;1;0;1;0;1;1;-7,68357776;-34,92410458;"SPRF-PE";"DEL01-PE";"UOP02-DEL01-PE"
502130;2023-01-06;"sexta-feira";"17:30:00";"MS";60;422;"SIDROLANDIA";"Desrespeitar a preferência no cruzamento";"Colisão transversal";"Com Vítimas Feridas";"Pleno dia";"Crescente";"Céu Claro";"Simples";"Curva";"Sim";2;0;1;0;0;1;1;2;-20,90647275;-54,94123021;"SPRF-MS";"DEL01-MS";"UOP04-DEL01-MS"
502131;2023-01-30;"segunda-feira";"12:10:00";"GO";414;439;"ANAPOLIS";"Conversão proibida";"Colisão lateral mesmo sentido";"Com Vítimas Feridas";"Pleno dia";"Decrescente";"Céu Claro";"Simples";"Reta";"Sim";2;0;1;0;1;0;1;2;-16,28128823;-48,94258908;"SPRF-GO";"DEL02-GO";"UOP01-DEL02-GO"
502132;2023-01-30;"segunda-feira";"12:15:00";"SC";101;213,1;"PALHOCA";"Ausência de reação do condutor";"Colisão traseira";"Com Vítimas Feridas";"Pleno dia";"Crescente";"Sol";"Múltipla";"Reta";"Sim";2;0;1;0;1;0;1;2;-27,63697369;-48,66514142;"SPRF-SC";"DEL01-SC";"UOP02-DEL01-SC"
502135;2023-01-30;"segunda-feira";"11:55:00";"PE";101;46,6;"IGARASSU";"Acessar a via sem observar a presença dos outros veículos";"Colisão transversal";"Com Vítimas Feridas";"Pleno dia";"Crescente";"Céu Claro";"Múltipla";"Reta";"Sim";2;0;1;0;1;0;1;2;-7,879963;-34,905045;"SPRF-PE";"DEL01-PE";"UOP02-DEL01-PE"
502137;2023-01-30;"segunda-feira";"07:40:00";"CE";222;40,6;"CAUCAIA";"Conversão proibida";"Colisão traseira";"Com Vítimas Feridas";"Pleno dia";"Decrescente";"Garoa/Chuvisco";"Simples";"Reta";"Sim";2;0;1;0;0;1;1;2;-3,68690023;-38,90730706;"SPRF-CE";"DEL01-CE";"UOP03-DEL01-CE"
502139;2023-01-30;"segunda-feira";"12:55:00";"SC";101;131,5;"BALNEARIO CAMBORIU";"Ultrapassagem Indevida";"Colisão frontal";"Com Vítimas Fatais";"Pleno dia";"Crescente";"Sol";"Múltipla";"Reta";"Sim";4;1;0;1;1;1;1;3;-26,99064209;-48,66310912;"SPRF-SC";"DEL04-SC";"UOP03-DEL04-SC"
502143;2023-01-30;"segunda-feira";"13:30:00";"RJ";101;270;"RIO BONITO";"Condutor Dormindo";"Saída de leito carroçável";"Com Vítimas Feridas";"Pleno dia";"Crescente";"Céu Claro";"Dupla";"Reta";"Sim";1;0;1;0;0;0;1;1;-22,71852325;-42,68689289;"SPRF-RJ";"DEL02-RJ";"UOP03-DEL02-RJ"
502144;2023-01-30;"segunda-feira";"11:00:00";"PI";343;146;"PIRACURUCA";"Conversão proibida";"Colisão transversal";"Sem Vítimas";"Pleno dia";"Crescente";"Céu Claro";"Simples";"Reta";"Não";6;0;0;0;6;0;0;2;-3,963265;-41,738991;"SPRF-PI";"DEL02-PI";"UOP01-DEL02-PI"
502146;2023-01-30;"segunda-feira";"14:00:00";"MG";381;357;"JOAO MONLEVADE";"Acessar a via sem observar a presença dos outros veículos";"Colisão lateral mesmo sentido";"Com Vítimas Feridas";"Pleno dia";"Decrescente";"Céu Claro";"Simples";"Curva";"Não";4;0;1;0;3;0;1;2;-19,85175308;-43,213709;"SPRF-MG";"DEL03-MG";"UOP01-DEL03-MG"
502148;2023-01-22;"domingo";"20:40:00";"RO";364;282;"PRESIDENTE MEDICI";"Ultrapassagem Indevida";"Colisão frontal";"Com Vítimas Feridas";"Plena Noite";"Decrescente";"Nublado";"Simples";"Reta";"Não";8;0;5;0;3;0;5;2;-11,37476688;-61,82168795;"SPRF-RO";"DEL02-RO";"UOP01-DEL02-RO"
502149;2023-01-30;"segunda-feira";"13:25:00";"SC";282;613;"IRACEMINHA";"Demais Fenômenos da natureza";"Colisão com objeto";"Com Vítimas Feridas";"Pleno dia";"Decrescente";"Céu Claro";"Simples";"Reta";"Não";2;0;1;0;0;1;1;1;-26,765053;-53,255871;"SPRF-SC";"DEL07-SC";"UOP02-DEL07-SC"
502150;2023-01-30;"segunda-feira";"13:30:00";"PR";277;730,6;"FOZ DO IGUACU";"Demais falhas mecânicas ou elétricas";"Colisão com objeto";"Sem Vítimas";"Pleno dia";"Decrescente";"Céu Claro";"Múltipla";"Não Informado";"Sim";1;0;0;0;1;0;0;1;-25,51014088;-54,5975036;"SPRF-PR";"DEL05-PR";"UOP03-DEL05-PR"
502152;2023-01-30;"segunda-feira";"13:40:00";"TO";153;337;"GUARAI";"Acessar a via sem observar a presença dos outros veículos";"Atropelamento de Pedestre";"Com Vítimas Fatais";"Pleno dia";"Crescente";"Céu Claro";"Simples";"Reta";"Sim";3;1;0;0;2;0;0;1;-8,863007;-48,50835;"SPRF-TO";"DEL02-TO";"UOP02-DEL02-TO"
502154;2023-01-30;"segunda-feira";"14:30:00";"RS";290;92;"PORTO ALEGRE";"Ultrapassagem Indevida";"Tombamento";"Com Vítimas Feridas";"Pleno dia";"Crescente";"Sol";"Simples";"Não Informado";"Não";1;0;1;0;0;0;1;1;-29,971916;-51,176838;"SPRF-RS";"DEL01-RS";"UOP01-DEL01-RS"