"id";"data_inversa";"dia_semana";"horario";"uf";"br";"km";"municipio";"causa_acidente";"tipo_acidente";"classificacao_acidente";"fase_dia";"sentido_via";"condicao_metereologica";"tipo_pista";"tracado_via";"uso_solo";"pessoas";"mortos";"feridos_leves";"feridos_graves";"ilesos";"ignorados";"feridos";"veiculos";"latitude";"longitude";"regional";"delegacia";"uop"
502539;2023-02-01;"quarta-feira";"18:50:00";"MG";381;939,7;"EXTREMA";"Chuva";"Capotamento";"Com Vítimas Feridas";"Plena Noite";"Crescente";"Chuva";"Dupla";"Curva";"Sim";1;0;1;0;0;0;1;1;-22,84701434;-46,33321175;"SPRF-MG";"DEL16-MG";"UOP03-DEL16-MG"
502540;2023-02-01;"quarta-feira";"18:40:00";"PB";101;89;"JOAO PESSOA";"Acessar a via sem observar a presença dos outros veículos";"Colisão transversal";"Com Vítimas Feridas";"Plena Noite";"Crescente";"Céu Claro";"Dupla";"Reta";"Sim";3;0;1;1;1;0;2;2;-7,18112866;-34,90086079;"SPRF-PB";"DEL01-PB";"UOP02-DEL01-PB"
502541;2023-02-01;"quarta-feira";"18:00:00";"MS";163;476;"CAMPO GRANDE";"Reação tardia ou ineficiente do condutor";"Tombamento";"Com Vítimas Feridas";"Anoitecer";"Crescente";"Céu Claro";"Simples";"Reta";"Sim";1;0;0;1;0;0;1;1;-20,51162825;-54,56030973;"SPRF-MS";"DEL01-MS";"UOP01-DEL01-MS"
502543;2023-02-01;"quarta-feira";"14:30:00";"SC";282;459;"PONTE SERRADA";"Conversão proibida";"Colisão lateral mesmo sentido";"Com Vítimas Feridas";"Pleno dia";"Decrescente";"Céu Claro";"Simples";"Reta";"Não";3;0;1;0;2;0;1;2;-26,863695;-52,024818;"SPRF-SC";"DEL07-SC";"UOP04-DEL07-SC"
502544;2023-02-01;"quarta-feira";"19:00:00";"ES";101;46;"CONCEICAO DA BARRA";"Acessar a via sem observar a presença dos outros veículos";"Atropelamento de Pedestre";"Com Vítimas Fatais";"Plena Noite";"Crescente";"Céu Claro";"Simples";"Reta";"Não";2;1;0;0;1;0;0;1;-18,55144093;-39,90284075;"SPRF-ES";"DEL04-ES";"UOP02-DEL04-ES"
502547;2023-02-01;"quarta-feira";"19:00:00";"PI";343;589,4;"FLORIANO";"Ingestão de álcool pelo condutor";"Colisão traseira";"Com Vítimas Feridas";"Plena Noite";"Crescente";"Céu Claro";"Dupla";"Reta";"Sim";2;0;0;1;1;0;1;2;-6,776695;-43,009346;"SPRF-PI";"DEL03-PI";"UOP01-DEL03-PI"
502548;2023-02-01;"quarta-feira";"18:40:00";"MT";163;840;"SINOP";"Reação tardia ou ineficiente do condutor";"Colisão traseira";"Com Vítimas Feridas";"Plena Noite";"Decrescente";"Nublado";"Simples";"Reta";"Sim";2;0;1;0;1;0;1;2;-11,94214306;-55,51630378;"SPRF-MT";"DEL06-MT";"UOP02-DEL06-MT"
502549;2023-02-01;"quarta-feira";"17:00:00";"BA";324;542,2;"AMELIA RODRIGUES";"Velocidade Incompatível";"Atropelamento de Pedestre";"Com Vítimas Feridas";"Pleno dia";"Crescente";"Nublado";"Dupla";"Reta";"Sim";2;0;0;1;1;0;1;1;-12,39373185;-38,77646394;"SPRF-BA";"DEL01-BA";"UOP03-DEL01-BA"
502550;2023-02-01;"quarta-feira";"20:25:00";"RS";158;331;"SANTA MARIA";"Ausência de reação do condutor";"Atropelamento de Pedestre";"Com Vítimas Feridas";"Plena Noite";"Decrescente";"Céu Claro";"Dupla";"Reta";"Sim";5;0;0;1;2;2;1;1;-29,70200535;-53,83725413;"SPRF-RS";"DEL09-RS";"UOP01-DEL09-RS"
502551;2023-02-01;"quarta-feira";"19:30:00";"RJ";101;265;"RIO BONITO";"Avarias e/ou desgaste excessivo no pneu";"Tombamento";"Com Vítimas Feridas";"Plena Noite";"Crescente";"Nublado";"Dupla";"Reta";"Não";2;0;2;0;0;0;2;1;-22,71359987;-42,64391188;"SPRF-RJ";"DEL02-RJ";"UOP03-DEL02-RJ"
502552;2023-02-01;"quarta-feira";"20:50:00";"PR";369;163,1;"CAMBE";"Condutor deixou de manter distância do veículo da frente";"Colisão lateral mesmo sentido";"Com Vítimas Feridas";"Plena Noite";"Decrescente";"Chuva";"Dupla";"Não Informado";"Sim";5;0;2;2;1;0;4;3;-23,29722745;-51,27806962;"SPRF-PR";"DEL07-PR";"UOP01-DEL07-PR"
502553;2023-02-01;"quarta-feira";"20:45:00";"RS";392;718;"PORTO XAVIER";"Ingestão de álcool pelo condutor";"Colisão lateral sentido oposto";"Com Vítimas Feridas";"Plena Noite";"Crescente";"Céu Claro";"Simples";"Reta";"Não";3;0;1;1;1;0;2;2;-27,93372321;-55,13694765;"SPRF-RS";"DEL10-RS";"UOP01-DEL10-RS"
502555;2023-01-30;"segunda-feira";"18:10:00";"MS";163;3,5;"MUNDO NOVO";"Velocidade Incompatível";"Colisão lateral mesmo sentido";"Sem Vítimas";"Anoitecer";"Crescente";"Nublado";"Simples";"Reta";"Não";3;0;0;0;3;0;0;2;-24,02437787;-54,29046187;"SPRF-MS";"DEL09-MS";"UOP02-DEL09-MS"
502556;2023-02-01;"quarta-feira";"18:20:00";"BA";410;35;"TUCANO";"Ingestão de álcool pelo condutor";"Saída de leito carroçável";"Com Vítimas Feridas";"Plena Noite";"Crescente";"Céu Claro";"Simples";"Reta";"Não";1;0;1;0;0;0;1;1;-10,97784383;-38,77964013;"SPRF-BA";"DEL07-BA";"UOP02-DEL07-BA"
502558;2023-02-01;"quarta-feira";"21:20:00";"PR";272;373;"CAMPO MOURAO";"Chuva";"Saída de leito carroçável";"Com Vítimas Feridas";"Plena Noite";"Crescente";"Chuva";"Simples";"Reta";"Não";3;0;1;1;1;0;2;1;-24,0678098;-52,45503794;"SPRF-PR";"DEL09-PR";"UOP03-DEL09-PR"
502559;2023-02-01;"quarta-feira";"17:20:00";"SC";282;531,5;"CORDILHEIRA ALTA";"Acessar a via sem observar a presença dos outros veículos";"Colisão transversal";"Com Vítimas Feridas";"Anoitecer";"Decrescente";"Nublado";"Simples";"Não Informado";"Sim";2;0;1;0;1;0;1;2;-26,990747;-52,609776;"SPRF-SC";"DEL07-SC";"UOP01-DEL07-SC"
502560;2023-02-01;"quarta-feira";"19:45:00";"PE";407;117;"PETROLINA";"Velocidade Incompatível";"Colisão traseira";"Com Vítimas Feridas";"Plena Noite";"Decrescente";"Céu Claro";"Simples";"Reta";"Não";2;0;0;1;1;0;1;2;-9,314647;-40,57336;"SPRF-PE";"DEL06-PE";"UOP01-DEL06-PE"
502561;2023-02-01;"quarta-feira";"21:00:00";"BA";135;167;"BARREIRAS";"Estacionar ou parar em local proibido";"Colisão traseira";"Com Vítimas Feridas";"Plena Noite";"Crescente";"Céu Claro";"Simples";"Reta";"Não";2;0;0;1;0;1;1;2;-12,0560321;-44,96627674;"SPRF-BA";"DEL08-BA";"UOP04-DEL08-BA"
502562;2023-02-01;"quarta-feira";"17:50:00";"SP";116;323;"JUQUITIBA";"Animais na Pista";"Atropelamento de Animal";"Com Vítimas Feridas";"Pleno dia";"Crescente";"Céu Claro";"Dupla";"Reta";"Sim";1;0;1;0;0;0;1;1;-23,93663197;-47,03568002;"SPRF-SP";"DEL04-SP";"UOP03-DEL04-SP"
502564;2023-02-01;"quarta-feira";"22:00:00";"MG";381;771,8;"CAMPANHA";"Demais falhas na via";"Queda de ocupante de veículo";"Com Vítimas Feridas";"Plena Noite";"Decrescente";"Nublado";"Dupla";"Curva";"Não";2;0;2;0;0;0;2;1;-21,79136317;-45,44895687;"SPRF-MG";"DEL16-MG";"UOP02-DEL16-MG"
502567;2023-02-01;"quarta-feira";"23:20:00";"RN";226;10;"MACAIBA";"Transitar na contramão";"Colisão lateral sentido oposto";"Sem Vítimas";"Plena Noite";"Crescente";"Céu Claro";"Simples";"Reta";"Não";2;0;0;0;2;0;0;2;-5,84572966;-35,30339507;"SPRF-RN";"DEL01-RN";"UOP02-DEL01-RN"
502570;2023-02-02;"quinta-feira";"00:28:00";"PB";230;24;"JOAO PESSOA";"Ausência de reação do condutor";"Colisão com objeto";"Sem Vítimas";"Plena Noite";"Crescente";"Céu Claro";"Dupla";"Curva";"Sim";1;0;0;0;0;1;0;1;-7,17000484;-34,86562729;"SPRF-PB";"DEL01-PB";"UOP01-DEL01-PB"
502572;2023-02-01;"quarta-feira";"23:20:00";"RO";364;343;"JI-PARANA";"Reação tardia ou ineficiente do condutor";"Colisão traseira";"Sem Vítimas";"Plena Noite";"Crescente";"Nublado";"Dupla";"Não Informado";"Sim";4;0;0;0;3;1;0;4;-10,87878519;-61,94499012;"SPRF-RO";"DEL02-RO";"UOP01-DEL02-RO"
502573;2023-02-02;"quinta-feira";"01:12:00";"RS";386;391;"TRIUNFO";"Acessar a via sem observar a presença dos outros veículos";"Colisão transversal";"Com Vítimas Feridas";"Pleno dia";"Decrescente";"Céu Claro";"Dupla";"Não Informado";"Não";3;0;1;0;1;1;1;2;-29,7029;-51,665871;"SPRF-RS";"DEL04-RS";"UOP04-DEL04-RS"
502574;2023-02-02;"quinta-feira";"02:10:00";"PI";343;305,8;"ALTOS";"Ingestão de álcool pelo condutor";"Tombamento";"Com Vítimas Feridas";"Plena Noite";"Decrescente";"Céu Claro";"Simples";"Não Informado";"Sim";1;0;0;1;0;0;1;1;-5,03137481;-42,43994951;"SPRF-PI";"DEL01-PI";"UOP01-DEL01-PI"
502577;2023-02-02;"quinta-feira";"04:10:00";"RO";429;173;"SAO MIGUEL DO GUAPORE";"Animais na Pista";"Atropelamento de Animal";"Com Vítimas Feridas";"Plena Noite";"Crescente";"Chuva";"Dupla";"Não Informado";"Não";1;0;0;1;0;0;1;1;-11,74407797;-62,81756305;"SPRF-RO";"DEL02-RO";"UOP03-DEL02-RO"
502579;2023-02-02;"quinta-feira";"05:50:00";"MG";50;72;"UBERLANDIA";"Estacionar ou parar em local proibido";"Colisão traseira";"Com Vítimas Feridas";"Pleno dia";"Crescente";"Céu Claro";"Dupla";"Reta";"Sim";2;0;0;1;1;0;1;2;-18,85140204;-48,25345932;"SPRF-MG";"DEL15-MG";"UOP01-DEL15-MG"
502581;2023-02-02;"quinta-feira";"03:00:00";"MT";70;97,6;"GENERAL CARNEIRO";"Animais na Pista";"Atropelamento de Animal";"Sem Vítimas";"Plena Noite";"Crescente";"Céu Claro";"Simples";"Reta";"Não";3;0;0;0;3;0;0;1;-15,56390275;-52,92000681;"SPRF-MT";"DEL07-MT";"UOP01-DEL07-MT"
502582;2023-02-02;"quinta-feira";"07:00:00";"SE";101;129;"ITAPORANGA DAJUDA";"Condutor Dormindo";"Saída de leito carroçável";"Com Vítimas Feridas";"Pleno dia";"Decrescente";"Nublado";"Dupla";"Não Informado";"Não";1;0;1;0;0;0;1;1;-11,08895002;-37,37075877;"SPRF-SE";"DEL02-SE";"UOP01-DEL02-SE"
502587;2023-02-02;"quinta-feira";"07:01:00";"ES";101;262,1;"SERRA";"Manobra de mudança de faixa";"Colisão traseira";"Com Vítimas Feridas";"Pleno dia";"Crescente";"Sol";"Dupla";"Não Informado";"Sim";3;0;1;0;1;1;1;3;-20,1572331;-40,27678329;"SPRF-ES";"DEL02-ES";"UOP01-DEL02-ES"
502589;2023-02-02;"quinta-feira";"06:55:00";"SP";116;511;"CAJATI";"Pista Escorregadia";"Colisão com objeto";"Com Vítimas Feridas";"Pleno dia";"Crescente";"Chuva";"Simples";"Curva";"Não";6;0;1;0;5;0;1;2;-24,83558399;-48,2223738;"SPRF-SP";"DEL05-SP";"UOP02-DEL05-SP"
502590;2023-02-02;"quinta-feira";"07:52:00";"DF";20;21;"BRASILIA";"Avarias e/ou desgaste excessivo no pneu";"Colisão traseira";"Sem Vítimas";"Pleno dia";"Crescente";"Céu Claro";"Dupla";"Não Informado";"Sim";2;0;0;0;2;0;0;2;-15,602008;-47,682553;"SPRF-DF";"DEL02-DF";"UOP01-DEL02-DF"
502592;2023-02-02;"quinta-feira";"07:30:00";"PR";163;288;"MARECHAL CANDIDO RONDON";"Manobra de mudança de faixa";"Colisão lateral mesmo sentido";"Com Vítimas Feridas";"Amanhecer";"Decrescente";"Nublado";"Dupla";"Curva";"Não";4;0;2;0;2;0;2;2;-24,55143816;-54,0412003;"SPRF-PR";"DEL06-PR";"UOP02-DEL06-PR"
502593;2023-02-02;"quinta-feira";"08:13:00";"SP";116;145;"SAO JOSE DOS CAMPOS";"Trafegar com motocicleta (ou similar) entre as faixas";"Colisão lateral mesmo sentido";"Com Vítimas Feridas";"Pleno dia";"Crescente";"Céu Claro";"Dupla";"Reta";"Não";2;0;1;0;1;0;1;2;-23,1869844;-45,8548078;"SPRF-SP";"DEL02-SP";"UOP01-DEL02-SP"
502594;2023-02-02;"quinta-feira";"07:20:00";"PE";101;69;"RECIFE";"Ultrapassagem Indevida";"Colisão lateral mesmo sentido";"Com Vítimas Feridas";"Pleno dia";"Decrescente";"Sol";"Dupla";"Reta";"Sim";2;0;1;0;1;0;1;2;-8,05982451;-34,94570732;"SPRF-PE";"DEL01-PE";"UOP01-DEL01-PE"
502596;2023-02-02;"quinta-feira";"07:40:00";"PB";101;88;"JOAO PESSOA";"Reação tardia ou ineficiente do condutor";"Colisão traseira";"Com Vítimas Feridas";"Pleno dia";"Decrescente";"Céu Claro";"Dupla";"Reta";"Sim";2;0;1;0;1;0;1;2;-7,16470016;-34,89993643;"SPRF-PB";"DEL01-PB";"UOP01-DEL01-PB"
502597;2023-02-02;"quinta-feira";"07:50:00";"RS";470;217;"BENTO GONCALVES";"Avarias e/ou desgaste excessivo no pneu";"Tombamento";"Com Vítimas Feridas";"Pleno dia";"Decrescente";"Céu Claro";"Simples";"Não Informado";"Sim";1;0;1;0;0;0;1;1;-29,16462512;-51,52551964;"SPRF-RS";"DEL06-RS";"UOP01-DEL06-RS"
502600;2023-02-02;"quinta-feira";"07:30:00";"MG";381;481,5;"CONTAGEM";"Manobra de mudança de faixa";"Colisão lateral mesmo sentido";"Com Vítimas Feridas";"Pleno dia";"Crescente";"Sol";"Múltipla";"Reta";"Sim";2;0;1;0;1;0;1;2;-19,95814211;-44,05822277;"SPRF-MG";"DEL01-MG";"UOP03-DEL01-MG"
502601;2023-02-02;"quinta-feira";"08:00:00";"PR";163;282;"QUATRO PONTES";"Condutor deixou de manter distância do veículo da frente";"Colisão traseira";"Com Vítimas Feridas";"Pleno dia";"Crescente";"Céu Claro";"Simples";"Reta";"Não";3;0;1;0;2;0;1;2;-24,57864514;-53,99236214;"SPRF-PR";"DEL06-PR";"UOP02-DEL06-PR"
502602;2023-02-02;"quinta-feira";"07:48:00";"PE";424;93,1;"GARANHUNS";"Acessar a via sem observar a presença dos outros veículos";"Colisão transversal";"Com Vítimas Feridas";"Pleno dia";"Decrescente";"Céu Claro";"Simples";"Reta";"Sim";2;0;1;0;1;0;1;2;-8,907125;-36,487206;"SPRF-PE";"DEL03-PE";"UOP01-DEL03-PE"
502603;2023-02-02;"quinta-feira";"08:00:00";"PR";277;74;"SAO JOSE DOS PINHAIS";"Condutor deixou de manter distância do veículo da frente";"Engavetamento";"Com Vítimas Feridas";"Pleno dia";"Crescente";"Garoa/Chuvisco";"Dupla";"Reta";"Não";7;0;1;0;5;1;1;3;-25,49901475;-49,15594876;"SPRF-PR";"DEL01-PR";"UOP01-DEL01-PR"
502605;2023-02-02;"quinta-feira";"06:55:00";"BA";101;262;"SANTO ANTONIO DE JESUS";"Ausência de reação do condutor";"Colisão traseira";"Com Vítimas Feridas";"Pleno dia";"Crescente";"Céu Claro";"Simples";"Desvio Temporário";"Sim";2;0;1;0;1;0;1;2;-13,0815032;-39,27559444;"SPRF-BA";"DEL01-BA";"UOP02-DEL01-BA"
502606;2023-02-02;"quinta-feira";"07:50:00";"SC";101;120;"ITAJAI";"Manobra de mudança de faixa";"Colisão lateral mesmo sentido";"Com Vítimas Feridas";"Pleno dia";"Decrescente";"Nublado";"Dupla";"Reta";"Não";2;0;1;0;1;0;1;2;-26,912758;-48,711998;"SPRF-SC";"DEL04-SC";"UOP04-DEL04-SC"
502607;2023-02-02;"quinta-feira";"09:15:00";"MG";381;497,1;"BETIM";"Demais falhas na via";"Colisão com objeto";"Com Vítimas Feridas";"Pleno dia";"Crescente";"Céu Claro";"Dupla";"Não Informado";"Não";2;0;1;0;1;0;1;1;-19,98663;-44,20468;"SPRF-MG";"DEL01-MG";"UOP03-DEL01-MG"
502608;2023-02-02;"quinta-feira";"08:20:00";"RJ";101;322;"NITEROI";"Condutor deixou de manter distância do veículo da frente";"Colisão traseira";"Com Vítimas Feridas";"Pleno dia";"Crescente";"Nublado";"Dupla";"Reta";"Sim";2;0;1;0;1;0;1;2;-22,87844872;-43,11072707;"SPRF-RJ";"DEL02-RJ";"UOP01-DEL02-RJ"
502610;2023-02-02;"quinta-feira";"08:30:00";"RO";364;709;"PORTO VELHO";"Ausência de reação do condutor";"Colisão transversal";"Com Vítimas Feridas";"Pleno dia";"Decrescente";"Céu Claro";"Dupla";"Reta";"Sim";3;0;0;3;0;0;3;2;-8,78963041;-63,85165572;"SPRF-RO";"DEL01-RO";"UOP01-DEL01-RO"
502611;2023-02-01;"quarta-feira";"21:20:00";"MT";163;993;"TERRA NOVA DO NORTE";"Pedestre cruzava a pista fora da faixa";"Atropelamento de Pedestre";"Com Vítimas Feridas";"Plena Noite";"Decrescente";"Céu Claro";"Simples";"Reta";"Não";3;0;1;0;2;0;1;1;-10,66871497;-55,13684205;"SPRF-MT";"DEL06-MT";"UOP03-DEL06-MT"
502612;2023-02-02;"quinta-feira";"08:40:00";"PR";376;590;"CURITIBA";"Acessar a via sem observar a presença dos outros veículos";"Atropelamento de Pedestre";"Com Vítimas Feridas";"Pleno dia";"Crescente";"Nublado";"Dupla";"Reta";"Sim";2;0;1;0;1;0;1;1;-25,45155592;-49,36237578;"SPRF-PR";"DEL01-PR";"UAP06-DEL01-PR"
502613;2023-02-02;"quinta-feira";"10:00:00";"RN";406;168,8;"SAO GONCALO DO AMARANTE";"Condutor deixou de manter distância do veículo da frente";"Colisão traseira";"Com Vítimas Feridas";"Pleno dia";"Decrescente";"Sol";"Múltipla";"Interseção de vias";"Sim";3;0;1;0;1;1;1;2;-5,75269453;-35,31535484;"SPRF-RN";"DEL02-RN";"UOP01-DEL02-RN"
502615;2023-02-02;"quinta-feira";"09:40:00";"PR";376;139;"NOVA ESPERANCA";"Acumulo de água sobre o pavimento";"Colisão transversal";"Com Vítimas Feridas";"Pleno dia";"Crescente";"Chuva";"Dupla";"Não Informado";"Não";3;0;2;0;1;0;2;2;-23,2314935;-52,17536125;"SPRF-PR";"DEL09-PR";"UOP02-DEL09-PR"
502621;2023-02-02;"quinta-feira";"09:00:00";"RJ";393;238;"VASSOURAS";"Acessar a via sem observar a presença dos outros veículos";"Colisão transversal";"Com Vítimas Feridas";"Pleno dia";"Decrescente";"Céu Claro";"Simples";"Reta";"Sim";2;0;1;0;1;0;1;2;-22,42941623;-43,69724035;"SPRF-RJ";"DEL05-RJ";"UOP01-DEL05-RJ"
502622;2023-01-27;"sexta-feira";"22:30:00";"BA";324;535;"CONCEICAO DO JACUIPE";"Avarias e/ou desgaste excessivo no pneu";"Tombamento";"Com Vítimas Feridas";"Plena Noite";"Decrescente";"Céu Claro";"Dupla";"Reta";"Sim";2;0;1;0;1;0;1;1;-12,35775097;-38,82802597;"SPRF-BA";"DEL01-BA";"UOP03-DEL01-BA"
502623;2023-02-02;"quinta-feira";"10:16:00";"RS";116;262;"CANOAS";"Manobra de mudança de faixa";"Colisão lateral mesmo sentido";"Com Vítimas Feridas";"Pleno dia";"Decrescente";"Céu Claro";"Dupla";"Não Informado";"Sim";5;0;1;0;4;0;1;2;-29,896475;-51,17593;"SPRF-RS";"DEL01-RS";"UOP01-DEL01-RS"
502625;2023-02-02;"quinta-feira";"10:50:00";"PR";469;15;"FOZ DO IGUACU";"Desrespeitar a preferência no cruzamento";"Colisão transversal";"Com Vítimas Feridas";"Pleno dia";"Crescente";"Céu Claro";"Simples";"Não Informado";"Sim";2;0;0;1;1;0;1;2;-25,5813;-54,5315;"SPRF-PR";"DEL05-PR";"UOP04-DEL05-PR"
502626;2023-02-02;"quinta-feira";"11:00:00";"PR";376;488,3;"PONTA GROSSA";"Ausência de reação do condutor";"Tombamento";"Com Vítimas Feridas";"Pleno dia";"Crescente";"Céu Claro";"Dupla";"Não Informado";"Sim";1;0;1;0;0;0;1;1;-25,088704;-50,195532;"SPRF-PR";"DEL03-PR";"UOP04-DEL03-PR"
502627;2023-02-02;"quinta-feira";"04:40:00";"PB";230;297;"SANTA LUZIA";"Reação tardia ou ineficiente do condutor";"Colisão traseira";"Com Vítimas Feridas";"Amanhecer";"Decrescente";"Céu Claro";"Simples";"Reta";"Não";4;0;1;1;1;1;2;2;-6,8947;-36,9559;"SPRF-PB";"DEL03-PB";"UOP01-DEL03-PB"
502629;2023-02-02;"quinta-feira";"11:18:00";"GO";40;2;"VALPARAISO DE GOIAS";"Acessar a via sem observar a presença dos outros veículos";"Colisão lateral mesmo sentido";"Com Vítimas Feridas";"Pleno dia";"Crescente";"Céu Claro";"Dupla";"Retorno Regulamentado";"Sim";2;0;1;0;1;0;1;2;-16,067129;-47,984235;"SPRF-DF";"DEL01-DF";"UOP01-DEL01-DF"
502630;2023-02-02;"quinta-feira";"09:05:00";"PR";369;442,2;"UBIRATA";"Chuva";"Colisão lateral sentido oposto";"Com Vítimas Fatais";"Pleno dia";"Crescente";"Chuva";"Simples";"Curva";"Não";3;1;0;2;0;0;2;2;-24,5236;-52,9404;"SPRF-PR";"DEL04-PR";"UOP03-DEL04-PR"
502633;2023-02-02;"quinta-feira";"11:15:00";"PE";101;76;"RECIFE";"Reação tardia ou ineficiente do condutor";"Saída de leito carroçável";"Com Vítimas Feridas";"Pleno dia";"Decrescente";"Céu Claro";"Dupla";"Reta";"Não";3;0;1;1;0;1;2;2;-8,11813811;-34,94329214;"SPRF-PE";"DEL01-PE";"UOP01-DEL01-PE"
502635;2023-02-02;"quinta-feira";"11:30:00";"BA";324;619;"SALVADOR";"Trafegar com motocicleta (ou similar) entre as faixas";"Colisão traseira";"Com Vítimas Feridas";"Pleno dia";"Crescente";"Céu Claro";"Múltipla";"Reta";"Não";2;0;2;0;0;0;2;2;-12,89820999;-38,45012202;"SPRF-BA";"DEL01-BA";"UOP01-DEL01-BA"
502639;2023-02-02;"quinta-feira";"11:30:00";"RS";290;264;"CACHOEIRA DO SUL";"Ultrapassagem Indevida";"Saída de leito carroçável";"Com Vítimas Feridas";"Pleno dia";"Crescente";"Céu Claro";"Simples";"Desvio Temporário";"Não";4;0;1;0;3;0;1;2;-30,26623;-52,865604;"SPRF-RS";"DEL02-RS";"UOP03-DEL02-RS"
502642;2023-02-02;"quinta-feira";"09:30:00";"RJ";101;296;"ITABORAI";"Objeto estático sobre o leito carroçável";"Queda de ocupante de veículo";"Com Vítimas Feridas";"Pleno dia";"Decrescente";"Céu Claro";"Dupla";"Curva";"Sim";1;0;1;0;0;0;1;1;-22,7670498;-42,91019601;"SPRF-RJ";"DEL02-RJ";"UOP02-DEL02-RJ"
502643;2023-02-02;"quinta-feira";"10:55:00";"MS";262;778;"CORUMBA";"Modificação proibida";"Incêndio";"Sem Vítimas";"Pleno dia";"Decrescente";"Nublado";"Simples";"Reta";"Não";1;0;0;0;0;1;0;1;-19,08285699;-57,62168025;"SPRF-MS";"DEL03-MS";"UOP03-DEL03-MS"
502645;2023-02-02;"quinta-feira";"12:50:00";"SP";116;145;"SAO JOSE DOS CAMPOS";"Ausência de reação do condutor";"Queda de ocupante de veículo";"Com Vítimas Feridas";"Pleno dia";"Crescente";"Céu Claro";"Múltipla";"Reta";"Sim";1;0;0;1;0;0;1;1;-23,1869844;-45,8548078;"SPRF-SP";"DEL02-SP";"UOP01-DEL02-SP"
502648;2023-02-02;"quinta-feira";"12:50:00";"DF";70;9;"BRASILIA";"Ingestão de álcool pelo condutor";"Colisão traseira";"Com Vítimas Feridas";"Pleno dia";"Decrescente";"Céu Claro";"Dupla";"Reta";"Sim";3;0;0;1;2;0;1;2;-15,784615;-48,132023;"SPRF-DF";"DEL01-DF";"UOP03-DEL01-DF"
502649;2023-02-02;"quinta-feira";"12:30:00";"PR";376;175,7;"MARINGA";"Condutor desrespeitou a iluminação vermelha do semáforo";"Colisão transversal";"Com Vítimas Feridas";"Pleno dia";"Crescente";"Nublado";"Dupla";"Reta";"Sim";2;0;1;0;0;1;1;2;-23,4113569;-51,9407767;"SPRF-PR";"DEL09-PR";"UOP01-DEL09-PR"
502650;2023-02-02;"quinta-feira";"14:00:00";"MG";381;489;"BETIM";"Velocidade Incompatível";"Tombamento";"Com Vítimas Feridas";"Pleno dia";"Decrescente";"Sol";"Simples";"Não Informado";"Sim";1;0;1;0;0;0;1;1;-19,95681096;-44,12804604;"SPRF-MG";"DEL01-MG";"UOP03-DEL01-MG"
502652;2023-02-02;"quinta-feira";"13:35:00";"SC";480;129;"CHAPECO";"Pedestre cruzava a pista fora da faixa";"Atropelamento de Pedestre";"Com Vítimas Feridas";"Pleno dia";"Crescente";"Céu Claro";"Simples";"Reta";"Não";2;0;1;0;1;0;1;1;-27,04656607;-52,63577131;"SPRF-SC";"DEL07-SC";"UOP01-DEL07-SC"
502653;2023-01-14;"sábado";"07:19:00";"PE";316;31;"ARARIPINA";"Ultrapassagem Indevida";"Colisão frontal";"Com Vítimas Feridas";"Amanhecer";"Crescente";"Chuva";"Simples";"Não Informado";"Não";6;0;3;2;1;0;5;2;-7,62762275;-40,4567719;"SPRF-PE";"DEL05-PE";"UOP02-DEL05-PE"
502654;2023-02-02;"quinta-feira";"12:10:00";"RN";304;296;"MACAIBA";"Acessar a via sem observar a presença dos outros veículos";"Colisão lateral mesmo sentido";"Com Vítimas Feridas";"Pleno dia";"Crescente";"Céu Claro";"Simples";"Reta";"Sim";2;0;1;0;1;0;1;2;-5,86484905;-35,34931012;"SPRF-RN";"DEL01-RN";"UOP02-DEL01-RN"
502655;2023-02-02;"quinta-feira";"14:45:00";"SC";101;150;"ITAPEMA";"Acessar a via sem observar a presença dos outros veículos";"Colisão transversal";"Com Vítimas Feridas";"Pleno dia";"Decrescente";"Garoa/Chuvisco";"Múltipla";"Interseção de vias";"Não";2;0;0;1;1;0;1;2;-27,11744799;-48,60940987;"SPRF-SC";"DEL04-SC";"UOP03-DEL04-SC"
502656;2023-02-02;"quinta-feira";"14:26:00";"SC";101;210;"SAO JOSE";"Ausência de reação do condutor";"Tombamento";"Com Vítimas Feridas";"Pleno dia";"Decrescente";"Céu Claro";"Dupla";"Reta";"Sim";1;0;1;0;0;0;1;1;-27,6167305;-48,6457265;"SPRF-SC";"DEL01-SC";"UOP01-DEL01-SC"
502658;2023-02-02;"quinta-feira";"13:20:00";"SC";163;72,8;"SAO MIGUEL DO OESTE";"Acessar a via sem observar a presença dos outros veículos";"Colisão frontal";"Com Vítimas Feridas";"Pleno dia";"Crescente";"Nublado";"Simples";"Não Informado";"Sim";3;0;1;0;0;2;1;2;-26,71908804;-53,5157791;"SPRF-SC";"DEL07-SC";"UOP03-DEL07-SC"
502659;2023-02-02;"quinta-feira";"14:00:00";"MG";381;776,4;"CAMPANHA";"Velocidade Incompatível";"Saída de leito carroçável";"Com Vítimas Feridas";"Pleno dia";"Decrescente";"Chuva";"Dupla";"Reta";"Não";1;0;1;0;0;0;1;1;-21,81543894;-45,49238809;"SPRF-MG";"DEL16-MG";"UOP02-DEL16-MG"