"id";"data_inversa";"dia_semana";"horario";"uf";"br";"km";"municipio";"causa_acidente";"tipo_acidente";"classificacao_acidente";"fase_dia";"sentido_via";"condicao_metereologica";"tipo_pista";"tracado_via";"uso_solo";"pessoas";"mortos";"feridos_leves";"feridos_graves";"ilesos";"ignorados";"feridos";"veiculos";"latitude";"longitude";"regional";"delegacia";"uop"
502660;2023-02-02;"quinta-feira";"14:35:00";"SP";153;42,3;"ONDA VERDE";"Ausência de reação do condutor";"Colisão traseira";"Com Vítimas Feridas";"Pleno dia";"Crescente";"Sol";"Simples";"Não Informado";"Não";5;0;2;0;3;0;2;2;-20,63725202;-49,33843793;"SPRF-SP";"DEL09-SP";"UOP01-DEL09-SP"
502661;2023-02-02;"quinta-feira";"14:30:00";"PE";101;106,8;"CABO DE SANTO AGOSTINHO";"Reação tardia ou ineficiente do condutor";"Tombamento";"Sem Vítimas";"Pleno dia";"Decrescente";"Sol";"Dupla";"Reta";"Não";2;0;0;0;1;1;0;1;-8,30807754;-35,07573296;"SPRF-PE";"DEL01-PE";"UOP03-DEL01-PE"
502662;2023-02-02;"quinta-feira";"14:25:00";"SP";116;117,8;"TAUBATE";"Pista esburacada";"Tombamento";"Com Vítimas Feridas";"Pleno dia";"Crescente";"Sol";"Dupla";"Não Informado";"Não";2;0;2;0;0;0;2;1;-23,0582298;-45,6176951;"SPRF-SP";"DEL02-SP";"UOP02-DEL02-SP"
502664;2023-02-02;"quinta-feira";"15:40:00";"BA";324;592;"CANDEIAS";"Reação tardia ou ineficiente do condutor";"Colisão com objeto";"Com Vítimas Feridas";"Pleno dia";"Decrescente";"Céu Claro";"Simples";"Curva";"Sim";1;0;1;0;0;0;1;1;-12,69021804;-38,46568118;"SPRF-BA";"DEL01-BA";"UOP01-DEL01-BA"
502665;2023-02-02;"quinta-feira";"09:50:00";"GO";153;673;"PANAMA";"Manobra de mudança de faixa";"Saída de leito carroçável";"Com Vítimas Feridas";"Pleno dia";"Decrescente";"Céu Claro";"Simples";"Reta";"Não";2;0;1;0;1;0;1;1;-18,168;-49,2891;"SPRF-GO";"DEL03-GO";"UOP02-DEL03-GO"
502667;2023-02-02;"quinta-feira";"16:10:00";"PR";476;159;"ARAUCARIA";"Reação tardia ou ineficiente do condutor";"Colisão transversal";"Com Vítimas Feridas";"Pleno dia";"Crescente";"Sol";"Simples";"Reta";"Não";4;0;2;0;2;0;2;2;-25,617157;-49,43169;"SPRF-PR";"DEL01-PR";"UAP06-DEL01-PR"
502669;2023-02-02;"quinta-feira";"14:06:00";"MG";381;676,4;"PERDOES";"Desrespeitar a preferência no cruzamento";"Colisão transversal";"Com Vítimas Feridas";"Pleno dia";"Crescente";"Nublado";"Simples";"Interseção de vias";"Sim";2;0;1;0;1;0;1;2;-21,12375684;-45,09790729;"SPRF-MG";"DEL04-MG";"UOP02-DEL04-MG"
502673;2023-01-25;"quarta-feira";"17:45:00";"MS";262;455,9;"DOIS IRMAOS DO BURITI";"Reação tardia ou ineficiente do condutor";"Saída de leito carroçável";"Com Vítimas Feridas";"Pleno dia";"Crescente";"Chuva";"Simples";"Curva";"Não";1;0;1;0;0;0;1;1;-20,55605423;-55,50971031;"SPRF-MS";"DEL03-MS";"UOP01-DEL03-MS"
502674;2023-02-02;"quinta-feira";"11:15:00";"RO";425;100;"GUAJARA-MIRIM";"Reação tardia ou ineficiente do condutor";"Colisão frontal";"Com Vítimas Feridas";"Pleno dia";"Crescente";"Chuva";"Simples";"Reta";"Sim";2;0;1;0;1;0;1;2;-10,411559;-65,33094;"SPRF-RO";"DEL01-RO";"UOP03-DEL01-RO"
502676;2023-02-02;"quinta-feira";"16:45:00";"RS";116;246;"SAO LEOPOLDO";"Avarias e/ou desgaste excessivo no pneu";"Colisão lateral mesmo sentido";"Com Vítimas Feridas";"Pleno dia";"Decrescente";"Nublado";"Múltipla";"Reta";"Sim";3;0;1;0;2;0;1;2;-29,758751;-51,15186806;"SPRF-RS";"DEL01-RS";"UOP02-DEL01-RS"
502677;2023-02-02;"quinta-feira";"16:40:00";"ES";101;294,9;"CARIACICA";"Manobra de mudança de faixa";"Colisão traseira";"Com Vítimas Feridas";"Pleno dia";"Crescente";"Sol";"Múltipla";"Reta";"Sim";2;0;0;1;1;0;1;2;-20,32635473;-40,39668744;"SPRF-ES";"DEL01-ES";"UOP01-DEL01-ES"
502679;2023-02-02;"quinta-feira";"13:10:00";"RJ";101;306;"SAO GONCALO";"Entrada inopinada do pedestre";"Atropelamento de Pedestre";"Com Vítimas Fatais";"Pleno dia";"Decrescente";"Sol";"Dupla";"Reta";"Sim";2;1;0;0;0;1;0;1;-22,78913759;-43,00550909;"SPRF-RJ";"DEL02-RJ";"UOP02-DEL02-RJ"
502680;2023-02-02;"quinta-feira";"12:22:00";"PR";376;174,1;"MARINGA";"Mal súbito do condutor";"Tombamento";"Com Vítimas Feridas";"Pleno dia";"Crescente";"Céu Claro";"Múltipla";"Reta";"Sim";2;0;0;1;0;1;1;2;-23,41430102;-51,94984299;"SPRF-PR";"DEL09-PR";"UOP01-DEL09-PR"
502681;2023-02-02;"quinta-feira";"15:10:00";"RS";290;275,6;"CACHOEIRA DO SUL";"Manobra de mudança de faixa";"Colisão com objeto";"Com Vítimas Feridas";"Pleno dia";"Decrescente";"Céu Claro";"Simples";"Não Informado";"Não";5;0;4;0;1;0;4;1;-30,31361669;-53,18790436;"SPRF-RS";"DEL02-RS";"UOP03-DEL02-RS"
502684;2023-02-02;"quinta-feira";"10:30:00";"MA";10;146;"PORTO FRANCO";"Acessar a via sem observar a presença dos outros veículos";"Colisão transversal";"Com Vítimas Feridas";"Pleno dia";"Decrescente";"Céu Claro";"Simples";"Interseção de vias";"Não";2;0;1;0;1;0;1;2;-6,442968;-47,396965;"SPRF-MA";"DEL04-MA";"UOP02-DEL04-MA"
502685;2023-01-27;"sexta-feira";"05:30:00";"MS";163;76;"ITAQUIRAI";"Demais falhas mecânicas ou elétricas";"Incêndio";"Sem Vítimas";"Amanhecer";"Decrescente";"Céu Claro";"Simples";"Curva";"Não";1;0;0;0;0;1;0;1;-23,49206599;-54,18537803;"SPRF-MS";"DEL09-MS";"UOP01-DEL09-MS"
502686;2023-02-02;"quinta-feira";"17:00:00";"PR";376;432;"TIBAGI";"Velocidade Incompatível";"Colisão com objeto";"Com Vítimas Feridas";"Pleno dia";"Crescente";"Chuva";"Dupla";"Não Informado";"Não";1;0;1;0;0;0;1;1;-24,80531402;-50,48850813;"SPRF-PR";"DEL03-PR";"UOP02-DEL03-PR"
502687;2023-02-02;"quinta-feira";"18:00:00";"PR";369;187;"ARAPONGAS";"Desrespeitar a preferência no cruzamento";"Tombamento";"Com Vítimas Feridas";"Pleno dia";"Decrescente";"Chuva";"Simples";"Não Informado";"Sim";2;0;1;0;1;0;1;2;-23,42155019;-51,42459869;"SPRF-PR";"DEL07-PR";"UOP03-DEL07-PR"
502688;2023-02-02;"quinta-feira";"17:40:00";"PB";230;122;"RIACHAO DO BACAMARTE";"Manobra de mudança de faixa";"Colisão lateral mesmo sentido";"Com Vítimas Feridas";"Plena Noite";"Decrescente";"Céu Claro";"Dupla";"Reta";"Não";3;0;1;1;1;0;2;2;-7,2466;-35,6577;"SPRF-PB";"DEL02-PB";"UOP01-DEL02-PB"
502690;2023-02-02;"quinta-feira";"16:30:00";"RN";405;162;"RAFAEL FERNANDES";"Ingestão de álcool pelo condutor";"Queda de ocupante de veículo";"Com Vítimas Feridas";"Pleno dia";"Crescente";"Céu Claro";"Simples";"Reta";"Não";3;0;1;0;2;0;1;2;-6,20761005;-38,22695282;"SPRF-RN";"DEL04-RN";"UOP02-DEL04-RN"
502692;2023-02-02;"quinta-feira";"18:07:00";"RS";116;231;"IVOTI";"Conversão proibida";"Colisão transversal";"Com Vítimas Feridas";"Anoitecer";"Crescente";"Céu Claro";"Simples";"Não Informado";"Sim";4;0;2;0;2;0;2;2;-29,62743221;-51,13858608;"SPRF-RS";"DEL01-RS";"UOP02-DEL01-RS"
502694;2023-02-02;"quinta-feira";"11:45:00";"RO";435;133;"CEREJEIRAS";"Ausência de reação do condutor";"Colisão traseira";"Com Vítimas Feridas";"Pleno dia";"Crescente";"Chuva";"Simples";"Reta";"Não";3;0;1;0;1;1;1;2;-13,18900356;-60,90850399;"SPRF-RO";"DEL04-RO";"UOP02-DEL04-RO"
502697;2023-02-02;"quinta-feira";"18:30:00";"SC";101;70,5;"ARAQUARI";"Ausência de reação do condutor";"Tombamento";"Com Vítimas Feridas";"Anoitecer";"Crescente";"Garoa/Chuvisco";"Múltipla";"Reta";"Não";1;0;0;1;0;0;1;1;-26,51082007;-48,72345612;"SPRF-SC";"DEL03-SC";"UOP02-DEL03-SC"
502698;2023-02-02;"quinta-feira";"17:30:00";"RJ";116;253;"PIRAI";"Condutor deixou de manter distância do veículo da frente";"Engavetamento";"Com Vítimas Feridas";"Anoitecer";"Crescente";"Nublado";"Dupla";"Desvio Temporário";"Não";4;0;1;0;3;0;1;3;-22,58099934;-43,97818317;"SPRF-RJ";"DEL07-RJ";"UOP02-DEL07-RJ"
502699;2023-02-02;"quinta-feira";"16:55:00";"CE";222;61,9;"SAO GONCALO DO AMARANTE";"Ausência de reação do condutor";"Colisão traseira";"Com Vítimas Feridas";"Plena Noite";"Crescente";"Céu Claro";"Simples";"Reta";"Não";3;0;1;0;2;0;1;3;-3,67114761;-39,08954297;"SPRF-CE";"DEL01-CE";"UOP03-DEL01-CE"
502700;2023-02-02;"quinta-feira";"14:50:00";"SC";101;120;"ITAJAI";"Trafegar com motocicleta (ou similar) entre as faixas";"Colisão traseira";"Com Vítimas Feridas";"Pleno dia";"Crescente";"Nublado";"Dupla";"Reta";"Sim";2;0;0;2;0;0;2;2;-26,912758;-48,711998;"SPRF-SC";"DEL04-SC";"UOP04-DEL04-SC"
502701;2023-02-02;"quinta-feira";"17:20:00";"PR";277;650;"MATELANDIA";"Acessar a via sem observar a presença dos outros veículos";"Colisão transversal";"Com Vítimas Feridas";"Pleno dia";"Decrescente";"Céu Claro";"Simples";"Reta";"Sim";2;0;0;1;1;0;1;2;-25,19035881;-53,93738222;"SPRF-PR";"DEL05-PR";"UOP02-DEL05-PR"
502702;2023-02-02;"quinta-feira";"18:46:00";"PE";232;6,9;"RECIFE";"Sinalização mal posicionada";"Colisão com objeto";"Com Vítimas Feridas";"Plena Noite";"Decrescente";"Céu Claro";"Dupla";"Não Informado";"Sim";2;0;2;0;0;0;2;1;-8,073327;-34,961481;"SPRF-PE";"DEL01-PE";"UOP01-DEL01-PE"
502703;2023-02-01;"quarta-feira";"19:30:00";"PA";163;619;"TRAIRAO";"Velocidade Incompatível";"Saída de leito carroçável";"Com Vítimas Feridas";"Anoitecer";"Crescente";"Nublado";"Simples";"Não Informado";"Não";1;0;1;0;0;0;1;1;-4,7290703;-56,03891975;"SPRF-PA";"DEL05-PA";"UOP01-DEL05-PA"
502704;2023-01-07;"sábado";"12:20:00";"BA";324;516;"FEIRA DE SANTANA";"Conversão proibida";"Colisão lateral mesmo sentido";"Com Vítimas Feridas";"Pleno dia";"Crescente";"Céu Claro";"Simples";"Reta";"Sim";2;0;1;0;1;0;1;2;-12,25518355;-38,93236225;"SPRF-BA";"DEL02-BA";"UOP01-DEL02-BA"
502706;2023-02-02;"quinta-feira";"19:45:00";"MG";365;611;"UBERLANDIA";"Ausência de reação do condutor";"Colisão traseira";"Com Vítimas Feridas";"Plena Noite";"Crescente";"Céu Claro";"Dupla";"Reta";"Não";2;0;1;0;1;0;1;2;-18,92793854;-48,19198317;"SPRF-MG";"DEL15-MG";"UOP01-DEL15-MG"
502707;2023-02-02;"quinta-feira";"15:00:00";"MT";163;1035;"MATUPA";"Obstrução na via";"Colisão traseira";"Com Vítimas Feridas";"Pleno dia";"Decrescente";"Céu Claro";"Simples";"Reta";"Não";2;0;0;1;1;0;1;2;-10,19701413;-54,9539566;"SPRF-MT";"DEL06-MT";"UOP03-DEL06-MT"
502708;2023-02-02;"quinta-feira";"13:10:00";"MG";381;649,8;"SANTO ANTONIO DO AMPARO";"Velocidade Incompatível";"Saída de leito carroçável";"Com Vítimas Feridas";"Pleno dia";"Crescente";"Céu Claro";"Dupla";"Curva";"Não";1;0;1;0;0;0;1;1;-20,96227294;-44,92925305;"SPRF-MG";"DEL04-MG";"UOP02-DEL04-MG"
502709;2023-02-02;"quinta-feira";"19:20:00";"PE";101;2,5;"JABOATAO DOS GUARARAPES";"Ingestão de álcool pelo condutor";"Colisão traseira";"Sem Vítimas";"Plena Noite";"Crescente";"Céu Claro";"Simples";"Reta";"Sim";2;0;0;0;2;0;0;2;-8,11208;-35,0154;"SPRF-PE";"DEL01-PE";"UOP01-DEL01-PE"
502710;2023-02-02;"quinta-feira";"20:05:00";"RS";153;53,5;"ERECHIM";"Acessar a via sem observar a presença dos outros veículos";"Colisão transversal";"Com Vítimas Feridas";"Plena Noite";"Decrescente";"Garoa/Chuvisco";"Simples";"Reta";"Sim";2;0;0;1;0;1;1;2;-27,67588411;-52,290501;"SPRF-RS";"DEL08-RS";"UOP04-DEL08-RS"
502712;2023-02-02;"quinta-feira";"19:15:00";"CE";222;126,8;"ITAPAJE";"Pedestre andava na pista";"Atropelamento de Pedestre";"Com Vítimas Feridas";"Plena Noite";"Decrescente";"Céu Claro";"Simples";"Reta";"Não";2;0;0;1;0;1;1;1;-3,69613087;-39,6007584;"SPRF-CE";"DEL04-CE";"UOP03-DEL04-CE"
502714;2023-02-02;"quinta-feira";"20:00:00";"MG";40;527,5;"CONTAGEM";"Ausência de reação do condutor";"Saída de leito carroçável";"Sem Vítimas";"Plena Noite";"Crescente";"Céu Claro";"Dupla";"Não Informado";"Sim";1;0;0;0;0;1;0;1;-19,90149502;-44,04938939;"SPRF-MG";"DEL01-MG";"UOP02-DEL01-MG"
502715;2023-01-17;"terça-feira";"11:35:00";"BA";116;685;"JEQUIE";"Transitar na contramão";"Colisão transversal";"Com Vítimas Feridas";"Pleno dia";"Crescente";"Céu Claro";"Simples";"Reta";"Não";12;0;7;5;0;0;12;2;-13,89460708;-40,14410687;"SPRF-BA";"DEL03-BA";"UOP01-DEL03-BA"
502716;2023-02-02;"quinta-feira";"19:00:00";"MG";116;526,2;"CARATINGA";"Ausência de reação do condutor";"Colisão traseira";"Com Vítimas Feridas";"Plena Noite";"Decrescente";"Nublado";"Dupla";"Reta";"Sim";2;0;0;1;1;0;1;2;-19,77654011;-42,13327989;"SPRF-MG";"DEL06-MG";"UOP02-DEL06-MG"
502717;2023-02-02;"quinta-feira";"19:35:00";"MG";116;412;"GOVERNADOR VALADARES";"Reação tardia ou ineficiente do condutor";"Colisão transversal";"Com Vítimas Feridas";"Plena Noite";"Crescente";"Céu Claro";"Múltipla";"Rotatória";"Sim";2;0;1;0;0;1;1;2;-18,86882342;-41,97144241;"SPRF-MG";"DEL06-MG";"UOP01-DEL06-MG"
502718;2023-02-02;"quinta-feira";"14:20:00";"GO";364;184;"JATAI";"Reação tardia ou ineficiente do condutor";"Saída de leito carroçável";"Com Vítimas Feridas";"Pleno dia";"Crescente";"Chuva";"Simples";"Curva";"Não";1;0;1;0;0;0;1;1;-17,9548927;-51,62364006;"SPRF-GO";"DEL05-GO";"UOP01-DEL05-GO"
502720;2023-02-02;"quinta-feira";"17:40:00";"MG";267;140;"JUIZ DE FORA";"Ausência de reação do condutor";"Colisão traseira";"Com Vítimas Feridas";"Pleno dia";"Decrescente";"Chuva";"Simples";"Reta";"Não";2;0;1;0;1;0;1;2;-21,79894313;-43,68684497;"SPRF-MG";"DEL05-MG";"UOP01-DEL05-MG"
502722;2023-02-02;"quinta-feira";"16:00:00";"MA";316;325,6;"OLHO DAGUA DAS CUNHAS";"Chuva";"Saída de leito carroçável";"Com Vítimas Feridas";"Pleno dia";"Crescente";"Chuva";"Simples";"Reta";"Não";4;0;4;0;0;0;4;1;-4,091128;-45,042004;"SPRF-MA";"DEL02-MA";"UOP01-DEL02-MA"
502724;2023-02-02;"quinta-feira";"21:15:00";"RN";101;84;"SAO GONCALO DO AMARANTE";"Manobra de mudança de faixa";"Colisão transversal";"Sem Vítimas";"Plena Noite";"Crescente";"Céu Claro";"Dupla";"Reta";"Sim";2;0;0;0;1;1;0;2;-5,774175;-35,2578;"SPRF-RN";"DEL02-RN";"UOP01-DEL02-RN"
502725;2023-02-02;"quinta-feira";"19:45:00";"RS";470;155;"NOVA PRATA";"Acessar a via sem observar a presença dos outros veículos";"Colisão transversal";"Com Vítimas Feridas";"Plena Noite";"Crescente";"Céu Claro";"Simples";"Reta";"Sim";4;0;2;0;2;0;2;2;-28,78243906;-51,61511825;"SPRF-RS";"DEL06-RS";"UOP02-DEL06-RS"
502726;2023-02-02;"quinta-feira";"21:20:00";"MG";262;461;"ARAUJOS";"Velocidade Incompatível";"Colisão traseira";"Sem Vítimas";"Pleno dia";"Decrescente";"Céu Claro";"Simples";"Reta";"Não";2;0;0;0;2;0;0;2;-19,82283349;-45,08196173;"SPRF-MG";"DEL08-MG";"UOP03-DEL08-MG"
502727;2023-02-02;"quinta-feira";"21:40:00";"MG";381;486,9;"BETIM";"Mal súbito do condutor";"Tombamento";"Com Vítimas Feridas";"Plena Noite";"Crescente";"Céu Claro";"Múltipla";"Reta";"Sim";1;0;1;0;0;0;1;1;-19,95655884;-44,12622213;"SPRF-MG";"DEL01-MG";"UOP03-DEL01-MG"
502728;2023-02-02;"quinta-feira";"11:59:00";"MG";262;407,9;"PARA DE MINAS";"Acostamento em desnível";"Saída de leito carroçável";"Com Vítimas Feridas";"Pleno dia";"Crescente";"Céu Claro";"Dupla";"Não Informado";"Não";1;0;1;0;0;0;1;1;-19,88464192;-44,61618402;"SPRF-MG";"DEL08-MG";"UOP03-DEL08-MG"
502729;2023-02-02;"quinta-feira";"22:00:00";"SC";101;149,9;"ITAPEMA";"Acesso irregular";"Colisão transversal";"Com Vítimas Feridas";"Plena Noite";"Crescente";"Garoa/Chuvisco";"Múltipla";"Não Informado";"Sim";2;0;1;0;1;0;1;2;-27,11821392;-48,6095345;"SPRF-SC";"DEL04-SC";"UOP03-DEL04-SC"
502730;2023-02-02;"quinta-feira";"19:10:00";"MT";163;689;"LUCAS DO RIO VERDE";"Desrespeitar a preferência no cruzamento";"Colisão transversal";"Com Vítimas Feridas";"Plena Noite";"Decrescente";"Céu Claro";"Simples";"Não Informado";"Sim";2;0;1;0;1;0;1;2;-13,0691288;-55,92700048;"SPRF-MT";"DEL06-MT";"UOP01-DEL06-MT"
502731;2023-02-02;"quinta-feira";"20:30:00";"GO";414;402;"CORUMBA DE GOIAS";"Reação tardia ou ineficiente do condutor";"Saída de leito carroçável";"Com Vítimas Feridas";"Plena Noite";"Crescente";"Céu Claro";"Simples";"Não Informado";"Não";3;0;2;0;1;0;2;1;-15,99146056;-48,83559539;"SPRF-GO";"DEL02-GO";"UOP01-DEL02-GO"
502732;2023-02-02;"quinta-feira";"19:05:00";"PR";376;181,4;"MARINGA";"Manobra de mudança de faixa";"Colisão lateral mesmo sentido";"Com Vítimas Feridas";"Plena Noite";"Crescente";"Chuva";"Múltipla";"Reta";"Sim";2;0;1;0;1;0;1;2;-23,43197477;-51,88671852;"SPRF-PR";"DEL09-PR";"UOP01-DEL09-PR"
502733;2023-02-02;"quinta-feira";"21:00:00";"AL";316;242,2;"ATALAIA";"Acessar a via sem observar a presença dos outros veículos";"Colisão transversal";"Com Vítimas Feridas";"Plena Noite";"Decrescente";"Céu Claro";"Simples";"Interseção de vias";"Sim";2;0;1;0;1;0;1;2;-9,50727405;-36,02113501;"SPRF-AL";"DEL01-AL";"UOP01-DEL01-AL"
502734;2023-02-02;"quinta-feira";"19:10:00";"AM";174;1026;"PRESIDENTE FIGUEIREDO";"Pedestre andava na pista";"Atropelamento de Pedestre";"Com Vítimas Feridas";"Plena Noite";"Decrescente";"Nublado";"Simples";"Desvio Temporário";"Não";2;0;0;1;0;1;1;1;-1,76414265;-60,14432073;"SPRF-AM";"N/A";"UOP02-DEL01-AM"
502736;2023-02-02;"quinta-feira";"22:37:00";"ES";101;297;"VIANA";"Reação tardia ou ineficiente do condutor";"Colisão traseira";"Com Vítimas Feridas";"Plena Noite";"Crescente";"Nublado";"Dupla";"Reta";"Sim";2;0;1;0;1;0;1;2;-20,34529844;-40,41026774;"SPRF-ES";"DEL01-ES";"UOP01-DEL01-ES"
502739;2023-02-02;"quinta-feira";"22:55:00";"RN";101;81,4;"SAO GONCALO DO AMARANTE";"Conversão proibida";"Colisão traseira";"Com Vítimas Feridas";"Plena Noite";"Crescente";"Céu Claro";"Dupla";"Reta";"Sim";2;0;2;0;0;0;2;2;-5,76469466;-35,28295988;"SPRF-RN";"DEL02-RN";"UOP01-DEL02-RN"
502741;2023-02-02;"quinta-feira";"15:29:00";"MT";163;597,8;"NOVA MUTUM";"Reação tardia ou ineficiente do condutor";"Colisão lateral mesmo sentido";"Com Vítimas Feridas";"Pleno dia";"Decrescente";"Ignorado";"Dupla";"Reta";"Sim";2;0;1;0;1;0;1;2;-13,82474523;-56,08005524;"SPRF-MT";"DEL01-MT";"UOP01-DEL01-MT"
502743;2023-02-02;"quinta-feira";"22:56:00";"SP";116;61;"GUARATINGUETA";"Reação tardia ou ineficiente do condutor";"Colisão traseira";"Com Vítimas Feridas";"Pleno dia";"Crescente";"Nublado";"Dupla";"Reta";"Sim";5;0;1;0;0;4;1;2;-22,79763613;-45,1674588;"SPRF-SP";"DEL08-SP";"UOP01-DEL08-SP"
502744;2023-02-02;"quinta-feira";"13:10:00";"RJ";101;383;"RIO DE JANEIRO";"Acessar a via sem observar a presença dos outros veículos";"Colisão lateral mesmo sentido";"Com Vítimas Feridas";"Pleno dia";"Decrescente";"Céu Claro";"Simples";"Reta";"Não";2;0;1;0;1;0;1;2;-22,8765463;-43,61463385;"SPRF-RJ";"DEL01-RJ";"UOP04-DEL01-RJ"
502746;2023-02-02;"quinta-feira";"23:00:00";"MG";40;667;"CARANDAI";"Ausência de reação do condutor";"Colisão frontal";"Com Vítimas Feridas";"Plena Noite";"Crescente";"Céu Claro";"Simples";"Reta";"Sim";3;0;1;2;0;0;3;2;-20,94471215;-43,8086221;"SPRF-MG";"DEL05-MG";"UOP02-DEL05-MG"
502747;2023-02-02;"quinta-feira";"23:10:00";"SC";101;418,5;"ARARANGUA";"Deixar de acionar o farol da motocicleta (ou similar)";"Colisão transversal";"Com Vítimas Feridas";"Plena Noite";"Decrescente";"Chuva";"Simples";"Reta";"Não";4;0;0;1;3;0;1;2;-28,98840621;-49,54482079;"SPRF-SC";"DEL02-SC";"UOP02-DEL02-SC"
502750;2023-02-02;"quinta-feira";"23:50:00";"PR";277;722;"FOZ DO IGUACU";"Ingestão de álcool pelo condutor";"Tombamento";"Com Vítimas Feridas";"Plena Noite";"Crescente";"Chuva";"Dupla";"Reta";"Sim";1;0;0;1;0;0;1;1;-25,49494908;-54,52095097;"SPRF-PR";"DEL05-PR";"UOP03-DEL05-PR"
502753;2023-02-03;"sexta-feira";"00:30:00";"RJ";101;560;"PARATY";"Animais na Pista";"Atropelamento de Animal";"Com Vítimas Feridas";"Plena Noite";"Crescente";"Céu Claro";"Simples";"Reta";"Não";1;0;1;0;0;0;1;1;-23,11369899;-44,70863923;"SPRF-RJ";"DEL03-RJ";"UOP03-DEL03-RJ"
502754;2023-02-03;"sexta-feira";"01:50:00";"SC";101;151;"ITAPEMA";"Chuva";"Colisão traseira";"Com Vítimas Feridas";"Plena Noite";"Decrescente";"Chuva";"Simples";"Reta";"Não";2;0;1;0;1;0;1;2;-27,12654068;-48,6093092;"SPRF-SC";"DEL04-SC";"UOP03-DEL04-SC"
502755;2023-02-02;"quinta-feira";"23:00:00";"MG";153;106,5;"PRATA";"Avarias e/ou desgaste excessivo no pneu";"Saída de leito carroçável";"Com Vítimas Feridas";"Plena Noite";"Crescente";"Céu Claro";"Simples";"Reta";"Não";4;0;4;0;0;0;4;1;-19,28004595;-48,9151339;"SPRF-MG";"DEL15-MG";"UOP03-DEL15-MG"
502757;2023-02-02;"quinta-feira";"23:40:00";"MS";376;23;"DOURADOS";"Reação tardia ou ineficiente do condutor";"Queda de ocupante de veículo";"Com Vítimas Feridas";"Plena Noite";"Crescente";"Garoa/Chuvisco";"Simples";"Reta";"Não";1;0;0;1;0;0;1;1;-22,349833;-54,554311;"SPRF-MS";"DEL04-MS";"UOP01-DEL04-MS"
502759;2023-02-03;"sexta-feira";"02:35:00";"SC";282;31,3;"SANTO AMARO DA IMPERATRIZ";"Ausência de reação do condutor";"Colisão lateral mesmo sentido";"Sem Vítimas";"Plena Noite";"Crescente";"Chuva";"Simples";"Reta";"Não";4;0;0;0;4;0;0;2;-27,695198;-48,793308;"SPRF-SC";"DEL01-SC";"UOP03-DEL01-SC"
502760;2023-02-03;"sexta-feira";"02:05:00";"MT";163;829,4;"SINOP";"Ingestão de álcool pelo condutor";"Queda de ocupante de veículo";"Com Vítimas Feridas";"Plena Noite";"Decrescente";"Nublado";"Dupla";"Reta";"Sim";1;0;1;0;0;0;1;1;-11,91;-55,508;"SPRF-MT";"DEL06-MT";"UOP02-DEL06-MT"
502764;2023-02-03;"sexta-feira";"02:30:00";"PR";277;663;"MEDIANEIRA";"Condutor Dormindo";"Saída de leito carroçável";"Com Vítimas Feridas";"Plena Noite";"Crescente";"Chuva";"Dupla";"Reta";"Não";1;0;1;0;0;0;1;1;-25,25155419;-54,01878197;"SPRF-PR";"DEL05-PR";"UOP02-DEL05-PR"
502767;2023-02-03;"sexta-feira";"05:00:00";"SC";470;52,6;"BLUMENAU";"Desrespeitar a preferência no cruzamento";"Colisão transversal";"Com Vítimas Feridas";"Plena Noite";"Crescente";"Nublado";"Simples";"Interseção de vias";"Sim";2;0;2;0;0;0;2;2;-26,86501093;-49,09923316;"SPRF-SC";"DEL04-SC";"UOP01-DEL04-SC"
502770;2023-02-03;"sexta-feira";"03:00:00";"RJ";40;34;"AREAL";"Velocidade Incompatível";"Queda de ocupante de veículo";"Com Vítimas Feridas";"Plena Noite";"Decrescente";"Céu Claro";"Dupla";"Curva";"Não";1;0;0;1;0;0;1;1;-22,20231326;-43,14033743;"SPRF-RJ";"DEL06-RJ";"UOP01-DEL06-RJ"
502772;2023-02-03;"sexta-feira";"04:35:00";"CE";116;11;"FORTALEZA";"Condutor Dormindo";"Saída de leito carroçável";"Sem Vítimas";"Amanhecer";"Crescente";"Nublado";"Dupla";"Curva";"Sim";1;0;0;0;1;0;0;1;-3,84394724;-38,49891546;"SPRF-CE";"DEL01-CE";"UOP02-DEL01-CE"
502773;2023-02-03;"sexta-feira";"05:10:00";"RS";471;176;"RIO PARDO";"Ingestão de álcool pelo condutor";"Colisão com objeto";"Com Vítimas Feridas";"Plena Noite";"Crescente";"Chuva";"Simples";"Não Informado";"Não";1;0;0;1;0;0;1;1;-30,040344;-52,369385;"SPRF-RS";"DEL02-RS";"UOP03-DEL02-RS"
502774;2023-02-03;"sexta-feira";"05:30:00";"SC";101;232;"PALHOCA";"Ausência de reação do condutor";"Colisão com objeto";"Com Vítimas Feridas";"Amanhecer";"Decrescente";"Garoa/Chuvisco";"Dupla";"Não Informado";"Não";2;0;1;0;1;0;1;1;-27,795666;-48,638153;"SPRF-SC";"DEL01-SC";"UOP02-DEL01-SC"
502775;2023-02-03;"sexta-feira";"05:30:00";"GO";153;434,8;"ANAPOLIS";"Reação tardia ou ineficiente do condutor";"Saída de leito carroçável";"Sem Vítimas";"Amanhecer";"Crescente";"Céu Claro";"Dupla";"Reta";"Sim";4;0;0;0;4;0;0;1;-16,288304;-48,939313;"SPRF-GO";"DEL02-GO";"UOP01-DEL02-GO"