"id";"data_inversa";"dia_semana";"horario";"uf";"br";"km";"municipio";"causa_acidente";"tipo_acidente";"classificacao_acidente";"fase_dia";"sentido_via";"condicao_metereologica";"tipo_pista";"tracado_via";"uso_solo";"pessoas";"mortos";"feridos_leves";"feridos_graves";"ilesos";"ignorados";"feridos";"veiculos";"latitude";"longitude";"regional";"delegacia";"uop"
502776;2023-02-03;"sexta-feira";"07:00:00";"SE";101;121,6;"ITAPORANGA DAJUDA";"Ausência de reação do condutor";"Colisão traseira";"Com Vítimas Feridas";"Pleno dia";"Decrescente";"Céu Claro";"Dupla";"Não Informado";"Não";2;0;1;0;1;0;1;2;-11,03598773;-37,34773997;"SPRF-SE";"DEL02-SE";"UOP01-DEL02-SE"
502777;2023-02-03;"sexta-feira";"06:30:00";"AL";104;89;"RIO LARGO";"Retorno proibido";"Colisão transversal";"Com Vítimas Feridas";"Pleno dia";"Decrescente";"Sol";"Dupla";"Não Informado";"Não";2;0;1;0;1;0;1;2;-9,49216808;-35,81471324;"SPRF-AL";"DEL01-AL";"UOP01-DEL01-AL"
502780;2023-02-03;"sexta-feira";"07:15:00";"DF";40;5;"BRASILIA";"Pedestre cruzava a pista fora da faixa";"Atropelamento de Pedestre";"Com Vítimas Feridas";"Pleno dia";"Decrescente";"Céu Claro";"Dupla";"Reta";"Sim";2;0;2;0;0;0;2;1;-16,01890757;-47,98072999;"SPRF-DF";"DEL01-DF";"UOP01-DEL01-DF"
502782;2023-02-03;"sexta-feira";"07:45:00";"RS";472;574,8;"URUGUAIANA";"Acessar a via sem observar a presença dos outros veículos";"Colisão transversal";"Com Vítimas Feridas";"Pleno dia";"Decrescente";"Céu Claro";"Simples";"Não Informado";"Sim";5;0;2;1;1;1;3;3;-29,76355779;-57,05179811;"SPRF-RS";"DEL13-RS";"UOP01-DEL13-RS"
502783;2023-02-03;"sexta-feira";"06:50:00";"PE";NA;NA;"RECIFE";"Acumulo de areia ou detritos sobre o pavimento";"Queda de ocupante de veículo";"Com Vítimas Feridas";"Pleno dia";"Não Informado";"Céu Claro";"Dupla";"Não Informado";"Sim";1;0;1;0;0;0;1;1;-8,0756735;-34,94560003;"SPRF-PE";"DEL01-PE";"N/A"
502785;2023-02-03;"sexta-feira";"08:07:00";"GO";153;506;"APARECIDA DE GOIANIA";"Condutor deixou de manter distância do veículo da frente";"Engavetamento";"Sem Vítimas";"Pleno dia";"Decrescente";"Céu Claro";"Múltipla";"Reta";"Sim";3;0;0;0;3;0;0;3;-16,7633;-49,24;"SPRF-GO";"DEL01-GO";"UOP01-DEL01-GO"
502786;2023-02-03;"sexta-feira";"05:45:00";"MG";262;408;"IGARATINGA";"Ingestão de álcool e/ou substâncias psicoativas pelo pedestre";"Saída de leito carroçável";"Sem Vítimas";"Amanhecer";"Decrescente";"Céu Claro";"Dupla";"Não Informado";"Não";1;0;0;0;1;0;0;1;-19,88464192;-44,61618402;"SPRF-MG";"DEL08-MG";"UOP03-DEL08-MG"
502787;2023-02-03;"sexta-feira";"07:50:00";"PR";376;243,2;"APUCARANA";"Velocidade Incompatível";"Queda de ocupante de veículo";"Com Vítimas Feridas";"Pleno dia";"Crescente";"Nublado";"Dupla";"Curva";"Não";1;0;1;0;0;0;1;1;-23,58183008;-51,42580032;"SPRF-PR";"DEL07-PR";"UOP03-DEL07-PR"
502790;2023-02-03;"sexta-feira";"08:00:00";"RN";101;106;"PARNAMIRIM";"Condutor deixou de manter distância do veículo da frente";"Engavetamento";"Com Vítimas Feridas";"Pleno dia";"Decrescente";"Céu Claro";"Dupla";"Desvio Temporário";"Sim";6;0;2;0;4;0;2;3;-5,91056401;-35,26130795;"SPRF-RN";"DEL01-RN";"UOP01-DEL01-RN"
502791;2023-01-02;"segunda-feira";"10:55:00";"PR";153;345;"REBOUCAS";"Ultrapassagem Indevida";"Colisão frontal";"Com Vítimas Feridas";"Pleno dia";"Crescente";"Nublado";"Simples";"Não Informado";"Não";4;0;3;1;0;0;4;2;-25,56994301;-50,67942923;"SPRF-PR";"DEL08-PR";"UOP02-DEL08-PR"
502792;2023-02-03;"sexta-feira";"07:40:00";"MG";381;533,7;"ITATIAIUCU";"Demais falhas mecânicas ou elétricas";"Queda de ocupante de veículo";"Com Vítimas Feridas";"Pleno dia";"Decrescente";"Céu Claro";"Dupla";"Não Informado";"Não";1;0;1;0;0;0;1;1;-20,19896036;-44,38641307;"SPRF-MG";"DEL04-MG";"UOP03-DEL04-MG"
502793;2023-02-03;"sexta-feira";"07:15:00";"SP";116;218;"GUARULHOS";"Trafegar com motocicleta (ou similar) entre as faixas";"Colisão lateral mesmo sentido";"Com Vítimas Feridas";"Pleno dia";"Crescente";"Céu Claro";"Múltipla";"Reta";"Sim";2;0;1;0;1;0;1;2;-23,457972;-46,479927;"SPRF-SP";"DEL01-SP";"UOP01-DEL01-SP"
502794;2023-02-03;"sexta-feira";"08:00:00";"RJ";116;171,5;"RIO DE JANEIRO";"Manobra de mudança de faixa";"Colisão lateral mesmo sentido";"Com Vítimas Feridas";"Pleno dia";"Decrescente";"Céu Claro";"Dupla";"Reta";"Sim";2;0;1;0;1;0;1;2;-22,8060415;-43,34289573;"SPRF-RJ";"DEL01-RJ";"UOP02-DEL01-RJ"
502796;2023-02-03;"sexta-feira";"08:00:00";"MG";365;622;"UBERLANDIA";"Ausência de reação do condutor";"Colisão traseira";"Com Vítimas Feridas";"Pleno dia";"Decrescente";"Céu Claro";"Dupla";"Reta";"Não";2;0;1;0;1;0;1;2;-18,90751667;-48,29937209;"SPRF-MG";"DEL15-MG";"UOP01-DEL15-MG"
502797;2023-01-22;"domingo";"23:00:00";"PR";376;177,5;"MARINGA";"Velocidade Incompatível";"Colisão com objeto";"Com Vítimas Feridas";"Plena Noite";"Crescente";"Nublado";"Múltipla";"Reta";"Sim";4;0;1;1;2;0;2;1;-23,41595855;-51,92226484;"SPRF-PR";"DEL09-PR";"UOP01-DEL09-PR"
502798;2023-01-31;"terça-feira";"14:20:00";"RS";392;42;"RIO GRANDE";"Animais na Pista";"Atropelamento de Animal";"Com Vítimas Feridas";"Pleno dia";"Crescente";"Céu Claro";"Dupla";"Reta";"Não";1;0;1;0;0;0;1;1;-31,94614994;-52,30982265;"SPRF-RS";"DEL07-RS";"UOP02-DEL07-RS"
502800;2023-02-03;"sexta-feira";"09:20:00";"PE";101;80;"JABOATAO DOS GUARARAPES";"Condutor deixou de manter distância do veículo da frente";"Colisão lateral mesmo sentido";"Com Vítimas Feridas";"Pleno dia";"Decrescente";"Sol";"Dupla";"Curva";"Sim";2;0;1;0;1;0;1;2;-8,15112589;-34,9428866;"SPRF-PE";"DEL01-PE";"UOP01-DEL01-PE"
502801;2023-02-03;"sexta-feira";"08:45:00";"SC";101;212,3;"PALHOCA";"Manobra de mudança de faixa";"Colisão lateral mesmo sentido";"Com Vítimas Feridas";"Pleno dia";"Decrescente";"Nublado";"Múltipla";"Não Informado";"Não";2;0;1;0;0;1;1;2;-27,63697369;-48,66514142;"SPRF-SC";"DEL01-SC";"UOP02-DEL01-SC"
502805;2023-02-03;"sexta-feira";"08:09:00";"GO";153;206;"URUACU";"Ultrapassagem Indevida";"Colisão lateral sentido oposto";"Com Vítimas Feridas";"Pleno dia";"Decrescente";"Chuva";"Simples";"Não Informado";"Não";3;0;2;0;1;0;2;2;-14,567051;-49,156227;"SPRF-GO";"DEL07-GO";"UOP02-DEL07-GO"
502809;2023-02-03;"sexta-feira";"08:40:00";"RS";290;267,1;"CACHOEIRA DO SUL";"Reação tardia ou ineficiente do condutor";"Saída de leito carroçável";"Com Vítimas Feridas";"Pleno dia";"Crescente";"Nublado";"Simples";"Reta";"Não";5;0;1;4;0;0;5;1;-30,26948;-52,896065;"SPRF-RS";"DEL02-RS";"UOP03-DEL02-RS"
502810;2023-02-03;"sexta-feira";"08:35:00";"MS";262;553;"MIRANDA";"Velocidade Incompatível";"Saída de leito carroçável";"Sem Vítimas";"Pleno dia";"Crescente";"Chuva";"Simples";"Curva";"Não";1;0;0;0;0;1;0;1;-20,2646408;-56,34030978;"SPRF-MS";"DEL03-MS";"UOP02-DEL03-MS"
502811;2023-02-02;"quinta-feira";"00:10:00";"PA";163;644;"TRAIRAO";"Objeto estático sobre o leito carroçável";"Tombamento";"Com Vítimas Feridas";"Plena Noite";"Decrescente";"Céu Claro";"Simples";"Não Informado";"Não";1;0;1;0;0;0;1;1;-4,55704148;-55,92057324;"SPRF-PA";"DEL05-PA";"UOP01-DEL05-PA"
502812;2023-02-03;"sexta-feira";"09:50:00";"SC";101;251,8;"PAULO LOPES";"Condutor Dormindo";"Saída de leito carroçável";"Com Vítimas Feridas";"Pleno dia";"Decrescente";"Nublado";"Dupla";"Reta";"Não";1;0;1;0;0;0;1;1;-27,95643445;-48,67671847;"SPRF-SC";"DEL02-SC";"UOP03-DEL02-SC"
502815;2023-01-03;"terça-feira";"05:30:00";"MG";381;416,2;"CAETE";"Velocidade Incompatível";"Colisão com objeto";"Com Vítimas Feridas";"Amanhecer";"Decrescente";"Nublado";"Dupla";"Não Informado";"Não";1;0;1;0;0;0;1;1;-19,75309407;-43,62966384;"SPRF-MG";"DEL01-MG";"UOP01-DEL01-MG"
502816;2023-02-03;"sexta-feira";"09:15:00";"RJ";493;23;"MAGE";"Reação tardia ou ineficiente do condutor";"Colisão traseira";"Com Vítimas Feridas";"Pleno dia";"Decrescente";"Céu Claro";"Simples";"Reta";"Sim";2;0;1;0;1;0;1;2;-22,65705297;-43,061742;"SPRF-RJ";"DEL02-RJ";"UOP04-DEL02-RJ"
502817;2023-01-15;"domingo";"19:55:00";"SC";101;347;"JAGUARUNA";"Acesso irregular";"Colisão transversal";"Com Vítimas Feridas";"Anoitecer";"Decrescente";"Garoa/Chuvisco";"Dupla";"Reta";"Sim";6;0;2;0;4;0;2;2;-28,56402604;-49,05410532;"SPRF-SC";"DEL02-SC";"UOP01-DEL02-SC"
502819;2023-02-03;"sexta-feira";"07:50:00";"PB";230;175,5;"CAMPINA GRANDE";"Ausência de reação do condutor";"Tombamento";"Com Vítimas Fatais";"Pleno dia";"Crescente";"Céu Claro";"Simples";"Desvio Temporário";"Não";4;1;0;1;0;2;1;1;-7,1775;-36,0247;"SPRF-PB";"DEL02-PB";"UOP02-DEL02-PB"
502820;2023-02-03;"sexta-feira";"10:35:00";"PR";369;90,7;"CORNELIO PROCOPIO";"Acessar a via sem observar a presença dos outros veículos";"Colisão transversal";"Com Vítimas Feridas";"Pleno dia";"Crescente";"Nublado";"Simples";"Não Informado";"Sim";5;0;3;0;2;0;3;2;-23,19678946;-50,65433264;"SPRF-PR";"DEL07-PR";"UOP05-DEL07-PR"
502823;2023-01-10;"terça-feira";"18:42:00";"PR";116;109;"CURITIBA";"Ausência de reação do condutor";"Queda de ocupante de veículo";"Com Vítimas Feridas";"Anoitecer";"Decrescente";"Céu Claro";"Dupla";"Reta";"Sim";2;0;1;0;1;0;1;1;-25,57140489;-49,20748999;"SPRF-PR";"DEL01-PR";"UOP07-DEL01-PR"
502824;2023-02-03;"sexta-feira";"11:40:00";"RJ";40;101;"DUQUE DE CAXIAS";"Acesso irregular";"Colisão transversal";"Com Vítimas Feridas";"Pleno dia";"Decrescente";"Céu Claro";"Simples";"Reta";"Não";3;0;2;0;1;0;2;2;-22,60246485;-43,28380739;"SPRF-RJ";"DEL01-RJ";"UOP01-DEL01-RJ"
502825;2023-01-31;"terça-feira";"21:25:00";"MG";262;442,6;"NOVA SERRANA";"Reação tardia ou ineficiente do condutor";"Queda de ocupante de veículo";"Com Vítimas Feridas";"Plena Noite";"Decrescente";"Céu Claro";"Dupla";"Reta";"Sim";1;0;1;0;0;0;1;1;-19,8806236;-44,91232265;"SPRF-MG";"DEL08-MG";"UOP03-DEL08-MG"
502826;2023-02-03;"sexta-feira";"10:40:00";"MG";381;357,5;"JOAO MONLEVADE";"Acessar a via sem observar a presença dos outros veículos";"Colisão transversal";"Com Vítimas Feridas";"Pleno dia";"Decrescente";"Céu Claro";"Simples";"Reta";"Sim";4;0;2;0;2;0;2;2;-19,85175308;-43,213709;"SPRF-MG";"DEL03-MG";"UOP01-DEL03-MG"
502829;2023-02-03;"sexta-feira";"11:50:00";"PE";232;10,6;"JABOATAO DOS GUARARAPES";"Condutor usando celular";"Tombamento";"Com Vítimas Feridas";"Pleno dia";"Crescente";"Céu Claro";"Simples";"Curva";"Sim";2;0;1;0;0;1;1;1;-8,079432;-34,989118;"SPRF-PE";"DEL01-PE";"UOP01-DEL01-PE"
502830;2023-02-03;"sexta-feira";"07:45:00";"MT";174;290;"PONTES E LACERDA";"Acessar a via sem observar a presença dos outros veículos";"Colisão lateral mesmo sentido";"Com Vítimas Feridas";"Pleno dia";"Crescente";"Sol";"Simples";"Reta";"Sim";2;0;1;0;1;0;1;2;-15,2387051;-59,31580782;"SPRF-MT";"DEL04-MT";"UOP01-DEL04-MT"
502831;2023-02-03;"sexta-feira";"12:20:00";"RS";116;242;"SAO LEOPOLDO";"Pista esburacada";"Tombamento";"Com Vítimas Feridas";"Pleno dia";"Decrescente";"Céu Claro";"Dupla";"Reta";"Sim";1;0;1;0;0;0;1;1;-29,72297087;-51,14858729;"SPRF-RS";"DEL01-RS";"UOP02-DEL01-RS"
502834;2023-02-03;"sexta-feira";"11:50:00";"MG";381;483;"BETIM";"Ausência de reação do condutor";"Tombamento";"Com Vítimas Feridas";"Pleno dia";"Crescente";"Céu Claro";"Múltipla";"Não Informado";"Sim";1;0;1;0;0;0;1;1;-19,95820262;-44,08023834;"SPRF-MG";"DEL01-MG";"UOP03-DEL01-MG"
502838;2023-02-03;"sexta-feira";"08:10:00";"PI";343;8;"PARNAIBA";"Acessar a via sem observar a presença dos outros veículos";"Colisão transversal";"Com Vítimas Feridas";"Pleno dia";"Decrescente";"Céu Claro";"Simples";"Reta";"Sim";2;0;1;0;1;0;1;2;-2,899382;-41,723724;"SPRF-PI";"DEL05-PI";"UOP01-DEL05-PI"
502840;2023-01-08;"domingo";"02:40:00";"SP";116;115;"TAUBATE";"Manobra de mudança de faixa";"Colisão lateral mesmo sentido";"Com Vítimas Feridas";"Plena Noite";"Crescente";"Céu Claro";"Dupla";"Reta";"Sim";3;0;1;0;2;0;1;2;-23,0496047;-45,59973712;"SPRF-SP";"DEL02-SP";"UOP02-DEL02-SP"
502843;2023-02-03;"sexta-feira";"12:35:00";"PE";101;79;"JABOATAO DOS GUARARAPES";"Acessar a via sem observar a presença dos outros veículos";"Colisão lateral mesmo sentido";"Com Vítimas Feridas";"Pleno dia";"Crescente";"Céu Claro";"Dupla";"Reta";"Não";2;0;0;1;0;1;1;1;-8,14366112;-34,94723453;"SPRF-PE";"DEL01-PE";"UOP01-DEL01-PE"
502844;2023-02-03;"sexta-feira";"13:25:00";"PR";277;589,2;"CASCAVEL";"Velocidade Incompatível";"Colisão lateral mesmo sentido";"Com Vítimas Feridas";"Pleno dia";"Crescente";"Nublado";"Simples";"Reta";"Sim";2;0;1;0;1;0;1;2;-24,97841126;-53,44927138;"SPRF-PR";"DEL04-PR";"UOP01-DEL04-PR"
502845;2023-01-30;"segunda-feira";"16:40:00";"RJ";101;311;"SAO GONCALO";"Demais falhas mecânicas ou elétricas";"Queda de ocupante de veículo";"Com Vítimas Feridas";"Pleno dia";"Decrescente";"Sol";"Dupla";"Reta";"Sim";2;0;1;0;1;0;1;1;-22,80062246;-43,05318779;"SPRF-RJ";"DEL02-RJ";"UOP02-DEL02-RJ"
502846;2023-02-03;"sexta-feira";"10:30:00";"RJ";101;573;"PARATY";"Reação tardia ou ineficiente do condutor";"Colisão traseira";"Com Vítimas Feridas";"Pleno dia";"Decrescente";"Céu Claro";"Simples";"Reta";"Não";2;0;1;0;1;0;1;2;-23,20276908;-44,72989482;"SPRF-RJ";"DEL03-RJ";"UOP02-DEL03-RJ"
502847;2023-02-03;"sexta-feira";"13:50:00";"SP";116;222;"GUARULHOS";"Manobra de mudança de faixa";"Colisão transversal";"Com Vítimas Feridas";"Pleno dia";"Crescente";"Nublado";"Múltipla";"Reta";"Sim";2;0;0;1;1;0;1;2;-23,47093408;-46,51631097;"SPRF-SP";"DEL01-SP";"UOP01-DEL01-SP"
502848;2023-02-03;"sexta-feira";"13:40:00";"PE";101;50,8;"ABREU E LIMA";"Manobra de mudança de faixa";"Colisão lateral mesmo sentido";"Com Vítimas Feridas";"Pleno dia";"Crescente";"Céu Claro";"Dupla";"Reta";"Sim";3;0;3;0;0;0;3;2;-7,90938602;-34,90123228;"SPRF-PE";"DEL01-PE";"UOP02-DEL01-PE"
502849;2023-02-03;"sexta-feira";"12:30:00";"PR";277;721,6;"FOZ DO IGUACU";"Ausência de reação do condutor";"Colisão transversal";"Com Vítimas Feridas";"Pleno dia";"Decrescente";"Nublado";"Dupla";"Reta";"Sim";2;0;0;1;1;0;1;2;-25,4911505;-54,51185421;"SPRF-PR";"DEL05-PR";"UOP03-DEL05-PR"
502850;2023-02-03;"sexta-feira";"14:10:00";"BA";242;800;"BARREIRAS";"Reação tardia ou ineficiente do condutor";"Colisão transversal";"Com Vítimas Feridas";"Pleno dia";"Crescente";"Sol";"Simples";"Reta";"Não";6;0;1;0;5;0;1;2;-12,11852989;-45,05584359;"SPRF-BA";"DEL10-BA";"UOP01-DEL10-BA"
502852;2023-02-03;"sexta-feira";"14:00:00";"ES";101;284;"CARIACICA";"Avarias e/ou desgaste excessivo no pneu";"Tombamento";"Com Vítimas Feridas";"Pleno dia";"Crescente";"Sol";"Dupla";"Reta";"Não";2;0;2;0;0;0;2;1;-20,24334991;-40,3696926;"SPRF-ES";"DEL01-ES";"UOP01-DEL01-ES"
502853;2023-02-03;"sexta-feira";"14:50:00";"ES";101;270,3;"SERRA";"Desrespeitar a preferência no cruzamento";"Colisão transversal";"Com Vítimas Feridas";"Pleno dia";"Decrescente";"Céu Claro";"Múltipla";"Interseção de vias";"Sim";2;0;1;0;1;0;1;2;-20,22662056;-40,27075088;"SPRF-ES";"DEL02-ES";"UOP01-DEL02-ES"
502857;2023-02-03;"sexta-feira";"14:35:00";"PR";467;80,3;"CASCAVEL";"Velocidade Incompatível";"Saída de leito carroçável";"Com Vítimas Feridas";"Pleno dia";"Decrescente";"Chuva";"Múltipla";"Curva";"Não";1;0;0;1;0;0;1;1;-24,7875;-53,6778;"SPRF-PR";"DEL04-PR";"UOP01-DEL04-PR"
502858;2023-01-28;"sábado";"19:35:00";"MS";163;679;"RIO VERDE DE MATO GROSSO";"Entrada inopinada do pedestre";"Atropelamento de Pedestre";"Com Vítimas Feridas";"Plena Noite";"Crescente";"Nublado";"Simples";"Reta";"Sim";3;0;0;1;2;0;1;1;-18,920422;-54,83738;"SPRF-MS";"DEL06-MS";"UOP02-DEL06-MS"
502859;2023-02-03;"sexta-feira";"15:00:00";"SP";116;270;"EMBU DAS ARTES";"Manobra de mudança de faixa";"Colisão lateral mesmo sentido";"Com Vítimas Feridas";"Pleno dia";"Crescente";"Céu Claro";"Múltipla";"Reta";"Sim";3;0;2;0;1;0;2;2;-23,61799728;-46,79677694;"SPRF-SP";"DEL04-SP";"UOP01-DEL04-SP"
502860;2023-01-18;"quarta-feira";"18:35:00";"PR";376;681,1;"GUARATUBA";"Reação tardia ou ineficiente do condutor";"Capotamento";"Com Vítimas Feridas";"Pleno dia";"Crescente";"Chuva";"Dupla";"Não Informado";"Não";4;0;1;0;2;1;1;1;-25,96352373;-48,89774323;"SPRF-PR";"DEL01-PR";"UOP04-DEL01-PR"
502861;2023-02-03;"sexta-feira";"14:40:00";"MS";163;492;"CAMPO GRANDE";"Pedestre cruzava a pista fora da faixa";"Atropelamento de Pedestre";"Com Vítimas Feridas";"Pleno dia";"Decrescente";"Chuva";"Simples";"Reta";"Não";2;0;0;1;0;1;1;1;-20,36949987;-54,5320492;"SPRF-MS";"DEL01-MS";"UOP02-DEL01-MS"
502867;2023-02-03;"sexta-feira";"15:40:00";"RS";290;90,1;"PORTO ALEGRE";"Avarias e/ou desgaste excessivo no pneu";"Tombamento";"Com Vítimas Feridas";"Pleno dia";"Decrescente";"Nublado";"Múltipla";"Reta";"Não";2;0;2;0;0;0;2;1;-29,968319;-51,157398;"SPRF-RS";"DEL01-RS";"UOP01-DEL01-RS"
502869;2023-02-03;"sexta-feira";"15:40:00";"PR";369;133,9;"IBIPORA";"Ingestão de álcool pelo condutor";"Saída de leito carroçável";"Com Vítimas Feridas";"Pleno dia";"Decrescente";"Nublado";"Simples";"Desvio Temporário";"Não";1;0;1;0;0;0;1;1;-23,26197679;-51,02425218;"SPRF-PR";"DEL07-PR";"UOP01-DEL07-PR"
502872;2023-02-03;"sexta-feira";"13:55:00";"SC";101;265;"PAULO LOPES";"Reação tardia ou ineficiente do condutor";"Colisão traseira";"Com Vítimas Feridas";"Pleno dia";"Crescente";"Nublado";"Múltipla";"Não Informado";"Sim";3;0;1;0;2;0;1;2;-28,06298729;-48,71636885;"SPRF-SC";"DEL02-SC";"UOP03-DEL02-SC"
502873;2023-02-03;"sexta-feira";"16:40:00";"RJ";101;66;"CAMPOS DOS GOYTACAZES";"Condutor deixou de manter distância do veículo da frente";"Colisão traseira";"Com Vítimas Feridas";"Pleno dia";"Decrescente";"Céu Claro";"Simples";"Reta";"Sim";2;0;0;1;1;0;1;2;-21,7636;-41,3468;"SPRF-RJ";"DEL08-RJ";"UOP02-DEL08-RJ"
502876;2023-02-03;"sexta-feira";"13:45:00";"PR";163;86,4;"CAPANEMA";"Acesso irregular";"Colisão transversal";"Com Vítimas Feridas";"Pleno dia";"Decrescente";"Nublado";"Simples";"Reta";"Sim";3;0;1;0;0;2;1;2;-25,68593308;-53,7890625;"SPRF-PR";"DEL02-PR";"UOP02-DEL02-PR"
502877;2023-02-03;"sexta-feira";"16:50:00";"SC";470;56;"BLUMENAU";"Acessar a via sem observar a presença dos outros veículos";"Colisão transversal";"Com Vítimas Feridas";"Pleno dia";"Crescente";"Sol";"Dupla";"Não Informado";"Sim";3;0;1;1;1;0;2;2;-26,87674;-49,127743;"SPRF-SC";"DEL04-SC";"UOP01-DEL04-SC"
502878;2023-01-31;"terça-feira";"11:25:00";"MS";267;516,7;"JARDIM";"Acessar a via sem observar a presença dos outros veículos";"Colisão transversal";"Com Vítimas Feridas";"Pleno dia";"Crescente";"Chuva";"Simples";"Não Informado";"Não";10;0;2;0;8;0;2;2;-21,49656;-56,45452;"SPRF-MS";"DEL05-MS";"UOP01-DEL05-MS"
502879;2023-02-03;"sexta-feira";"16:00:00";"ES";101;256;"SERRA";"Reação tardia ou ineficiente do condutor";"Queda de ocupante de veículo";"Com Vítimas Feridas";"Pleno dia";"Decrescente";"Céu Claro";"Simples";"Não Informado";"Sim";1;0;0;1;0;0;1;1;-20,119123;-40,311005;"SPRF-ES";"DEL02-ES";"UOP01-DEL02-ES"
502880;2023-02-03;"sexta-feira";"16:00:00";"GO";153;98;"ANAPOLIS";"Ingestão de álcool pelo condutor";"Engavetamento";"Sem Vítimas";"Pleno dia";"Decrescente";"Chuva";"Dupla";"Reta";"Sim";5;0;0;0;4;1;0;4;-16,386626;-48,95537;"SPRF-GO";"DEL07-GO";"UOP01-DEL07-GO"
502881;2023-02-03;"sexta-feira";"08:00:00";"RR";432;137,1;"CANTA";"Velocidade Incompatível";"Saída de leito carroçável";"Com Vítimas Feridas";"Pleno dia";"Crescente";"Céu Claro";"Simples";"Reta";"Não";4;0;3;0;1;0;3;1;2,05963556;-60,6478849;"SPRF-RR";"N/A";"UOP01-DEL01-RR"
502882;2023-02-03;"sexta-feira";"16:30:00";"GO";153;540,3;"HIDROLANDIA";"Manobra de mudança de faixa";"Colisão traseira";"Com Vítimas Feridas";"Pleno dia";"Decrescente";"Céu Claro";"Dupla";"Reta";"Não";2;0;1;0;1;0;1;2;-17,0547;-49,2269;"SPRF-GO";"DEL01-GO";"UOP03-DEL01-GO"
502883;2023-02-03;"sexta-feira";"17:20:00";"GO";60;97;"ANAPOLIS";"Condutor deixou de manter distância do veículo da frente";"Colisão traseira";"Sem Vítimas";"Pleno dia";"Decrescente";"Céu Claro";"Dupla";"Reta";"Não";2;0;0;0;2;0;0;2;-16,3774;-48,9483;"SPRF-GO";"DEL02-GO";"UOP01-DEL02-GO"
502884;2023-02-03;"sexta-feira";"17:25:00";"MG";40;356;"FELIXLANDIA";"Ultrapassagem Indevida";"Colisão traseira";"Com Vítimas Feridas";"Anoitecer";"Crescente";"Céu Claro";"Simples";"Reta";"Não";2;0;0;1;1;0;1;2;-18,73053982;-44,88268599;"SPRF-MG";"DEL02-MG";"UOP01-DEL02-MG"
502886;2023-02-03;"sexta-feira";"17:00:00";"PE";428;185;"PETROLINA";"Animais na Pista";"Atropelamento de Animal";"Com Vítimas Feridas";"Pleno dia";"Decrescente";"Céu Claro";"Dupla";"Reta";"Sim";1;0;1;0;0;0;1;1;-9,3585948;-40,47980189;"SPRF-PE";"DEL06-PE";"UOP01-DEL06-PE"
502893;2023-02-03;"sexta-feira";"17:15:00";"ES";101;146;"LINHARES";"Acesso irregular";"Tombamento";"Com Vítimas Feridas";"Pleno dia";"Decrescente";"Céu Claro";"Simples";"Interseção de vias";"Sim";2;0;1;0;0;1;1;2;-19,36990998;-40,06560718;"SPRF-ES";"DEL04-ES";"UOP01-DEL04-ES"
502896;2023-02-03;"sexta-feira";"17:30:00";"RJ";40;30;"AREAL";"Velocidade Incompatível";"Colisão com objeto";"Sem Vítimas";"Pleno dia";"Decrescente";"Chuva";"Dupla";"Curva";"Não";1;0;0;0;1;0;0;1;-22,18633705;-43,16660309;"SPRF-RJ";"DEL06-RJ";"UOP01-DEL06-RJ"
502897;2023-02-03;"sexta-feira";"17:40:00";"PR";158;531;"PATO BRANCO";"Acessar a via sem observar a presença dos outros veículos";"Colisão transversal";"Sem Vítimas";"Pleno dia";"Crescente";"Nublado";"Simples";"Reta";"Não";2;0;0;0;2;0;0;2;-26,20228;-52,678215;"SPRF-PR";"DEL02-PR";"UOP01-DEL02-PR"
502898;2023-02-03;"sexta-feira";"18:15:00";"SP";116;214;"GUARULHOS";"Condutor deixou de manter distância do veículo da frente";"Colisão lateral mesmo sentido";"Com Vítimas Feridas";"Plena Noite";"Decrescente";"Céu Claro";"Múltipla";"Reta";"Sim";2;0;1;0;1;0;1;2;-23,44333014;-46,44531294;"SPRF-SP";"DEL01-SP";"UOP01-DEL01-SP"
502899;2023-02-03;"sexta-feira";"17:30:00";"PR";277;484;"NOVA LARANJEIRAS";"Velocidade Incompatível";"Saída de leito carroçável";"Com Vítimas Feridas";"Pleno dia";"Crescente";"Chuva";"Simples";"Não Informado";"Não";2;0;2;0;0;0;2;1;-25,27011524;-52,61299706;"SPRF-PR";"DEL04-PR";"UOP02-DEL04-PR"
502900;2023-02-03;"sexta-feira";"16:50:00";"SP";116;106,7;"TAUBATE";"Reação tardia ou ineficiente do condutor";"Queda de ocupante de veículo";"Com Vítimas Feridas";"Pleno dia";"Decrescente";"Céu Claro";"Dupla";"Reta";"Sim";1;0;1;0;0;0;1;1;-23,01250593;-45,52256005;"SPRF-SP";"DEL02-SP";"UOP02-DEL02-SP"
502901;2023-02-03;"sexta-feira";"09:00:00";"RJ";116;226,5;"PIRAI";"Pista Escorregadia";"Queda de ocupante de veículo";"Com Vítimas Feridas";"Pleno dia";"Crescente";"Céu Claro";"Múltipla";"Curva";"Não";1;0;1;0;0;0;1;1;-22,67208078;-43,81789284;"SPRF-RJ";"DEL07-RJ";"UOP01-DEL07-RJ"