"id";"data_inversa";"dia_semana";"horario";"uf";"br";"km";"municipio";"causa_acidente";"tipo_acidente";"classificacao_acidente";"fase_dia";"sentido_via";"condicao_metereologica";"tipo_pista";"tracado_via";"uso_solo";"pessoas";"mortos";"feridos_leves";"feridos_graves";"ilesos";"ignorados";"feridos";"veiculos";"latitude";"longitude";"regional";"delegacia";"uop"
502903;2023-02-03;"sexta-feira";"18:30:00";"SP";116;307;"SAO LOURENCO DA SERRA";"Condutor deixou de manter distância do veículo da frente";"Colisão lateral mesmo sentido";"Com Vítimas Feridas";"Anoitecer";"Crescente";"Nublado";"Dupla";"Desvio Temporário";"Não";2;0;1;0;1;0;1;2;-23,85630016;-46,94096988;"SPRF-SP";"DEL04-SP";"UOP01-DEL04-SP"
502907;2023-02-03;"sexta-feira";"18:40:00";"RN";406;170;"SAO GONCALO DO AMARANTE";"Retorno proibido";"Saída de leito carroçável";"Com Vítimas Feridas";"Plena Noite";"Crescente";"Céu Claro";"Dupla";"Não Informado";"Sim";2;0;1;0;1;0;1;1;-5,75746556;-35,30242259;"SPRF-RN";"DEL02-RN";"UOP01-DEL02-RN"
502908;2023-02-03;"sexta-feira";"18:10:00";"SP";153;194,6;"GETULINA";"Avarias e/ou desgaste excessivo no pneu";"Queda de ocupante de veículo";"Com Vítimas Feridas";"Anoitecer";"Crescente";"Nublado";"Simples";"Reta";"Não";2;0;2;0;0;0;2;1;-21,76958078;-49,88593322;"SPRF-SP";"DEL07-SP";"UOP01-DEL07-SP"
502909;2023-02-03;"sexta-feira";"19:20:00";"RJ";101;428;"MANGARATIBA";"Desrespeitar a preferência no cruzamento";"Colisão transversal";"Com Vítimas Feridas";"Plena Noite";"Crescente";"Céu Claro";"Dupla";"Interseção de vias";"Sim";4;0;2;0;2;0;2;2;-22,93391858;-43,9899979;"SPRF-RJ";"DEL03-RJ";"UOP01-DEL03-RJ"
502910;2023-02-03;"sexta-feira";"15:10:00";"MT";163;924;"ITAUBA";"Manobra de mudança de faixa";"Saída de leito carroçável";"Com Vítimas Feridas";"Pleno dia";"Crescente";"Nublado";"Simples";"Reta";"Não";1;0;1;0;0;0;1;1;-11,09914088;-55,29596508;"SPRF-MT";"DEL06-MT";"UOP02-DEL06-MT"
502912;2023-02-03;"sexta-feira";"17:30:00";"RS";153;3,1;"CACHOEIRA DO SUL";"Ingestão de álcool pelo condutor";"Colisão com objeto";"Sem Vítimas";"Pleno dia";"Crescente";"Céu Claro";"Simples";"Não Informado";"Sim";2;0;0;0;2;0;0;2;-30,012684;-52,899196;"SPRF-RS";"DEL08-RS";"UOP04-DEL08-RS"
502914;2023-01-15;"domingo";"06:10:00";"MG";40;279;"TRES MARIAS";"Avarias e/ou desgaste excessivo no pneu";"Colisão frontal";"Com Vítimas Feridas";"Pleno dia";"Decrescente";"Céu Claro";"Simples";"Desvio Temporário";"Não";6;0;0;1;5;0;1;2;-18,22833211;-45,2202001;"SPRF-MG";"DEL14-MG";"UOP02-DEL14-MG"
502917;2023-02-03;"sexta-feira";"20:00:00";"SC";101;214,3;"PALHOCA";"Condutor deixou de manter distância do veículo da frente";"Queda de ocupante de veículo";"Com Vítimas Feridas";"Plena Noite";"Crescente";"Céu Claro";"Múltipla";"Reta";"Não";2;0;1;0;1;0;1;1;-27,64443;-48,67057;"SPRF-SC";"DEL01-SC";"UOP02-DEL01-SC"
502918;2023-02-03;"sexta-feira";"20:30:00";"GO";153;505;"APARECIDA DE GOIANIA";"Condutor deixou de manter distância do veículo da frente";"Queda de ocupante de veículo";"Com Vítimas Feridas";"Plena Noite";"Crescente";"Céu Claro";"Dupla";"Reta";"Sim";1;0;1;0;0;0;1;1;-16,7537;-49,2411;"SPRF-GO";"DEL01-GO";"UOP01-DEL01-GO"
502921;2023-02-03;"sexta-feira";"18:30:00";"PB";230;161,8;"CAMPINA GRANDE";"Ausência de reação do condutor";"Colisão traseira";"Com Vítimas Feridas";"Plena Noite";"Crescente";"Céu Claro";"Simples";"Reta";"Sim";3;0;2;0;0;1;2;2;-7,234392;-35,941834;"SPRF-PB";"DEL02-PB";"UOP01-DEL02-PB"
502923;2023-02-03;"sexta-feira";"17:33:00";"PI";135;352;"BOM JESUS";"Acessar a via sem observar a presença dos outros veículos";"Colisão transversal";"Com Vítimas Feridas";"Anoitecer";"Crescente";"Céu Claro";"Dupla";"Reta";"Sim";2;0;0;1;1;0;1;2;-9,07531116;-44,35476699;"SPRF-PI";"DEL03-PI";"UOP02-DEL03-PI"
502924;2023-02-03;"sexta-feira";"17:50:00";"SC";101;326,4;"CAPIVARI DE BAIXO";"Acumulo de água sobre o pavimento";"Saída de leito carroçável";"Com Vítimas Feridas";"Pleno dia";"Decrescente";"Chuva";"Simples";"Desvio Temporário";"Sim";2;0;2;0;0;0;2;1;-28,43579409;-48,95904779;"SPRF-SC";"DEL02-SC";"UOP01-DEL02-SC"
502925;2023-02-03;"sexta-feira";"19:14:00";"RO";364;345,9;"JI-PARANA";"Acessar a via sem observar a presença dos outros veículos";"Colisão transversal";"Com Vítimas Feridas";"Plena Noite";"Decrescente";"Céu Claro";"Dupla";"Reta";"Sim";2;0;2;0;0;0;2;2;-10,8688113;-61,9601791;"SPRF-RO";"DEL02-RO";"UOP01-DEL02-RO"
502927;2023-02-03;"sexta-feira";"20:40:00";"MG";381;489;"BETIM";"Avarias e/ou desgaste excessivo no pneu";"Tombamento";"Com Vítimas Feridas";"Plena Noite";"Crescente";"Céu Claro";"Dupla";"Não Informado";"Sim";2;0;2;0;0;0;2;1;-19,95626339;-44,1348285;"SPRF-MG";"DEL01-MG";"UOP03-DEL01-MG"
502928;2023-02-03;"sexta-feira";"19:20:00";"SC";280;126;"RIO NEGRINHO";"Reação tardia ou ineficiente do condutor";"Colisão traseira";"Com Vítimas Feridas";"Plena Noite";"Crescente";"Garoa/Chuvisco";"Simples";"Reta";"Sim";3;0;1;0;0;2;1;2;-26,23779604;-49,49427399;"SPRF-SC";"DEL06-SC";"UOP03-DEL06-SC"
502930;2023-02-03;"sexta-feira";"20:40:00";"MG";381;401;"BOM JESUS DO AMPARO";"Demais falhas mecânicas ou elétricas";"Incêndio";"Sem Vítimas";"Plena Noite";"Crescente";"Céu Claro";"Dupla";"Reta";"Não";1;0;0;0;1;0;0;1;-19,74743793;-43,52145519;"SPRF-MG";"DEL01-MG";"UOP01-DEL01-MG"
502931;2023-02-03;"sexta-feira";"20:00:00";"BA";324;618,5;"SALVADOR";"Condutor deixou de manter distância do veículo da frente";"Colisão traseira";"Com Vítimas Feridas";"Plena Noite";"Crescente";"Céu Claro";"Dupla";"Reta";"Não";5;0;4;0;1;0;4;2;-12,891109;-38,445374;"SPRF-BA";"DEL01-BA";"UOP01-DEL01-BA"
502933;2023-02-03;"sexta-feira";"19:45:00";"SC";101;234,1;"PALHOCA";"Condutor deixou de manter distância do veículo da frente";"Colisão traseira";"Sem Vítimas";"Plena Noite";"Crescente";"Chuva";"Dupla";"Não Informado";"Não";3;0;0;0;2;1;0;3;-27,82629382;-48,63034842;"SPRF-SC";"DEL01-SC";"UOP02-DEL01-SC"
502934;2023-02-03;"sexta-feira";"21:00:00";"SP";116;225;"GUARULHOS";"Chuva";"Tombamento";"Com Vítimas Feridas";"Plena Noite";"Decrescente";"Chuva";"Múltipla";"Desvio Temporário";"Sim";2;0;0;2;0;0;2;1;-23,48586772;-46,54075317;"SPRF-SP";"DEL01-SP";"UOP01-DEL01-SP"
502935;2023-02-03;"sexta-feira";"20:00:00";"SP";116;278;"EMBU DAS ARTES";"Reação tardia ou ineficiente do condutor";"Engavetamento";"Sem Vítimas";"Plena Noite";"Decrescente";"Chuva";"Dupla";"Reta";"Não";3;0;0;0;3;0;0;3;-23,65508497;-46,84918605;"SPRF-SP";"DEL04-SP";"UOP01-DEL04-SP"
502937;2023-02-03;"sexta-feira";"16:30:00";"GO";60;56,2;"ABADIANIA";"Velocidade Incompatível";"Saída de leito carroçável";"Sem Vítimas";"Pleno dia";"Decrescente";"Céu Claro";"Dupla";"Reta";"Não";2;0;0;0;0;2;0;1;-16,189718;-48,670911;"SPRF-GO";"DEL02-GO";"UOP01-DEL02-GO"
502938;2023-02-03;"sexta-feira";"16:00:00";"RJ";101;329;"NITEROI";"Reação tardia ou ineficiente do condutor";"Colisão traseira";"Com Vítimas Feridas";"Pleno dia";"Decrescente";"Chuva";"Múltipla";"Reta";"Não";2;0;1;0;1;0;1;2;-22,86939305;-43,175642;"SPRF-RJ";"DEL02-RJ";"UOP01-DEL02-RJ"
502942;2023-02-03;"sexta-feira";"21:02:00";"ES";259;25;"JOAO NEIVA";"Ausência de reação do condutor";"Colisão frontal";"Com Vítimas Feridas";"Plena Noite";"Decrescente";"Nublado";"Simples";"Curva";"Não";2;0;1;0;1;0;1;2;-19,61948318;-40,47748416;"SPRF-ES";"DEL02-ES";"UOP01-DEL02-ES"
502943;2023-02-03;"sexta-feira";"21:20:00";"SC";282;54,3;"AGUAS MORNAS";"Velocidade Incompatível";"Colisão frontal";"Sem Vítimas";"Plena Noite";"Crescente";"Garoa/Chuvisco";"Simples";"Curva";"Não";2;0;0;0;2;0;0;2;-27,685799;-48,974514;"SPRF-SC";"DEL01-SC";"UOP03-DEL01-SC"
502944;2023-02-03;"sexta-feira";"18:40:00";"RO";364;40;"VILHENA";"Manobra de mudança de faixa";"Colisão frontal";"Com Vítimas Fatais";"Plena Noite";"Decrescente";"Céu Claro";"Simples";"Reta";"Não";5;2;0;0;2;1;0;2;-12,6351062;-60,32997233;"SPRF-RO";"DEL04-RO";"UOP01-DEL04-RO"
502945;2023-02-03;"sexta-feira";"22:30:00";"CE";116;475,6;"MILAGRES";"Ingestão de álcool pelo condutor";"Colisão traseira";"Com Vítimas Feridas";"Plena Noite";"Decrescente";"Céu Claro";"Simples";"Reta";"Não";2;0;1;0;1;0;1;2;-7,30118;-38,88974;"SPRF-CE";"DEL05-CE";"UOP03-DEL05-CE"
502946;2023-02-03;"sexta-feira";"22:00:00";"PE";423;61,4;"LAJEDO";"Ausência de sinalização";"Atropelamento de Pedestre";"Com Vítimas Feridas";"Plena Noite";"Decrescente";"Céu Claro";"Simples";"Reta";"Sim";2;0;0;2;0;0;2;1;-8,65805731;-36,32866993;"SPRF-PE";"DEL03-PE";"UOP01-DEL03-PE"
502947;2023-02-03;"sexta-feira";"22:40:00";"RN";406;110,9;"JOAO CAMARA";"Animais na Pista";"Colisão frontal";"Com Vítimas Feridas";"Plena Noite";"Crescente";"Céu Claro";"Simples";"Reta";"Não";10;0;7;3;0;0;10;2;-5,558301;-35,749017;"SPRF-RN";"DEL02-RN";"UOP01-DEL02-RN"
502949;2023-02-03;"sexta-feira";"22:15:00";"RJ";101;426;"MANGARATIBA";"Animais na Pista";"Atropelamento de Animal";"Com Vítimas Feridas";"Plena Noite";"Decrescente";"Céu Claro";"Simples";"Curva";"Não";1;0;1;0;0;0;1;1;-22,92769078;-43,97265811;"SPRF-RJ";"DEL03-RJ";"UOP01-DEL03-RJ"
502951;2023-02-03;"sexta-feira";"23:41:00";"SC";101;218;"PALHOCA";"Ingestão de álcool e/ou substâncias psicoativas pelo pedestre";"Capotamento";"Com Vítimas Feridas";"Plena Noite";"Crescente";"Céu Claro";"Múltipla";"Reta";"Não";1;0;1;0;0;0;1;1;-27,6758601;-48,67052525;"SPRF-SC";"DEL01-SC";"UOP02-DEL01-SC"
502952;2023-02-03;"sexta-feira";"22:45:00";"TO";153;324;"GUARAI";"Transitar na contramão";"Colisão frontal";"Com Vítimas Fatais";"Plena Noite";"Decrescente";"Céu Claro";"Simples";"Reta";"Não";2;1;1;0;0;0;1;2;-8,74575996;-48,5085845;"SPRF-TO";"DEL02-TO";"UOP02-DEL02-TO"
502953;2023-02-03;"sexta-feira";"21:00:00";"MS";163;266;"DOURADOS";"Ingestão de álcool pelo condutor";"Tombamento";"Com Vítimas Feridas";"Plena Noite";"Decrescente";"Céu Claro";"Dupla";"Não Informado";"Sim";2;0;1;0;0;1;1;1;-22,21302162;-54,7163558;"SPRF-MS";"DEL04-MS";"UOP01-DEL04-MS"
502954;2023-02-03;"sexta-feira";"18:30:00";"PI";316;35,7;"DEMERVAL LOBAO";"Reação tardia ou ineficiente do condutor";"Saída de leito carroçável";"Com Vítimas Feridas";"Anoitecer";"Decrescente";"Nublado";"Simples";"Curva";"Não";1;0;0;1;0;0;1;1;-5,386004;-42,670832;"SPRF-PI";"DEL01-PI";"UOP02-DEL01-PI"
502955;2023-02-03;"sexta-feira";"19:30:00";"SC";470;183,5;"POUSO REDONDO";"Reação tardia ou ineficiente do condutor";"Saída de leito carroçável";"Com Vítimas Fatais";"Plena Noite";"Crescente";"Chuva";"Simples";"Reta";"Não";5;4;0;1;0;0;1;1;-27,25185;-50,022938;"SPRF-SC";"DEL04-SC";"UOP02-DEL04-SC"
502956;2023-02-03;"sexta-feira";"23:40:00";"PE";232;127;"CARUARU";"Condutor deixou de manter distância do veículo da frente";"Colisão traseira";"Com Vítimas Feridas";"Plena Noite";"Crescente";"Nublado";"Dupla";"Reta";"Sim";5;0;2;0;3;0;2;2;-8,30610303;-35,96342301;"SPRF-PE";"DEL02-PE";"UOP01-DEL02-PE"
502958;2023-02-04;"sábado";"00:10:00";"SC";101;139;"BALNEARIO CAMBORIU";"Reação tardia ou ineficiente do condutor";"Colisão com objeto";"Com Vítimas Feridas";"Plena Noite";"Crescente";"Chuva";"Dupla";"Curva";"Não";1;0;1;0;0;0;1;1;-27,02982303;-48,60115006;"SPRF-SC";"DEL04-SC";"UOP03-DEL04-SC"
502959;2023-02-04;"sábado";"00:15:00";"RJ";393;285,5;"VOLTA REDONDA";"Condutor Dormindo";"Colisão com objeto";"Com Vítimas Feridas";"Plena Noite";"Decrescente";"Céu Claro";"Dupla";"Rotatória";"Sim";1;0;1;0;0;0;1;1;-22,481726;-44,06308602;"SPRF-RJ";"DEL05-RJ";"UOP02-DEL05-RJ"
502960;2023-02-04;"sábado";"00:30:00";"AP";210;3;"MACAPA";"Velocidade Incompatível";"Colisão transversal";"Com Vítimas Feridas";"Pleno dia";"Decrescente";"Nublado";"Múltipla";"Reta";"Sim";2;0;1;1;0;0;2;2;0,08723365;-51,08569007;"SPRF-AP";"N/A";"UOP01-DEL01-AP"
502961;2023-02-03;"sexta-feira";"19:35:00";"MA";222;396,1;"SANTA INES";"Ultrapassagem Indevida";"Colisão frontal";"Com Vítimas Fatais";"Plena Noite";"Crescente";"Céu Claro";"Simples";"Curva";"Não";2;2;0;0;0;0;0;2;-3,90216202;-45,58232698;"SPRF-MA";"DEL02-MA";"UOP01-DEL02-MA"
502962;2023-02-04;"sábado";"00:30:00";"PR";116;6;"QUATRO BARRAS";"Demais falhas mecânicas ou elétricas";"Incêndio";"Sem Vítimas";"Plena Noite";"Crescente";"Garoa/Chuvisco";"Dupla";"Reta";"Não";1;0;0;0;1;0;0;1;-25,3669;-49,0996;"SPRF-PR";"DEL01-PR";"UOP02-DEL01-PR"
502963;2023-02-04;"sábado";"00:30:00";"CE";222;2;"FORTALEZA";"Acessar a via sem observar a presença dos outros veículos";"Colisão transversal";"Com Vítimas Feridas";"Plena Noite";"Decrescente";"Céu Claro";"Simples";"Reta";"Sim";3;0;1;0;2;0;1;2;-3,73911117;-38,58687498;"SPRF-CE";"DEL01-CE";"UOP01-DEL01-CE"
502965;2023-02-04;"sábado";"00:30:00";"MG";262;362;"JUATUBA";"Animais na Pista";"Atropelamento de Animal";"Com Vítimas Feridas";"Plena Noite";"Decrescente";"Céu Claro";"Dupla";"Reta";"Não";1;0;1;0;0;0;1;1;-19,97133207;-44,28897858;"SPRF-MG";"DEL01-MG";"UOP03-DEL01-MG"
502966;2023-02-03;"sexta-feira";"22:30:00";"MS";376;40;"VICENTINA";"Reação tardia ou ineficiente do condutor";"Colisão traseira";"Com Vítimas Feridas";"Plena Noite";"Crescente";"Céu Claro";"Simples";"Desvio Temporário";"Não";2;0;1;0;1;0;1;2;-22,41636922;-54,41693508;"SPRF-MS";"DEL04-MS";"UOP01-DEL04-MS"
502969;2023-02-04;"sábado";"01:15:00";"PR";369;147;"LONDRINA";"Ingestão de álcool pelo condutor";"Colisão com objeto";"Com Vítimas Feridas";"Plena Noite";"Decrescente";"Garoa/Chuvisco";"Dupla";"Reta";"Sim";1;0;1;0;0;0;1;1;-23,29321679;-51,1340028;"SPRF-PR";"DEL07-PR";"UOP01-DEL07-PR"
502975;2023-02-04;"sábado";"01:00:00";"PE";232;467;"MIRANDIBA";"Animais na Pista";"Atropelamento de Animal";"Com Vítimas Feridas";"Plena Noite";"Crescente";"Nublado";"Simples";"Não Informado";"Não";4;0;3;1;0;0;4;1;-8,02537454;-38,77566207;"SPRF-PE";"DEL05-PE";"UOP01-DEL05-PE"
502977;2023-02-04;"sábado";"02:50:00";"SP";116;178,3;"GUARAREMA";"Pedestre andava na pista";"Atropelamento de Pedestre";"Com Vítimas Fatais";"Plena Noite";"Decrescente";"Garoa/Chuvisco";"Dupla";"Reta";"Não";2;1;0;0;1;0;0;1;-23,327667;-46,128108;"SPRF-SP";"DEL01-SP";"UOP01-DEL01-SP"
502978;2023-02-04;"sábado";"03:00:00";"CE";222;310,9;"TIANGUA";"Ausência de reação do condutor";"Queda de ocupante de veículo";"Com Vítimas Feridas";"Plena Noite";"Crescente";"Céu Claro";"Simples";"Reta";"Sim";2;0;0;2;0;0;2;1;-3,70670595;-40,97707006;"SPRF-CE";"DEL04-CE";"UOP02-DEL04-CE"
502979;2023-02-03;"sexta-feira";"15:25:00";"SC";101;333,8;"TUBARAO";"Condutor deixou de manter distância do veículo da frente";"Colisão traseira";"Com Vítimas Feridas";"Pleno dia";"Decrescente";"Nublado";"Dupla";"Reta";"Sim";2;0;1;0;1;0;1;2;-28,46989852;-49,01859283;"SPRF-SC";"DEL02-SC";"UOP01-DEL02-SC"
502980;2023-02-04;"sábado";"03:40:00";"GO";153;438;"ANAPOLIS";"Transitar na contramão";"Colisão frontal";"Sem Vítimas";"Plena Noite";"Decrescente";"Céu Claro";"Dupla";"Não Informado";"Sim";2;0;0;0;1;1;0;2;-16,291595;-48,934811;"SPRF-GO";"DEL02-GO";"UOP01-DEL02-GO"
502981;2023-02-04;"sábado";"03:30:00";"PR";116;6;"QUATRO BARRAS";"Manobra de mudança de faixa";"Colisão traseira";"Com Vítimas Feridas";"Plena Noite";"Decrescente";"Garoa/Chuvisco";"Dupla";"Reta";"Sim";2;0;1;0;0;1;1;2;-25,3669;-49,0996;"SPRF-PR";"DEL01-PR";"UOP02-DEL01-PR"
502982;2023-02-04;"sábado";"03:30:00";"RS";386;41;"FREDERICO WESTPHALEN";"Ingestão de álcool pelo condutor";"Colisão lateral sentido oposto";"Com Vítimas Feridas";"Plena Noite";"Crescente";"Céu Claro";"Simples";"Reta";"Não";2;0;1;0;1;0;1;2;-27,412638;-53,416378;"SPRF-RS";"DEL08-RS";"UOP02-DEL08-RS"
502983;2023-02-04;"sábado";"01:00:00";"GO";80;39,3;"PADRE BERNARDO";"Reação tardia ou ineficiente do condutor";"Colisão traseira";"Com Vítimas Feridas";"Plena Noite";"Decrescente";"Nevoeiro/Neblina";"Simples";"Reta";"Não";2;0;1;0;1;0;1;2;-15,229309;-48,276815;"SPRF-DF";"DEL01-DF";"UOP03-DEL01-DF"
502984;2023-02-04;"sábado";"03:45:00";"SC";101;120;"ITAJAI";"Ingestão de álcool pelo condutor";"Queda de ocupante de veículo";"Com Vítimas Feridas";"Plena Noite";"Crescente";"Nublado";"Simples";"Viaduto";"Não";2;0;1;1;0;0;2;1;-26,91942965;-48,71088982;"SPRF-SC";"DEL04-SC";"UOP04-DEL04-SC"
502985;2023-02-04;"sábado";"03:50:00";"RS";386;241;"SOLEDADE";"Transitar na contramão";"Colisão lateral sentido oposto";"Com Vítimas Feridas";"Plena Noite";"Crescente";"Céu Claro";"Simples";"Não Informado";"Não";5;0;1;0;4;0;1;2;-28,774895;-52,533451;"SPRF-RS";"DEL04-RS";"UOP03-DEL04-RS"
502986;2023-02-04;"sábado";"05:10:00";"MG";381;506,5;"SAO JOAQUIM DE BICAS";"Ingestão de álcool pelo condutor";"Saída de leito carroçável";"Com Vítimas Feridas";"Amanhecer";"Crescente";"Nublado";"Dupla";"Reta";"Sim";2;0;1;1;0;0;2;1;-20,039622;-44,258209;"SPRF-MG";"DEL04-MG";"UOP03-DEL04-MG"
502987;2023-02-04;"sábado";"02:50:00";"GO";153;175;"CAMPINORTE";"Ingestão de álcool e/ou substâncias psicoativas pelo pedestre";"Saída de leito carroçável";"Sem Vítimas";"Plena Noite";"Decrescente";"Ignorado";"Simples";"Curva";"Sim";1;0;0;0;0;1;0;1;-14,301579;-49,14817;"SPRF-GO";"DEL07-GO";"UOP02-DEL07-GO"
502988;2023-02-04;"sábado";"04:50:00";"CE";116;38;"HORIZONTE";"Condutor Dormindo";"Colisão com objeto";"Com Vítimas Feridas";"Pleno dia";"Crescente";"Sol";"Dupla";"Reta";"Não";1;0;1;0;0;0;1;1;-4,07911598;-38,49945391;"SPRF-CE";"DEL01-CE";"UOP02-DEL01-CE"
502989;2023-02-04;"sábado";"04:10:00";"SC";101;130;"BALNEARIO CAMBORIU";"Reação tardia ou ineficiente do condutor";"Colisão com objeto";"Com Vítimas Feridas";"Plena Noite";"Decrescente";"Garoa/Chuvisco";"Dupla";"Reta";"Não";1;0;0;1;0;0;1;1;-26,98407618;-48,66977107;"SPRF-SC";"DEL04-SC";"UOP03-DEL04-SC"
502992;2023-02-04;"sábado";"04:35:00";"RJ";40;63;"PETROPOLIS";"Velocidade Incompatível";"Colisão com objeto";"Com Vítimas Fatais";"Amanhecer";"Crescente";"Céu Claro";"Dupla";"Reta";"Não";1;1;0;0;0;0;0;1;-22,41319517;-43,14970765;"SPRF-RJ";"DEL06-RJ";"UOP02-DEL06-RJ"
502994;2023-02-04;"sábado";"05:45:00";"ES";101;426,5;"ATILIO VIVACQUA";"Velocidade Incompatível";"Tombamento";"Com Vítimas Feridas";"Pleno dia";"Crescente";"Céu Claro";"Dupla";"Retorno Regulamentado";"Não";2;0;1;0;1;0;1;1;-21,0101031;-41,14346623;"SPRF-ES";"DEL03-ES";"UOP02-DEL03-ES"
502995;2023-02-04;"sábado";"05:45:00";"RS";392;127,1;"CANGUCU";"Ausência de reação do condutor";"Saída de leito carroçável";"Com Vítimas Feridas";"Amanhecer";"Decrescente";"Garoa/Chuvisco";"Simples";"Desvio Temporário";"Não";1;0;1;0;0;0;1;1;-31,3487418;-52,73421076;"SPRF-RS";"DEL07-RS";"UOP01-DEL07-RS"
502996;2023-02-04;"sábado";"05:20:00";"PR";116;134,5;"FAZENDA RIO GRANDE";"Reação tardia ou ineficiente do condutor";"Colisão traseira";"Sem Vítimas";"Pleno dia";"Crescente";"Chuva";"Múltipla";"Reta";"Não";3;0;0;0;3;0;0;2;-25,67510803;-49,3157007;"SPRF-PR";"DEL01-PR";"UOP03-DEL01-PR"
502997;2023-02-04;"sábado";"05:10:00";"PR";376;650,9;"TIJUCAS DO SUL";"Reação tardia ou ineficiente do condutor";"Tombamento";"Com Vítimas Feridas";"Amanhecer";"Crescente";"Chuva";"Dupla";"Não Informado";"Não";3;0;1;0;2;0;1;1;-25,84564757;-49,08816197;"SPRF-PR";"DEL01-PR";"UOP04-DEL01-PR"
502998;2023-02-04;"sábado";"05:50:00";"RJ";116;313,4;"RESENDE";"Ausência de reação do condutor";"Colisão traseira";"Com Vítimas Feridas";"Amanhecer";"Decrescente";"Nublado";"Dupla";"Não Informado";"Não";3;0;1;0;1;1;1;2;-22,45998766;-44,46237202;"SPRF-RJ";"DEL07-RJ";"UOP02-DEL07-RJ"
503000;2023-02-04;"sábado";"05:30:00";"RJ";40;111;"DUQUE DE CAXIAS";"Condutor Dormindo";"Queda de ocupante de veículo";"Com Vítimas Feridas";"Amanhecer";"Decrescente";"Céu Claro";"Dupla";"Reta";"Não";1;0;1;0;0;0;1;1;-22,691868;-43,287453;"SPRF-RJ";"DEL01-RJ";"UOP01-DEL01-RJ"
503001;2023-02-04;"sábado";"05:50:00";"SC";280;125;"RIO NEGRINHO";"Acesso irregular";"Colisão lateral mesmo sentido";"Sem Vítimas";"Amanhecer";"Decrescente";"Céu Claro";"Simples";"Não Informado";"Não";2;0;0;0;1;1;0;2;-26,23763684;-49,48434497;"SPRF-SC";"DEL06-SC";"UOP03-DEL06-SC"
503003;2023-02-04;"sábado";"04:50:00";"RJ";101;193,6;"CASIMIRO DE ABREU";"Retorno proibido";"Saída de leito carroçável";"Com Vítimas Feridas";"Amanhecer";"Crescente";"Céu Claro";"Dupla";"Curva";"Não";1;0;1;0;0;0;1;1;-22,47714247;-42,0904064;"SPRF-RJ";"DEL08-RJ";"UOP04-DEL08-RJ"
503004;2023-02-04;"sábado";"06:30:00";"GO";153;598;"MORRINHOS";"Ausência de reação do condutor";"Colisão traseira";"Com Vítimas Feridas";"Amanhecer";"Decrescente";"Nublado";"Dupla";"Reta";"Não";2;0;1;0;1;0;1;2;-17,5354;-49,2128;"SPRF-GO";"DEL03-GO";"UOP01-DEL03-GO"
503005;2023-02-04;"sábado";"07:40:00";"ES";101;396;"RIO NOVO DO SUL";"Avarias e/ou desgaste excessivo no pneu";"Saída de leito carroçável";"Com Vítimas Feridas";"Pleno dia";"Crescente";"Sol";"Simples";"Curva";"Não";2;0;2;0;0;0;2;1;-20,868874;-40,94103;"SPRF-ES";"DEL03-ES";"UOP02-DEL03-ES"
503006;2023-02-04;"sábado";"05:30:00";"BA";242;613;"MUQUEM DE SAO FRANCISCO";"Ausência de reação do condutor";"Saída de leito carroçável";"Com Vítimas Feridas";"Pleno dia";"Decrescente";"Céu Claro";"Simples";"Reta";"Não";3;0;2;0;1;0;2;1;-12,215821;-43,425669;"SPRF-BA";"DEL10-BA";"UOP02-DEL10-BA"
503007;2023-02-04;"sábado";"06:45:00";"SP";116;155;"SAO JOSE DOS CAMPOS";"Reação tardia ou ineficiente do condutor";"Colisão traseira";"Sem Vítimas";"Pleno dia";"Crescente";"Nublado";"Dupla";"Não Informado";"Não";6;0;0;0;5;1;0;2;-23,24524337;-45,92772774;"SPRF-SP";"DEL02-SP";"UOP01-DEL02-SP"
503009;2023-02-04;"sábado";"08:30:00";"ES";101;281;"SERRA";"Reação tardia ou ineficiente do condutor";"Queda de ocupante de veículo";"Com Vítimas Feridas";"Pleno dia";"Decrescente";"Sol";"Dupla";"Reta";"Não";1;0;1;0;0;0;1;1;-20,22112792;-40,35720552;"SPRF-ES";"DEL02-ES";"UOP01-DEL02-ES"
503010;2023-01-28;"sábado";"00:50:00";"PR";277;593,6;"CASCAVEL";"Manobra de mudança de faixa";"Colisão lateral mesmo sentido";"Com Vítimas Feridas";"Plena Noite";"Crescente";"Céu Claro";"Simples";"Reta";"Sim";3;0;2;0;1;0;2;2;-24,98082053;-53,48254989;"SPRF-PR";"DEL04-PR";"UOP01-DEL04-PR"
503011;2023-02-04;"sábado";"08:20:00";"RJ";116;174;"SAO JOAO DE MERITI";"Condutor deixou de manter distância do veículo da frente";"Saída de leito carroçável";"Com Vítimas Feridas";"Pleno dia";"Crescente";"Nublado";"Múltipla";"Reta";"Sim";3;0;2;0;1;0;2;1;-22,79047044;-43,37010741;"SPRF-RJ";"DEL01-RJ";"UOP02-DEL01-RJ"
503012;2023-02-04;"sábado";"06:30:00";"SP";101;40;"UBATUBA";"Ingestão de álcool pelo condutor";"Colisão frontal";"Com Vítimas Feridas";"Pleno dia";"Decrescente";"Sol";"Simples";"Reta";"Sim";3;0;2;0;1;0;2;2;-23,41495528;-45,03516778;"SPRF-SP";"DEL06-SP";"UOP01-DEL06-SP"