"id";"data_inversa";"dia_semana";"horario";"uf";"br";"km";"municipio";"causa_acidente";"tipo_acidente";"classificacao_acidente";"fase_dia";"sentido_via";"condicao_metereologica";"tipo_pista";"tracado_via";"uso_solo";"pessoas";"mortos";"feridos_leves";"feridos_graves";"ilesos";"ignorados";"feridos";"veiculos";"latitude";"longitude";"regional";"delegacia";"uop"
503018;2023-02-04;"sábado";"08:10:00";"TO";226;71;"WANDERLANDIA";"Acessar a via sem observar a presença dos outros veículos";"Colisão transversal";"Com Vítimas Feridas";"Pleno dia";"Crescente";"Céu Claro";"Simples";"Reta";"Sim";2;0;1;0;1;0;1;2;-6,852317;-47,969551;"SPRF-TO";"DEL02-TO";"UOP03-DEL02-TO"
503019;2023-02-04;"sábado";"06:20:00";"RJ";101;485;"ANGRA DOS REIS";"Velocidade Incompatível";"Colisão transversal";"Com Vítimas Fatais";"Amanhecer";"Decrescente";"Céu Claro";"Simples";"Rotatória";"Sim";2;1;0;1;0;0;1;2;-22,98573526;-44,29709764;"SPRF-RJ";"DEL03-RJ";"UOP02-DEL03-RJ"
503021;2023-02-04;"sábado";"09:03:00";"TO";153;494,2;"PARAISO DO TOCANTINS";"Desrespeitar a preferência no cruzamento";"Colisão transversal";"Com Vítimas Feridas";"Pleno dia";"Crescente";"Céu Claro";"Simples";"Não Informado";"Sim";2;0;0;1;1;0;1;2;-10,16493314;-48,88103843;"SPRF-TO";"DEL01-TO";"UOP01-DEL01-TO"
503023;2023-02-04;"sábado";"09:25:00";"MG";50;71;"UBERLANDIA";"Desrespeitar a preferência no cruzamento";"Colisão transversal";"Com Vítimas Feridas";"Pleno dia";"Decrescente";"Céu Claro";"Dupla";"Interseção de vias";"Sim";2;0;1;0;1;0;1;2;-18,89918134;-48,24171782;"SPRF-MG";"DEL15-MG";"UOP01-DEL15-MG"
503024;2023-02-04;"sábado";"10:00:00";"PR";277;129,5;"BALSA NOVA";"Ausência de reação do condutor";"Saída de leito carroçável";"Com Vítimas Feridas";"Pleno dia";"Decrescente";"Nublado";"Dupla";"Não Informado";"Não";3;0;1;0;2;0;1;1;-25,473023;-49,636;"SPRF-PR";"DEL03-PR";"UOP03-DEL03-PR"
503026;2023-02-01;"quarta-feira";"04:30:00";"SC";470;327,2;"CAMPOS NOVOS";"Velocidade Incompatível";"Capotamento";"Sem Vítimas";"Plena Noite";"Decrescente";"Céu Claro";"Simples";"Reta";"Não";1;0;0;0;1;0;0;1;-27,465645;-51,268574;"SPRF-SC";"DEL07-SC";"UOP06-DEL07-SC"
503027;2023-02-04;"sábado";"10:40:00";"PB";101;88;"JOAO PESSOA";"Velocidade Incompatível";"Colisão com objeto";"Sem Vítimas";"Pleno dia";"Decrescente";"Sol";"Simples";"Curva";"Sim";3;0;0;0;3;0;0;1;-7,16470016;-34,89993643;"SPRF-PB";"DEL01-PB";"UOP01-DEL01-PB"
503029;2023-02-04;"sábado";"08:00:00";"PR";476;97,5;"BOCAIUVA DO SUL";"Ausência de reação do condutor";"Colisão transversal";"Com Vítimas Feridas";"Pleno dia";"Decrescente";"Garoa/Chuvisco";"Simples";"Curva";"Não";2;0;1;0;1;0;1;2;-25,234463;-49,127838;"SPRF-PR";"DEL01-PR";"UOP01-DEL01-PR"
503030;2023-02-04;"sábado";"09:20:00";"SC";280;182;"MAFRA";"Condutor deixou de manter distância do veículo da frente";"Colisão traseira";"Com Vítimas Feridas";"Pleno dia";"Crescente";"Sol";"Simples";"Não Informado";"Não";7;0;1;0;6;0;1;3;-26,17387829;-49,90623301;"SPRF-SC";"DEL06-SC";"UOP01-DEL06-SC"
503031;2023-02-04;"sábado";"09:30:00";"ES";262;39,9;"DOMINGOS MARTINS";"Condutor deixou de manter distância do veículo da frente";"Colisão traseira";"Com Vítimas Feridas";"Pleno dia";"Crescente";"Sol";"Simples";"Curva";"Não";2;0;1;0;1;0;1;2;-20,38407548;-40,63626051;"SPRF-ES";"DEL01-ES";"UOP01-DEL01-ES"
503033;2023-02-04;"sábado";"11:15:00";"ES";101;392;"RIO NOVO DO SUL";"Acessar a via sem observar a presença dos outros veículos";"Colisão transversal";"Com Vítimas Feridas";"Pleno dia";"Decrescente";"Céu Claro";"Simples";"Interseção de vias";"Não";2;0;1;0;1;0;1;2;-20,86733567;-40,90426608;"SPRF-ES";"DEL03-ES";"UOP02-DEL03-ES"
503034;2023-02-04;"sábado";"11:10:00";"MG";116;704,5;"MURIAE";"Acessar a via sem observar a presença dos outros veículos";"Colisão transversal";"Com Vítimas Feridas";"Pleno dia";"Crescente";"Céu Claro";"Simples";"Reta";"Sim";2;0;0;1;1;0;1;2;-21,147048;-42,381522;"SPRF-MG";"DEL07-MG";"UOP02-DEL07-MG"
503036;2023-02-04;"sábado";"11:55:00";"PE";408;94,4;"SAO LOURENCO DA MATA";"Reação tardia ou ineficiente do condutor";"Saída de leito carroçável";"Com Vítimas Feridas";"Pleno dia";"Decrescente";"Céu Claro";"Dupla";"Reta";"Sim";1;0;1;0;0;0;1;1;-8,00449285;-35,042817;"SPRF-PE";"DEL01-PE";"UOP01-DEL01-PE"
503037;2023-02-04;"sábado";"11:20:00";"BA";324;582;"CANDEIAS";"Reação tardia ou ineficiente do condutor";"Saída de leito carroçável";"Com Vítimas Feridas";"Pleno dia";"Crescente";"Sol";"Dupla";"Reta";"Não";5;0;1;0;4;0;1;1;-12,60856603;-38,49390902;"SPRF-BA";"DEL01-BA";"UOP01-DEL01-BA"
503039;2023-02-04;"sábado";"12:20:00";"CE";116;6;"FORTALEZA";"Ausência de reação do condutor";"Colisão traseira";"Com Vítimas Feridas";"Pleno dia";"Crescente";"Céu Claro";"Múltipla";"Reta";"Sim";3;0;1;0;2;0;1;2;-3,802624;-38,50400499;"SPRF-CE";"DEL01-CE";"UOP02-DEL01-CE"
503040;2023-02-04;"sábado";"12:30:00";"MG";40;559;"NOVA LIMA";"Reação tardia ou ineficiente do condutor";"Colisão lateral mesmo sentido";"Com Vítimas Feridas";"Pleno dia";"Crescente";"Céu Claro";"Dupla";"Reta";"Não";2;0;0;1;1;0;1;2;-20,11861708;-43,96783926;"SPRF-MG";"DEL01-MG";"UOP02-DEL01-MG"
503041;2023-02-04;"sábado";"11:30:00";"SP";101;47;"UBATUBA";"Condutor deixou de manter distância do veículo da frente";"Colisão traseira";"Sem Vítimas";"Pleno dia";"Decrescente";"Sol";"Simples";"Reta";"Sim";3;0;0;0;3;0;0;3;-23,429897;-45,082436;"SPRF-SP";"DEL06-SP";"UOP01-DEL06-SP"
503042;2023-02-04;"sábado";"12:00:00";"BA";116;824,8;"VITORIA DA CONQUISTA";"Condutor desrespeitou a iluminação vermelha do semáforo";"Colisão transversal";"Com Vítimas Feridas";"Pleno dia";"Crescente";"Céu Claro";"Dupla";"Não Informado";"Sim";3;0;1;1;1;0;2;2;-14,8123436;-40,7971192;"SPRF-BA";"DEL08-BA";"UOP01-DEL08-BA"
503045;2023-02-01;"quarta-feira";"20:00:00";"RS";386;392;"TRIUNFO";"Manobra de mudança de faixa";"Colisão traseira";"Com Vítimas Feridas";"Plena Noite";"Decrescente";"Céu Claro";"Dupla";"Reta";"Sim";3;0;2;0;1;0;2;2;-29,704739;-51,654911;"SPRF-RS";"DEL04-RS";"UOP04-DEL04-RS"
503048;2023-02-04;"sábado";"09:40:00";"MG";116;566,1;"MANHUACU";"Acessar a via sem observar a presença dos outros veículos";"Colisão transversal";"Com Vítimas Feridas";"Pleno dia";"Crescente";"Céu Claro";"Simples";"Curva";"Não";2;0;0;1;1;0;1;2;-20,07456;-42,183519;"SPRF-MG";"DEL06-MG";"UOP03-DEL06-MG"
503049;2023-02-04;"sábado";"12:37:00";"RO";364;710;"PORTO VELHO";"Reação tardia ou ineficiente do condutor";"Colisão traseira";"Com Vítimas Feridas";"Pleno dia";"Crescente";"Sol";"Dupla";"Reta";"Sim";5;0;2;0;2;1;2;2;-8,78621576;-63,85712687;"SPRF-RO";"DEL01-RO";"UOP01-DEL01-RO"
503050;2023-02-04;"sábado";"10:35:00";"RJ";116;181;"NOVA IGUACU";"Demais falhas mecânicas ou elétricas";"Tombamento";"Com Vítimas Feridas";"Pleno dia";"Decrescente";"Céu Claro";"Múltipla";"Reta";"Não";1;0;1;0;0;0;1;1;-22,761312;-43,423492;"SPRF-RJ";"DEL01-RJ";"UOP02-DEL01-RJ"
503053;2023-02-04;"sábado";"13:10:00";"PR";277;5;"PARANAGUA";"Reação tardia ou ineficiente do condutor";"Colisão traseira";"Sem Vítimas";"Pleno dia";"Decrescente";"Nublado";"Dupla";"Reta";"Sim";2;0;0;0;1;1;0;2;-25,52974029;-48,52863908;"SPRF-PR";"DEL01-PR";"UOP05-DEL01-PR"
503054;2023-02-04;"sábado";"12:30:00";"SP";381;86;"SAO PAULO";"Condutor deixou de manter distância do veículo da frente";"Colisão traseira";"Com Vítimas Feridas";"Pleno dia";"Crescente";"Sol";"Múltipla";"Reta";"Não";3;0;2;0;1;0;2;2;-23,45930499;-46,57161179;"SPRF-SP";"DEL03-SP";"UOP01-DEL03-SP"
503055;2023-02-04;"sábado";"13:20:00";"BA";324;619;"SALVADOR";"Ausência de reação do condutor";"Queda de ocupante de veículo";"Com Vítimas Feridas";"Pleno dia";"Decrescente";"Céu Claro";"Dupla";"Reta";"Não";1;0;1;0;0;0;1;1;-12,89820999;-38,45012202;"SPRF-BA";"DEL01-BA";"UOP01-DEL01-BA"
503057;2023-02-04;"sábado";"13:45:00";"ES";101;291;"CARIACICA";"Demais falhas mecânicas ou elétricas";"Capotamento";"Com Vítimas Feridas";"Pleno dia";"Crescente";"Céu Claro";"Dupla";"Não Informado";"Sim";2;0;1;0;1;0;1;1;-20,29755744;-40,39445616;"SPRF-ES";"DEL01-ES";"UOP01-DEL01-ES"
503059;2023-02-04;"sábado";"14:29:00";"GO";40;1,8;"VALPARAISO DE GOIAS";"Ausência de reação do condutor";"Tombamento";"Com Vítimas Feridas";"Pleno dia";"Crescente";"Nublado";"Dupla";"Reta";"Sim";1;0;1;0;0;0;1;1;-16,058245;-47,982825;"SPRF-DF";"DEL01-DF";"UOP01-DEL01-DF"
503062;2023-02-04;"sábado";"14:30:00";"SC";101;137;"BALNEARIO CAMBORIU";"Desrespeitar a preferência no cruzamento";"Colisão transversal";"Com Vítimas Feridas";"Pleno dia";"Crescente";"Céu Claro";"Múltipla";"Interseção de vias";"Sim";2;0;0;1;1;0;1;2;-27,0157238;-48,61192763;"SPRF-SC";"DEL04-SC";"UOP03-DEL04-SC"
503064;2023-01-14;"sábado";"15:30:00";"MG";365;131,1;"VARZEA DA PALMA";"Acessar a via sem observar a presença dos outros veículos";"Colisão transversal";"Com Vítimas Feridas";"Pleno dia";"Crescente";"Nublado";"Simples";"Não Informado";"Não";6;0;2;3;1;0;5;2;-17,15605964;-44,77937538;"SPRF-MG";"DEL12-MG";"UOP01-DEL12-MG"
503065;2023-02-04;"sábado";"14:00:00";"SP";116;514;"CAJATI";"Reação tardia ou ineficiente do condutor";"Queda de ocupante de veículo";"Com Vítimas Feridas";"Pleno dia";"Decrescente";"Céu Claro";"Simples";"Não Informado";"Não";2;0;1;1;0;0;2;1;-24,85874304;-48,21731282;"SPRF-SP";"DEL05-SP";"UOP02-DEL05-SP"
503066;2023-02-04;"sábado";"14:00:00";"MT";163;596;"NOVA MUTUM";"Acesso irregular";"Colisão traseira";"Com Vítimas Feridas";"Pleno dia";"Crescente";"Céu Claro";"Simples";"Reta";"Sim";2;0;1;0;1;0;1;2;-13,83422236;-56,08264273;"SPRF-MT";"DEL01-MT";"UOP01-DEL01-MT"
503068;2023-02-04;"sábado";"15:10:00";"RJ";101;261;"RIO BONITO";"Condutor usando celular";"Saída de leito carroçável";"Com Vítimas Feridas";"Pleno dia";"Crescente";"Céu Claro";"Dupla";"Reta";"Não";2;0;1;0;1;0;1;1;-22,71139378;-42,61157199;"SPRF-RJ";"DEL02-RJ";"UOP03-DEL02-RJ"
503069;2023-02-04;"sábado";"15:10:00";"BA";324;518;"FEIRA DE SANTANA";"Manobra de mudança de faixa";"Colisão frontal";"Com Vítimas Feridas";"Pleno dia";"Crescente";"Céu Claro";"Simples";"Reta";"Sim";2;0;1;0;1;0;1;2;-12,258195;-38,932182;"SPRF-BA";"DEL02-BA";"UOP01-DEL02-BA"
503071;2023-02-04;"sábado";"10:30:00";"SC";153;72;"IRANI";"Ausência de reação do condutor";"Colisão com objeto";"Com Vítimas Feridas";"Pleno dia";"Crescente";"Nublado";"Simples";"Curva";"Não";1;0;1;0;0;0;1;1;-27,065798;-51,893486;"SPRF-SC";"DEL07-SC";"UOP04-DEL07-SC"
503072;2023-02-04;"sábado";"15:10:00";"SC";101;216;"PALHOCA";"Ingestão de álcool pelo condutor";"Colisão traseira";"Com Vítimas Feridas";"Pleno dia";"Decrescente";"Céu Claro";"Dupla";"Reta";"Não";3;0;2;0;1;0;2;2;-27,65981409;-48,67747798;"SPRF-SC";"DEL01-SC";"UOP02-DEL01-SC"
503074;2023-02-04;"sábado";"13:10:00";"PR";116;65;"CAMPINA GRANDE DO SUL";"Reação tardia ou ineficiente do condutor";"Saída de leito carroçável";"Com Vítimas Feridas";"Pleno dia";"Crescente";"Chuva";"Dupla";"Curva";"Não";3;0;1;0;2;0;1;1;-25,31031746;-49,00207969;"SPRF-PR";"DEL01-PR";"UOP02-DEL01-PR"
503076;2023-02-04;"sábado";"15:00:00";"MG";381;362;"JOAO MONLEVADE";"Condutor deixou de manter distância do veículo da frente";"Engavetamento";"Com Vítimas Feridas";"Pleno dia";"Crescente";"Céu Claro";"Simples";"Não Informado";"Não";10;0;3;0;7;0;3;3;-19,85643939;-43,24280693;"SPRF-MG";"DEL03-MG";"UOP01-DEL03-MG"
503078;2023-02-04;"sábado";"15:30:00";"PE";232;127;"CARUARU";"Condutor Dormindo";"Colisão traseira";"Com Vítimas Feridas";"Pleno dia";"Crescente";"Céu Claro";"Dupla";"Não Informado";"Não";2;0;1;0;1;0;1;2;-8,30610303;-35,96342301;"SPRF-PE";"DEL02-PE";"UOP01-DEL02-PE"
503080;2023-02-04;"sábado";"16:00:00";"PB";230;17;"JOAO PESSOA";"Ausência de reação do condutor";"Colisão traseira";"Com Vítimas Feridas";"Pleno dia";"Decrescente";"Céu Claro";"Dupla";"Curva";"Sim";2;0;1;0;0;1;1;2;-7,1121;-34,8426;"SPRF-PB";"DEL01-PB";"UOP01-DEL01-PB"
503084;2023-02-04;"sábado";"15:45:00";"CE";304;51,3;"ARACATI";"Desrespeitar a preferência no cruzamento";"Colisão transversal";"Com Vítimas Feridas";"Pleno dia";"Crescente";"Céu Claro";"Simples";"Reta";"Não";4;0;0;1;3;0;1;2;-4,56942301;-37,75341799;"SPRF-CE";"DEL03-CE";"UOP03-DEL03-CE"
503085;2023-02-04;"sábado";"16:15:00";"MG";116;766;"LEOPOLDINA";"Reação tardia ou ineficiente do condutor";"Tombamento";"Com Vítimas Feridas";"Pleno dia";"Decrescente";"Céu Claro";"Simples";"Interseção de vias";"Sim";2;0;1;0;1;0;1;2;-21,5271992;-42,65302264;"SPRF-MG";"DEL07-MG";"UOP01-DEL07-MG"
503086;2023-02-04;"sábado";"16:10:00";"MG";381;615,6;"OLIVEIRA";"Demais falhas mecânicas ou elétricas";"Incêndio";"Sem Vítimas";"Pleno dia";"Decrescente";"Céu Claro";"Dupla";"Não Informado";"Não";1;0;0;0;1;0;0;1;-20,71943;-44,76611;"SPRF-MG";"DEL04-MG";"UOP01-DEL04-MG"
503087;2023-02-04;"sábado";"15:25:00";"PR";116;134;"MANDIRITUBA";"Reação tardia ou ineficiente do condutor";"Saída de leito carroçável";"Sem Vítimas";"Pleno dia";"Crescente";"Nublado";"Dupla";"Reta";"Não";5;0;0;0;5;0;0;1;-25,711216;-49,319854;"SPRF-PR";"DEL01-PR";"UOP03-DEL01-PR"
503088;2023-02-04;"sábado";"10:45:00";"PE";232;214;"PESQUEIRA";"Ultrapassagem Indevida";"Colisão transversal";"Com Vítimas Feridas";"Pleno dia";"Crescente";"Céu Claro";"Simples";"Reta";"Não";2;0;0;1;1;0;1;2;-8,3804455;-36,73076279;"SPRF-PE";"DEL03-PE";"UOP02-DEL03-PE"
503089;2023-02-04;"sábado";"16:00:00";"SP";116;128;"CACAPAVA";"Ingestão de álcool pelo condutor";"Colisão lateral mesmo sentido";"Com Vítimas Feridas";"Pleno dia";"Crescente";"Céu Claro";"Dupla";"Reta";"Não";2;0;1;0;1;0;1;2;-23,11454664;-45,71105567;"SPRF-SP";"DEL02-SP";"UOP02-DEL02-SP"
503091;2023-02-04;"sábado";"16:15:00";"ES";101;243,5;"SERRA";"Reação tardia ou ineficiente do condutor";"Saída de leito carroçável";"Com Vítimas Feridas";"Pleno dia";"Crescente";"Sol";"Simples";"Reta";"Não";3;0;1;0;2;0;1;1;-20,04007795;-40,39273658;"SPRF-ES";"DEL02-ES";"UOP01-DEL02-ES"
503092;2023-02-04;"sábado";"16:23:00";"PE";104;63;"CARUARU";"Velocidade Incompatível";"Colisão com objeto";"Sem Vítimas";"Pleno dia";"Decrescente";"Sol";"Múltipla";"Curva";"Sim";1;0;0;0;0;1;0;1;-8,2698;-35,9803;"SPRF-PE";"DEL02-PE";"UOP01-DEL02-PE"
503093;2023-02-04;"sábado";"16:20:00";"SC";101;206,4;"SAO JOSE";"Ausência de reação do condutor";"Colisão traseira";"Com Vítimas Feridas";"Pleno dia";"Crescente";"Céu Claro";"Múltipla";"Reta";"Não";1;0;1;0;0;0;1;1;-27,59193546;-48,61824557;"SPRF-SC";"DEL01-SC";"UOP01-DEL01-SC"
503095;2023-02-04;"sábado";"15:46:00";"MS";163;489,9;"CAMPO GRANDE";"Avarias e/ou desgaste excessivo no pneu";"Tombamento";"Com Vítimas Feridas";"Pleno dia";"Crescente";"Céu Claro";"Simples";"Reta";"Não";2;0;2;0;0;0;2;1;-20,40828185;-54,55160067;"SPRF-MS";"DEL01-MS";"UOP02-DEL01-MS"
503096;2023-02-04;"sábado";"16:15:00";"PE";101;65;"RECIFE";"Velocidade Incompatível";"Colisão transversal";"Com Vítimas Feridas";"Pleno dia";"Decrescente";"Nublado";"Múltipla";"Reta";"Sim";2;0;1;1;0;0;2;2;-8,0162921;-34,94045886;"SPRF-PE";"DEL01-PE";"UOP01-DEL01-PE"
503098;2023-02-04;"sábado";"13:15:00";"PR";376;526,5;"PONTA GROSSA";"Reação tardia ou ineficiente do condutor";"Tombamento";"Com Vítimas Feridas";"Pleno dia";"Decrescente";"Céu Claro";"Dupla";"Reta";"Não";3;0;3;0;0;0;3;1;-25,32138068;-49,87003076;"SPRF-PR";"DEL03-PR";"UOP04-DEL03-PR"
503100;2023-02-04;"sábado";"15:30:00";"MA";10;248;"IMPERATRIZ";"Conversão proibida";"Colisão lateral sentido oposto";"Com Vítimas Feridas";"Pleno dia";"Crescente";"Céu Claro";"Simples";"Reta";"Sim";2;0;1;0;1;0;1;2;-5,566143;-47,449028;"SPRF-MA";"DEL04-MA";"UOP01-DEL04-MA"
503101;2023-02-04;"sábado";"16:50:00";"MG";381;493;"BETIM";"Problema na suspensão";"Queda de ocupante de veículo";"Com Vítimas Feridas";"Pleno dia";"Crescente";"Céu Claro";"Múltipla";"Reta";"Sim";2;0;0;2;0;0;2;1;-19,97670801;-44,19962698;"SPRF-MG";"DEL01-MG";"UOP03-DEL01-MG"
503102;2023-02-04;"sábado";"16:20:00";"SE";235;51,5;"ITABAIANA";"Desrespeitar a preferência no cruzamento";"Colisão transversal";"Sem Vítimas";"Pleno dia";"Decrescente";"Céu Claro";"Simples";"Interseção de vias";"Sim";2;0;0;0;1;1;0;2;-10,700226;-37,431423;"SPRF-SE";"DEL01-SE";"UOP02-DEL01-SE"
503103;2023-02-04;"sábado";"12:20:00";"GO";364;365;"MINEIROS";"Acumulo de água sobre o pavimento";"Saída de leito carroçável";"Com Vítimas Feridas";"Pleno dia";"Crescente";"Chuva";"Simples";"Reta";"Não";2;0;0;2;0;0;2;1;-17,386873;-53,033463;"SPRF-GO";"DEL05-GO";"UOP01-DEL05-GO"
503104;2023-02-04;"sábado";"14:14:00";"PE";232;10;"JABOATAO DOS GUARARAPES";"Obras na pista";"Colisão com objeto";"Sem Vítimas";"Pleno dia";"Decrescente";"Céu Claro";"Dupla";"Não Informado";"Sim";2;0;0;0;0;2;0;2;-8,079136;-34,985689;"SPRF-PE";"DEL01-PE";"UOP01-DEL01-PE"
503105;2023-02-04;"sábado";"17:30:00";"ES";101;35,7;"CONCEICAO DA BARRA";"Avarias e/ou desgaste excessivo no pneu";"Tombamento";"Com Vítimas Feridas";"Anoitecer";"Crescente";"Céu Claro";"Simples";"Reta";"Não";2;0;1;0;1;0;1;1;-18,45416994;-39,9307555;"SPRF-ES";"DEL04-ES";"UOP02-DEL04-ES"
503106;2023-02-04;"sábado";"17:00:00";"PR";467;103,5;"CASCAVEL";"Velocidade Incompatível";"Queda de ocupante de veículo";"Com Vítimas Feridas";"Pleno dia";"Crescente";"Céu Claro";"Dupla";"Reta";"Não";1;0;1;0;0;0;1;1;-24,9098;-53,5103;"SPRF-PR";"DEL04-PR";"UOP01-DEL04-PR"
503107;2023-02-04;"sábado";"16:00:00";"RS";116;173,8;"CAXIAS DO SUL";"Manobra de mudança de faixa";"Colisão lateral mesmo sentido";"Com Vítimas Feridas";"Pleno dia";"Decrescente";"Sol";"Simples";"Reta";"Não";2;0;1;0;1;0;1;2;-29,32449914;-51,1698854;"SPRF-RS";"DEL05-RS";"UOP02-DEL05-RS"
503108;2023-02-04;"sábado";"17:00:00";"BA";101;503;"ITABUNA";"Animais na Pista";"Atropelamento de Animal";"Com Vítimas Feridas";"Pleno dia";"Crescente";"Nublado";"Simples";"Não Informado";"Não";1;0;1;0;0;0;1;1;-14,777421;-39,288654;"SPRF-BA";"DEL05-BA";"UOP01-DEL05-BA"
503109;2023-02-04;"sábado";"16:30:00";"RO";364;343,4;"JI-PARANA";"Manobra de mudança de faixa";"Colisão lateral mesmo sentido";"Com Vítimas Feridas";"Pleno dia";"Crescente";"Nublado";"Simples";"Não Informado";"Sim";2;0;1;0;1;0;1;2;-10,8777504;-61,94699049;"SPRF-RO";"DEL02-RO";"UOP01-DEL02-RO"
503110;2023-02-04;"sábado";"17:50:00";"SP";116;423;"REGISTRO";"Condutor Dormindo";"Capotamento";"Com Vítimas Feridas";"Pleno dia";"Decrescente";"Céu Claro";"Dupla";"Reta";"Não";5;0;1;0;4;0;1;1;-24,36998162;-47,69893813;"SPRF-SP";"DEL05-SP";"UOP01-DEL05-SP"
503111;2023-02-04;"sábado";"17:55:00";"RS";116;524;"PELOTAS";"Ingestão de álcool pelo condutor";"Saída de leito carroçável";"Com Vítimas Feridas";"Pleno dia";"Decrescente";"Céu Claro";"Simples";"Reta";"Sim";1;0;1;0;0;0;1;1;-31,72863738;-52,38746675;"SPRF-RS";"DEL07-RS";"UOP01-DEL07-RS"
503112;2023-02-04;"sábado";"17:00:00";"GO";40;1;"VALPARAISO DE GOIAS";"Manobra de mudança de faixa";"Colisão transversal";"Sem Vítimas";"Pleno dia";"Crescente";"Céu Claro";"Dupla";"Reta";"Não";3;0;0;0;3;0;0;2;-16,058245;-47,982825;"SPRF-DF";"DEL01-DF";"UOP01-DEL01-DF"
503113;2023-02-04;"sábado";"17:03:00";"SP";153;60,9;"SAO JOSE DO RIO PRETO";"Pista Escorregadia";"Tombamento";"Com Vítimas Feridas";"Pleno dia";"Crescente";"Nublado";"Dupla";"Não Informado";"Sim";2;0;2;0;0;0;2;1;-20,79627979;-49,35480206;"SPRF-SP";"DEL09-SP";"UOP01-DEL09-SP"
503114;2023-02-04;"sábado";"17:35:00";"RS";158;174;"PEJUCARA";"Acessar a via sem observar a presença dos outros veículos";"Colisão transversal";"Com Vítimas Feridas";"Pleno dia";"Decrescente";"Céu Claro";"Simples";"Não Informado";"Não";4;0;1;0;3;0;1;2;-28,46861585;-53,5479641;"SPRF-RS";"DEL10-RS";"UOP02-DEL10-RS"
503115;2023-02-04;"sábado";"16:20:00";"BA";101;201,2;"GOVERNADOR MANGABEIRA";"Acessar a via sem observar a presença dos outros veículos";"Colisão transversal";"Com Vítimas Feridas";"Pleno dia";"Crescente";"Céu Claro";"Dupla";"Não Informado";"Não";8;0;4;1;3;0;5;2;-12,594822;-38,989662;"SPRF-BA";"DEL01-BA";"UOP02-DEL01-BA"
503116;2023-02-04;"sábado";"14:15:00";"RJ";393;169;"TRES RIOS";"Reação tardia ou ineficiente do condutor";"Queda de ocupante de veículo";"Com Vítimas Fatais";"Pleno dia";"Crescente";"Sol";"Simples";"Reta";"Sim";1;1;0;0;0;0;0;1;-22,125063;-43,155872;"SPRF-RJ";"DEL06-RJ";"UOP01-DEL06-RJ"
503117;2023-02-04;"sábado";"15:10:00";"MG";116;553,5;"SANTA BARBARA DO LESTE";"Acessar a via sem observar a presença dos outros veículos";"Colisão transversal";"Com Vítimas Fatais";"Pleno dia";"Decrescente";"Céu Claro";"Simples";"Curva";"Não";4;1;0;0;1;2;0;2;-19,99361802;-42,14392077;"SPRF-MG";"DEL06-MG";"UOP02-DEL06-MG"
503118;2023-02-04;"sábado";"15:55:00";"MG";116;551,3;"SANTA BARBARA DO LESTE";"Reação tardia ou ineficiente do condutor";"Saída de leito carroçável";"Com Vítimas Feridas";"Pleno dia";"Decrescente";"Céu Claro";"Simples";"Reta";"Não";3;0;2;1;0;0;3;1;-19,97728983;-42,13901923;"SPRF-MG";"DEL06-MG";"UOP02-DEL06-MG"
503119;2023-02-04;"sábado";"18:40:00";"SP";101;46,9;"UBATUBA";"Ingestão de álcool pelo condutor";"Colisão traseira";"Com Vítimas Feridas";"Anoitecer";"Crescente";"Céu Claro";"Simples";"Reta";"Sim";3;0;0;1;2;0;1;2;-23,429897;-45,082436;"SPRF-SP";"DEL06-SP";"UOP01-DEL06-SP"
503121;2023-02-04;"sábado";"18:00:00";"MG";40;510;"RIBEIRAO DAS NEVES";"Manobra de mudança de faixa";"Atropelamento de Pedestre";"Com Vítimas Fatais";"Anoitecer";"Crescente";"Céu Claro";"Dupla";"Não Informado";"Não";2;1;0;0;0;1;0;1;-19,77316529;-44,12478447;"SPRF-MG";"DEL01-MG";"UOP02-DEL01-MG"
503122;2023-02-04;"sábado";"18:15:00";"SC";280;129;"RIO NEGRINHO";"Ausência de reação do condutor";"Colisão transversal";"Com Vítimas Feridas";"Pleno dia";"Decrescente";"Céu Claro";"Simples";"Reta";"Não";1;0;1;0;0;0;1;1;-26,24586437;-49,52284615;"SPRF-SC";"DEL06-SC";"UOP03-DEL06-SC"
503123;2023-02-04;"sábado";"18:00:00";"SC";280;128;"RIO NEGRINHO";"Acessar a via sem observar a presença dos outros veículos";"Colisão transversal";"Com Vítimas Feridas";"Pleno dia";"Decrescente";"Céu Claro";"Simples";"Não Informado";"Sim";2;0;1;0;1;0;1;2;-26,24317941;-49,51320018;"SPRF-SC";"DEL06-SC";"UOP03-DEL06-SC"
503125;2023-02-04;"sábado";"17:10:00";"RJ";465;4,5;"SEROPEDICA";"Reação tardia ou ineficiente do condutor";"Colisão lateral mesmo sentido";"Com Vítimas Feridas";"Pleno dia";"Decrescente";"Céu Claro";"Simples";"Reta";"Sim";2;0;1;0;1;0;1;2;-22,740971;-43,705597;"SPRF-RJ";"DEL01-RJ";"UOP03-DEL01-RJ"
503126;2023-02-04;"sábado";"15:20:00";"SP";381;30;"ATIBAIA";"Reação tardia ou ineficiente do condutor";"Queda de ocupante de veículo";"Com Vítimas Feridas";"Pleno dia";"Crescente";"Céu Claro";"Dupla";"Reta";"Sim";2;0;2;0;0;0;2;1;-23,04885102;-46,56482797;"SPRF-SP";"DEL03-SP";"UOP02-DEL03-SP"