"id";"data_inversa";"dia_semana";"horario";"uf";"br";"km";"municipio";"causa_acidente";"tipo_acidente";"classificacao_acidente";"fase_dia";"sentido_via";"condicao_metereologica";"tipo_pista";"tracado_via";"uso_solo";"pessoas";"mortos";"feridos_leves";"feridos_graves";"ilesos";"ignorados";"feridos";"veiculos";"latitude";"longitude";"regional";"delegacia";"uop"
503128;2023-02-04;"sábado";"19:05:00";"SC";470;38,3;"GASPAR";"Velocidade Incompatível";"Saída de leito carroçável";"Com Vítimas Feridas";"Anoitecer";"Crescente";"Nublado";"Simples";"Não Informado";"Não";1;0;0;1;0;0;1;1;-26,90302897;-48,98162663;"SPRF-SC";"DEL04-SC";"UOP01-DEL04-SC"
503129;2023-02-04;"sábado";"18:50:00";"PR";280;278,2;"FLOR DA SERRA DO SUL";"Ingestão de álcool pelo condutor";"Saída de leito carroçável";"Sem Vítimas";"Anoitecer";"Crescente";"Nublado";"Simples";"Curva";"Não";1;0;0;0;1;0;0;1;-26,24483836;-53,20692599;"SPRF-PR";"DEL02-PR";"UOP01-DEL02-PR"
503130;2023-02-04;"sábado";"17:50:00";"PR";277;310;"GUARAPUAVA";"Manobra de mudança de faixa";"Colisão lateral mesmo sentido";"Com Vítimas Feridas";"Pleno dia";"Crescente";"Céu Claro";"Simples";"Não Informado";"Não";2;0;1;0;1;0;1;2;-25,3124214;-51,18087407;"SPRF-PR";"DEL08-PR";"UOP01-DEL08-PR"
503132;2023-02-04;"sábado";"18:30:00";"ES";101;70;"SAO MATEUS";"Ausência de reação do condutor";"Tombamento";"Com Vítimas Feridas";"Anoitecer";"Crescente";"Céu Claro";"Simples";"Reta";"Não";1;0;1;0;0;0;1;1;-18,74453703;-39,86164665;"SPRF-ES";"DEL04-ES";"UOP02-DEL04-ES"
503133;2023-02-04;"sábado";"17:05:00";"GO";153;525,6;"HIDROLANDIA";"Ingestão de álcool pelo condutor";"Saída de leito carroçável";"Com Vítimas Feridas";"Pleno dia";"Decrescente";"Nublado";"Dupla";"Reta";"Não";1;0;1;0;0;0;1;1;-16,9288;-49,2518;"SPRF-GO";"DEL01-GO";"UOP03-DEL01-GO"
503134;2023-02-04;"sábado";"19:00:00";"AL";NA;NA;"JUNQUEIRO";"Acesso irregular";"Colisão com objeto";"Com Vítimas Feridas";"Plena Noite";"Não Informado";"Céu Claro";"Simples";"Não Informado";"Sim";2;0;1;1;0;0;2;1;-9,90809784;-36,46933335;"SPRF-AL";"DEL02-AL";"UOP02-DEL02-AL"
503135;2023-02-04;"sábado";"19:40:00";"DF";20;12;"BRASILIA";"Acessar a via sem observar a presença dos outros veículos";"Colisão lateral mesmo sentido";"Com Vítimas Feridas";"Plena Noite";"Crescente";"Chuva";"Dupla";"Reta";"Sim";2;0;1;0;1;0;1;2;-15,638752;-47,749599;"SPRF-DF";"DEL02-DF";"UOP01-DEL02-DF"
503136;2023-02-04;"sábado";"17:20:00";"PA";230;1128;"ITAITUBA";"Ingestão de álcool pelo condutor";"Atropelamento de Pedestre";"Com Vítimas Feridas";"Anoitecer";"Crescente";"Céu Claro";"Simples";"Curva";"Sim";2;0;0;1;0;1;1;1;-4,39343854;-55,90266548;"SPRF-PA";"DEL05-PA";"UOP02-DEL05-PA"
503138;2023-02-04;"sábado";"19:10:00";"RJ";493;106;"DUQUE DE CAXIAS";"Demais falhas mecânicas ou elétricas";"Saída de leito carroçável";"Com Vítimas Feridas";"Pleno dia";"Decrescente";"Céu Claro";"Dupla";"Reta";"Não";3;0;2;0;1;0;2;1;-22,672089;-43,285053;"SPRF-RJ";"DEL01-RJ";"UOP04-DEL01-RJ"
503139;2023-02-04;"sábado";"20:25:00";"GO";40;26;"LUZIANIA";"Reação tardia ou ineficiente do condutor";"Colisão traseira";"Com Vítimas Feridas";"Plena Noite";"Crescente";"Nublado";"Dupla";"Reta";"Sim";5;0;4;0;1;0;4;2;-16,259798;-47,894931;"SPRF-DF";"DEL01-DF";"UOP01-DEL01-DF"
503140;2023-02-04;"sábado";"19:55:00";"SC";470;60;"BLUMENAU";"Ausência de reação do condutor";"Saída de leito carroçável";"Sem Vítimas";"Plena Noite";"Decrescente";"Chuva";"Simples";"Reta";"Sim";1;0;0;0;1;0;0;1;-26,88138;-49,164543;"SPRF-SC";"DEL04-SC";"UOP01-DEL04-SC"
503143;2023-02-04;"sábado";"19:10:00";"ES";101;67;"SAO MATEUS";"Reação tardia ou ineficiente do condutor";"Tombamento";"Com Vítimas Feridas";"Plena Noite";"Crescente";"Céu Claro";"Dupla";"Reta";"Sim";1;0;1;0;0;0;1;1;-18,72054021;-39,8658931;"SPRF-ES";"DEL04-ES";"UOP02-DEL04-ES"
503145;2023-02-04;"sábado";"16:30:00";"RJ";40;73;"PETROPOLIS";"Velocidade Incompatível";"Capotamento";"Com Vítimas Feridas";"Pleno dia";"Decrescente";"Céu Claro";"Dupla";"Desvio Temporário";"Não";1;0;1;0;0;0;1;1;-22,46352401;-43,22321103;"SPRF-RJ";"DEL06-RJ";"UOP02-DEL06-RJ"
503146;2023-02-04;"sábado";"20:10:00";"SP";153;65,3;"SAO JOSE DO RIO PRETO";"Ingestão de álcool pelo condutor";"Saída de leito carroçável";"Sem Vítimas";"Plena Noite";"Crescente";"Chuva";"Dupla";"Reta";"Sim";1;0;0;0;1;0;0;1;-20,8355877;-49,36570039;"SPRF-SP";"DEL09-SP";"UOP01-DEL09-SP"
503149;2023-02-04;"sábado";"20:00:00";"MG";381;430,5;"CAETE";"Transitar na contramão";"Colisão frontal";"Com Vítimas Feridas";"Plena Noite";"Decrescente";"Céu Claro";"Simples";"Curva";"Não";2;0;0;1;1;0;1;2;-19,787622;-43,69041;"SPRF-MG";"DEL01-MG";"UOP01-DEL01-MG"
503151;2023-02-04;"sábado";"19:40:00";"PB";104;145,4;"QUEIMADAS";"Deficiência do Sistema de Iluminação/Sinalização";"Colisão traseira";"Com Vítimas Feridas";"Plena Noite";"Decrescente";"Céu Claro";"Simples";"Reta";"Não";2;0;0;2;0;0;2;2;-7,42278697;-35,89513073;"SPRF-PB";"DEL02-PB";"UOP03-DEL02-PB"
503152;2023-02-04;"sábado";"20:00:00";"PE";232;7;"RECIFE";"Entrada inopinada do pedestre";"Atropelamento de Pedestre";"Com Vítimas Fatais";"Plena Noite";"Crescente";"Chuva";"Dupla";"Não Informado";"Não";2;1;0;0;1;0;0;1;-8,074511;-34,965614;"SPRF-PE";"DEL01-PE";"UOP01-DEL01-PE"
503153;2023-02-04;"sábado";"19:00:00";"AL";316;261;"PILAR";"Acesso irregular";"Colisão transversal";"Com Vítimas Feridas";"Plena Noite";"Crescente";"Céu Claro";"Simples";"Reta";"Sim";2;0;0;1;1;0;1;2;-9,59005875;-35,89598604;"SPRF-AL";"DEL02-AL";"UOP01-DEL02-AL"
503154;2023-02-04;"sábado";"19:00:00";"SC";101;158;"PORTO BELO";"Reação tardia ou ineficiente do condutor";"Tombamento";"Com Vítimas Feridas";"Anoitecer";"Decrescente";"Céu Claro";"Dupla";"Reta";"Sim";2;0;2;0;0;0;2;1;-27,19096301;-48,61259017;"SPRF-SC";"DEL04-SC";"UOP03-DEL04-SC"
503155;2023-02-04;"sábado";"13:10:00";"SC";480;126,7;"CHAPECO";"Demais falhas mecânicas ou elétricas";"Incêndio";"Com Vítimas Feridas";"Pleno dia";"Crescente";"Céu Claro";"Dupla";"Reta";"Sim";1;0;1;0;0;0;1;1;-27,020083;-52,636024;"SPRF-SC";"DEL07-SC";"UOP01-DEL07-SC"
503157;2023-02-04;"sábado";"21:18:00";"PR";476;118;"COLOMBO";"Ausência de reação do condutor";"Colisão transversal";"Sem Vítimas";"Plena Noite";"Crescente";"Céu Claro";"Dupla";"Interseção de vias";"Sim";3;0;0;0;1;2;0;2;-25,35634;-49,180828;"SPRF-PR";"DEL01-PR";"UOP01-DEL01-PR"
503158;2023-02-04;"sábado";"21:35:00";"SP";116;204;"ARUJA";"Ingestão de álcool pelo condutor";"Colisão traseira";"Sem Vítimas";"Plena Noite";"Decrescente";"Céu Claro";"Múltipla";"Reta";"Não";3;0;0;0;3;0;0;3;-23,41236123;-46,35692496;"SPRF-SP";"DEL01-SP";"UOP01-DEL01-SP"
503159;2023-02-04;"sábado";"20:53:00";"PR";376;174,1;"MARINGA";"Acessar a via sem observar a presença dos outros veículos";"Colisão traseira";"Com Vítimas Feridas";"Plena Noite";"Crescente";"Céu Claro";"Múltipla";"Reta";"Sim";2;0;1;0;1;0;1;2;-23,41430102;-51,94984299;"SPRF-PR";"DEL09-PR";"UOP01-DEL09-PR"
503160;2023-02-04;"sábado";"18:00:00";"RS";116;185;"NOVA PETROPOLIS";"Manobra de mudança de faixa";"Colisão lateral mesmo sentido";"Com Vítimas Feridas";"Pleno dia";"Crescente";"Céu Claro";"Dupla";"Reta";"Sim";2;0;1;0;1;0;1;2;-29,39221114;-51,12482919;"SPRF-RS";"DEL05-RS";"UOP02-DEL05-RS"
503162;2023-02-04;"sábado";"21:40:00";"MG";40;799;"JUIZ DE FORA";"Manobra de mudança de faixa";"Colisão com objeto";"Com Vítimas Feridas";"Plena Noite";"Crescente";"Nublado";"Dupla";"Reta";"Não";1;0;0;1;0;0;1;1;-21,82857001;-43,37364401;"SPRF-MG";"DEL05-MG";"UOP01-DEL05-MG"
503163;2023-02-04;"sábado";"20:10:00";"BA";101;811;"ITAMARAJU";"Reação tardia ou ineficiente do condutor";"Tombamento";"Com Vítimas Feridas";"Plena Noite";"Decrescente";"Céu Claro";"Simples";"Não Informado";"Sim";2;0;0;2;0;0;2;1;-17,21763389;-39,60728705;"SPRF-BA";"DEL09-BA";"UOP02-DEL09-BA"
503164;2023-02-04;"sábado";"21:41:00";"SC";101;202,1;"SAO JOSE";"Demais falhas mecânicas ou elétricas";"Colisão com objeto";"Com Vítimas Feridas";"Pleno dia";"Decrescente";"Garoa/Chuvisco";"Múltipla";"Reta";"Sim";1;0;1;0;0;0;1;1;-27,55711595;-48,61897889;"SPRF-SC";"DEL01-SC";"UOP01-DEL01-SC"
503166;2023-02-04;"sábado";"20:20:00";"PR";116;187,3;"CAMPO DO TENENTE";"Ausência de reação do condutor";"Colisão traseira";"Com Vítimas Feridas";"Plena Noite";"Crescente";"Céu Claro";"Simples";"Reta";"Não";5;0;1;1;1;2;2;3;-25,93175636;-49,63387878;"SPRF-PR";"DEL01-PR";"UOP03-DEL01-PR"
503168;2023-02-04;"sábado";"21:50:00";"TO";153;143;"ARAGUAINA";"Ausência de reação do condutor";"Colisão traseira";"Sem Vítimas";"Plena Noite";"Crescente";"Nublado";"Simples";"Reta";"Sim";2;0;0;0;0;2;0;2;-7,18866332;-48,23207966;"SPRF-TO";"DEL02-TO";"UOP01-DEL02-TO"
503169;2023-02-04;"sábado";"20:40:00";"PB";230;334,6;"PATOS";"Ausência de reação do condutor";"Engavetamento";"Sem Vítimas";"Plena Noite";"Decrescente";"Céu Claro";"Simples";"Reta";"Sim";8;0;0;0;8;0;0;3;-7,014321;-37,262464;"SPRF-PB";"DEL03-PB";"UOP01-DEL03-PB"
503170;2023-02-04;"sábado";"21:30:00";"MG";40;511;"RIBEIRAO DAS NEVES";"Ingestão de álcool pelo condutor";"Capotamento";"Com Vítimas Feridas";"Plena Noite";"Crescente";"Garoa/Chuvisco";"Dupla";"Reta";"Não";3;0;3;0;0;0;3;1;-19,78164295;-44,11733194;"SPRF-MG";"DEL01-MG";"UOP02-DEL01-MG"
503172;2023-02-04;"sábado";"21:00:00";"RJ";393;280;"BARRA DO PIRAI";"Frear bruscamente";"Colisão traseira";"Sem Vítimas";"Plena Noite";"Decrescente";"Céu Claro";"Simples";"Reta";"Sim";3;0;0;0;3;0;0;3;-22,47750785;-44,01954402;"SPRF-RJ";"DEL05-RJ";"UOP02-DEL05-RJ"
503173;2023-02-04;"sábado";"22:10:00";"PR";469;17,1;"FOZ DO IGUACU";"Acessar a via sem observar a presença dos outros veículos";"Colisão transversal";"Com Vítimas Feridas";"Plena Noite";"Crescente";"Céu Claro";"Simples";"Não Informado";"Sim";2;0;0;1;1;0;1;2;-25,5906;-54,5172;"SPRF-PR";"DEL05-PR";"UOP04-DEL05-PR"
503174;2023-02-04;"sábado";"21:30:00";"PR";369;126;"JATAIZINHO";"Ingestão de álcool pelo condutor";"Colisão com objeto";"Com Vítimas Feridas";"Plena Noite";"Decrescente";"Garoa/Chuvisco";"Dupla";"Retorno Regulamentado";"Não";2;0;0;2;0;0;2;1;-23,27664072;-50,96175134;"SPRF-PR";"DEL07-PR";"UOP05-DEL07-PR"
503175;2023-02-04;"sábado";"14:50:00";"MG";381;154,3;"GOVERNADOR VALADARES";"Conversão proibida";"Colisão traseira";"Com Vítimas Feridas";"Pleno dia";"Crescente";"Céu Claro";"Simples";"Reta";"Não";3;0;2;1;0;0;3;2;-18,88666107;-42,00230199;"SPRF-MG";"DEL06-MG";"UOP01-DEL06-MG"
503176;2023-02-04;"sábado";"19:50:00";"MG";267;43,6;"MARIPA DE MINAS";"Reação tardia ou ineficiente do condutor";"Colisão frontal";"Com Vítimas Feridas";"Plena Noite";"Crescente";"Nublado";"Simples";"Curva";"Não";3;0;0;1;2;0;1;2;-21,6829444;-42,92900685;"SPRF-MG";"DEL07-MG";"UOP01-DEL07-MG"
503177;2023-02-04;"sábado";"19:15:00";"SP";381;87;"SAO PAULO";"Pista Escorregadia";"Queda de ocupante de veículo";"Com Vítimas Feridas";"Anoitecer";"Decrescente";"Chuva";"Múltipla";"Reta";"Não";1;0;1;0;0;0;1;1;-23,46885001;-46,56996601;"SPRF-SP";"DEL03-SP";"UOP01-DEL03-SP"
503178;2023-02-04;"sábado";"22:15:00";"PR";153;52;"SANTO ANTONIO DA PLATINA";"Acesso irregular";"Saída de leito carroçável";"Sem Vítimas";"Plena Noite";"Crescente";"Céu Claro";"Simples";"Reta";"Não";1;0;0;0;0;1;0;1;-23,38045053;-50,06145351;"SPRF-PR";"DEL07-PR";"UOP04-DEL07-PR"
503179;2023-02-04;"sábado";"22:35:00";"SC";470;68,1;"INDAIAL";"Desrespeitar a preferência no cruzamento";"Colisão transversal";"Com Vítimas Feridas";"Pleno dia";"Decrescente";"Nublado";"Simples";"Não Informado";"Sim";2;0;0;1;1;0;1;2;-26,877615;-49,239231;"SPRF-SC";"DEL04-SC";"UOP01-DEL04-SC"
503180;2023-02-04;"sábado";"17:10:00";"RJ";116;173;"RIO DE JANEIRO";"Trafegar com motocicleta (ou similar) entre as faixas";"Queda de ocupante de veículo";"Com Vítimas Feridas";"Pleno dia";"Crescente";"Céu Claro";"Múltipla";"Reta";"Não";1;0;1;0;0;0;1;1;-22,79810324;-43,35726614;"SPRF-RJ";"DEL01-RJ";"UOP02-DEL01-RJ"
503182;2023-02-04;"sábado";"22:45:00";"SP";116;219;"GUARULHOS";"Acessar a via sem observar a presença dos outros veículos";"Atropelamento de Pedestre";"Com Vítimas Feridas";"Plena Noite";"Decrescente";"Nublado";"Dupla";"Reta";"Sim";2;0;2;0;0;0;2;1;-23,46143954;-46,48885316;"SPRF-SP";"DEL01-SP";"UOP01-DEL01-SP"
503183;2023-02-04;"sábado";"21:10:00";"PR";476;358;"UNIAO DA VITORIA";"Desrespeitar a preferência no cruzamento";"Colisão traseira";"Com Vítimas Feridas";"Plena Noite";"Crescente";"Nublado";"Simples";"Reta";"Sim";2;0;1;0;1;0;1;2;-26,198097;-51,052139;"SPRF-PR";"DEL02-PR";"UOP03-DEL02-PR"
503184;2023-02-04;"sábado";"21:00:00";"RJ";101;319;"SAO GONCALO";"Entrada inopinada do pedestre";"Colisão lateral mesmo sentido";"Sem Vítimas";"Plena Noite";"Decrescente";"Céu Claro";"Simples";"Reta";"Não";2;0;0;0;2;0;0;2;-22,85411774;-43,1018014;"SPRF-RJ";"DEL02-RJ";"UOP02-DEL02-RJ"
503185;2023-02-04;"sábado";"16:30:00";"SP";381;62;"MAIRIPORA";"Ausência de reação do condutor";"Queda de ocupante de veículo";"Com Vítimas Feridas";"Pleno dia";"Crescente";"Garoa/Chuvisco";"Simples";"Não Informado";"Sim";1;0;1;0;0;0;1;1;-23,29437896;-46,57254696;"SPRF-SP";"DEL03-SP";"UOP01-DEL03-SP"
503188;2023-02-04;"sábado";"22:09:00";"PB";230;242,7;"JUAZEIRINHO";"Animais na Pista";"Atropelamento de Animal";"Com Vítimas Feridas";"Plena Noite";"Crescente";"Céu Claro";"Simples";"Reta";"Sim";2;0;2;0;0;0;2;1;-7,0692;-36,5826;"SPRF-PB";"DEL02-PB";"UOP02-DEL02-PB"
503189;2023-02-04;"sábado";"20:45:00";"MA";316;195;"ZE DOCA";"Manobra de mudança de faixa";"Colisão frontal";"Com Vítimas Feridas";"Plena Noite";"Decrescente";"Céu Claro";"Simples";"Reta";"Sim";2;0;0;1;1;0;1;2;-3,250695;-45,654037;"SPRF-MA";"DEL02-MA";"UOP01-DEL02-MA"
503193;2023-02-04;"sábado";"21:30:00";"PR";116;7;"CAMPINA GRANDE DO SUL";"Ausência de reação do condutor";"Colisão traseira";"Com Vítimas Feridas";"Plena Noite";"Crescente";"Ignorado";"Dupla";"Reta";"Sim";2;0;1;0;1;0;1;2;-25,3683;-49,1074;"SPRF-PR";"DEL01-PR";"UOP02-DEL01-PR"
503195;2023-02-04;"sábado";"23:50:00";"BA";324;572;"SAO SEBASTIAO DO PASSE";"Condutor deixou de manter distância do veículo da frente";"Colisão traseira";"Sem Vítimas";"Plena Noite";"Crescente";"Céu Claro";"Dupla";"Reta";"Não";4;0;0;0;4;0;0;2;-12,5622012;-38,55964515;"SPRF-BA";"DEL01-BA";"UOP01-DEL01-BA"
503196;2023-02-04;"sábado";"23:35:00";"RS";472;588;"URUGUAIANA";"Ausência de reação do condutor";"Saída de leito carroçável";"Com Vítimas Feridas";"Plena Noite";"Crescente";"Céu Claro";"Simples";"Reta";"Não";1;0;1;0;0;0;1;1;-29,79338813;-57,09087336;"SPRF-RS";"DEL13-RS";"UOP01-DEL13-RS"
503198;2023-02-04;"sábado";"23:50:00";"PR";369;493,9;"CORBELIA";"Velocidade Incompatível";"Colisão com objeto";"Com Vítimas Feridas";"Plena Noite";"Decrescente";"Céu Claro";"Simples";"Curva";"Não";1;0;1;0;0;0;1;1;-24,74407095;-53,26890171;"SPRF-PR";"DEL04-PR";"UOP03-DEL04-PR"
503200;2023-02-04;"sábado";"22:50:00";"SC";101;208;"SAO JOSE";"Ingestão de álcool pelo condutor";"Colisão com objeto";"Sem Vítimas";"Plena Noite";"Crescente";"Céu Claro";"Dupla";"Curva";"Não";1;0;0;0;1;0;0;1;-27,60327979;-48,63201818;"SPRF-SC";"DEL01-SC";"UOP01-DEL01-SC"
503201;2023-02-04;"sábado";"23:45:00";"MS";163;529;"JARAGUARI";"Ingestão de álcool pelo condutor";"Tombamento";"Com Vítimas Feridas";"Plena Noite";"Crescente";"Céu Claro";"Simples";"Não Informado";"Não";1;0;1;0;0;0;1;1;-20,08043958;-54,43056107;"SPRF-MS";"DEL01-MS";"UOP02-DEL01-MS"
503202;2023-02-05;"domingo";"00:45:00";"ES";101;277,5;"SERRA";"Ausência de reação do condutor";"Colisão com objeto";"Com Vítimas Feridas";"Plena Noite";"Decrescente";"Céu Claro";"Dupla";"Curva";"Sim";1;0;0;1;0;0;1;1;-20,20828089;-40,30388897;"SPRF-ES";"DEL02-ES";"UOP01-DEL02-ES"
503203;2023-02-05;"domingo";"00:20:00";"SC";280;69,9;"JARAGUA DO SUL";"Acessar a via sem observar a presença dos outros veículos";"Colisão transversal";"Com Vítimas Feridas";"Plena Noite";"Decrescente";"Chuva";"Simples";"Reta";"Sim";3;0;2;0;1;0;2;2;-26,46803296;-49,11833097;"SPRF-SC";"DEL03-SC";"UOP03-DEL03-SC"
503205;2023-02-05;"domingo";"00:20:00";"PR";116;7,1;"CAMPINA GRANDE DO SUL";"Ingestão de álcool pelo condutor";"Colisão com objeto";"Com Vítimas Feridas";"Plena Noite";"Crescente";"Céu Claro";"Dupla";"Não Informado";"Sim";1;0;1;0;0;0;1;1;-25,3683;-49,1074;"SPRF-PR";"DEL01-PR";"UOP02-DEL01-PR"
503207;2023-02-05;"domingo";"01:42:00";"GO";60;392;"RIO VERDE";"Ingestão de álcool pelo condutor";"Saída de leito carroçável";"Sem Vítimas";"Plena Noite";"Decrescente";"Nublado";"Dupla";"Desvio Temporário";"Sim";1;0;0;0;1;0;0;1;-17,8266;-50,9789;"SPRF-GO";"DEL04-GO";"UOP02-DEL04-GO"
503209;2023-02-04;"sábado";"12:48:00";"MS";262;287,4;"RIBAS DO RIO PARDO";"Ausência de reação do condutor";"Saída de leito carroçável";"Com Vítimas Feridas";"Pleno dia";"Decrescente";"Céu Claro";"Simples";"Desvio Temporário";"Não";3;0;3;0;0;0;3;1;-20,48773744;-54,17504591;"SPRF-MS";"DEL01-MS";"UOP01-DEL01-MS"
503210;2023-02-05;"domingo";"01:00:00";"PR";116;142;"MANDIRITUBA";"Reação tardia ou ineficiente do condutor";"Saída de leito carroçável";"Sem Vítimas";"Plena Noite";"Decrescente";"Nublado";"Simples";"Reta";"Sim";1;0;0;0;1;0;0;1;-25,775179;-49,323673;"SPRF-PR";"DEL01-PR";"UOP03-DEL01-PR"
503211;2023-02-05;"domingo";"02:25:00";"MG";365;604;"UBERLANDIA";"Reação tardia ou ineficiente do condutor";"Saída de leito carroçável";"Com Vítimas Feridas";"Plena Noite";"Decrescente";"Nublado";"Simples";"Reta";"Não";4;0;4;0;0;0;4;1;-18,893475;-48,137034;"SPRF-MG";"DEL15-MG";"UOP01-DEL15-MG"
503213;2023-02-05;"domingo";"01:50:00";"PR";369;196,3;"APUCARANA";"Demais falhas mecânicas ou elétricas";"Tombamento";"Com Vítimas Feridas";"Plena Noite";"Decrescente";"Céu Claro";"Dupla";"Reta";"Não";2;0;1;0;1;0;1;1;-23,509201;-51,425937;"SPRF-PR";"DEL07-PR";"UOP03-DEL07-PR"
503214;2023-02-05;"domingo";"01:30:00";"SP";381;11,2;"VARGEM";"Reação tardia ou ineficiente do condutor";"Saída de leito carroçável";"Com Vítimas Feridas";"Plena Noite";"Crescente";"Céu Claro";"Dupla";"Reta";"Não";4;0;2;0;2;0;2;1;-22,92494964;-46,45274015;"SPRF-SP";"DEL03-SP";"UOP02-DEL03-SP"
503215;2023-02-04;"sábado";"22:30:00";"MA";222;185;"ITAPECURU MIRIM";"Ausência de reação do condutor";"Colisão frontal";"Com Vítimas Feridas";"Plena Noite";"Crescente";"Céu Claro";"Simples";"Reta";"Não";2;0;0;2;0;0;2;2;-3,47764942;-44,1992661;"SPRF-MA";"DEL01-MA";"UOP02-DEL01-MA"
503216;2023-02-05;"domingo";"01:50:00";"SC";116;7;"MAFRA";"Velocidade Incompatível";"Saída de leito carroçável";"Sem Vítimas";"Plena Noite";"Decrescente";"Nublado";"Simples";"Reta";"Sim";1;0;0;0;0;1;0;1;-26,15196176;-49,83102416;"SPRF-SC";"DEL06-SC";"UOP01-DEL06-SC"
503217;2023-02-05;"domingo";"02:30:00";"PR";369;160;"CAMBE";"Velocidade Incompatível";"Saída de leito carroçável";"Sem Vítimas";"Plena Noite";"Decrescente";"Céu Claro";"Dupla";"Interseção de vias";"Sim";2;0;0;0;1;1;0;1;-23,28473191;-51,25837868;"SPRF-PR";"DEL07-PR";"UOP01-DEL07-PR"
503218;2023-02-05;"domingo";"02:50:00";"PR";277;677;"MEDIANEIRA";"Ausência de reação do condutor";"Colisão traseira";"Com Vítimas Feridas";"Plena Noite";"Decrescente";"Céu Claro";"Dupla";"Não Informado";"Não";3;0;0;2;1;0;2;2;-25,30758578;-54,14057014;"SPRF-PR";"DEL05-PR";"UOP01-DEL05-PR"
503220;2023-02-05;"domingo";"03:45:00";"PR";376;4;"APUCARANA";"Reação tardia ou ineficiente do condutor";"Colisão com objeto";"Com Vítimas Feridas";"Plena Noite";"Crescente";"Céu Claro";"Simples";"Reta";"Sim";1;0;1;0;0;0;1;1;-23,5508;-51,44928;"SPRF-PR";"DEL07-PR";"UOP03-DEL07-PR"
503221;2023-02-05;"domingo";"03:30:00";"MS";163;466,4;"CAMPO GRANDE";"Ausência de reação do condutor";"Colisão com objeto";"Sem Vítimas";"Plena Noite";"Decrescente";"Nublado";"Simples";"Rotatória";"Não";1;0;0;0;0;1;0;1;-20,58293422;-54,58376884;"SPRF-MS";"DEL01-MS";"UOP01-DEL01-MS"
503222;2023-02-05;"domingo";"04:00:00";"PR";116;123,4;"CURITIBA";"Condutor Dormindo";"Queda de ocupante de veículo";"Com Vítimas Feridas";"Plena Noite";"Decrescente";"Céu Claro";"Dupla";"Reta";"Não";1;0;0;1;0;0;1;1;-25,57736002;-49,31243589;"SPRF-PR";"DEL01-PR";"UOP03-DEL01-PR"
503223;2023-02-05;"domingo";"05:20:00";"RS";101;82,7;"OSORIO";"Objeto estático sobre o leito carroçável";"Colisão com objeto";"Com Vítimas Feridas";"Amanhecer";"Decrescente";"Céu Claro";"Dupla";"Reta";"Sim";4;0;4;0;0;0;4;1;-29,84322488;-50,24558869;"SPRF-RS";"DEL03-RS";"UOP01-DEL03-RS"
503224;2023-02-05;"domingo";"05:30:00";"GO";50;185;"CAMPO ALEGRE DE GOIAS";"Ausência de reação do condutor";"Queda de ocupante de veículo";"Com Vítimas Feridas";"Amanhecer";"Crescente";"Nublado";"Dupla";"Reta";"Não";1;0;1;0;0;0;1;1;-17,4498;-47,805;"SPRF-GO";"DEL06-GO";"UOP01-DEL06-GO"
503227;2023-02-05;"domingo";"05:40:00";"GO";153;510;"APARECIDA DE GOIANIA";"Acesso irregular";"Colisão frontal";"Sem Vítimas";"Amanhecer";"Crescente";"Céu Claro";"Dupla";"Não Informado";"Sim";3;0;0;0;3;0;0;2;-16,7977;-49,2386;"SPRF-GO";"DEL01-GO";"UOP03-DEL01-GO"
503228;2023-02-05;"domingo";"06:30:00";"CE";20;356;"MARANGUAPE";"Avarias e/ou desgaste excessivo no pneu";"Queda de ocupante de veículo";"Com Vítimas Feridas";"Pleno dia";"Decrescente";"Céu Claro";"Simples";"Não Informado";"Não";2;0;2;0;0;0;2;1;-4,04995292;-39,01283105;"SPRF-CE";"DEL02-CE";"UOP01-DEL02-CE"
503230;2023-02-05;"domingo";"05:00:00";"GO";153;430;"ANAPOLIS";"Ingestão de álcool pelo condutor";"Colisão com objeto";"Sem Vítimas";"Plena Noite";"Crescente";"Céu Claro";"Dupla";"Não Informado";"Sim";1;0;0;0;0;1;0;1;-16,25157;-48,99474;"SPRF-GO";"DEL02-GO";"UOP01-DEL02-GO"
503231;2023-02-05;"domingo";"06:30:00";"PR";277;63,9;"SAO JOSE DOS PINHAIS";"Ausência de reação do condutor";"Colisão traseira";"Sem Vítimas";"Pleno dia";"Decrescente";"Céu Claro";"Dupla";"Reta";"Não";2;0;0;0;0;2;0;2;-25,56100984;-49,01719293;"SPRF-PR";"DEL01-PR";"UOP01-DEL01-PR"
503232;2023-02-05;"domingo";"05:30:00";"MG";40;530;"CONTAGEM";"Condutor Dormindo";"Saída de leito carroçável";"Com Vítimas Feridas";"Pleno dia";"Decrescente";"Céu Claro";"Dupla";"Não Informado";"Sim";1;0;1;0;0;0;1;1;-19,92064782;-44,0335681;"SPRF-MG";"DEL01-MG";"UOP02-DEL01-MG"
503233;2023-02-05;"domingo";"01:45:00";"MG";459;94,9;"POUSO ALEGRE";"Transitar na contramão";"Colisão lateral sentido oposto";"Com Vítimas Feridas";"Plena Noite";"Crescente";"Nublado";"Múltipla";"Curva";"Não";3;0;1;0;1;1;1;2;-22,184677;-45,988678;"SPRF-MG";"DEL09-MG";"UOP01-DEL09-MG"
503234;2023-02-04;"sábado";"20:20:00";"MG";365;756;"ITUIUTABA";"Ingestão de álcool pelo condutor";"Queda de ocupante de veículo";"Com Vítimas Feridas";"Plena Noite";"Decrescente";"Céu Claro";"Simples";"Rotatória";"Não";1;0;1;0;0;0;1;1;-18,96617733;-49,50632572;"SPRF-MG";"DEL15-MG";"UOP03-DEL15-MG"