"id";"data_inversa";"dia_semana";"horario";"uf";"br";"km";"municipio";"causa_acidente";"tipo_acidente";"classificacao_acidente";"fase_dia";"sentido_via";"condicao_metereologica";"tipo_pista";"tracado_via";"uso_solo";"pessoas";"mortos";"feridos_leves";"feridos_graves";"ilesos";"ignorados";"feridos";"veiculos";"latitude";"longitude";"regional";"delegacia";"uop"
503235;2023-02-05;"domingo";"06:30:00";"PR";469;13,7;"FOZ DO IGUACU";"Ausência de reação do condutor";"Saída de leito carroçável";"Sem Vítimas";"Amanhecer";"Decrescente";"Nevoeiro/Neblina";"Simples";"Reta";"Sim";1;0;0;0;0;1;0;1;-25,5754;-54,5489;"SPRF-PR";"DEL05-PR";"UOP04-DEL05-PR"
503236;2023-02-05;"domingo";"05:50:00";"SC";101;136,3;"BALNEARIO CAMBORIU";"Reação tardia ou ineficiente do condutor";"Queda de ocupante de veículo";"Com Vítimas Feridas";"Pleno dia";"Crescente";"Céu Claro";"Múltipla";"Reta";"Sim";2;0;2;0;0;0;2;1;-27,008113;-48,617245;"SPRF-SC";"DEL04-SC";"UOP03-DEL04-SC"
503237;2023-02-05;"domingo";"05:40:00";"SC";163;77,2;"SAO MIGUEL DO OESTE";"Velocidade Incompatível";"Saída de leito carroçável";"Com Vítimas Feridas";"Amanhecer";"Decrescente";"Céu Claro";"Simples";"Não Informado";"Não";3;0;1;0;1;1;1;1;-26,67615498;-53,51669997;"SPRF-SC";"DEL07-SC";"UOP03-DEL07-SC"
503238;2023-02-05;"domingo";"01:30:00";"MG";116;390,9;"GOVERNADOR VALADARES";"Ausência de reação do condutor";"Colisão frontal";"Com Vítimas Fatais";"Plena Noite";"Decrescente";"Céu Claro";"Simples";"Não Informado";"Não";4;2;0;0;2;0;0;2;-18,6860081;-41,98874405;"SPRF-MG";"DEL06-MG";"UOP01-DEL06-MG"
503239;2023-02-05;"domingo";"06:00:00";"RS";470;159;"NOVA PRATA";"Ausência de reação do condutor";"Saída de leito carroçável";"Sem Vítimas";"Amanhecer";"Decrescente";"Céu Claro";"Simples";"Não Informado";"Sim";1;0;0;0;0;1;0;1;-28,810128;-51,600868;"SPRF-RS";"DEL06-RS";"UOP02-DEL06-RS"
503240;2023-02-05;"domingo";"07:00:00";"SC";101;182;"GOVERNADOR CELSO RAMOS";"Reação tardia ou ineficiente do condutor";"Colisão traseira";"Sem Vítimas";"Pleno dia";"Decrescente";"Sol";"Dupla";"Reta";"Sim";3;0;0;0;3;0;0;1;-27,39798985;-48,6303592;"SPRF-SC";"DEL01-SC";"UOP01-DEL01-SC"
503241;2023-02-05;"domingo";"05:40:00";"MT";364;189;"RONDONOPOLIS";"Ingestão de álcool pelo condutor";"Saída de leito carroçável";"Com Vítimas Feridas";"Plena Noite";"Crescente";"Céu Claro";"Simples";"Reta";"Não";2;0;2;0;0;0;2;1;-16,55814995;-54,56173598;"SPRF-MT";"DEL02-MT";"UOP01-DEL02-MT"
503242;2023-02-05;"domingo";"07:31:00";"RS";101;10,2;"DOM PEDRO DE ALCANTARA";"Condutor Dormindo";"Saída de leito carroçável";"Com Vítimas Feridas";"Pleno dia";"Crescente";"Sol";"Dupla";"Reta";"Não";3;0;1;0;2;0;1;1;-29,37276611;-49,82302391;"SPRF-RS";"DEL03-RS";"UOP02-DEL03-RS"
503243;2023-02-05;"domingo";"06:10:00";"SC";282;587;"PINHALZINHO";"Ingestão de álcool e/ou substâncias psicoativas pelo pedestre";"Saída de leito carroçável";"Com Vítimas Feridas";"Amanhecer";"Decrescente";"Céu Claro";"Simples";"Curva";"Não";4;0;2;0;2;0;2;1;-26,83057159;-53,04496408;"SPRF-SC";"DEL07-SC";"UOP02-DEL07-SC"
503244;2023-02-05;"domingo";"06:25:00";"MT";163;60,5;"RONDONOPOLIS";"Reação tardia ou ineficiente do condutor";"Queda de ocupante de veículo";"Com Vítimas Feridas";"Amanhecer";"Decrescente";"Nublado";"Dupla";"Reta";"Não";1;0;1;0;0;0;1;1;-16,98753512;-54,75044767;"SPRF-MT";"DEL02-MT";"UOP03-DEL02-MT"
503245;2023-02-05;"domingo";"07:00:00";"PE";101;70;"RECIFE";"Ausência de reação do condutor";"Saída de leito carroçável";"Sem Vítimas";"Pleno dia";"Crescente";"Sol";"Dupla";"Reta";"Sim";1;0;0;0;0;1;0;1;-8,07505109;-34,93827224;"SPRF-PE";"DEL01-PE";"UOP01-DEL01-PE"
503247;2023-02-05;"domingo";"05:00:00";"CE";20;380;"CAUCAIA";"Demais falhas mecânicas ou elétricas";"Queda de ocupante de veículo";"Com Vítimas Fatais";"Pleno dia";"Decrescente";"Céu Claro";"Simples";"Reta";"Não";1;1;0;0;0;0;0;1;-3,91625499;-38,85098301;"SPRF-CE";"DEL01-CE";"UOP01-DEL01-CE"
503248;2023-02-05;"domingo";"05:45:00";"PE";101;207;"XEXEU";"Acumulo de água sobre o pavimento";"Saída de leito carroçável";"Com Vítimas Feridas";"Amanhecer";"Crescente";"Chuva";"Dupla";"Curva";"Não";1;0;1;0;0;0;1;1;-8,82545377;-35,64542552;"SPRF-PE";"DEL01-PE";"UOP03-DEL01-PE"
503249;2023-02-05;"domingo";"08:45:00";"SP";116;223;"GUARULHOS";"Manobra de mudança de faixa";"Colisão com objeto";"Com Vítimas Feridas";"Pleno dia";"Decrescente";"Céu Claro";"Múltipla";"Reta";"Sim";2;0;0;1;0;1;1;2;-23,47559815;-46,5246609;"SPRF-SP";"DEL01-SP";"UOP01-DEL01-SP"
503250;2023-02-05;"domingo";"06:20:00";"MS";267;191;"NOVA ALVORADA DO SUL";"Ausência de reação do condutor";"Saída de leito carroçável";"Sem Vítimas";"Pleno dia";"Crescente";"Céu Claro";"Simples";"Reta";"Não";1;0;0;0;0;1;0;1;-21,59923661;-53,86508606;"SPRF-MS";"DEL02-MS";"UOP03-DEL02-MS"
503251;2023-02-05;"domingo";"08:30:00";"PR";369;147,1;"LONDRINA";"Ingestão de álcool pelo condutor";"Tombamento";"Com Vítimas Feridas";"Pleno dia";"Crescente";"Nublado";"Dupla";"Não Informado";"Sim";2;0;1;0;1;0;1;1;-23,292999;-51,133537;"SPRF-PR";"DEL07-PR";"UOP01-DEL07-PR"
503252;2023-01-28;"sábado";"22:00:00";"BA";367;64;"PORTO SEGURO";"Animais na Pista";"Saída de leito carroçável";"Com Vítimas Feridas";"Plena Noite";"Decrescente";"Céu Claro";"Simples";"Reta";"Sim";1;0;1;0;0;0;1;1;-16,39485517;-39,41850207;"SPRF-BA";"DEL09-BA";"UOP03-DEL09-BA"
503253;2023-02-05;"domingo";"07:15:00";"BA";116;417,3;"FEIRA DE SANTANA";"Reação tardia ou ineficiente do condutor";"Colisão traseira";"Com Vítimas Feridas";"Pleno dia";"Crescente";"Sol";"Dupla";"Não Informado";"Não";24;0;21;0;3;0;21;2;-12,177085;-38,96510687;"SPRF-BA";"DEL02-BA";"UOP01-DEL02-BA"
503258;2023-02-05;"domingo";"06:00:00";"MA";10;118;"ESTREITO";"Ausência de reação do condutor";"Colisão com objeto";"Com Vítimas Fatais";"Amanhecer";"Decrescente";"Nevoeiro/Neblina";"Simples";"Não Informado";"Não";1;1;0;0;0;0;0;1;-6,64616;-47,430141;"SPRF-MA";"DEL04-MA";"UOP02-DEL04-MA"
503259;2023-02-05;"domingo";"08:15:00";"MA";10;253;"IMPERATRIZ";"Reação tardia ou ineficiente do condutor";"Colisão traseira";"Sem Vítimas";"Pleno dia";"Decrescente";"Céu Claro";"Dupla";"Reta";"Sim";3;0;0;0;3;0;0;2;-5,526911;-47,471455;"SPRF-MA";"DEL04-MA";"UOP01-DEL04-MA"
503260;2023-02-05;"domingo";"07:20:00";"RJ";116;194;"NOVA IGUACU";"Reação tardia ou ineficiente do condutor";"Colisão traseira";"Com Vítimas Feridas";"Pleno dia";"Crescente";"Céu Claro";"Múltipla";"Curva";"Não";3;0;1;0;2;0;1;2;-22,73711632;-43,53793909;"SPRF-RJ";"DEL01-RJ";"UOP02-DEL01-RJ"
503261;2023-02-05;"domingo";"00:50:00";"RJ";116;183;"NOVA IGUACU";"Ausência de reação do condutor";"Engavetamento";"Com Vítimas Feridas";"Plena Noite";"Crescente";"Céu Claro";"Dupla";"Reta";"Sim";4;0;1;0;3;0;1;3;-22,7516014;-43,43849831;"SPRF-RJ";"DEL01-RJ";"UOP02-DEL01-RJ"
503262;2023-02-05;"domingo";"07:50:00";"SC";470;150,8;"AGRONOMICA";"Mal súbito do condutor";"Saída de leito carroçável";"Com Vítimas Feridas";"Pleno dia";"Crescente";"Céu Claro";"Simples";"Reta";"Não";1;0;1;0;0;0;1;1;-27,256508;-49,710876;"SPRF-SC";"DEL04-SC";"UOP02-DEL04-SC"
503264;2023-02-05;"domingo";"02:30:00";"SC";470;111;"IBIRAMA";"Condutor Dormindo";"Tombamento";"Sem Vítimas";"Plena Noite";"Crescente";"Céu Claro";"Simples";"Curva";"Não";1;0;0;0;0;1;0;1;-27,095388;-49,457878;"SPRF-SC";"DEL04-SC";"UOP02-DEL04-SC"
503265;2023-02-05;"domingo";"06:03:00";"RJ";493;25;"MAGE";"Condutor Dormindo";"Saída de leito carroçável";"Com Vítimas Feridas";"Pleno dia";"Crescente";"Céu Claro";"Simples";"Reta";"Não";1;0;1;0;0;0;1;1;-22,65788388;-43,079654;"SPRF-RJ";"DEL02-RJ";"UOP04-DEL02-RJ"
503266;2023-02-05;"domingo";"09:00:00";"RS";158;311;"ITAARA";"Velocidade Incompatível";"Colisão traseira";"Com Vítimas Feridas";"Pleno dia";"Decrescente";"Sol";"Simples";"Não Informado";"Não";3;0;1;0;2;0;1;2;-29,61959825;-53,76787305;"SPRF-RS";"DEL09-RS";"UOP01-DEL09-RS"
503271;2023-02-05;"domingo";"09:00:00";"RJ";101;537;"PARATY";"Acessar a via sem observar a presença dos outros veículos";"Colisão transversal";"Com Vítimas Feridas";"Pleno dia";"Crescente";"Céu Claro";"Simples";"Reta";"Sim";2;0;1;0;1;0;1;2;-23,04205934;-44,57003488;"SPRF-RJ";"DEL03-RJ";"UOP03-DEL03-RJ"
503273;2023-02-05;"domingo";"08:00:00";"RJ";101;548;"PARATY";"Acessar a via sem observar a presença dos outros veículos";"Colisão transversal";"Com Vítimas Feridas";"Pleno dia";"Crescente";"Céu Claro";"Simples";"Reta";"Não";2;0;0;1;1;0;1;2;-23,04505073;-44,64600895;"SPRF-RJ";"DEL03-RJ";"UOP03-DEL03-RJ"
503274;2023-02-05;"domingo";"08:15:00";"RS";153;3,2;"CACHOEIRA DO SUL";"Ingestão de álcool pelo condutor";"Colisão traseira";"Com Vítimas Feridas";"Pleno dia";"Decrescente";"Sol";"Simples";"Reta";"Sim";2;0;1;0;1;0;1;2;-30,01299687;-52,89861202;"SPRF-RS";"DEL08-RS";"UOP04-DEL08-RS"
503277;2023-02-05;"domingo";"10:15:00";"MG";381;787;"SAO GONCALO DO SAPUCAI";"Pista esburacada";"Queda de ocupante de veículo";"Com Vítimas Feridas";"Pleno dia";"Decrescente";"Céu Claro";"Dupla";"Reta";"Não";2;0;2;0;0;0;2;1;-21,89946215;-45,55428277;"SPRF-MG";"DEL16-MG";"UOP02-DEL16-MG"
503279;2023-02-05;"domingo";"10:24:00";"PR";116;125,8;"FAZENDA RIO GRANDE";"Condutor desrespeitou a iluminação vermelha do semáforo";"Colisão transversal";"Com Vítimas Fatais";"Pleno dia";"Crescente";"Céu Claro";"Múltipla";"Reta";"Sim";7;1;1;1;3;1;2;2;-25,637007;-49,313082;"SPRF-PR";"DEL01-PR";"UOP03-DEL01-PR"
503280;2023-02-05;"domingo";"10:35:00";"AL";101;243,1;"PORTO REAL DO COLEGIO";"Acumulo de água sobre o pavimento";"Saída de leito carroçável";"Com Vítimas Feridas";"Pleno dia";"Decrescente";"Chuva";"Dupla";"Não Informado";"Não";5;0;4;0;1;0;4;1;-10,1677149;-36,82012712;"SPRF-AL";"DEL02-AL";"UOP02-DEL02-AL"
503281;2023-02-05;"domingo";"11:00:00";"SP";116;186;"SANTA ISABEL";"Acumulo de areia ou detritos sobre o pavimento";"Queda de ocupante de veículo";"Com Vítimas Feridas";"Pleno dia";"Crescente";"Céu Claro";"Dupla";"Curva";"Não";2;0;1;0;1;0;1;1;-23,35316717;-46,19754761;"SPRF-SP";"DEL01-SP";"UOP01-DEL01-SP"
503282;2023-02-05;"domingo";"09:40:00";"PR";277;49;"MORRETES";"Avarias e/ou desgaste excessivo no pneu";"Queda de ocupante de veículo";"Com Vítimas Feridas";"Pleno dia";"Decrescente";"Céu Claro";"Dupla";"Reta";"Não";2;0;2;0;0;0;2;1;-25,59243579;-48,89076291;"SPRF-PR";"DEL01-PR";"UOP01-DEL01-PR"
503283;2023-02-05;"domingo";"08:30:00";"PI";343;263,8;"CAMPO MAIOR";"Ingestão de álcool pelo condutor";"Colisão transversal";"Com Vítimas Feridas";"Pleno dia";"Decrescente";"Céu Claro";"Simples";"Reta";"Sim";3;0;2;0;1;0;2;2;-4,82526633;-42,1614933;"SPRF-PI";"DEL01-PI";"UOP03-DEL01-PI"
503285;2023-02-05;"domingo";"10:55:00";"SC";101;196;"BIGUACU";"Condutor deixou de manter distância do veículo da frente";"Colisão traseira";"Com Vítimas Feridas";"Pleno dia";"Decrescente";"Céu Claro";"Dupla";"Reta";"Não";3;0;2;0;1;0;2;2;-27,51101091;-48,64322292;"SPRF-SC";"DEL01-SC";"UOP01-DEL01-SC"
503287;2023-02-05;"domingo";"11:50:00";"SP";381;75;"SAO PAULO";"Avarias e/ou desgaste excessivo no pneu";"Queda de ocupante de veículo";"Com Vítimas Feridas";"Pleno dia";"Decrescente";"Céu Claro";"Dupla";"Não Informado";"Não";2;0;2;0;0;0;2;1;-23,37660089;-46,56409613;"SPRF-SP";"DEL03-SP";"UOP01-DEL03-SP"
503288;2023-02-05;"domingo";"11:40:00";"RN";101;78;"EXTREMOZ";"Condutor deixou de manter distância do veículo da frente";"Colisão traseira";"Com Vítimas Feridas";"Pleno dia";"Decrescente";"Céu Claro";"Dupla";"Reta";"Sim";3;0;2;0;0;1;2;2;-5,74071896;-35,29021064;"SPRF-RN";"DEL02-RN";"UOP01-DEL02-RN"
503290;2023-02-05;"domingo";"11:30:00";"MG";262;426,8;"SAO GONCALO DO PARA";"Velocidade Incompatível";"Colisão traseira";"Com Vítimas Fatais";"Pleno dia";"Decrescente";"Sol";"Dupla";"Reta";"Não";5;1;1;1;1;1;2;2;-19,890989;-44,835215;"SPRF-MG";"DEL08-MG";"UOP03-DEL08-MG"
503291;2023-02-05;"domingo";"12:00:00";"PI";343;333,2;"TERESINA";"Acessar a via sem observar a presença dos outros veículos";"Colisão traseira";"Com Vítimas Feridas";"Pleno dia";"Crescente";"Céu Claro";"Dupla";"Não Informado";"Sim";2;0;1;0;1;0;1;2;-5,05592787;-42,6810516;"SPRF-PI";"DEL01-PI";"UOP01-DEL01-PI"
503292;2023-02-05;"domingo";"11:40:00";"PR";476;196,3;"LAPA";"Acesso irregular";"Colisão transversal";"Com Vítimas Feridas";"Pleno dia";"Decrescente";"Céu Claro";"Simples";"Desvio Temporário";"Sim";3;0;1;2;0;0;3;2;-25,753437;-49,725754;"SPRF-PR";"DEL01-PR";"UAP06-DEL01-PR"
503294;2023-02-05;"domingo";"12:00:00";"SE";235;28;"AREIA BRANCA";"Demais falhas mecânicas ou elétricas";"Saída de leito carroçável";"Sem Vítimas";"Pleno dia";"Crescente";"Nublado";"Simples";"Não Informado";"Não";1;0;0;0;1;0;0;1;-10,79339;-37,278835;"SPRF-SE";"DEL01-SE";"UOP02-DEL01-SE"
503295;2023-02-05;"domingo";"12:30:00";"MG";381;805,9;"SAO GONCALO DO SAPUCAI";"Ausência de reação do condutor";"Colisão com objeto";"Com Vítimas Feridas";"Pleno dia";"Decrescente";"Sol";"Dupla";"Curva";"Não";2;0;1;0;1;0;1;1;-22,01443986;-45,67874834;"SPRF-MG";"DEL16-MG";"UOP02-DEL16-MG"
503296;2023-02-05;"domingo";"12:45:00";"MG";381;511;"IGARAPE";"Pedestre cruzava a pista fora da faixa";"Atropelamento de Pedestre";"Com Vítimas Feridas";"Pleno dia";"Decrescente";"Céu Claro";"Dupla";"Não Informado";"Sim";3;0;0;1;2;0;1;1;-20,08463223;-44,3099407;"SPRF-MG";"DEL04-MG";"UOP03-DEL04-MG"
503297;2023-02-05;"domingo";"10:40:00";"PR";376;643;"TIJUCAS DO SUL";"Demais falhas mecânicas ou elétricas";"Incêndio";"Sem Vítimas";"Pleno dia";"Decrescente";"Céu Claro";"Dupla";"Não Informado";"Não";2;0;0;0;2;0;0;1;-25,810227;-49,13342;"SPRF-PR";"DEL01-PR";"UOP04-DEL01-PR"
503298;2023-02-05;"domingo";"11:40:00";"MS";158;259;"TRES LAGOAS";"Reação tardia ou ineficiente do condutor";"Saída de leito carroçável";"Com Vítimas Feridas";"Pleno dia";"Crescente";"Nublado";"Simples";"Não Informado";"Não";4;0;1;0;3;0;1;1;-20,71351403;-51,75152004;"SPRF-MS";"DEL07-MS";"UOP01-DEL07-MS"
503299;2023-02-05;"domingo";"08:40:00";"MA";316;518,4;"CAXIAS";"Acumulo de areia ou detritos sobre o pavimento";"Tombamento";"Com Vítimas Feridas";"Pleno dia";"Decrescente";"Céu Claro";"Simples";"Reta";"Não";1;0;1;0;0;0;1;1;-4,767323;-43,61478;"SPRF-MA";"DEL03-MA";"UOP02-DEL03-MA"
503300;2023-02-05;"domingo";"12:35:00";"RO";364;197,7;"PIMENTA BUENO";"Ultrapassagem Indevida";"Colisão lateral mesmo sentido";"Com Vítimas Feridas";"Pleno dia";"Decrescente";"Céu Claro";"Simples";"Não Informado";"Sim";3;0;0;2;1;0;2;2;-11,67880278;-61,1878925;"SPRF-RO";"DEL02-RO";"UOP02-DEL02-RO"
503301;2023-02-05;"domingo";"11:55:00";"MS";158;99,7;"PARANAIBA";"Ingestão de álcool pelo condutor";"Tombamento";"Com Vítimas Feridas";"Pleno dia";"Decrescente";"Céu Claro";"Simples";"Reta";"Não";1;0;1;0;0;0;1;1;-19,70210533;-51,15879979;"SPRF-MS";"DEL08-MS";"UOP01-DEL08-MS"
503302;2023-02-05;"domingo";"10:00:00";"GO";153;533;"HIDROLANDIA";"Ausência de reação do condutor";"Saída de leito carroçável";"Com Vítimas Feridas";"Pleno dia";"Decrescente";"Céu Claro";"Dupla";"Não Informado";"Não";2;0;2;0;0;0;2;1;-16,9941;-49,2281;"SPRF-GO";"DEL01-GO";"UOP03-DEL01-GO"
503303;2023-02-05;"domingo";"12:30:00";"PE";232;58;"POMBOS";"Avarias e/ou desgaste excessivo no pneu";"Colisão com objeto";"Com Vítimas Feridas";"Pleno dia";"Crescente";"Chuva";"Dupla";"Não Informado";"Sim";1;0;1;0;0;0;1;1;-8,14462866;-35,39034714;"SPRF-PE";"DEL02-PE";"UOP02-DEL02PE"
503304;2023-02-05;"domingo";"09:45:00";"PI";343;296;"ALTOS";"Ausência de reação do condutor";"Saída de leito carroçável";"Com Vítimas Feridas";"Pleno dia";"Decrescente";"Céu Claro";"Simples";"Reta";"Não";1;0;1;0;0;0;1;1;-4,983114;-42,385761;"SPRF-PI";"DEL01-PI";"UOP03-DEL01-PI"
503305;2023-02-05;"domingo";"10:10:00";"BA";135;138;"RIACHAO DAS NEVES";"Reação tardia ou ineficiente do condutor";"Queda de ocupante de veículo";"Com Vítimas Feridas";"Pleno dia";"Crescente";"Sol";"Simples";"Curva";"Não";1;0;1;0;0;0;1;1;-11,85311573;-44,84448347;"SPRF-BA";"DEL08-BA";"UOP04-DEL08-BA"
503306;2023-02-05;"domingo";"12:20:00";"RJ";101;272;"RIO BONITO";"Manobra de mudança de faixa";"Tombamento";"Com Vítimas Feridas";"Pleno dia";"Crescente";"Sol";"Dupla";"Não Informado";"Não";1;0;1;0;0;0;1;1;-22,72935968;-42,70112512;"SPRF-RJ";"DEL02-RJ";"UOP03-DEL02-RJ"
503307;2023-02-05;"domingo";"12:40:00";"SC";101;150;"ITAPEMA";"Manobra de mudança de faixa";"Colisão lateral mesmo sentido";"Com Vítimas Feridas";"Pleno dia";"Decrescente";"Sol";"Múltipla";"Reta";"Sim";2;0;1;0;1;0;1;2;-27,11744799;-48,60940987;"SPRF-SC";"DEL04-SC";"UOP03-DEL04-SC"
503308;2023-02-05;"domingo";"12:00:00";"SC";101;149;"ITAPEMA";"Acessar a via sem observar a presença dos outros veículos";"Colisão traseira";"Com Vítimas Feridas";"Pleno dia";"Decrescente";"Sol";"Simples";"Viaduto";"Sim";2;0;1;0;1;0;1;2;-27,1089649;-48,61277586;"SPRF-SC";"DEL04-SC";"UOP03-DEL04-SC"
503309;2023-02-02;"quinta-feira";"13:28:00";"PB";101;82;"BAYEUX";"Reação tardia ou ineficiente do condutor";"Tombamento";"Com Vítimas Feridas";"Pleno dia";"Crescente";"Céu Claro";"Dupla";"Reta";"Sim";1;0;1;0;0;0;1;1;-7,12911;-34,93714;"SPRF-PB";"DEL01-PB";"UOP01-DEL01-PB"
503311;2023-02-05;"domingo";"13:44:00";"GO";50;270;"CATALAO";"Ingestão de álcool pelo condutor";"Saída de leito carroçável";"Sem Vítimas";"Pleno dia";"Decrescente";"Céu Claro";"Dupla";"Reta";"Não";1;0;0;0;1;0;0;1;-18,11363179;-47,89157152;"SPRF-GO";"DEL06-GO";"UOP01-DEL06-GO"
503313;2023-02-05;"domingo";"14:48:00";"TO";153;249;"COLINAS DO TOCANTINS";"Velocidade Incompatível";"Capotamento";"Com Vítimas Feridas";"Pleno dia";"Decrescente";"Chuva";"Dupla";"Reta";"Não";1;0;1;0;0;0;1;1;-8,070951037;-48,4669824387;"SPRF-TO";"DEL02-TO";"UOP02-DEL02-TO"
503315;2023-02-05;"domingo";"15:00:00";"ES";262;43,1;"MARECHAL FLORIANO";"Avarias e/ou desgaste excessivo no pneu";"Colisão frontal";"Com Vítimas Feridas";"Pleno dia";"Crescente";"Chuva";"Simples";"Não Informado";"Não";3;0;1;0;2;0;1;2;-20,38524458;-40,65385185;"SPRF-ES";"DEL01-ES";"UOP01-DEL01-ES"
503316;2023-02-05;"domingo";"12:35:00";"SC";470;93,5;"APIUNA";"Transitar na contramão";"Colisão frontal";"Com Vítimas Fatais";"Pleno dia";"Crescente";"Céu Claro";"Simples";"Reta";"Não";5;1;0;0;4;0;0;2;-27,001184;-49,3750804;"SPRF-SC";"DEL04-SC";"UOP01-DEL04-SC"
503318;2023-02-05;"domingo";"15:50:00";"RN";101;118;"SAO JOSE DE MIPIBU";"Ingestão de álcool e/ou substâncias psicoativas pelo pedestre";"Colisão traseira";"Sem Vítimas";"Pleno dia";"Decrescente";"Céu Claro";"Dupla";"Retorno Regulamentado";"Não";2;0;0;0;2;0;0;2;-6,016059;-35,253475;"SPRF-RN";"DEL01-RN";"UOP01-DEL01-RN"
503319;2023-02-05;"domingo";"12:05:00";"GO";452;177;"ITUMBIARA";"Ingestão de álcool e/ou substâncias psicoativas pelo pedestre";"Queda de ocupante de veículo";"Com Vítimas Feridas";"Pleno dia";"Decrescente";"Nublado";"Simples";"Reta";"Não";1;0;0;1;0;0;1;1;-18,35924338;-49,3730033;"SPRF-GO";"DEL03-GO";"UOP02-DEL03-GO"
503321;2023-02-05;"domingo";"15:22:00";"RS";158;176,9;"PEJUCARA";"Transitar na contramão";"Colisão lateral sentido oposto";"Com Vítimas Feridas";"Pleno dia";"Decrescente";"Sol";"Simples";"Não Informado";"Não";3;0;2;0;0;1;2;2;-28,48426711;-53,54937373;"SPRF-RS";"DEL10-RS";"UOP02-DEL10-RS"
503322;2023-02-05;"domingo";"15:30:00";"BA";116;433,1;"FEIRA DE SANTANA";"Ausência de reação do condutor";"Saída de leito carroçável";"Com Vítimas Feridas";"Pleno dia";"Decrescente";"Céu Claro";"Dupla";"Reta";"Não";2;0;2;0;0;0;2;1;-12,301988;-39,039972;"SPRF-BA";"DEL02-BA";"UOP01-DEL02-BA"
503324;2023-02-05;"domingo";"16:00:00";"MG";262;784;"UBERABA";"Condutor Dormindo";"Saída de leito carroçável";"Com Vítimas Feridas";"Pleno dia";"Crescente";"Céu Claro";"Simples";"Reta";"Não";4;0;3;0;1;0;3;1;-19,74457012;-47,76014328;"SPRF-MG";"DEL13-MG";"UOP01-DEL13-MG"
503325;2023-02-05;"domingo";"16:00:00";"BA";116;808,4;"VITORIA DA CONQUISTA";"Ultrapassagem Indevida";"Colisão frontal";"Com Vítimas Feridas";"Pleno dia";"Crescente";"Céu Claro";"Simples";"Reta";"Não";5;0;0;2;3;0;2;2;-14,7433918;-40,66503611;"SPRF-BA";"DEL08-BA";"UOP01-DEL08-BA"
503326;2023-02-05;"domingo";"16:05:00";"SC";101;60,8;"ARAQUARI";"Avarias e/ou desgaste excessivo no pneu";"Queda de ocupante de veículo";"Com Vítimas Feridas";"Pleno dia";"Decrescente";"Sol";"Múltipla";"Curva";"Sim";2;0;2;0;0;0;2;1;-26,45072823;-48,78570317;"SPRF-SC";"DEL03-SC";"UOP02-DEL03-SC"
503327;2023-02-05;"domingo";"16:00:00";"MG";40;576;"ITABIRITO";"Acessar a via sem observar a presença dos outros veículos";"Colisão transversal";"Com Vítimas Feridas";"Pleno dia";"Crescente";"Céu Claro";"Simples";"Reta";"Não";5;0;0;1;4;0;1;2;-20,25519179;-43,96137357;"SPRF-MG";"DEL01-MG";"UOP02-DEL01-MG"
503328;2023-02-05;"domingo";"04:00:00";"MT";163;1056;"GUARANTA DO NORTE";"Transitar na contramão";"Colisão frontal";"Com Vítimas Fatais";"Amanhecer";"Decrescente";"Céu Claro";"Simples";"Reta";"Não";3;1;1;0;0;1;1;3;-10,035676;-54,909965;"SPRF-MT";"DEL06-MT";"UOP03-DEL06-MT"
503329;2023-02-05;"domingo";"13:05:00";"RN";406;46;"JANDAIRA";"Ausência de reação do condutor";"Colisão com objeto";"Com Vítimas Feridas";"Pleno dia";"Crescente";"Garoa/Chuvisco";"Simples";"Reta";"Não";1;0;1;0;0;0;1;1;-5,29636511;-36,26075662;"SPRF-RN";"DEL02-RN";"UOP01-DEL02-RN"
503330;2023-02-05;"domingo";"15:45:00";"SC";101;168;"TIJUCAS";"Demais falhas mecânicas ou elétricas";"Tombamento";"Com Vítimas Feridas";"Pleno dia";"Decrescente";"Sol";"Dupla";"Reta";"Não";2;0;2;0;0;0;2;1;-27,279105;-48,631554;"SPRF-SC";"DEL04-SC";"UOP03-DEL04-SC"
503332;2023-02-05;"domingo";"16:45:00";"GO";153;516,1;"APARECIDA DE GOIANIA";"Ingestão de álcool pelo condutor";"Colisão lateral mesmo sentido";"Sem Vítimas";"Pleno dia";"Crescente";"Nublado";"Múltipla";"Reta";"Sim";2;0;0;0;2;0;0;2;-16,8390921;-49,24495426;"SPRF-GO";"DEL01-GO";"UOP03-DEL01-GO"
503333;2023-01-12;"quinta-feira";"12:00:00";"MG";40;176,5;"JOAO PINHEIRO";"Acumulo de água sobre o pavimento";"Saída de leito carroçável";"Com Vítimas Feridas";"Pleno dia";"Decrescente";"Chuva";"Simples";"Não Informado";"Não";3;0;2;1;0;0;3;1;-17,96024022;-46,01446609;"SPRF-MG";"DEL14-MG";"UOP02-DEL14-MG"
503334;2023-02-05;"domingo";"16:30:00";"MG";40;651,7;"CRISTIANO OTONI";"Ausência de reação do condutor";"Saída de leito carroçável";"Com Vítimas Feridas";"Pleno dia";"Decrescente";"Céu Claro";"Simples";"Curva";"Não";1;0;1;0;0;0;1;1;-20,83352974;-43,80472872;"SPRF-MG";"DEL05-MG";"UOP02-DEL05-MG"