"id";"data_inversa";"dia_semana";"horario";"uf";"br";"km";"municipio";"causa_acidente";"tipo_acidente";"classificacao_acidente";"fase_dia";"sentido_via";"condicao_metereologica";"tipo_pista";"tracado_via";"uso_solo";"pessoas";"mortos";"feridos_leves";"feridos_graves";"ilesos";"ignorados";"feridos";"veiculos";"latitude";"longitude";"regional";"delegacia";"uop"
503336;2023-02-05;"domingo";"17:00:00";"SC";282;22,3;"SANTO AMARO DA IMPERATRIZ";"Acessar a via sem observar a presença dos outros veículos";"Colisão transversal";"Com Vítimas Feridas";"Pleno dia";"Decrescente";"Céu Claro";"Simples";"Reta";"Sim";3;0;0;2;1;0;2;2;-27,688507;-48,72739;"SPRF-SC";"DEL01-SC";"UOP02-DEL01-SC"
503337;2023-02-05;"domingo";"17:10:00";"SP";116;122,5;"CACAPAVA";"Condutor deixou de manter distância do veículo da frente";"Colisão traseira";"Sem Vítimas";"Pleno dia";"Decrescente";"Nublado";"Dupla";"Não Informado";"Não";5;0;0;0;4;1;0;2;-23,08754228;-45,66969781;"SPRF-SP";"DEL02-SP";"UOP02-DEL02-SP"
503338;2023-02-05;"domingo";"17:00:00";"SE";101;199;"CRISTINAPOLIS";"Ultrapassagem Indevida";"Colisão lateral mesmo sentido";"Com Vítimas Feridas";"Pleno dia";"Crescente";"Céu Claro";"Simples";"Reta";"Sim";3;0;2;0;1;0;2;2;-11,48067309;-37,76331995;"SPRF-SE";"DEL02-SE";"UOP03-DEL02-SE"
503339;2023-02-05;"domingo";"17:07:00";"PR";476;157,9;"ARAUCARIA";"Reação tardia ou ineficiente do condutor";"Colisão traseira";"Com Vítimas Feridas";"Pleno dia";"Decrescente";"Céu Claro";"Simples";"Reta";"Sim";4;0;1;0;3;0;1;2;-25,60713772;-49,42145639;"SPRF-PR";"DEL01-PR";"UAP06-DEL01-PR"
503340;2023-02-05;"domingo";"17:15:00";"RS";392;96;"MORRO REDONDO";"Ausência de reação do condutor";"Saída de leito carroçável";"Com Vítimas Feridas";"Pleno dia";"Crescente";"Céu Claro";"Simples";"Não Informado";"Não";2;0;2;0;0;0;2;1;-31,56036793;-52,54775386;"SPRF-RS";"DEL07-RS";"UOP01-DEL07-RS"
503341;2023-02-05;"domingo";"14:30:00";"PB";104;132;"QUEIMADAS";"Reação tardia ou ineficiente do condutor";"Queda de ocupante de veículo";"Com Vítimas Feridas";"Pleno dia";"Crescente";"Céu Claro";"Simples";"Reta";"Sim";2;0;1;1;0;0;2;1;-7,30787596;-35,89344027;"SPRF-PB";"DEL02-PB";"UOP03-DEL02-PB"
503342;2023-02-05;"domingo";"17:48:00";"GO";40;6,7;"VALPARAISO DE GOIAS";"Ingestão de álcool pelo condutor";"Atropelamento de Pedestre";"Com Vítimas Feridas";"Anoitecer";"Decrescente";"Céu Claro";"Simples";"Reta";"Sim";2;0;0;1;1;0;1;1;-16,100814;-47,977351;"SPRF-DF";"DEL01-DF";"UOP01-DEL01-DF"
503343;2023-02-05;"domingo";"17:00:00";"PB";230;159,4;"CAMPINA GRANDE";"Acessar a via sem observar a presença dos outros veículos";"Colisão transversal";"Com Vítimas Feridas";"Pleno dia";"Crescente";"Céu Claro";"Simples";"Interseção de vias";"Sim";3;0;0;2;0;1;2;2;-7,252;-35,9334;"SPRF-PB";"DEL02-PB";"UOP01-DEL02-PB"
503345;2023-02-05;"domingo";"17:00:00";"RJ";40;113;"DUQUE DE CAXIAS";"Manobra de mudança de faixa";"Colisão traseira";"Com Vítimas Feridas";"Pleno dia";"Decrescente";"Chuva";"Múltipla";"Reta";"Sim";4;0;3;0;1;0;3;2;-22,70948502;-43,29040354;"SPRF-RJ";"DEL01-RJ";"UOP01-DEL01-RJ"
503347;2023-02-05;"domingo";"18:35:00";"GO";153;513;"APARECIDA DE GOIANIA";"Ingestão de álcool pelo condutor";"Colisão com objeto";"Com Vítimas Feridas";"Pleno dia";"Decrescente";"Céu Claro";"Dupla";"Reta";"Não";2;0;2;0;0;0;2;1;-16,8244;-49,2421;"SPRF-GO";"DEL01-GO";"UOP03-DEL01-GO"
503348;2023-02-05;"domingo";"18:44:00";"SP";381;71;"MAIRIPORA";"Ausência de reação do condutor";"Queda de ocupante de veículo";"Com Vítimas Feridas";"Anoitecer";"Crescente";"Céu Claro";"Dupla";"Curva";"Não";3;0;1;0;2;0;1;2;-23,35047979;-46,55267274;"SPRF-SP";"DEL03-SP";"UOP01-DEL03-SP"
503349;2023-02-05;"domingo";"14:30:00";"RJ";116;132;"MAGE";"Ausência de reação do condutor";"Saída de leito carroçável";"Com Vítimas Feridas";"Pleno dia";"Crescente";"Garoa/Chuvisco";"Dupla";"Reta";"Não";2;0;0;2;0;0;2;1;-22,65703272;-43,13458092;"SPRF-RJ";"DEL02-RJ";"UOP04-DEL02-RJ"
503351;2023-02-05;"domingo";"17:50:00";"PR";376;350,9;"ORTIGUEIRA";"Manobra de mudança de faixa";"Colisão lateral mesmo sentido";"Com Vítimas Feridas";"Pleno dia";"Decrescente";"Sol";"Dupla";"Reta";"Sim";3;0;1;0;2;0;1;2;-24,21255971;-50,94029367;"SPRF-PR";"DEL07-PR";"UOP02-DEL07-PR"
503352;2023-02-05;"domingo";"18:40:00";"ES";101;238;"FUNDAO";"Acessar a via sem observar a presença dos outros veículos";"Colisão transversal";"Com Vítimas Feridas";"Plena Noite";"Crescente";"Céu Claro";"Simples";"Reta";"Não";2;0;1;0;0;1;1;2;-20,00196;-40,41321;"SPRF-ES";"DEL02-ES";"UOP01-DEL02-ES"
503353;2023-02-05;"domingo";"18:16:00";"RN";226;6;"NATAL";"Velocidade Incompatível";"Colisão traseira";"Com Vítimas Feridas";"Plena Noite";"Crescente";"Céu Claro";"Simples";"Reta";"Não";6;0;0;1;5;0;1;2;-5,82099198;-35,27688801;"SPRF-RN";"DEL01-RN";"UOP02-DEL01-RN"
503354;2023-02-05;"domingo";"17:30:00";"SC";101;225;"PALHOCA";"Condutor deixou de manter distância do veículo da frente";"Colisão traseira";"Com Vítimas Feridas";"Pleno dia";"Decrescente";"Céu Claro";"Dupla";"Reta";"Não";2;0;1;0;1;0;1;2;-27,73292191;-48,6409567;"SPRF-SC";"DEL01-SC";"UOP02-DEL01-SC"
503357;2023-02-05;"domingo";"18:40:00";"RS";470;175;"VERANOPOLIS";"Reação tardia ou ineficiente do condutor";"Saída de leito carroçável";"Com Vítimas Feridas";"Pleno dia";"Decrescente";"Céu Claro";"Simples";"Curva";"Sim";2;0;2;0;0;0;2;1;-28,91926201;-51,53914905;"SPRF-RS";"DEL06-RS";"UOP02-DEL06-RS"
503358;2023-02-05;"domingo";"19:00:00";"SC";101;359;"SANGAO";"Ausência de reação do condutor";"Capotamento";"Com Vítimas Feridas";"Anoitecer";"Decrescente";"Céu Claro";"Simples";"Não Informado";"Não";2;0;1;1;0;0;2;1;-28,66040971;-49,11045313;"SPRF-SC";"DEL02-SC";"UOP01-DEL02-SC"
503360;2023-02-05;"domingo";"17:55:00";"RJ";101;55;"CAMPOS DOS GOYTACAZES";"Entrada inopinada do pedestre";"Atropelamento de Pedestre";"Com Vítimas Feridas";"Plena Noite";"Decrescente";"Nublado";"Simples";"Reta";"Sim";2;0;0;1;0;1;1;1;-21,67939364;-41,3107717;"SPRF-RJ";"DEL08-RJ";"UOP01-DEL08-RJ"
503361;2023-02-05;"domingo";"16:30:00";"RJ";40;93;"DUQUE DE CAXIAS";"Chuva";"Saída de leito carroçável";"Com Vítimas Feridas";"Pleno dia";"Decrescente";"Chuva";"Dupla";"Não Informado";"Não";2;0;1;0;1;0;1;1;-22,5554282;-43,25829998;"SPRF-RJ";"DEL06-RJ";"UOP02-DEL06-RJ"
503362;2023-02-05;"domingo";"17:28:00";"RO";364;310;"PRESIDENTE MEDICI";"Condutor deixou de manter distância do veículo da frente";"Colisão traseira";"Com Vítimas Feridas";"Anoitecer";"Decrescente";"Chuva";"Simples";"Reta";"Sim";7;0;0;2;5;0;2;3;-11,154387;-61,90159;"SPRF-RO";"DEL02-RO";"UOP01-DEL02-RO"
503363;2023-02-05;"domingo";"19:35:00";"MG";262;362,5;"BETIM";"Condutor deixou de manter distância do veículo da frente";"Colisão traseira";"Com Vítimas Feridas";"Plena Noite";"Crescente";"Céu Claro";"Dupla";"Reta";"Sim";3;0;1;0;2;0;1;2;-19,98025969;-44,22672112;"SPRF-MG";"DEL01-MG";"UOP03-DEL01-MG"
503366;2023-02-05;"domingo";"19:55:00";"MG";365;6,9;"MONTES CLAROS";"Demais falhas mecânicas ou elétricas";"Incêndio";"Sem Vítimas";"Plena Noite";"Crescente";"Nublado";"Simples";"Não Informado";"Não";1;0;0;0;1;0;0;1;-16,76417412;-43,88409886;"SPRF-MG";"DEL12-MG";"UOP01-DEL12-MG"
503367;2023-02-05;"domingo";"17:45:00";"MG";153;42,2;"CANAPOLIS";"Velocidade Incompatível";"Saída de leito carroçável";"Com Vítimas Feridas";"Pleno dia";"Crescente";"Nublado";"Dupla";"Não Informado";"Não";2;0;2;0;0;0;2;1;-18,755473;-49,078254;"SPRF-MG";"DEL15-MG";"UOP03-DEL15-MG"
503368;2023-02-05;"domingo";"19:50:00";"RS";287;249;"SANTA MARIA";"Velocidade Incompatível";"Colisão com objeto";"Sem Vítimas";"Plena Noite";"Crescente";"Céu Claro";"Simples";"Não Informado";"Sim";2;0;0;0;2;0;0;1;-29,69400654;-53,86100019;"SPRF-RS";"DEL09-RS";"UOP01-DEL09-RS"
503369;2023-02-05;"domingo";"19:00:00";"RR";401;3;"CANTA";"Ausência de reação do condutor";"Colisão lateral mesmo sentido";"Com Vítimas Feridas";"Plena Noite";"Crescente";"Céu Claro";"Simples";"Reta";"Sim";2;0;1;1;0;0;2;1;2,79386178;-60,66665958;"SPRF-RR";"N/A";"UOP01-DEL01-RR"
503371;2023-02-05;"domingo";"20:15:00";"RJ";101;489;"ANGRA DOS REIS";"Condutor deixou de manter distância do veículo da frente";"Colisão traseira";"Sem Vítimas";"Plena Noite";"Decrescente";"Garoa/Chuvisco";"Simples";"Reta";"Sim";2;0;0;0;2;0;0;2;-22,95605138;-44,30404997;"SPRF-RJ";"DEL03-RJ";"UOP02-DEL03-RJ"
503372;2023-02-05;"domingo";"20:10:00";"SP";381;71;"MAIRIPORA";"Reação tardia ou ineficiente do condutor";"Colisão traseira";"Com Vítimas Feridas";"Plena Noite";"Crescente";"Garoa/Chuvisco";"Múltipla";"Reta";"Não";3;0;1;0;2;0;1;2;-23,35047979;-46,55267274;"SPRF-SP";"DEL03-SP";"UOP01-DEL03-SP"
503373;2023-02-05;"domingo";"20:30:00";"RJ";40;114;"DUQUE DE CAXIAS";"Condutor deixou de manter distância do veículo da frente";"Colisão transversal";"Com Vítimas Feridas";"Plena Noite";"Crescente";"Nublado";"Múltipla";"Reta";"Não";5;0;2;0;3;0;2;3;-22,71853604;-43,28993324;"SPRF-RJ";"DEL01-RJ";"UOP01-DEL01-RJ"
503374;2023-02-05;"domingo";"18:50:00";"AL";316;226;"ATALAIA";"Acessar a via sem observar a presença dos outros veículos";"Colisão traseira";"Sem Vítimas";"Plena Noite";"Decrescente";"Chuva";"Simples";"Reta";"Não";2;0;0;0;1;1;0;2;-9,48398693;-36,15120494;"SPRF-AL";"DEL01-AL";"UOP01-DEL01-AL"
503375;2023-02-05;"domingo";"19:40:00";"RJ";116;129;"MAGE";"Ausência de reação do condutor";"Queda de ocupante de veículo";"Com Vítimas Feridas";"Plena Noite";"Crescente";"Céu Claro";"Dupla";"Reta";"Sim";1;0;1;0;0;0;1;1;-22,66471224;-43,11056004;"SPRF-RJ";"DEL02-RJ";"UOP04-DEL02-RJ"
503376;2023-02-05;"domingo";"21:00:00";"GO";414;418;"ABADIANIA";"Ingestão de álcool pelo condutor";"Saída de leito carroçável";"Com Vítimas Feridas";"Plena Noite";"Decrescente";"Nublado";"Simples";"Não Informado";"Não";8;0;1;0;6;1;1;1;-16,10791381;-48,8741361;"SPRF-GO";"DEL02-GO";"UOP01-DEL02-GO"
503378;2023-02-05;"domingo";"20:10:00";"PE";104;30;"TORITAMA";"Acessar a via sem observar a presença dos outros veículos";"Colisão transversal";"Com Vítimas Feridas";"Plena Noite";"Decrescente";"Céu Claro";"Simples";"Reta";"Não";3;0;2;0;1;0;2;2;-8,0137;-36,0565;"SPRF-PE";"DEL02-PE";"UOP01-DEL02-PE"
503379;2023-02-05;"domingo";"03:30:00";"BA";407;13;"JUAZEIRO";"Condutor Dormindo";"Colisão lateral sentido oposto";"Com Vítimas Feridas";"Plena Noite";"Crescente";"Céu Claro";"Simples";"Reta";"Sim";2;0;0;1;1;0;1;2;-9,51262117;-40,45959135;"SPRF-BA";"DEL04-BA";"UOP01-DEL04-BA"
503380;2023-02-05;"domingo";"19:30:00";"BA";116;810;"VITORIA DA CONQUISTA";"Ingestão de álcool ou de substâncias psicoativas pelo pedestre";"Atropelamento de Pedestre";"Com Vítimas Feridas";"Plena Noite";"Crescente";"Céu Claro";"Simples";"Reta";"Não";2;0;2;0;0;0;2;1;-14,75189084;-40,68129309;"SPRF-BA";"DEL08-BA";"UOP01-DEL08-BA"
503381;2023-02-05;"domingo";"19:00:00";"CE";20;287,2;"CANINDE";"Animais na Pista";"Atropelamento de Animal";"Com Vítimas Feridas";"Plena Noite";"Crescente";"Nublado";"Simples";"Não Informado";"Não";2;0;2;0;0;0;2;1;-4,51986396;-39,36613986;"SPRF-CE";"DEL02-CE";"UOP01-DEL02-CE"
503382;2023-02-05;"domingo";"21:10:00";"ES";101;148,3;"LINHARES";"Ingestão de álcool ou de substâncias psicoativas pelo pedestre";"Atropelamento de Pedestre";"Com Vítimas Feridas";"Plena Noite";"Decrescente";"Céu Claro";"Dupla";"Curva";"Sim";2;0;0;2;0;0;2;1;-19,38787399;-40,06752766;"SPRF-ES";"DEL04-ES";"UOP01-DEL04-ES"
503383;2023-02-05;"domingo";"18:30:00";"BA";367;24;"PORTO SEGURO";"Acessar a via sem observar a presença dos outros veículos";"Queda de ocupante de veículo";"Com Vítimas Feridas";"Plena Noite";"Decrescente";"Céu Claro";"Simples";"Curva";"Sim";2;0;1;1;0;0;2;2;-16,43763962;-39,0813791;"SPRF-BA";"DEL09-BA";"UOP03-DEL09-BA"
503384;2023-02-05;"domingo";"17:40:00";"SC";282;602;"CUNHA PORA";"Acessar a via sem observar a presença dos outros veículos";"Colisão transversal";"Com Vítimas Feridas";"Pleno dia";"Crescente";"Sol";"Simples";"Interseção de vias";"Não";4;0;1;0;3;0;1;2;-26,80541837;-53,18133831;"SPRF-SC";"DEL07-SC";"UOP02-DEL07-SC"
503385;2023-02-05;"domingo";"18:30:00";"SC";101;75;"ARAQUARI";"Reação tardia ou ineficiente do condutor";"Colisão traseira";"Sem Vítimas";"Plena Noite";"Decrescente";"Céu Claro";"Dupla";"Reta";"Não";2;0;0;0;2;0;0;2;-26,5519717;-48,71688324;"SPRF-SC";"DEL03-SC";"UOP02-DEL03-SC"
503388;2023-02-05;"domingo";"19:30:00";"MT";163;755;"SORRISO";"Pista esburacada";"Colisão com objeto";"Sem Vítimas";"Plena Noite";"Decrescente";"Céu Claro";"Dupla";"Não Informado";"Sim";1;0;0;0;1;0;0;1;-12,63198432;-55,77543862;"SPRF-MT";"DEL06-MT";"UOP01-DEL06-MT"
503389;2023-02-05;"domingo";"21:00:00";"PE";232;409;"SERRA TALHADA";"Condutor deixou de manter distância do veículo da frente";"Colisão traseira";"Com Vítimas Feridas";"Plena Noite";"Crescente";"Céu Claro";"Simples";"Não Informado";"Sim";3;0;2;1;0;0;3;2;-7,981944;-38,289467;"SPRF-PE";"DEL04-PE";"UOP01-DEL04-PE"
503390;2023-02-05;"domingo";"20:59:00";"SC";101;321;"PESCARIA BRAVA";"Ausência de reação do condutor";"Colisão com objeto";"Sem Vítimas";"Plena Noite";"Crescente";"Céu Claro";"Dupla";"Reta";"Sim";2;0;0;0;0;2;0;1;-28,42532339;-48,8919091;"SPRF-SC";"DEL02-SC";"UOP01-DEL02-SC"
503392;2023-01-22;"domingo";"18:00:00";"AM";319;17;"CAREIRO DA VARZEA";"Reação tardia ou ineficiente do condutor";"Colisão com objeto";"Com Vítimas Feridas";"Plena Noite";"Crescente";"Nublado";"Simples";"Curva";"Não";1;0;1;0;0;0;1;1;-3,22496394;-59,86618579;"SPRF-AM";"N/A";"UOP04-DEL01-AM"
503393;2023-02-05;"domingo";"20:27:00";"PR";153;108;"IBAITI";"Pedestre cruzava a pista fora da faixa";"Atropelamento de Pedestre";"Com Vítimas Feridas";"Plena Noite";"Crescente";"Céu Claro";"Simples";"Reta";"Sim";2;0;1;0;1;0;1;1;-23,838009;-50,19312;"SPRF-PR";"DEL07-PR";"UOP04-DEL07-PR"
503394;2023-02-05;"domingo";"20:10:00";"RR";174;484;"BOA VISTA";"Condutor deixou de manter distância do veículo da frente";"Colisão traseira";"Com Vítimas Feridas";"Plena Noite";"Crescente";"Céu Claro";"Simples";"Reta";"Não";1;0;0;1;0;0;1;1;2,72078;-60,823662;"SPRF-RR";"N/A";"UOP01-DEL01-RR"
503395;2023-02-05;"domingo";"22:10:00";"RJ";356;167;"SAO JOAO DA BARRA";"Ingestão de álcool pelo condutor";"Colisão traseira";"Com Vítimas Feridas";"Plena Noite";"Decrescente";"Céu Claro";"Simples";"Reta";"Não";2;0;1;0;1;0;1;2;-21,71855602;-41,10127604;"SPRF-RJ";"DEL08-RJ";"UOP02-DEL08-RJ"
503398;2023-02-05;"domingo";"22:10:00";"SC";470;77,4;"RODEIO";"Ausência de reação do condutor";"Saída de leito carroçável";"Sem Vítimas";"Plena Noite";"Decrescente";"Céu Claro";"Simples";"Curva";"Não";1;0;0;0;1;0;0;1;-26,94919605;-49,2976284;"SPRF-SC";"DEL04-SC";"UOP01-DEL04-SC"
503399;2023-02-05;"domingo";"21:00:00";"GO";20;210,6;"POSSE";"Ingestão de álcool pelo condutor";"Colisão lateral sentido oposto";"Com Vítimas Feridas";"Plena Noite";"Crescente";"Céu Claro";"Simples";"Reta";"Não";4;0;1;0;3;0;1;3;-14,268924;-46,380203;"SPRF-DF";"DEL02-DF";"UOP03-DEL02-DF"
503400;2023-02-05;"domingo";"18:15:00";"BA";101;195;"CONCEICAO DA FEIRA";"Demais falhas mecânicas ou elétricas";"Incêndio";"Sem Vítimas";"Anoitecer";"Decrescente";"Céu Claro";"Simples";"Reta";"Não";1;0;0;0;1;0;0;1;-12,59711407;-39,02915403;"SPRF-BA";"DEL01-BA";"UOP03-DEL01-BA"
503402;2023-02-05;"domingo";"22:20:00";"RJ";101;415;"MANGARATIBA";"Iluminação deficiente";"Tombamento";"Com Vítimas Feridas";"Plena Noite";"Crescente";"Nublado";"Dupla";"Reta";"Não";1;0;1;0;0;0;1;1;-22,90433243;-43,88181398;"SPRF-RJ";"DEL01-RJ";"UOP04-DEL01-RJ"
503403;2023-02-05;"domingo";"23:10:00";"RS";470;160;"NOVA PRATA";"Ingestão de álcool pelo condutor";"Saída de leito carroçável";"Sem Vítimas";"Plena Noite";"Decrescente";"Céu Claro";"Simples";"Não Informado";"Sim";1;0;0;0;1;0;0;1;-28,81066741;-51,60061401;"SPRF-RS";"DEL06-RS";"UOP02-DEL06-RS"
503404;2023-02-05;"domingo";"20:30:00";"RN";405;75;"APODI";"Ausência de reação do condutor";"Colisão traseira";"Com Vítimas Feridas";"Plena Noite";"Crescente";"Céu Claro";"Dupla";"Reta";"Sim";3;0;1;1;0;1;2;2;-5,6430151;-37,79996162;"SPRF-RN";"DEL04-RN";"UOP02-DEL04-RN"
503405;2023-02-05;"domingo";"19:30:00";"BA";30;341,1;"MALHADA DE PEDRAS";"Ausência de reação do condutor";"Colisão traseira";"Com Vítimas Fatais";"Plena Noite";"Crescente";"Céu Claro";"Simples";"Reta";"Não";2;1;0;0;0;1;0;2;-14,23512364;-41,89484387;"SPRF-BA";"DEL08-BA";"UOP01-DEL08-BA"
503406;2023-02-05;"domingo";"23:05:00";"MG";262;49,8;"MANHUACU";"Transitar na contramão";"Colisão frontal";"Com Vítimas Feridas";"Plena Noite";"Crescente";"Céu Claro";"Simples";"Curva";"Não";6;0;3;1;2;0;4;2;-20,24782001;-42,12958192;"SPRF-MG";"DEL06-MG";"UOP03-DEL06-MG"
503407;2023-02-05;"domingo";"22:05:00";"CE";116;232;"ALTO SANTO";"Animais na Pista";"Saída de leito carroçável";"Sem Vítimas";"Plena Noite";"Crescente";"Céu Claro";"Simples";"Reta";"Não";1;0;0;0;1;0;0;1;-5,41109825;-38,26314994;"SPRF-CE";"DEL03-CE";"UOP01-DEL03-CE"
503408;2023-02-05;"domingo";"23:15:00";"CE";116;5;"FORTALEZA";"Reação tardia ou ineficiente do condutor";"Colisão com objeto";"Com Vítimas Feridas";"Plena Noite";"Decrescente";"Céu Claro";"Dupla";"Reta";"Sim";3;0;1;0;1;1;1;1;-3,79467116;-38,50772734;"SPRF-CE";"DEL01-CE";"UOP02-DEL01-CE"
503409;2023-02-05;"domingo";"23:30:00";"PE";316;85;"OURICURI";"Animais na Pista";"Atropelamento de Animal";"Com Vítimas Feridas";"Plena Noite";"Decrescente";"Céu Claro";"Dupla";"Reta";"Não";1;0;0;1;0;0;1;1;-7,88417113;-40,0701651;"SPRF-PE";"DEL05-PE";"UOP02-DEL05-PE"
503410;2023-02-05;"domingo";"22:15:00";"MG";365;11,4;"MONTES CLAROS";"Ingestão de álcool pelo condutor";"Colisão frontal";"Sem Vítimas";"Plena Noite";"Crescente";"Ignorado";"Simples";"Não Informado";"Não";2;0;0;0;1;1;0;2;-16,833585;-43,948603;"SPRF-MG";"DEL12-MG";"UOP01-DEL12-MG"
503411;2023-02-05;"domingo";"22:30:00";"MG";116;180,2;"CARAI";"Ausência de reação do condutor";"Capotamento";"Com Vítimas Feridas";"Plena Noite";"Decrescente";"Nublado";"Simples";"Reta";"Não";1;0;1;0;0;0;1;1;-17,08489136;-41,48608495;"SPRF-MG";"DEL11-MG";"UOP01-DEL11-MG"
503412;2023-02-05;"domingo";"23:30:00";"BA";324;550;"AMELIA RODRIGUES";"Ausência de reação do condutor";"Saída de leito carroçável";"Com Vítimas Feridas";"Plena Noite";"Decrescente";"Céu Claro";"Dupla";"Reta";"Não";1;0;1;0;0;0;1;1;-12,43832718;-38,72506515;"SPRF-BA";"DEL01-BA";"UOP03-DEL01-BA"
503413;2023-02-05;"domingo";"22:20:00";"MT";163;694;"LUCAS DO RIO VERDE";"Acumulo de água sobre o pavimento";"Tombamento";"Com Vítimas Feridas";"Plena Noite";"Decrescente";"Chuva";"Simples";"Reta";"Não";2;0;2;0;0;0;2;1;-13,12620914;-55,96026168;"SPRF-MT";"DEL06-MT";"UOP01-DEL06-MT"
503414;2023-02-05;"domingo";"17:50:00";"BA";324;616;"SALVADOR";"Ausência de reação do condutor";"Tombamento";"Com Vítimas Feridas";"Anoitecer";"Decrescente";"Céu Claro";"Dupla";"Não Informado";"Sim";1;0;1;0;0;0;1;1;-12,87957905;-38,43213893;"SPRF-BA";"DEL01-BA";"UOP01-DEL01-BA"
503415;2023-02-06;"segunda-feira";"00:06:00";"SP";381;80;"SAO PAULO";"Demais falhas mecânicas ou elétricas";"Incêndio";"Sem Vítimas";"Plena Noite";"Crescente";"Chuva";"Dupla";"Reta";"Não";1;0;0;0;1;0;0;1;-23,40889686;-46,58095945;"SPRF-SP";"DEL03-SP";"UOP01-DEL03-SP"
503417;2023-02-06;"segunda-feira";"00:40:00";"RJ";101;445;"MANGARATIBA";"Reação tardia ou ineficiente do condutor";"Saída de leito carroçável";"Com Vítimas Feridas";"Plena Noite";"Crescente";"Nublado";"Simples";"Curva";"Não";1;0;1;0;0;0;1;1;-22,99332083;-44,09244699;"SPRF-RJ";"DEL03-RJ";"UOP01-DEL03-RJ"
503419;2023-02-06;"segunda-feira";"01:50:00";"PR";376;528,3;"PONTA GROSSA";"Ingestão de álcool pelo condutor";"Colisão traseira";"Com Vítimas Feridas";"Plena Noite";"Decrescente";"Ignorado";"Dupla";"Reta";"Não";3;0;2;0;1;0;2;2;-25,28540208;-49,90785241;"SPRF-PR";"DEL03-PR";"UOP04-DEL03-PR"
503420;2023-02-06;"segunda-feira";"01:00:00";"PB";230;379;"CONDADO";"Animais na Pista";"Atropelamento de Animal";"Sem Vítimas";"Plena Noite";"Decrescente";"Céu Claro";"Simples";"Não Informado";"Não";1;0;0;0;1;0;0;1;-6,9088;-37,5918;"SPRF-PB";"DEL03-PB";"UOP02-DEL03-PB"
503422;2023-02-06;"segunda-feira";"04:31:00";"TO";153;145;"ARAGUAINA";"Animais na Pista";"Atropelamento de Animal";"Com Vítimas Feridas";"Plena Noite";"Crescente";"Nublado";"Simples";"Reta";"Sim";2;0;2;0;0;0;2;1;-7,20503614;-48,24035166;"SPRF-TO";"DEL02-TO";"UOP01-DEL02-TO"
503424;2023-02-06;"segunda-feira";"02:00:00";"GO";153;424,8;"ANAPOLIS";"Ingestão de álcool pelo condutor";"Colisão com objeto";"Com Vítimas Feridas";"Plena Noite";"Decrescente";"Nublado";"Simples";"Reta";"Não";1;0;0;1;0;0;1;1;-16,213171;-49,0173;"SPRF-GO";"DEL02-GO";"UOP01-DEL02-GO"
503426;2023-02-06;"segunda-feira";"04:00:00";"SP";488;4,1;"APARECIDA";"Velocidade Incompatível";"Capotamento";"Com Vítimas Feridas";"Amanhecer";"Crescente";"Céu Claro";"Dupla";"Curva";"Sim";2;0;1;0;0;1;1;1;-22,85861129;-45,25153112;"SPRF-SP";"DEL08-SP";"UOP01-DEL08-SP"
503427;2023-02-05;"domingo";"21:03:00";"BA";116;413;"FEIRA DE SANTANA";"Animais na Pista";"Atropelamento de Animal";"Com Vítimas Feridas";"Plena Noite";"Crescente";"Céu Claro";"Dupla";"Não Informado";"Não";1;0;1;0;0;0;1;1;-12,14246805;-38,96658117;"SPRF-BA";"DEL02-BA";"UOP01-DEL02-BA"
503428;2023-01-13;"sexta-feira";"19:37:00";"ES";101;262;"SERRA";"Reação tardia ou ineficiente do condutor";"Colisão transversal";"Com Vítimas Feridas";"Plena Noite";"Decrescente";"Nublado";"Múltipla";"Reta";"Sim";2;0;0;1;0;1;1;2;-20,1572331;-40,27678329;"SPRF-ES";"DEL02-ES";"UOP01-DEL02-ES"
503430;2023-02-06;"segunda-feira";"05:30:00";"MS";267;396;"MARACAJU";"Reação tardia ou ineficiente do condutor";"Colisão com objeto";"Com Vítimas Feridas";"Pleno dia";"Decrescente";"Céu Claro";"Dupla";"Rotatória";"Não";1;0;0;1;0;0;1;1;-21,618866;-55,436947;"SPRF-MS";"DEL05-MS";"UOP01-DEL05-MS"
503431;2023-02-06;"segunda-feira";"06:50:00";"SC";101;207,4;"SAO JOSE";"Condutor deixou de manter distância do veículo da frente";"Colisão traseira";"Com Vítimas Feridas";"Pleno dia";"Decrescente";"Céu Claro";"Múltipla";"Reta";"Não";3;0;1;0;2;0;1;3;-27,60001226;-48,6226467;"SPRF-SC";"DEL01-SC";"UOP01-DEL01-SC"
503433;2023-02-05;"domingo";"22:00:00";"BA";367;27,5;"PORTO SEGURO";"Ingestão de álcool pelo condutor";"Colisão frontal";"Com Vítimas Fatais";"Plena Noite";"Crescente";"Céu Claro";"Simples";"Curva";"Sim";5;1;2;2;0;0;4;2;-16,4238769;-39,10203391;"SPRF-BA";"DEL09-BA";"UOP03-DEL09-BA"