"id";"data_inversa";"dia_semana";"horario";"uf";"br";"km";"municipio";"causa_acidente";"tipo_acidente";"classificacao_acidente";"fase_dia";"sentido_via";"condicao_metereologica";"tipo_pista";"tracado_via";"uso_solo";"pessoas";"mortos";"feridos_leves";"feridos_graves";"ilesos";"ignorados";"feridos";"veiculos";"latitude";"longitude";"regional";"delegacia";"uop"
503434;2023-02-05;"domingo";"23:00:00";"MG";116;406;"GOVERNADOR VALADARES";"Transitar na contramão";"Colisão frontal";"Com Vítimas Feridas";"Pleno dia";"Crescente";"Céu Claro";"Simples";"Reta";"Sim";4;0;1;0;3;0;1;2;-18,81853329;-41,98467936;"SPRF-MG";"DEL06-MG";"UOP01-DEL06-MG"
503435;2023-02-06;"segunda-feira";"06:00:00";"CE";20;308,5;"CANINDE";"Ingestão de álcool pelo condutor";"Colisão com objeto";"Com Vítimas Feridas";"Pleno dia";"Crescente";"Céu Claro";"Simples";"Reta";"Sim";2;0;2;0;0;0;2;1;-4,34943993;-39,29934009;"SPRF-CE";"DEL02-CE";"UOP01-DEL02-CE"
503436;2023-02-06;"segunda-feira";"06:30:00";"SP";381;22;"BRAGANCA PAULISTA";"Avarias e/ou desgaste excessivo no pneu";"Queda de ocupante de veículo";"Com Vítimas Feridas";"Pleno dia";"Crescente";"Garoa/Chuvisco";"Simples";"Retorno Regulamentado";"Não";1;0;1;0;0;0;1;1;-22,99697186;-46,5163051;"SPRF-SP";"DEL03-SP";"UOP02-DEL03-SP"
503437;2023-02-06;"segunda-feira";"06:24:00";"RJ";116;186;"NOVA IGUACU";"Reação tardia ou ineficiente do condutor";"Colisão lateral mesmo sentido";"Com Vítimas Feridas";"Pleno dia";"Decrescente";"Céu Claro";"Múltipla";"Reta";"Sim";3;0;2;0;1;0;2;2;-22,73962339;-43,46276495;"SPRF-RJ";"DEL01-RJ";"UOP02-DEL01-RJ"
503441;2023-02-06;"segunda-feira";"05:40:00";"PR";376;502,5;"PONTA GROSSA";"Manobra de mudança de faixa";"Tombamento";"Com Vítimas Feridas";"Amanhecer";"Crescente";"Céu Claro";"Simples";"Reta";"Não";1;0;0;1;0;0;1;1;-25,21604594;-50,05797693;"SPRF-PR";"DEL03-PR";"UOP04-DEL03-PR"
503442;2023-02-06;"segunda-feira";"05:30:00";"SC";101;202;"SAO JOSE";"Condutor deixou de manter distância do veículo da frente";"Queda de ocupante de veículo";"Com Vítimas Feridas";"Amanhecer";"Crescente";"Céu Claro";"Dupla";"Reta";"Não";2;0;1;0;1;0;1;2;-27,55711595;-48,61897889;"SPRF-SC";"DEL01-SC";"UOP01-DEL01-SC"
503443;2023-02-06;"segunda-feira";"03:15:00";"RS";290;184,5;"MINAS DO LEAO";"Ausência de reação do condutor";"Saída de leito carroçável";"Com Vítimas Feridas";"Plena Noite";"Crescente";"Céu Claro";"Simples";"Reta";"Não";5;0;5;0;0;0;5;1;-30,14566;-52,053452;"SPRF-RS";"DEL02-RS";"UOP03-DEL02-RS"
503444;2023-02-06;"segunda-feira";"07:30:00";"MG";262;485,3;"BETIM";"Ausência de reação do condutor";"Colisão traseira";"Com Vítimas Feridas";"Pleno dia";"Crescente";"Céu Claro";"Múltipla";"Não Informado";"Sim";2;0;1;0;1;0;1;2;-19,9551928;-44,0989469;"SPRF-MG";"DEL08-MG";"UOP03-DEL08-MG"
503446;2023-02-06;"segunda-feira";"07:10:00";"PB";101;82;"BAYEUX";"Reação tardia ou ineficiente do condutor";"Colisão traseira";"Com Vítimas Feridas";"Pleno dia";"Crescente";"Nublado";"Dupla";"Não Informado";"Sim";3;0;2;0;1;0;2;2;-7,131425;-34,932652;"SPRF-PB";"DEL01-PB";"UOP01-DEL01-PB"
503447;2023-02-06;"segunda-feira";"07:50:00";"RS";290;88;"PORTO ALEGRE";"Trafegar com motocicleta (ou similar) entre as faixas";"Colisão lateral mesmo sentido";"Com Vítimas Feridas";"Pleno dia";"Crescente";"Céu Claro";"Múltipla";"Reta";"Não";3;0;1;0;2;0;1;3;-29,967531;-51,137264;"SPRF-RS";"DEL01-RS";"UOP01-DEL01-RS"
503449;2023-02-06;"segunda-feira";"07:50:00";"CE";116;21,7;"EUSEBIO";"Velocidade Incompatível";"Colisão com objeto";"Com Vítimas Feridas";"Pleno dia";"Crescente";"Céu Claro";"Dupla";"Reta";"Não";1;0;0;1;0;0;1;1;-3,93175901;-38,50825087;"SPRF-CE";"DEL01-CE";"UOP02-DEL01-CE"
503450;2023-02-06;"segunda-feira";"08:12:00";"RJ";116;185;"NOVA IGUACU";"Reação tardia ou ineficiente do condutor";"Colisão lateral mesmo sentido";"Com Vítimas Feridas";"Pleno dia";"Decrescente";"Céu Claro";"Dupla";"Reta";"Sim";3;0;1;0;2;0;1;3;-22,74151051;-43,45351823;"SPRF-RJ";"DEL01-RJ";"UOP02-DEL01-RJ"
503452;2023-02-06;"segunda-feira";"07:25:00";"RN";101;41;"MAXARANGUAPE";"Acessar a via sem observar a presença dos outros veículos";"Colisão transversal";"Com Vítimas Feridas";"Pleno dia";"Decrescente";"Céu Claro";"Simples";"Não Informado";"Não";2;0;0;1;1;0;1;2;-5,45836718;-35,33640862;"SPRF-RN";"DEL02-RN";"UOP01-DEL02-RN"
503455;2023-02-06;"segunda-feira";"08:10:00";"PB";230;140,7;"CAMPINA GRANDE";"Desrespeitar a preferência no cruzamento";"Colisão transversal";"Com Vítimas Feridas";"Pleno dia";"Decrescente";"Nublado";"Dupla";"Retorno Regulamentado";"Sim";2;0;1;0;1;0;1;2;-7,268;-35,7991;"SPRF-PB";"DEL02-PB";"UOP01-DEL02-PB"
503456;2023-02-06;"segunda-feira";"08:00:00";"RS";116;264;"CANOAS";"Condutor deixou de manter distância do veículo da frente";"Colisão traseira";"Sem Vítimas";"Pleno dia";"Decrescente";"Céu Claro";"Dupla";"Reta";"Sim";3;0;0;0;2;1;0;3;-29,91483428;-51,17755651;"SPRF-RS";"DEL01-RS";"UOP01-DEL01-RS"
503457;2023-02-06;"segunda-feira";"08:20:00";"CE";116;3;"FORTALEZA";"Condutor deixou de manter distância do veículo da frente";"Tombamento";"Com Vítimas Feridas";"Pleno dia";"Decrescente";"Céu Claro";"Múltipla";"Reta";"Sim";1;0;1;0;0;0;1;1;-3,77866493;-38,51490171;"SPRF-CE";"DEL01-CE";"UOP02-DEL01-CE"
503462;2023-02-06;"segunda-feira";"07:00:00";"MA";10;299,1;"SAO FRANCISCO DO BREJAO";"Acessar a via sem observar a presença dos outros veículos";"Colisão transversal";"Sem Vítimas";"Pleno dia";"Decrescente";"Céu Claro";"Simples";"Não Informado";"Sim";2;0;0;0;1;1;0;2;-5,122542;-47,547592;"SPRF-MA";"DEL04-MA";"UOP03-DEL04-MA"
503464;2023-02-06;"segunda-feira";"08:40:00";"BA";116;415;"FEIRA DE SANTANA";"Acumulo de areia ou detritos sobre o pavimento";"Queda de ocupante de veículo";"Com Vítimas Feridas";"Pleno dia";"Crescente";"Céu Claro";"Dupla";"Reta";"Sim";1;0;1;0;0;0;1;1;-12,159639;-38,9648641;"SPRF-BA";"DEL02-BA";"UOP01-DEL02-BA"
503467;2023-02-06;"segunda-feira";"01:50:00";"MA";135;267;"CAPINZAL DO NORTE";"Acessar a via sem observar a presença dos outros veículos";"Colisão traseira";"Com Vítimas Feridas";"Amanhecer";"Crescente";"Céu Claro";"Simples";"Reta";"Sim";2;0;0;1;1;0;1;2;-4,71941091;-44,33226624;"SPRF-MA";"DEL03-MA";"UOP01-DEL03-MA"
503469;2023-02-06;"segunda-feira";"08:30:00";"SP";116;275;"EMBU DAS ARTES";"Reação tardia ou ineficiente do condutor";"Colisão traseira";"Com Vítimas Feridas";"Pleno dia";"Decrescente";"Sol";"Dupla";"Reta";"Sim";2;0;1;0;1;0;1;2;-23,63638826;-46,83251584;"SPRF-SP";"DEL04-SP";"UOP01-DEL04-SP"
503470;2023-02-06;"segunda-feira";"09:40:00";"SC";101;134;"BALNEARIO CAMBORIU";"Ausência de reação do condutor";"Colisão traseira";"Com Vítimas Feridas";"Pleno dia";"Decrescente";"Céu Claro";"Dupla";"Interseção de vias";"Sim";2;0;1;0;1;0;1;2;-27,00218;-48,636433;"SPRF-SC";"DEL04-SC";"UOP03-DEL04-SC"
503471;2023-02-06;"segunda-feira";"08:00:00";"MG";153;24;"CENTRALINA";"Pista esburacada";"Saída de leito carroçável";"Com Vítimas Feridas";"Pleno dia";"Decrescente";"Céu Claro";"Dupla";"Não Informado";"Não";4;0;3;0;1;0;3;1;-18,63126816;-49,18366828;"SPRF-MG";"DEL15-MG";"UOP03-DEL15-MG"
503472;2023-02-06;"segunda-feira";"08:45:00";"MT";70;595;"NOSSA SENHORA DO LIVRAMENTO";"Conversão proibida";"Colisão lateral mesmo sentido";"Com Vítimas Feridas";"Pleno dia";"Crescente";"Céu Claro";"Simples";"Reta";"Não";3;0;3;0;0;0;3;2;-15,7988646891;-56,6898353245;"SPRF-MT";"DEL03-MT";"UOP02-DEL03-MT"
503473;2023-02-06;"segunda-feira";"09:15:00";"MG";40;596,7;"OURO PRETO";"Condutor Dormindo";"Saída de leito carroçável";"Com Vítimas Feridas";"Pleno dia";"Crescente";"Sol";"Simples";"Não Informado";"Não";1;0;1;0;0;0;1;1;-20,42039404;-43,88202494;"SPRF-MG";"DEL05-MG";"UOP02-DEL05-MG"
503477;2023-02-06;"segunda-feira";"10:00:00";"RS";290;86,6;"PORTO ALEGRE";"Trafegar com motocicleta (ou similar) entre as faixas";"Colisão lateral mesmo sentido";"Com Vítimas Feridas";"Pleno dia";"Crescente";"Céu Claro";"Dupla";"Reta";"Não";2;0;1;0;1;0;1;2;-29,96779;-51,122802;"SPRF-RS";"DEL01-RS";"UOP01-DEL01-RS"
503478;2023-02-06;"segunda-feira";"10:10:00";"PR";277;730;"FOZ DO IGUACU";"Condutor deixou de manter distância do veículo da frente";"Colisão traseira";"Com Vítimas Feridas";"Pleno dia";"Decrescente";"Céu Claro";"Dupla";"Curva";"Não";3;0;1;0;2;0;1;2;-25,50826305;-54,59238593;"SPRF-PR";"DEL05-PR";"UOP03-DEL05-PR"
503480;2023-02-06;"segunda-feira";"10:16:00";"CE";20;207;"BOA VIAGEM";"Demais falhas mecânicas ou elétricas";"Capotamento";"Com Vítimas Feridas";"Pleno dia";"Decrescente";"Nublado";"Simples";"Não Informado";"Não";1;0;0;1;0;0;1;1;-5,10172399;-39,71503303;"SPRF-CE";"DEL02-CE";"UOP02-DEL02-CE"
503482;2023-02-06;"segunda-feira";"10:50:00";"ES";101;25;"CONCEICAO DA BARRA";"Acessar a via sem observar a presença dos outros veículos";"Colisão lateral mesmo sentido";"Com Vítimas Feridas";"Pleno dia";"Decrescente";"Céu Claro";"Simples";"Reta";"Não";5;0;1;0;4;0;1;2;-18,36739611;-39,95084729;"SPRF-ES";"DEL04-ES";"UOP02-DEL04-ES"
503484;2023-02-06;"segunda-feira";"09:29:00";"SC";280;23,4;"ARAQUARI";"Velocidade Incompatível";"Engavetamento";"Com Vítimas Feridas";"Pleno dia";"Crescente";"Sol";"Simples";"Reta";"Sim";4;0;1;0;3;0;1;3;-26,37146;-48,711887;"SPRF-SC";"DEL03-SC";"UOP03-DEL03-SC"
503485;2023-02-06;"segunda-feira";"10:30:00";"GO";20;151,7;"ALVORADA DO NORTE";"Velocidade Incompatível";"Saída de leito carroçável";"Sem Vítimas";"Pleno dia";"Crescente";"Nublado";"Simples";"Reta";"Não";1;0;0;0;0;1;0;1;-14,689062;-46,647823;"SPRF-DF";"DEL02-DF";"UOP03-DEL02-DF"
503486;2023-02-06;"segunda-feira";"07:50:00";"SC";470;69,6;"INDAIAL";"Ausência de reação do condutor";"Colisão traseira";"Com Vítimas Feridas";"Pleno dia";"Decrescente";"Sol";"Simples";"Reta";"Não";3;0;1;0;2;0;1;3;-26,883745;-49,246704;"SPRF-SC";"DEL04-SC";"UOP01-DEL04-SC"
503487;2023-02-06;"segunda-feira";"08:00:00";"PE";316;41;"ARARIPINA";"Declive acentuado";"Capotamento";"Sem Vítimas";"Pleno dia";"Crescente";"Céu Claro";"Simples";"Desvio Temporário";"Não";1;0;0;0;0;1;0;1;-7,67084567;-40,38459884;"SPRF-PE";"DEL05-PE";"UOP02-DEL05-PE"
503491;2023-01-13;"sexta-feira";"20:30:00";"SC";101;122;"ITAJAI";"Ingestão de álcool pelo condutor";"Colisão traseira";"Sem Vítimas";"Plena Noite";"Crescente";"Chuva";"Dupla";"Reta";"Sim";2;0;0;0;2;0;0;2;-26,92955916;-48,70499836;"SPRF-SC";"DEL04-SC";"UOP04-DEL04-SC"
503492;2023-02-06;"segunda-feira";"12:10:00";"RJ";101;63;"CAMPOS DOS GOYTACAZES";"Desrespeitar a preferência no cruzamento";"Colisão transversal";"Com Vítimas Feridas";"Pleno dia";"Decrescente";"Céu Claro";"Simples";"Reta";"Sim";2;0;1;0;1;0;1;2;-21,742022;-41,33021;"SPRF-RJ";"DEL08-RJ";"UOP01-DEL08-RJ"
503494;2023-02-06;"segunda-feira";"12:20:00";"PE";408;83;"PAUDALHO";"Chuva";"Saída de leito carroçável";"Com Vítimas Feridas";"Pleno dia";"Crescente";"Chuva";"Dupla";"Reta";"Não";1;0;1;0;0;0;1;1;-7,93190518;-35,13698101;"SPRF-PE";"DEL01-PE";"UOP01-DEL01-PE"
503495;2023-02-06;"segunda-feira";"09:45:00";"SC";280;140,4;"MAFRA";"Ultrapassagem Indevida";"Colisão lateral mesmo sentido";"Com Vítimas Feridas";"Pleno dia";"Crescente";"Céu Claro";"Simples";"Não Informado";"Não";2;0;1;0;1;0;1;2;-26,25058419;-49,62940693;"SPRF-SC";"DEL06-SC";"UOP03-DEL06-SC"
503496;2023-01-29;"domingo";"14:15:00";"MS";262;408;"TERENOS";"Reação tardia ou ineficiente do condutor";"Colisão lateral mesmo sentido";"Com Vítimas Feridas";"Pleno dia";"Crescente";"Sol";"Simples";"Reta";"Não";5;0;0;1;4;0;1;2;-20,43608997;-55,09559301;"SPRF-MS";"DEL01-MS";"UOP03-DEL01-MS"
503498;2023-02-06;"segunda-feira";"12:10:00";"SC";101;453;"SAO JOAO DO SUL";"Demais falhas mecânicas ou elétricas";"Colisão com objeto";"Com Vítimas Feridas";"Pleno dia";"Decrescente";"Céu Claro";"Múltipla";"Curva";"Sim";6;0;1;0;5;0;1;2;-29,19759996;-49,75264078;"SPRF-SC";"DEL02-SC";"UOP02-DEL02-SC"
503501;2023-02-06;"segunda-feira";"11:00:00";"PR";163;8,2;"BARRACAO";"Acessar a via sem observar a presença dos outros veículos";"Colisão transversal";"Com Vítimas Feridas";"Pleno dia";"Crescente";"Céu Claro";"Simples";"Reta";"Sim";2;0;1;0;1;0;1;2;-26,257357;-53,623307;"SPRF-PR";"DEL02-PR";"UOP02-DEL02-PR"
503503;2023-02-06;"segunda-feira";"12:45:00";"GO";414;410,2;"ABADIANIA";"Desrespeitar a preferência no cruzamento";"Colisão transversal";"Com Vítimas Feridas";"Pleno dia";"Decrescente";"Nublado";"Simples";"Interseção de vias";"Sim";5;0;0;2;3;0;2;2;-16,0525257;-48,8533473;"SPRF-GO";"DEL02-GO";"UOP01-DEL02-GO"
503504;2023-02-06;"segunda-feira";"08:30:00";"SC";101;140;"BALNEARIO CAMBORIU";"Condutor deixou de manter distância do veículo da frente";"Colisão traseira";"Com Vítimas Feridas";"Pleno dia";"Decrescente";"Céu Claro";"Dupla";"Reta";"Não";3;0;2;0;1;0;2;2;-27,03881189;-48,60025148;"SPRF-SC";"DEL04-SC";"UOP03-DEL04-SC"
503505;2023-02-06;"segunda-feira";"11:00:00";"SC";116;245,1;"LAGES";"Acessar a via sem observar a presença dos outros veículos";"Colisão transversal";"Com Vítimas Feridas";"Pleno dia";"Crescente";"Céu Claro";"Simples";"Reta";"Sim";3;0;1;0;1;1;1;2;-27,79544281;-50,36187437;"SPRF-SC";"DEL05-SC";"UOP01-DEL05-SC"
503506;2023-02-06;"segunda-feira";"12:45:00";"MG";146;405,3;"GUAXUPE";"Acessar a via sem observar a presença dos outros veículos";"Colisão transversal";"Com Vítimas Feridas";"Pleno dia";"Crescente";"Céu Claro";"Simples";"Reta";"Não";4;0;1;0;3;0;1;2;-21,30471585;-46,62701433;"SPRF-MG";"DEL09-MG";"UOP01-DEL09-MG"
503507;2023-02-06;"segunda-feira";"13:00:00";"PR";116;108,2;"CURITIBA";"Acessar a via sem observar a presença dos outros veículos";"Capotamento";"Com Vítimas Feridas";"Pleno dia";"Decrescente";"Céu Claro";"Dupla";"Reta";"Sim";3;0;2;0;1;0;2;2;-25,57147018;-49,19760597;"SPRF-PR";"DEL01-PR";"UOP07-DEL01-PR"
503509;2023-02-02;"quinta-feira";"22:37:00";"PR";376;616;"SAO JOSE DOS PINHAIS";"Ausência de reação do condutor";"Queda de ocupante de veículo";"Com Vítimas Feridas";"Plena Noite";"Crescente";"Chuva";"Dupla";"Não Informado";"Sim";1;0;1;0;0;0;1;1;-25,57583659;-49,17953679;"SPRF-PR";"DEL01-PR";"UOP04-DEL01-PR"
503511;2023-02-06;"segunda-feira";"11:08:00";"AC";364;137;"RIO BRANCO";"Desrespeitar a preferência no cruzamento";"Colisão transversal";"Com Vítimas Feridas";"Pleno dia";"Crescente";"Nublado";"Dupla";"Rotatória";"Sim";2;0;1;0;1;0;1;2;-9,96935404;-67,85264513;"SPRF-AC";"N/A";"UOP01-DEL01-AC"
503512;2023-02-06;"segunda-feira";"07:35:00";"SC";101;446,6;"SANTA ROSA DO SUL";"Conversão proibida";"Colisão lateral mesmo sentido";"Com Vítimas Feridas";"Pleno dia";"Crescente";"Céu Claro";"Múltipla";"Reta";"Não";2;0;0;1;1;0;1;2;-29,155864;-49,7312492;"SPRF-SC";"DEL02-SC";"UOP02-DEL02-SC"
503513;2023-02-06;"segunda-feira";"05:40:00";"BA";324;614;"SALVADOR";"Pedestre andava na pista";"Atropelamento de Pedestre";"Com Vítimas Feridas";"Pleno dia";"Decrescente";"Céu Claro";"Dupla";"Reta";"Sim";2;0;1;0;1;0;1;1;-12,8639793;-38,42370126;"SPRF-BA";"DEL01-BA";"UOP01-DEL01-BA"
503514;2023-02-06;"segunda-feira";"13:15:00";"BA";116;819,5;"VITORIA DA CONQUISTA";"Manobra de mudança de faixa";"Colisão lateral mesmo sentido";"Com Vítimas Feridas";"Pleno dia";"Crescente";"Sol";"Simples";"Não Informado";"Não";1;0;1;0;0;0;1;1;-14,829525;-40,833155;"SPRF-BA";"DEL08-BA";"UOP01-DEL08-BA"
503516;2023-02-06;"segunda-feira";"12:10:00";"MG";381;484;"BETIM";"Avarias e/ou desgaste excessivo no pneu";"Colisão com objeto";"Com Vítimas Feridas";"Pleno dia";"Crescente";"Sol";"Dupla";"Não Informado";"Não";2;0;0;2;0;0;2;1;-19,95531717;-44,11722196;"SPRF-MG";"DEL01-MG";"UOP03-DEL01-MG"
503517;2023-02-06;"segunda-feira";"13:00:00";"RJ";116;206;"JAPERI";"Demais falhas mecânicas ou elétricas";"Incêndio";"Sem Vítimas";"Pleno dia";"Crescente";"Sol";"Dupla";"Reta";"Não";1;0;0;0;1;0;0;1;-22,72601603;-43,651569;"SPRF-RJ";"DEL01-RJ";"UOP03-DEL01-RJ"
503519;2023-02-06;"segunda-feira";"13:30:00";"RS";153;47;"ERECHIM";"Desrespeitar a preferência no cruzamento";"Colisão traseira";"Com Vítimas Feridas";"Pleno dia";"Decrescente";"Céu Claro";"Simples";"Rotatória";"Não";2;0;1;0;1;0;1;2;-27,64260101;-52,24495769;"SPRF-RS";"DEL08-RS";"UOP04-DEL08-RS"
503522;2023-02-06;"segunda-feira";"13:30:00";"MT";364;272;"JACIARA";"Reação tardia ou ineficiente do condutor";"Saída de leito carroçável";"Com Vítimas Feridas";"Pleno dia";"Crescente";"Chuva";"Dupla";"Não Informado";"Sim";3;0;3;0;0;0;3;1;-15,96667987;-54,96121981;"SPRF-MT";"DEL05-MT";"UOP02-DEL05-MT"
503525;2023-02-06;"segunda-feira";"15:00:00";"GO";153;422;"ANAPOLIS";"Avarias e/ou desgaste excessivo no pneu";"Tombamento";"Com Vítimas Feridas";"Pleno dia";"Crescente";"Céu Claro";"Dupla";"Não Informado";"Não";2;0;1;1;0;0;2;1;-16,20875;-49,019512;"SPRF-GO";"DEL02-GO";"UOP01-DEL02-GO"
503527;2023-02-06;"segunda-feira";"14:30:00";"MG";50;41,1;"ARAGUARI";"Chuva";"Saída de leito carroçável";"Com Vítimas Feridas";"Pleno dia";"Crescente";"Chuva";"Dupla";"Reta";"Não";1;0;1;0;0;0;1;1;-18,66594982;-48,17302108;"SPRF-MG";"DEL15-MG";"UOP02-DEL15-MG"
503529;2023-02-06;"segunda-feira";"14:45:00";"PI";316;310;"PICOS";"Retorno proibido";"Colisão transversal";"Com Vítimas Feridas";"Pleno dia";"Decrescente";"Nublado";"Simples";"Não Informado";"Sim";2;0;0;1;1;0;1;2;-7,07639186;-41,47475001;"SPRF-PI";"DEL04-PI";"UOP01-DEL04-PI"
503530;2023-02-06;"segunda-feira";"15:00:00";"RN";110;92,3;"UPANEMA";"Avarias e/ou desgaste excessivo no pneu";"Saída de leito carroçável";"Com Vítimas Feridas";"Pleno dia";"Decrescente";"Chuva";"Simples";"Curva";"Não";3;0;3;0;0;0;3;1;-5,594256;-37,299839;"SPRF-RN";"DEL04-RN";"UOP01-DEL04-RN"
503532;2023-01-30;"segunda-feira";"17:00:00";"MS";262;246;"RIBAS DO RIO PARDO";"Ingestão de álcool pelo condutor";"Colisão traseira";"Sem Vítimas";"Plena Noite";"Decrescente";"Céu Claro";"Simples";"Reta";"Não";2;0;0;0;2;0;0;2;-20,44481685;-53,81931889;"SPRF-MS";"DEL01-MS";"UOP01-DEL01-MS"
503533;2023-02-06;"segunda-feira";"10:00:00";"MG";381;296;"ANTONIO DIAS";"Demais falhas mecânicas ou elétricas";"Incêndio";"Sem Vítimas";"Pleno dia";"Decrescente";"Sol";"Simples";"Não Informado";"Não";1;0;0;0;0;1;0;1;-19,62231934;-42,8398724;"SPRF-MG";"DEL03-MG";"UOP02-DEL03-MG"
503534;2023-01-30;"segunda-feira";"01:20:00";"MG";116;792,3;"ALEM PARAIBA";"Condutor Dormindo";"Colisão com objeto";"Com Vítimas Fatais";"Plena Noite";"Crescente";"Céu Claro";"Simples";"Não Informado";"Não";33;4;0;29;0;0;29;1;-21,69299411;-42,72897434;"SPRF-MG";"DEL07-MG";"UOP01-DEL07-MG"
503535;2023-02-06;"segunda-feira";"12:00:00";"MG";50;200;"UBERABA";"Ausência de reação do condutor";"Saída de leito carroçável";"Com Vítimas Feridas";"Pleno dia";"Decrescente";"Sol";"Dupla";"Reta";"Não";2;0;2;0;0;0;2;1;-19,92627147;-47,82191068;"SPRF-MG";"DEL13-MG";"UOP01-DEL13-MG"
503539;2023-02-06;"segunda-feira";"15:30:00";"RJ";101;265;"RIO BONITO";"Reação tardia ou ineficiente do condutor";"Saída de leito carroçável";"Com Vítimas Feridas";"Pleno dia";"Decrescente";"Nublado";"Dupla";"Curva";"Sim";2;0;1;0;1;0;1;1;-22,71359987;-42,64391188;"SPRF-RJ";"DEL02-RJ";"UOP03-DEL02-RJ"
503540;2023-02-06;"segunda-feira";"15:00:00";"SP";116;128,3;"CACAPAVA";"Condutor deixou de manter distância do veículo da frente";"Colisão traseira";"Com Vítimas Feridas";"Pleno dia";"Decrescente";"Nublado";"Dupla";"Reta";"Sim";3;0;1;0;1;1;1;2;-23,11454664;-45,71105567;"SPRF-SP";"DEL02-SP";"UOP02-DEL02-SP"
503543;2023-02-04;"sábado";"00:01:00";"PR";153;156;"VENTANIA";"Reação tardia ou ineficiente do condutor";"Saída de leito carroçável";"Sem Vítimas";"Plena Noite";"Decrescente";"Ignorado";"Simples";"Curva";"Não";1;0;0;0;0;1;0;1;-24,20248279;-50,21699548;"SPRF-PR";"DEL07-PR";"UOP04-DEL07-PR"
503544;2023-02-06;"segunda-feira";"16:00:00";"RJ";393;134;"SAPUCAIA";"Manobra de mudança de faixa";"Colisão lateral mesmo sentido";"Com Vítimas Feridas";"Pleno dia";"Crescente";"Nublado";"Simples";"Reta";"Sim";2;0;0;1;1;0;1;2;-21,98473799;-42,89796901;"SPRF-RJ";"DEL04-RJ";"UOP02-DEL04-RJ"
503546;2023-02-06;"segunda-feira";"17:04:00";"PB";230;23;"JOAO PESSOA";"Condutor deixou de manter distância do veículo da frente";"Colisão traseira";"Sem Vítimas";"Pleno dia";"Decrescente";"Nublado";"Dupla";"Não Informado";"Sim";2;0;0;0;2;0;0;2;-7,1562;-34,8574;"SPRF-PB";"DEL01-PB";"UOP01-DEL01-PB"
503547;2023-02-06;"segunda-feira";"16:00:00";"MG";40;823;"SIMAO PEREIRA";"Velocidade Incompatível";"Saída de leito carroçável";"Com Vítimas Feridas";"Pleno dia";"Crescente";"Chuva";"Dupla";"Não Informado";"Não";1;0;1;0;0;0;1;1;-21,9614888;-43,2986757;"SPRF-MG";"DEL05-MG";"UOP01-DEL05-MG"
503548;2023-02-06;"segunda-feira";"17:10:00";"MG";40;580;"ITABIRITO";"Reação tardia ou ineficiente do condutor";"Colisão com objeto";"Com Vítimas Feridas";"Pleno dia";"Crescente";"Chuva";"Dupla";"Curva";"Não";2;0;1;0;1;0;1;1;-20,29439498;-43,93886497;"SPRF-MG";"DEL01-MG";"UOP02-DEL01-MG"
503549;2023-02-06;"segunda-feira";"17:00:00";"PB";230;155,6;"CAMPINA GRANDE";"Reação tardia ou ineficiente do condutor";"Colisão traseira";"Com Vítimas Feridas";"Pleno dia";"Crescente";"Sol";"Simples";"Reta";"Não";2;0;1;0;1;0;1;2;-7,2748;-35,9058;"SPRF-PB";"DEL02-PB";"UOP01-DEL02-PB"
503551;2023-02-06;"segunda-feira";"17:40:00";"RS";158;334;"SANTA MARIA";"Acessar a via sem observar a presença dos outros veículos";"Colisão transversal";"Com Vítimas Feridas";"Pleno dia";"Crescente";"Céu Claro";"Simples";"Reta";"Sim";2;0;1;1;0;0;2;2;-29,70751182;-53,87442198;"SPRF-RS";"DEL09-RS";"UOP01-DEL09-RS"
503555;2023-02-06;"segunda-feira";"18:00:00";"RJ";116;61;"TERESOPOLIS";"Ausência de reação do condutor";"Colisão com objeto";"Com Vítimas Feridas";"Anoitecer";"Crescente";"Chuva";"Simples";"Curva";"Não";2;0;1;0;1;0;1;1;-22,265696;-42,924443;"SPRF-RJ";"DEL04-RJ";"UOP01-DEL04-RJ"
503556;2023-02-06;"segunda-feira";"18:00:00";"SP";116;155;"SAO JOSE DOS CAMPOS";"Ausência de reação do condutor";"Colisão traseira";"Com Vítimas Feridas";"Anoitecer";"Decrescente";"Chuva";"Dupla";"Desvio Temporário";"Sim";2;0;1;0;1;0;1;2;-23,24524337;-45,92772774;"SPRF-SP";"DEL02-SP";"UOP01-DEL02-SP"
503557;2023-02-06;"segunda-feira";"16:55:00";"PB";230;156;"CAMPINA GRANDE";"Conversão proibida";"Colisão transversal";"Com Vítimas Feridas";"Pleno dia";"Crescente";"Céu Claro";"Simples";"Não Informado";"Sim";2;0;0;2;0;0;2;2;-7,2693;-35,9138;"SPRF-PB";"DEL02-PB";"UOP01-DEL02-PB"
503558;2023-02-06;"segunda-feira";"17:15:00";"MS";262;140;"AGUA CLARA";"Demais falhas na via";"Tombamento";"Com Vítimas Feridas";"Pleno dia";"Decrescente";"Sol";"Simples";"Reta";"Não";1;0;1;0;0;0;1;1;-20,44598234;-52,843655;"SPRF-MS";"DEL07-MS";"UOP02-DEL07-MS"