"id";"data_inversa";"dia_semana";"horario";"uf";"br";"km";"municipio";"causa_acidente";"tipo_acidente";"classificacao_acidente";"fase_dia";"sentido_via";"condicao_metereologica";"tipo_pista";"tracado_via";"uso_solo";"pessoas";"mortos";"feridos_leves";"feridos_graves";"ilesos";"ignorados";"feridos";"veiculos";"latitude";"longitude";"regional";"delegacia";"uop"
503559;2023-02-06;"segunda-feira";"17:40:00";"PE";232;79,9;"GRAVATA";"Reação tardia ou ineficiente do condutor";"Atropelamento de Pedestre";"Com Vítimas Feridas";"Plena Noite";"Decrescente";"Nublado";"Simples";"Reta";"Sim";2;0;0;1;1;0;1;1;-8,19460572;-35,56074803;"SPRF-PE";"DEL02-PE";"UOP02-DEL02PE"
503562;2023-02-06;"segunda-feira";"16:00:00";"BA";116;887,5;"CANDIDO SALES";"Condutor Dormindo";"Colisão traseira";"Com Vítimas Feridas";"Pleno dia";"Crescente";"Céu Claro";"Simples";"Não Informado";"Não";1;0;1;0;0;0;1;1;-15,26261389;-41,11937518;"SPRF-BA";"DEL08-BA";"UOP03-DEL08-BA"
503563;2023-02-06;"segunda-feira";"18:15:00";"SP";116;225;"GUARULHOS";"Reação tardia ou ineficiente do condutor";"Colisão traseira";"Com Vítimas Feridas";"Anoitecer";"Decrescente";"Céu Claro";"Dupla";"Reta";"Sim";3;0;1;0;2;0;1;2;-23,48586772;-46,54075317;"SPRF-SP";"DEL01-SP";"UOP01-DEL01-SP"
503564;2023-02-06;"segunda-feira";"18:25:00";"PR";369;139,4;"IBIPORA";"Demais falhas mecânicas ou elétricas";"Colisão frontal";"Com Vítimas Feridas";"Pleno dia";"Crescente";"Céu Claro";"Simples";"Reta";"Sim";3;0;2;0;1;0;2;2;-23,27382199;-51,05543554;"SPRF-PR";"DEL07-PR";"UOP01-DEL07-PR"
503565;2023-02-06;"segunda-feira";"17:50:00";"BA";324;626;"SALVADOR";"Pedestre andava na pista";"Atropelamento de Pedestre";"Com Vítimas Feridas";"Anoitecer";"Decrescente";"Céu Claro";"Dupla";"Reta";"Não";2;0;1;0;1;0;1;1;-12,95020997;-38,47073108;"SPRF-BA";"DEL01-BA";"UOP01-DEL01-BA"
503566;2023-02-06;"segunda-feira";"14:50:00";"AM";NA;NA;"MANAUS";"Desrespeitar a preferência no cruzamento";"Colisão lateral mesmo sentido";"Sem Vítimas";"Pleno dia";"Não Informado";"Chuva";"Dupla";"Reta";"Sim";4;0;0;0;4;0;0;2;-3,08582087;-60;"SPRF-AM";"N/A";"N/A"
503567;2023-02-06;"segunda-feira";"18:20:00";"SC";470;56,6;"BLUMENAU";"Ultrapassagem Indevida";"Colisão transversal";"Com Vítimas Feridas";"Pleno dia";"Crescente";"Céu Claro";"Simples";"Não Informado";"Sim";2;0;1;0;1;0;1;2;-26,87896987;-49,13477632;"SPRF-SC";"DEL04-SC";"UOP01-DEL04-SC"
503568;2023-02-06;"segunda-feira";"17:30:00";"SC";282;208;"LAGES";"Acumulo de areia ou detritos sobre o pavimento";"Colisão com objeto";"Com Vítimas Feridas";"Pleno dia";"Crescente";"Céu Claro";"Simples";"Não Informado";"Não";1;0;1;0;0;0;1;1;-27,775284;-50,211971;"SPRF-SC";"DEL05-SC";"UOP01-DEL05-SC"
503569;2023-02-06;"segunda-feira";"18:39:00";"RS";116;257,2;"ESTEIO";"Transitar na contramão";"Colisão transversal";"Com Vítimas Feridas";"Anoitecer";"Crescente";"Céu Claro";"Simples";"Não Informado";"Sim";2;0;0;1;1;0;1;2;-29,85062909;-51,17985249;"SPRF-RS";"DEL01-RS";"UOP02-DEL01-RS"
503571;2023-02-06;"segunda-feira";"14:03:00";"PA";316;57;"CASTANHAL";"Acessar a via sem observar a presença dos outros veículos";"Colisão traseira";"Com Vítimas Feridas";"Pleno dia";"Decrescente";"Chuva";"Dupla";"Não Informado";"Sim";2;0;2;0;0;0;2;2;-1,30088766;-47,98196704;"SPRF-PA";"DEL01-PA";"UOP01-DEL01-PA"
503572;2023-02-06;"segunda-feira";"18:00:00";"DF";70;9;"BRASILIA";"Manobra de mudança de faixa";"Colisão traseira";"Com Vítimas Feridas";"Pleno dia";"Decrescente";"Céu Claro";"Dupla";"Reta";"Sim";3;0;1;0;1;1;1;2;-15,784615;-48,132023;"SPRF-DF";"DEL01-DF";"UOP03-DEL01-DF"
503576;2023-02-06;"segunda-feira";"18:10:00";"PR";476;339;"PAULA FREITAS";"Falta de elemento de contenção que evite a saída do leito carroçável";"Capotamento";"Com Vítimas Feridas";"Pleno dia";"Crescente";"Céu Claro";"Simples";"Reta";"Não";2;0;0;1;1;0;1;1;-26,157049;-50,883564;"SPRF-PR";"DEL02-PR";"UOP03-DEL02-PR"
503579;2023-02-06;"segunda-feira";"13:20:00";"MA";222;288;"VITORIA DO MEARIM";"Manobra de mudança de faixa";"Colisão frontal";"Com Vítimas Fatais";"Pleno dia";"Crescente";"Céu Claro";"Simples";"Reta";"Não";3;1;0;1;0;1;1;2;-3,44909867;-44,83992308;"SPRF-MA";"DEL02-MA";"UOP01-DEL02-MA"
503582;2023-02-06;"segunda-feira";"19:55:00";"ES";101;212,9;"IBIRACU";"Conversão proibida";"Colisão transversal";"Com Vítimas Feridas";"Plena Noite";"Decrescente";"Nublado";"Simples";"Reta";"Sim";2;0;1;0;0;1;1;2;-19,81537521;-40,36655964;"SPRF-ES";"DEL02-ES";"UOP01-DEL02-ES"
503583;2023-01-16;"segunda-feira";"01:30:00";"PA";316;47;"SANTA IZABEL DO PARA";"Condutor deixou de manter distância do veículo da frente";"Colisão traseira";"Com Vítimas Feridas";"Plena Noite";"Decrescente";"Céu Claro";"Dupla";"Reta";"Sim";2;0;1;0;0;1;1;2;-1,2853682;-48,06269824;"SPRF-PA";"DEL01-PA";"UOP01-DEL01-PA"
503584;2023-02-06;"segunda-feira";"19:35:00";"BA";324;573;"SAO SEBASTIAO DO PASSE";"Ingestão de álcool pelo condutor";"Colisão traseira";"Com Vítimas Feridas";"Plena Noite";"Crescente";"Céu Claro";"Dupla";"Reta";"Não";5;0;1;0;4;0;1;2;-12,5622012;-38,55964515;"SPRF-BA";"DEL01-BA";"UOP01-DEL01-BA"
503585;2023-02-06;"segunda-feira";"18:21:00";"SP";116;545;"BARRA DO TURVO";"Reação tardia ou ineficiente do condutor";"Saída de leito carroçável";"Com Vítimas Feridas";"Anoitecer";"Crescente";"Céu Claro";"Dupla";"Curva";"Não";2;0;1;1;0;0;2;1;-24,95016699;-48,42400302;"SPRF-SP";"DEL05-SP";"UOP02-DEL05-SP"
503586;2023-02-06;"segunda-feira";"19:30:00";"GO";70;418;"MONTES CLAROS DE GOIAS";"Acessar a via sem observar a presença dos outros veículos";"Colisão frontal";"Com Vítimas Feridas";"Plena Noite";"Crescente";"Chuva";"Simples";"Reta";"Não";2;0;2;0;0;0;2;2;-15,891225;-51,786595;"SPRF-GO";"DEL04-GO";"UOP02-DEL04-GO"
503589;2023-02-06;"segunda-feira";"19:20:00";"RJ";101;548;"PARATY";"Condutor Dormindo";"Saída de leito carroçável";"Com Vítimas Feridas";"Anoitecer";"Crescente";"Chuva";"Simples";"Reta";"Não";1;0;1;0;0;0;1;1;-23,04505073;-44,64600895;"SPRF-RJ";"DEL03-RJ";"UOP03-DEL03-RJ"
503590;2023-01-22;"domingo";"14:50:00";"AM";230;624,4;"HUMAITA";"Reação tardia ou ineficiente do condutor";"Colisão traseira";"Com Vítimas Feridas";"Pleno dia";"Decrescente";"Nublado";"Simples";"Curva";"Não";3;0;1;0;1;1;1;2;-7,57257778;-63,10988613;"SPRF-AM";"N/A";"UOP05-DEL01-AM"
503591;2023-02-06;"segunda-feira";"20:20:00";"SC";101;137;"BALNEARIO CAMBORIU";"Velocidade Incompatível";"Colisão transversal";"Com Vítimas Feridas";"Plena Noite";"Decrescente";"Céu Claro";"Múltipla";"Reta";"Não";2;0;1;1;0;0;2;2;-27,0157238;-48,61192763;"SPRF-SC";"DEL04-SC";"UOP03-DEL04-SC"
503592;2023-02-06;"segunda-feira";"19:19:00";"RN";405;3;"MOSSORO";"Velocidade Incompatível";"Colisão lateral mesmo sentido";"Com Vítimas Feridas";"Plena Noite";"Crescente";"Nublado";"Simples";"Viaduto";"Sim";1;0;1;0;0;0;1;1;-5,19374015;-37,379179;"SPRF-RN";"DEL04-RN";"UOP02-DEL04-RN"
503594;2023-02-06;"segunda-feira";"18:35:00";"AL";423;11;"OURO BRANCO";"Iluminação deficiente";"Saída de leito carroçável";"Com Vítimas Feridas";"Plena Noite";"Decrescente";"Céu Claro";"Simples";"Reta";"Não";1;0;0;1;0;0;1;1;-9,15134294;-37,38552202;"SPRF-AL";"DEL03-AL";"UOP02-DEL03-AL"
503596;2023-02-06;"segunda-feira";"20:25:00";"ES";262;104;"VENDA NOVA DO IMIGRANTE";"Pedestre cruzava a pista fora da faixa";"Atropelamento de Pedestre";"Com Vítimas Feridas";"Plena Noite";"Crescente";"Céu Claro";"Simples";"Curva";"Sim";2;0;1;0;1;0;1;1;-20,33302593;-41,12931881;"SPRF-ES";"DEL01-ES";"UOP02-DEL01-ES"
503597;2023-02-06;"segunda-feira";"19:45:00";"SP";116;150;"SAO JOSE DOS CAMPOS";"Condutor deixou de manter distância do veículo da frente";"Colisão traseira";"Com Vítimas Feridas";"Plena Noite";"Crescente";"Céu Claro";"Múltipla";"Reta";"Sim";1;0;1;0;0;0;1;1;-23,21335525;-45,8930588;"SPRF-SP";"DEL02-SP";"UOP01-DEL02-SP"
503598;2023-02-06;"segunda-feira";"20:50:00";"MG";40;452,3;"CAETANOPOLIS";"Transitar na contramão";"Colisão frontal";"Com Vítimas Feridas";"Plena Noite";"Crescente";"Nublado";"Dupla";"Reta";"Não";2;0;0;1;1;0;1;2;-19,33382121;-44,36107939;"SPRF-MG";"DEL02-MG";"UOP01-DEL02-MG"
503599;2023-02-06;"segunda-feira";"19:40:00";"SP";116;151;"SAO JOSE DOS CAMPOS";"Ausência de reação do condutor";"Colisão traseira";"Com Vítimas Feridas";"Plena Noite";"Decrescente";"Nublado";"Dupla";"Reta";"Sim";3;0;1;0;2;0;1;2;-23,2193543;-45,899373;"SPRF-SP";"DEL02-SP";"UOP01-DEL02-SP"
503601;2023-02-06;"segunda-feira";"19:15:00";"SP";116;142,5;"SAO JOSE DOS CAMPOS";"Acumulo de água sobre o pavimento";"Colisão com objeto";"Com Vítimas Feridas";"Plena Noite";"Decrescente";"Chuva";"Simples";"Curva";"Sim";1;0;1;0;0;0;1;1;-23,17426078;-45,82940111;"SPRF-SP";"DEL02-SP";"UOP01-DEL02-SP"
503603;2023-02-06;"segunda-feira";"17:30:00";"RJ";101;515,8;"ANGRA DOS REIS";"Chuva";"Capotamento";"Sem Vítimas";"Pleno dia";"Crescente";"Chuva";"Simples";"Curva";"Não";1;0;0;0;1;0;0;1;-22,98288597;-44,43920603;"SPRF-RJ";"DEL03-RJ";"UOP02-DEL03-RJ"
503604;2023-02-06;"segunda-feira";"20:00:00";"SP";381;69;"MAIRIPORA";"Ausência de reação do condutor";"Saída de leito carroçável";"Sem Vítimas";"Plena Noite";"Crescente";"Céu Claro";"Múltipla";"Não Informado";"Não";1;0;0;0;1;0;0;1;-23,34553108;-46,56787903;"SPRF-SP";"DEL03-SP";"UOP01-DEL03-SP"
503605;2023-02-06;"segunda-feira";"17:10:00";"RO";364;425;"JARU";"Manobra de mudança de faixa";"Colisão lateral mesmo sentido";"Com Vítimas Feridas";"Pleno dia";"Decrescente";"Céu Claro";"Simples";"Reta";"Sim";2;0;1;0;1;0;1;2;-10,43752488;-62,47169791;"SPRF-RO";"DEL03-RO";"UOP02-DEL03-RO"
503610;2023-02-06;"segunda-feira";"20:30:00";"MT";163;852,6;"SINOP";"Transitar na contramão";"Colisão lateral sentido oposto";"Sem Vítimas";"Plena Noite";"Crescente";"Céu Claro";"Simples";"Reta";"Sim";3;0;0;0;3;0;0;2;-11,708;-55,455;"SPRF-MT";"DEL06-MT";"UOP02-DEL06-MT"
503611;2023-02-06;"segunda-feira";"19:30:00";"PR";153;336;"IRATI";"Acessar a via sem observar a presença dos outros veículos";"Colisão transversal";"Com Vítimas Feridas";"Plena Noite";"Crescente";"Céu Claro";"Simples";"Reta";"Sim";2;0;1;0;1;0;1;2;-25,49753795;-50,64815515;"SPRF-PR";"DEL08-PR";"UOP02-DEL08-PR"
503614;2023-02-06;"segunda-feira";"19:40:00";"MT";163;828;"SINOP";"Acessar a via sem observar a presença dos outros veículos";"Colisão transversal";"Com Vítimas Feridas";"Plena Noite";"Crescente";"Céu Claro";"Simples";"Rotatória";"Sim";3;0;1;0;2;0;1;2;-12,049672;-55,51738084;"SPRF-MT";"DEL06-MT";"UOP02-DEL06-MT"
503615;2023-02-06;"segunda-feira";"19:45:00";"RO";429;193;"SERINGUEIRAS";"Condutor deixou de manter distância do veículo da frente";"Queda de ocupante de veículo";"Com Vítimas Feridas";"Plena Noite";"Decrescente";"Nublado";"Simples";"Não Informado";"Não";2;0;0;1;1;0;1;2;-11,762297;-62,991254;"SPRF-RO";"DEL02-RO";"UOP03-DEL02-RO"
503616;2023-02-06;"segunda-feira";"23:40:00";"RJ";116;176;"SAO JOAO DE MERITI";"Ausência de reação do condutor";"Tombamento";"Com Vítimas Feridas";"Plena Noite";"Crescente";"Chuva";"Múltipla";"Reta";"Não";2;0;0;2;0;0;2;1;-22,7839538;-43,38195488;"SPRF-RJ";"DEL01-RJ";"UOP02-DEL01-RJ"
503617;2023-02-06;"segunda-feira";"23:40:00";"MG";116;423;"GOVERNADOR VALADARES";"Acessar a via sem observar a presença dos outros veículos";"Colisão transversal";"Com Vítimas Feridas";"Plena Noite";"Decrescente";"Céu Claro";"Simples";"Reta";"Não";3;0;2;0;1;0;2;2;-18,95208996;-41,95709803;"SPRF-MG";"DEL06-MG";"UOP01-DEL06-MG"
503618;2023-02-06;"segunda-feira";"22:10:00";"MA";135;119;"MIRANDA DO NORTE";"Deficiência do Sistema de Iluminação/Sinalização";"Colisão traseira";"Com Vítimas Feridas";"Plena Noite";"Crescente";"Céu Claro";"Simples";"Reta";"Não";3;0;0;2;1;0;2;2;-3,51093102;-44,54989296;"SPRF-MA";"DEL01-MA";"UOP02-DEL01-MA"
503621;2023-02-06;"segunda-feira";"23:30:00";"SC";101;116;"ITAJAI";"Reação tardia ou ineficiente do condutor";"Saída de leito carroçável";"Sem Vítimas";"Plena Noite";"Crescente";"Ignorado";"Dupla";"Reta";"Não";1;0;0;0;0;1;0;1;-26,87905605;-48,72603512;"SPRF-SC";"DEL04-SC";"UOP04-DEL04-SC"
503622;2023-02-07;"terça-feira";"00:00:00";"PR";116;7;"CAMPINA GRANDE DO SUL";"Velocidade Incompatível";"Saída de leito carroçável";"Com Vítimas Feridas";"Plena Noite";"Crescente";"Garoa/Chuvisco";"Dupla";"Curva";"Não";1;0;1;0;0;0;1;1;-25,08235366;-48,61499799;"SPRF-PR";"DEL01-PR";"UOP02-DEL01-PR"
503623;2023-02-06;"segunda-feira";"17:00:00";"SC";116;104;"MONTE CASTELO";"Ingestão de álcool pelo condutor";"Saída de leito carroçável";"Com Vítimas Feridas";"Pleno dia";"Crescente";"Céu Claro";"Simples";"Reta";"Não";1;0;0;1;0;0;1;1;-26,742656;-50,31436699;"SPRF-SC";"DEL06-SC";"UOP02-DEL06-SC"
503625;2023-02-07;"terça-feira";"01:40:00";"PE";408;105;"JABOATAO DOS GUARARAPES";"Transitar na contramão";"Colisão frontal";"Com Vítimas Feridas";"Plena Noite";"Crescente";"Céu Claro";"Dupla";"Reta";"Sim";2;0;1;0;1;0;1;2;-8,0730937;-34,99190714;"SPRF-PE";"DEL01-PE";"UOP01-DEL01-PE"
503626;2023-02-07;"terça-feira";"05:40:00";"RN";101;148,1;"GOIANINHA";"Velocidade Incompatível";"Colisão com objeto";"Com Vítimas Feridas";"Pleno dia";"Decrescente";"Nublado";"Dupla";"Não Informado";"Sim";1;0;0;1;0;0;1;1;-6,275134;-35,207027;"SPRF-RN";"DEL01-RN";"UOP01-DEL01-RN"
503627;2023-02-07;"terça-feira";"00:30:00";"SC";101;57;"ARAQUARI";"Avarias e/ou desgaste excessivo no pneu";"Tombamento";"Com Vítimas Feridas";"Plena Noite";"Decrescente";"Nublado";"Dupla";"Reta";"Não";3;0;2;0;1;0;2;2;-26,43646093;-48,81113029;"SPRF-SC";"DEL03-SC";"UOP01-DEL03-SC"
503629;2023-02-07;"terça-feira";"06:30:00";"GO";20;105,1;"FLORES DE GOIAS";"Velocidade Incompatível";"Saída de leito carroçável";"Com Vítimas Feridas";"Amanhecer";"Crescente";"Céu Claro";"Simples";"Curva";"Não";2;0;2;0;0;0;2;1;-14,918053;-46,957489;"SPRF-DF";"DEL02-DF";"UOP02-DEL02-DF"
503630;2023-02-07;"terça-feira";"06:20:00";"BA";101;206;"GOVERNADOR MANGABEIRA";"Acessar a via sem observar a presença dos outros veículos";"Colisão transversal";"Com Vítimas Feridas";"Pleno dia";"Crescente";"Céu Claro";"Simples";"Não Informado";"Sim";2;0;1;0;1;0;1;2;-12,59683097;-39,039976;"SPRF-BA";"DEL01-BA";"UOP02-DEL01-BA"
503631;2023-02-07;"terça-feira";"07:12:00";"RS";290;111,3;"ELDORADO DO SUL";"Manobra de mudança de faixa";"Saída de leito carroçável";"Com Vítimas Feridas";"Pleno dia";"Crescente";"Céu Claro";"Dupla";"Reta";"Sim";2;0;1;0;1;0;1;1;-30,032066;-51,325138;"SPRF-RS";"DEL02-RS";"UOP01-DEL02-RS"
503633;2023-02-07;"terça-feira";"06:35:00";"DF";70;18;"BRASILIA";"Reação tardia ou ineficiente do condutor";"Colisão traseira";"Com Vítimas Feridas";"Pleno dia";"Decrescente";"Céu Claro";"Dupla";"Reta";"Sim";2;0;1;0;1;0;1;2;-15,791093;-48,21096;"SPRF-DF";"DEL01-DF";"UOP03-DEL01-DF"
503634;2023-02-07;"terça-feira";"07:00:00";"RJ";116;181;"NOVA IGUACU";"Demais falhas mecânicas ou elétricas";"Queda de ocupante de veículo";"Com Vítimas Feridas";"Pleno dia";"Decrescente";"Céu Claro";"Múltipla";"Reta";"Não";2;0;2;0;0;0;2;1;-22,761312;-43,423492;"SPRF-RJ";"DEL01-RJ";"UOP02-DEL01-RJ"
503637;2023-02-07;"terça-feira";"07:30:00";"SC";280;126,8;"RIO NEGRINHO";"Reação tardia ou ineficiente do condutor";"Colisão traseira";"Sem Vítimas";"Pleno dia";"Decrescente";"Céu Claro";"Simples";"Reta";"Sim";2;0;0;0;2;0;0;2;-26,244861;-49,518489;"SPRF-SC";"DEL06-SC";"UOP03-DEL06-SC"
503639;2023-02-07;"terça-feira";"07:42:00";"RN";101;97;"NATAL";"Reação tardia ou ineficiente do condutor";"Colisão traseira";"Com Vítimas Feridas";"Pleno dia";"Decrescente";"Céu Claro";"Dupla";"Reta";"Sim";2;0;1;0;0;1;1;2;-5,85758898;-35,21271205;"SPRF-RN";"DEL01-RN";"UOP01-DEL01-RN"
503641;2023-02-07;"terça-feira";"08:00:00";"SP";116;216;"GUARULHOS";"Acostamento em desnível";"Eventos atípicos";"Sem Vítimas";"Plena Noite";"Crescente";"Céu Claro";"Múltipla";"Reta";"Sim";1;0;0;0;0;1;0;1;-23,45056589;-46,46258105;"SPRF-SP";"DEL01-SP";"UOP01-DEL01-SP"
503643;2023-02-06;"segunda-feira";"23:00:00";"SP";116;270;"TABOAO DA SERRA";"Ultrapassagem Indevida";"Queda de ocupante de veículo";"Sem Vítimas";"Plena Noite";"Decrescente";"Céu Claro";"Dupla";"Reta";"Não";2;0;0;0;2;0;0;2;-23,61799728;-46,79677694;"SPRF-SP";"DEL04-SP";"UOP01-DEL04-SP"
503647;2023-02-07;"terça-feira";"07:50:00";"MG";40;514,1;"RIBEIRAO DAS NEVES";"Manobra de mudança de faixa";"Colisão lateral mesmo sentido";"Com Vítimas Feridas";"Pleno dia";"Crescente";"Céu Claro";"Dupla";"Reta";"Não";3;0;1;0;2;0;1;3;-19,80151928;-44,10000333;"SPRF-MG";"DEL01-MG";"UOP02-DEL01-MG"
503649;2023-02-07;"terça-feira";"10:00:00";"RJ";356;49,7;"ITAPERUNA";"Desrespeitar a preferência no cruzamento";"Colisão transversal";"Com Vítimas Feridas";"Pleno dia";"Decrescente";"Sol";"Simples";"Não Informado";"Sim";2;0;1;0;1;0;1;2;-21,25300596;-41,78325793;"SPRF-RJ";"DEL08-RJ";"UOP03-DEL08-RJ"
503650;2023-01-09;"segunda-feira";"14:33:00";"AL";101;164;"CAMPO ALEGRE";"Ausência de reação do condutor";"Capotamento";"Com Vítimas Feridas";"Pleno dia";"Crescente";"Céu Claro";"Dupla";"Reta";"Não";3;0;0;3;0;0;3;1;-9,89997432;-36,27398701;"SPRF-AL";"DEL02-AL";"UOP02-DEL02-AL"
503652;2023-01-29;"domingo";"22:00:00";"MS";376;25;"FATIMA DO SUL";"Transitar na contramão";"Colisão frontal";"Com Vítimas Feridas";"Plena Noite";"Decrescente";"Céu Claro";"Simples";"Reta";"Sim";3;0;0;3;0;0;3;2;-22,36314063;-54,54231557;"SPRF-MS";"DEL04-MS";"UOP01-DEL04-MS"
503653;2023-02-07;"terça-feira";"10:40:00";"SC";101;202;"SAO JOSE";"Velocidade Incompatível";"Colisão traseira";"Sem Vítimas";"Pleno dia";"Decrescente";"Céu Claro";"Múltipla";"Reta";"Sim";2;0;0;0;2;0;0;2;-27,55711595;-48,61897889;"SPRF-SC";"DEL01-SC";"UOP01-DEL01-SC"
503654;2023-02-07;"terça-feira";"10:25:00";"RS";116;515,3;"PELOTAS";"Mal súbito do condutor";"Queda de ocupante de veículo";"Com Vítimas Feridas";"Pleno dia";"Decrescente";"Céu Claro";"Simples";"Reta";"Sim";1;0;1;0;0;0;1;1;-31,66114092;-52,3386834;"SPRF-RS";"DEL07-RS";"UOP01-DEL07-RS"
503657;2023-02-07;"terça-feira";"11:00:00";"CE";116;14;"FORTALEZA";"Reação tardia ou ineficiente do condutor";"Colisão transversal";"Com Vítimas Feridas";"Pleno dia";"Decrescente";"Nublado";"Dupla";"Reta";"Sim";2;0;2;0;0;0;2;2;-3,86973356;-38,49827361;"SPRF-CE";"DEL01-CE";"UOP02-DEL01-CE"
503658;2023-02-07;"terça-feira";"09:05:00";"SP";381;85,7;"SAO PAULO";"Pedestre cruzava a pista fora da faixa";"Atropelamento de Pedestre";"Com Vítimas Feridas";"Pleno dia";"Crescente";"Garoa/Chuvisco";"Dupla";"Não Informado";"Sim";2;0;2;0;0;0;2;1;-23,449343;-46,56983501;"SPRF-SP";"DEL03-SP";"UOP01-DEL03-SP"
503659;2023-02-07;"terça-feira";"10:30:00";"PR";476;116;"COLOMBO";"Manobra de mudança de faixa";"Colisão lateral mesmo sentido";"Com Vítimas Feridas";"Pleno dia";"Crescente";"Céu Claro";"Dupla";"Reta";"Sim";3;0;1;0;2;0;1;2;-25,34935884;-49,1682601;"SPRF-PR";"DEL01-PR";"UOP01-DEL01-PR"
503660;2023-02-07;"terça-feira";"10:00:00";"MG";116;691,5;"MURIAE";"Chuva";"Colisão com objeto";"Com Vítimas Feridas";"Pleno dia";"Crescente";"Chuva";"Simples";"Reta";"Não";3;0;2;0;1;0;2;1;-21,0274821;-42,36351781;"SPRF-MG";"DEL07-MG";"UOP02-DEL07-MG"
503661;2023-02-07;"terça-feira";"08:30:00";"RS";293;105;"PINHEIRO MACHADO";"Acessar a via sem observar a presença dos outros veículos";"Colisão transversal";"Com Vítimas Feridas";"Pleno dia";"Crescente";"Céu Claro";"Simples";"Não Informado";"Não";2;0;2;0;0;0;2;2;-31,58287601;-53,35585301;"SPRF-RS";"DEL11-RS";"UOP03-DEL11-RS"
503663;2023-01-08;"domingo";"15:45:00";"RS";386;239;"SOLEDADE";"Transitar na contramão";"Saída de leito carroçável";"Com Vítimas Feridas";"Pleno dia";"Crescente";"Sol";"Simples";"Não Informado";"Não";4;0;1;2;1;0;3;4;-28,757807;-52,532127;"SPRF-RS";"DEL04-RS";"UOP03-DEL04-RS"
503664;2023-02-07;"terça-feira";"12:45:00";"RS";290;103;"ELDORADO DO SUL";"Condutor deixou de manter distância do veículo da frente";"Colisão traseira";"Com Vítimas Feridas";"Pleno dia";"Crescente";"Céu Claro";"Dupla";"Não Informado";"Não";3;0;0;1;1;1;1;2;-29,99017;-51,265766;"SPRF-RS";"DEL01-RS";"UOP01-DEL01-RS"
503665;2023-02-07;"terça-feira";"09:30:00";"RJ";101;63;"CAMPOS DOS GOYTACAZES";"Ausência de reação do condutor";"Colisão transversal";"Com Vítimas Feridas";"Pleno dia";"Decrescente";"Céu Claro";"Simples";"Não Informado";"Sim";2;0;1;0;1;0;1;2;-21,742022;-41,33021;"SPRF-RJ";"DEL08-RJ";"UOP01-DEL08-RJ"
503666;2023-02-07;"terça-feira";"07:05:00";"PI";316;3;"TERESINA";"Condutor deixou de manter distância do veículo da frente";"Colisão traseira";"Com Vítimas Feridas";"Pleno dia";"Decrescente";"Nublado";"Múltipla";"Reta";"Sim";2;0;1;0;0;1;1;2;-5,12826443;-42,79292384;"SPRF-PI";"DEL01-PI";"UOP02-DEL01-PI"
503667;2023-02-07;"terça-feira";"11:30:00";"GO";452;53;"RIO VERDE";"Acesso irregular";"Colisão transversal";"Com Vítimas Fatais";"Pleno dia";"Decrescente";"Céu Claro";"Simples";"Reta";"Não";5;1;1;3;0;0;4;2;-17,97648937;-50,45083914;"SPRF-GO";"DEL04-GO";"UOP01-DEL04-GO"
503668;2023-02-07;"terça-feira";"12:20:00";"PE";232;58,2;"POMBOS";"Reação tardia ou ineficiente do condutor";"Colisão traseira";"Com Vítimas Feridas";"Pleno dia";"Decrescente";"Céu Claro";"Dupla";"Não Informado";"Sim";3;0;0;1;2;0;1;2;-8,143914;-35,388041;"SPRF-PE";"DEL02-PE";"UOP02-DEL02PE"
503670;2023-02-07;"terça-feira";"11:35:00";"MA";10;257,7;"IMPERATRIZ";"Acessar a via sem observar a presença dos outros veículos";"Colisão transversal";"Com Vítimas Feridas";"Pleno dia";"Decrescente";"Céu Claro";"Simples";"Reta";"Sim";2;0;0;1;1;0;1;2;-5,490634;-47,471973;"SPRF-MA";"DEL04-MA";"UOP01-DEL04-MA"
503671;2023-02-07;"terça-feira";"10:00:00";"AL";423;7;"OURO BRANCO";"Ausência de reação do condutor";"Saída de leito carroçável";"Com Vítimas Feridas";"Pleno dia";"Crescente";"Céu Claro";"Simples";"Reta";"Não";4;0;4;0;0;0;4;1;-9,14002062;-37,35108913;"SPRF-AL";"DEL03-AL";"UOP02-DEL03-AL"
503672;2023-01-30;"segunda-feira";"07:50:00";"RN";101;97,3;"NATAL";"Condutor deixou de manter distância do veículo da frente";"Colisão traseira";"Com Vítimas Feridas";"Pleno dia";"Decrescente";"Nublado";"Dupla";"Não Informado";"Sim";3;0;2;0;0;1;2;2;-5,85758898;-35,21271205;"SPRF-RN";"DEL01-RN";"UOP01-DEL01-RN"
503673;2023-02-07;"terça-feira";"07:45:00";"BA";242;364;"LENCOIS";"Velocidade Incompatível";"Saída de leito carroçável";"Com Vítimas Feridas";"Pleno dia";"Crescente";"Céu Claro";"Simples";"Curva";"Não";2;0;1;0;1;0;1;1;-12,4615682;-41,42170104;"SPRF-BA";"DEL06-BA";"UOP01-DEL06-BA"
503677;2023-02-07;"terça-feira";"13:45:00";"SE";235;41,8;"ITABAIANA";"Velocidade Incompatível";"Colisão traseira";"Com Vítimas Feridas";"Pleno dia";"Decrescente";"Céu Claro";"Simples";"Não Informado";"Não";4;0;3;0;1;0;3;2;-10,769856;-37,373135;"SPRF-SE";"DEL01-SE";"UOP02-DEL01-SE"