"id";"data_inversa";"dia_semana";"horario";"uf";"br";"km";"municipio";"causa_acidente";"tipo_acidente";"classificacao_acidente";"fase_dia";"sentido_via";"condicao_metereologica";"tipo_pista";"tracado_via";"uso_solo";"pessoas";"mortos";"feridos_leves";"feridos_graves";"ilesos";"ignorados";"feridos";"veiculos";"latitude";"longitude";"regional";"delegacia";"uop"
503678;2023-02-07;"terça-feira";"11:30:00";"RO";364;439;"JARU";"Conversão proibida";"Colisão transversal";"Com Vítimas Feridas";"Pleno dia";"Crescente";"Céu Claro";"Simples";"Reta";"Não";2;0;1;0;1;0;1;2;-10,36005242;-62,5739773;"SPRF-RO";"DEL03-RO";"UOP02-DEL03-RO"
503679;2023-02-07;"terça-feira";"12:50:00";"RS";471;174;"RIO PARDO";"Acessar a via sem observar a presença dos outros veículos";"Colisão transversal";"Com Vítimas Feridas";"Pleno dia";"Decrescente";"Céu Claro";"Simples";"Rotatória";"Sim";4;0;1;1;2;0;2;2;-29,981755;-52,369314;"SPRF-RS";"DEL02-RS";"UOP03-DEL02-RS"
503680;2023-01-22;"domingo";"06:30:00";"SC";282;246;"SAO JOSE DO CERRITO";"Acumulo de areia ou detritos sobre o pavimento";"Saída de leito carroçável";"Com Vítimas Feridas";"Amanhecer";"Decrescente";"Céu Claro";"Simples";"Não Informado";"Não";4;0;3;0;1;0;3;1;-27,727213;-50,529724;"SPRF-SC";"DEL05-SC";"UOP02-DEL05-SC"
503682;2023-01-28;"sábado";"05:12:00";"PE";316;87;"OURICURI";"Acesso irregular";"Colisão traseira";"Sem Vítimas";"Amanhecer";"Crescente";"Garoa/Chuvisco";"Simples";"Reta";"Não";3;0;0;0;2;1;0;2;-7,89302781;-40,05470593;"SPRF-PE";"DEL05-PE";"UOP02-DEL05-PE"
503686;2023-02-07;"terça-feira";"13:45:00";"GO";70;17;"AGUAS LINDAS DE GOIAS";"Transitar na contramão";"Colisão frontal";"Com Vítimas Feridas";"Pleno dia";"Crescente";"Céu Claro";"Dupla";"Não Informado";"Não";3;0;1;0;1;1;1;2;-15,75060673;-48,34984959;"SPRF-DF";"DEL01-DF";"UOP03-DEL01-DF"
503689;2023-01-16;"segunda-feira";"18:45:00";"SC";282;220;"LAGES";"Manobra de mudança de faixa";"Colisão lateral sentido oposto";"Com Vítimas Feridas";"Anoitecer";"Crescente";"Nublado";"Simples";"Reta";"Sim";2;0;1;0;1;0;1;2;-27,794014;-50,33363;"SPRF-SC";"DEL05-SC";"UOP01-DEL05-SC"
503690;2023-01-30;"segunda-feira";"06:50:00";"MT";364;202,5;"RONDONOPOLIS";"Reação tardia ou ineficiente do condutor";"Queda de ocupante de veículo";"Com Vítimas Fatais";"Pleno dia";"Crescente";"Nublado";"Simples";"Não Informado";"Sim";2;1;0;0;0;1;0;1;-16,47737621;-54,65263724;"SPRF-MT";"DEL02-MT";"UOP01-DEL02-MT"
503692;2023-02-07;"terça-feira";"13:30:00";"BA";116;698;"JEQUIE";"Reação tardia ou ineficiente do condutor";"Colisão traseira";"Com Vítimas Feridas";"Pleno dia";"Crescente";"Céu Claro";"Simples";"Reta";"Não";2;0;1;0;1;0;1;2;-14,01081603;-40,18669795;"SPRF-BA";"DEL03-BA";"UOP01-DEL03-BA"
503693;2023-02-07;"terça-feira";"14:00:00";"PR";376;130,9;"NOVA ESPERANCA";"Condutor deixou de manter distância do veículo da frente";"Colisão traseira";"Com Vítimas Feridas";"Pleno dia";"Crescente";"Céu Claro";"Dupla";"Não Informado";"Não";3;0;1;0;2;0;1;2;-23,17504848;-52,23423918;"SPRF-PR";"DEL09-PR";"UOP02-DEL09-PR"
503695;2023-02-07;"terça-feira";"15:25:00";"PR";277;724,7;"FOZ DO IGUACU";"Demais falhas mecânicas ou elétricas";"Tombamento";"Com Vítimas Feridas";"Pleno dia";"Decrescente";"Céu Claro";"Dupla";"Reta";"Sim";2;0;1;0;0;1;1;1;-25,50517634;-54,54246283;"SPRF-PR";"DEL05-PR";"UOP03-DEL05-PR"
503696;2023-02-07;"terça-feira";"08:15:00";"RJ";101;319;"NITEROI";"Ausência de reação do condutor";"Colisão lateral mesmo sentido";"Com Vítimas Feridas";"Pleno dia";"Crescente";"Céu Claro";"Dupla";"Reta";"Sim";2;0;1;0;1;0;1;1;-22,85713538;-43,10395718;"SPRF-RJ";"DEL02-RJ";"UOP02-DEL02-RJ"
503698;2023-02-07;"terça-feira";"14:45:00";"RS";285;421;"PANAMBI";"Acessar a via sem observar a presença dos outros veículos";"Colisão transversal";"Com Vítimas Feridas";"Pleno dia";"Crescente";"Céu Claro";"Simples";"Rotatória";"Não";3;0;0;1;2;0;1;2;-28,34560215;-53,52818549;"SPRF-RS";"DEL10-RS";"UOP01-DEL10-RS"
503700;2023-02-07;"terça-feira";"14:51:00";"MG";381;533,5;"ITATIAIUCU";"Velocidade Incompatível";"Saída de leito carroçável";"Com Vítimas Feridas";"Pleno dia";"Decrescente";"Nublado";"Dupla";"Curva";"Não";2;0;0;1;1;0;1;1;-20,19896036;-44,38641307;"SPRF-MG";"DEL04-MG";"UOP03-DEL04-MG"
503701;2023-02-07;"terça-feira";"15:45:00";"RS";116;245;"SAO LEOPOLDO";"Reação tardia ou ineficiente do condutor";"Tombamento";"Com Vítimas Feridas";"Pleno dia";"Crescente";"Céu Claro";"Dupla";"Reta";"Sim";1;0;1;0;0;0;1;1;-29,74980902;-51,15125361;"SPRF-RS";"DEL01-RS";"UOP02-DEL01-RS"
503702;2023-01-27;"sexta-feira";"09:20:00";"PI";NA;NA;"TERESINA";"Objeto estático sobre o leito carroçável";"Colisão com objeto";"Sem Vítimas";"Pleno dia";"Não Informado";"Nublado";"Simples";"Interseção de vias";"Sim";3;0;0;0;3;0;0;1;-5,09534333;-42,78653568;"SPRF-PI";"DEL01-PI";"N/A"
503705;2023-02-07;"terça-feira";"16:00:00";"PE";408;58,9;"TRACUNHAEM";"Avarias e/ou desgaste excessivo no pneu";"Queda de ocupante de veículo";"Com Vítimas Feridas";"Pleno dia";"Crescente";"Céu Claro";"Simples";"Reta";"Sim";2;0;2;0;0;0;2;1;-7,796847;-35,244858;"SPRF-PE";"DEL01-PE";"UOP01-DEL01-PE"
503707;2023-02-07;"terça-feira";"14:05:00";"RJ";116;122;"MAGE";"Demais falhas mecânicas ou elétricas";"Tombamento";"Com Vítimas Feridas";"Pleno dia";"Crescente";"Nublado";"Dupla";"Reta";"Não";2;0;2;0;0;0;2;1;-22,65457152;-43,08631897;"SPRF-RJ";"DEL02-RJ";"UOP04-DEL02-RJ"
503708;2023-02-07;"terça-feira";"16:00:00";"MG";381;647;"SANTO ANTONIO DO AMPARO";"Reação tardia ou ineficiente do condutor";"Saída de leito carroçável";"Com Vítimas Feridas";"Pleno dia";"Crescente";"Nublado";"Dupla";"Reta";"Não";3;0;2;0;1;0;2;1;-20,95465676;-44,91211505;"SPRF-MG";"DEL04-MG";"UOP02-DEL04-MG"
503709;2023-02-07;"terça-feira";"14:50:00";"PR";376;599;"CURITIBA";"Avarias e/ou desgaste excessivo no pneu";"Queda de ocupante de veículo";"Com Vítimas Feridas";"Pleno dia";"Crescente";"Céu Claro";"Dupla";"Reta";"Sim";2;0;2;0;0;0;2;1;-25,52629711;-49,32958412;"SPRF-PR";"DEL01-PR";"UAP06-DEL01-PR"
503710;2023-02-07;"terça-feira";"13:30:00";"MT";364;322,8;"SANTO ANTONIO DO LEVERGER";"Acumulo de água sobre o pavimento";"Saída de leito carroçável";"Com Vítimas Feridas";"Pleno dia";"Crescente";"Chuva";"Dupla";"Não Informado";"Não";1;0;1;0;0;0;1;1;-15,81713741;-55,34144607;"SPRF-MT";"DEL05-MT";"UOP02-DEL05-MT"
503711;2023-02-07;"terça-feira";"16:00:00";"RJ";101;433;"MANGARATIBA";"Condutor deixou de manter distância do veículo da frente";"Colisão traseira";"Com Vítimas Feridas";"Pleno dia";"Decrescente";"Chuva";"Simples";"Não Informado";"Não";2;0;1;0;1;0;1;2;-22,93842518;-44,03644001;"SPRF-RJ";"DEL03-RJ";"UOP01-DEL03-RJ"
503716;2023-02-07;"terça-feira";"15:50:00";"PR";369;154,9;"LONDRINA";"Acessar a via sem observar a presença dos outros veículos";"Colisão transversal";"Com Vítimas Feridas";"Pleno dia";"Crescente";"Céu Claro";"Dupla";"Reta";"Sim";2;0;1;0;1;0;1;2;-23,2975009;-51,19988859;"SPRF-PR";"DEL07-PR";"UOP01-DEL07-PR"
503718;2023-02-07;"terça-feira";"17:30:00";"BA";324;620;"SALVADOR";"Avarias e/ou desgaste excessivo no pneu";"Queda de ocupante de veículo";"Com Vítimas Feridas";"Pleno dia";"Decrescente";"Céu Claro";"Dupla";"Reta";"Não";2;0;1;0;1;0;1;1;-12,90482172;-38,45556535;"SPRF-BA";"DEL01-BA";"UOP01-DEL01-BA"
503719;2023-02-07;"terça-feira";"17:05:00";"GO";20;0;"FORMOSA";"Retorno proibido";"Colisão traseira";"Com Vítimas Feridas";"Pleno dia";"Decrescente";"Céu Claro";"Dupla";"Não Informado";"Não";4;0;1;0;3;0;1;2;-15,581001;-47,341749;"SPRF-DF";"DEL02-DF";"UOP02-DEL02-DF"
503720;2023-02-07;"terça-feira";"17:35:00";"SE";235;50,3;"ITABAIANA";"Condutor deixou de manter distância do veículo da frente";"Colisão traseira";"Com Vítimas Feridas";"Pleno dia";"Crescente";"Céu Claro";"Simples";"Reta";"Sim";2;0;1;0;1;0;1;2;-10,707879;-37,42606;"SPRF-SE";"DEL01-SE";"UOP02-DEL01-SE"
503721;2023-02-07;"terça-feira";"18:00:00";"RJ";101;67;"CAMPOS DOS GOYTACAZES";"Ultrapassagem Indevida";"Colisão lateral mesmo sentido";"Com Vítimas Feridas";"Anoitecer";"Crescente";"Nublado";"Simples";"Reta";"Não";2;0;1;0;1;0;1;2;-21,76751094;-41,34876249;"SPRF-RJ";"DEL08-RJ";"UOP02-DEL08-RJ"
503723;2023-02-07;"terça-feira";"16:30:00";"RJ";40;85;"PETROPOLIS";"Chuva";"Capotamento";"Com Vítimas Feridas";"Pleno dia";"Crescente";"Chuva";"Simples";"Não Informado";"Não";1;0;1;0;0;0;1;1;-22,52850694;-43,2349802;"SPRF-RJ";"DEL06-RJ";"UOP02-DEL06-RJ"
503724;2023-02-07;"terça-feira";"18:00:00";"MG";381;489,2;"BETIM";"Reação tardia ou ineficiente do condutor";"Tombamento";"Com Vítimas Feridas";"Anoitecer";"Crescente";"Nublado";"Dupla";"Reta";"Sim";1;0;0;1;0;0;1;1;-19,95656893;-44,12796021;"SPRF-MG";"DEL01-MG";"UOP03-DEL01-MG"
503726;2023-02-07;"terça-feira";"16:10:00";"GO";70;314;"JUSSARA";"Objeto estático sobre o leito carroçável";"Tombamento";"Com Vítimas Feridas";"Pleno dia";"Crescente";"Céu Claro";"Dupla";"Reta";"Sim";1;0;1;0;0;0;1;1;-15,87466259;-50,86262226;"SPRF-GO";"DEL04-GO";"UOP02-DEL04-GO"
503728;2023-02-07;"terça-feira";"17:50:00";"DF";40;1;"BRASILIA";"Ausência de reação do condutor";"Colisão traseira";"Com Vítimas Feridas";"Pleno dia";"Decrescente";"Céu Claro";"Dupla";"Reta";"Não";2;0;1;0;1;0;1;2;-15,985532;-47,987747;"SPRF-DF";"DEL01-DF";"UOP01-DEL01-DF"
503729;2023-02-07;"terça-feira";"17:55:00";"CE";116;3;"FORTALEZA";"Manobra de mudança de faixa";"Colisão lateral mesmo sentido";"Com Vítimas Feridas";"Anoitecer";"Crescente";"Céu Claro";"Múltipla";"Reta";"Sim";3;0;1;0;2;0;1;3;-3,775717;-38,515771;"SPRF-CE";"DEL01-CE";"UOP02-DEL01-CE"
503730;2023-02-07;"terça-feira";"18:16:00";"PR";153;36;"SANTO ANTONIO DA PLATINA";"Velocidade Incompatível";"Engavetamento";"Com Vítimas Feridas";"Pleno dia";"Crescente";"Nublado";"Simples";"Não Informado";"Não";4;0;1;0;3;0;1;4;-23,25412433;-50,05017065;"SPRF-PR";"DEL07-PR";"UOP04-DEL07-PR"
503732;2023-02-07;"terça-feira";"18:45:00";"PE";428;187;"PETROLINA";"Pedestre cruzava a pista fora da faixa";"Atropelamento de Pedestre";"Com Vítimas Feridas";"Plena Noite";"Crescente";"Céu Claro";"Dupla";"Interseção de vias";"Sim";2;0;2;0;0;0;2;1;-9,35604301;-40,47854198;"SPRF-PE";"DEL06-PE";"UOP01-DEL06-PE"
503733;2023-02-07;"terça-feira";"18:25:00";"SC";101;203;"SAO JOSE";"Reação tardia ou ineficiente do condutor";"Colisão traseira";"Com Vítimas Feridas";"Pleno dia";"Crescente";"Nublado";"Múltipla";"Reta";"Sim";2;0;1;0;1;0;1;2;-27,5650044;-48,61460082;"SPRF-SC";"DEL01-SC";"UOP01-DEL01-SC"
503736;2023-02-07;"terça-feira";"17:40:00";"GO";40;6,5;"VALPARAISO DE GOIAS";"Área urbana sem a presença de local apropriado para a travessia de pedestres";"Atropelamento de Pedestre";"Com Vítimas Feridas";"Pleno dia";"Crescente";"Céu Claro";"Dupla";"Não Informado";"Sim";1;0;1;0;0;0;1;1;-16,100814;-47,977351;"SPRF-DF";"DEL01-DF";"UOP01-DEL01-DF"
503738;2023-02-07;"terça-feira";"19:10:00";"MG";381;584,1;"CARMOPOLIS DE MINAS";"Carga excessiva e/ou mal acondicionada";"Colisão com objeto";"Com Vítimas Feridas";"Plena Noite";"Decrescente";"Nublado";"Dupla";"Não Informado";"Não";2;0;1;0;1;0;1;1;-20,52949002;-44,63874994;"SPRF-MG";"DEL04-MG";"UOP01-DEL04-MG"
503739;2023-02-07;"terça-feira";"17:50:00";"SC";116;246,3;"LAGES";"Acessar a via sem observar a presença dos outros veículos";"Colisão transversal";"Com Vítimas Feridas";"Pleno dia";"Crescente";"Céu Claro";"Simples";"Reta";"Sim";2;0;1;0;1;0;1;2;-27,80570198;-50,36567867;"SPRF-SC";"DEL05-SC";"UOP02-DEL05-SC"
503741;2023-02-07;"terça-feira";"18:30:00";"SC";470;51,4;"BLUMENAU";"Ausência de reação do condutor";"Colisão traseira";"Com Vítimas Feridas";"Plena Noite";"Crescente";"Céu Claro";"Múltipla";"Reta";"Sim";2;0;0;1;1;0;1;2;-26,86266239;-49,08956409;"SPRF-SC";"DEL04-SC";"UOP01-DEL04-SC"
503742;2023-02-07;"terça-feira";"19:20:00";"MG";381;444,9;"SANTA LUZIA";"Ultrapassagem Indevida";"Colisão frontal";"Com Vítimas Feridas";"Plena Noite";"Crescente";"Nublado";"Simples";"Reta";"Não";4;0;3;0;0;1;3;3;-19,82360393;-43,82539293;"SPRF-MG";"DEL01-MG";"UOP01-DEL01-MG"
503751;2023-02-07;"terça-feira";"16:10:00";"MS";163;758;"COXIM";"Reação tardia ou ineficiente do condutor";"Colisão com objeto";"Com Vítimas Feridas";"Pleno dia";"Crescente";"Céu Claro";"Simples";"Reta";"Não";2;0;1;0;1;0;1;1;-18,275234;-54,66694409;"SPRF-MS";"DEL06-MS";"UOP01-DEL06-MS"
503753;2023-02-07;"terça-feira";"19:54:00";"ES";101;204,6;"JOAO NEIVA";"Acessar a via sem observar a presença dos outros veículos";"Colisão transversal";"Com Vítimas Feridas";"Plena Noite";"Crescente";"Nublado";"Simples";"Não Informado";"Não";2;0;0;1;1;0;1;2;-19,74948916;-40,37922678;"SPRF-ES";"DEL02-ES";"UOP01-DEL02-ES"
503754;2023-02-07;"terça-feira";"14:30:00";"MG";116;555,3;"MANHUACU";"Velocidade Incompatível";"Saída de leito carroçável";"Com Vítimas Feridas";"Pleno dia";"Crescente";"Chuva";"Simples";"Curva";"Não";3;0;3;0;0;0;3;1;-20,00911074;-42,14328403;"SPRF-MG";"DEL06-MG";"UOP02-DEL06-MG"
503755;2023-02-07;"terça-feira";"20:00:00";"PE";232;410;"SERRA TALHADA";"Ausência de reação do condutor";"Tombamento";"Com Vítimas Feridas";"Plena Noite";"Crescente";"Céu Claro";"Simples";"Viaduto";"Sim";2;0;1;0;0;1;1;1;-7,98261841;-38,30039606;"SPRF-PE";"DEL04-PE";"UOP01-DEL04-PE"
503757;2023-02-07;"terça-feira";"20:15:00";"RS";290;86,5;"PORTO ALEGRE";"Manobra de mudança de faixa";"Colisão transversal";"Com Vítimas Feridas";"Plena Noite";"Decrescente";"Céu Claro";"Múltipla";"Curva";"Não";3;0;3;0;0;0;3;2;-29,968412;-51,117138;"SPRF-RS";"DEL01-RS";"UOP01-DEL01-RS"
503758;2023-02-07;"terça-feira";"20:00:00";"RJ";101;275;"TANGUA";"Animais na Pista";"Atropelamento de Animal";"Com Vítimas Feridas";"Plena Noite";"Decrescente";"Chuva";"Dupla";"Reta";"Sim";2;0;1;0;1;0;1;1;-22,73653355;-42,72909106;"SPRF-RJ";"DEL02-RJ";"UOP03-DEL02-RJ"
503760;2023-02-07;"terça-feira";"21:05:00";"RS";116;235;"NOVO HAMBURGO";"Ingestão de álcool pelo condutor";"Saída de leito carroçável";"Com Vítimas Feridas";"Plena Noite";"Decrescente";"Céu Claro";"Dupla";"Reta";"Sim";1;0;0;1;0;0;1;1;-29,66040431;-51,14392161;"SPRF-RS";"DEL01-RS";"UOP02-DEL01-RS"
503761;2023-02-07;"terça-feira";"20:55:00";"RS";386;247,9;"SOLEDADE";"Acessar a via sem observar a presença dos outros veículos";"Colisão transversal";"Com Vítimas Feridas";"Plena Noite";"Decrescente";"Céu Claro";"Simples";"Reta";"Sim";3;0;1;0;2;0;1;2;-28,813179;-52,493595;"SPRF-RS";"DEL04-RS";"UOP03-DEL04-RS"
503765;2023-02-07;"terça-feira";"19:10:00";"MT";163;755;"SORRISO";"Avarias e/ou desgaste excessivo no pneu";"Queda de ocupante de veículo";"Com Vítimas Feridas";"Plena Noite";"Decrescente";"Chuva";"Dupla";"Não Informado";"Sim";1;0;0;1;0;0;1;1;-12,52887135;-55,70438395;"SPRF-MT";"DEL06-MT";"UOP01-DEL06-MT"
503767;2023-02-07;"terça-feira";"19:30:00";"RJ";101;491,5;"ANGRA DOS REIS";"Pista Escorregadia";"Colisão frontal";"Com Vítimas Feridas";"Plena Noite";"Crescente";"Chuva";"Simples";"Curva";"Não";2;0;1;0;1;0;1;2;-22,95442983;-44,32193004;"SPRF-RJ";"DEL03-RJ";"UOP02-DEL03-RJ"
503770;2023-02-07;"terça-feira";"21:00:00";"RJ";101;273;"TANGUA";"Pedestre cruzava a pista fora da faixa";"Atropelamento de Pedestre";"Com Vítimas Feridas";"Plena Noite";"Decrescente";"Chuva";"Dupla";"Não Informado";"Não";2;0;1;0;1;0;1;1;-22,7316093;-42,71051285;"SPRF-RJ";"DEL02-RJ";"UOP03-DEL02-RJ"
503771;2023-01-30;"segunda-feira";"09:30:00";"MS";267;25,7;"BATAGUASSU";"Avarias e/ou desgaste excessivo no pneu";"Saída de leito carroçável";"Com Vítimas Feridas";"Pleno dia";"Crescente";"Nublado";"Simples";"Desvio Temporário";"Não";2;0;1;0;1;0;1;1;-21,72459772;-52,38438497;"SPRF-MS";"DEL02-MS";"UOP04-DEL02-MS"
503772;2023-02-07;"terça-feira";"20:45:00";"RO";364;241,9;"CACOAL";"Acessar a via sem observar a presença dos outros veículos";"Colisão transversal";"Com Vítimas Feridas";"Plena Noite";"Decrescente";"Céu Claro";"Simples";"Não Informado";"Sim";2;0;1;0;1;0;1;2;-11,44070217;-61,4786063;"SPRF-RO";"DEL02-RO";"UOP02-DEL02-RO"
503775;2023-02-07;"terça-feira";"17:30:00";"RS";287;338;"SAO VICENTE DO SUL";"Ausência de reação do condutor";"Saída de leito carroçável";"Com Vítimas Feridas";"Pleno dia";"Crescente";"Céu Claro";"Simples";"Curva";"Não";1;0;1;0;0;0;1;1;-29,61326188;-54,68518173;"SPRF-RS";"DEL12-RS";"UOP02-DEL12-RS"
503779;2023-02-07;"terça-feira";"22:28:00";"PE";316;65;"OURICURI";"Ingestão de álcool pelo condutor";"Queda de ocupante de veículo";"Com Vítimas Feridas";"Plena Noite";"Decrescente";"Céu Claro";"Simples";"Reta";"Não";3;0;1;1;0;1;2;1;-7,78713245;-40,21815308;"SPRF-PE";"DEL05-PE";"UOP02-DEL05-PE"
503787;2023-02-08;"quarta-feira";"00:40:00";"SC";101;359,6;"JAGUARUNA";"Ausência de reação do condutor";"Capotamento";"Com Vítimas Feridas";"Plena Noite";"Decrescente";"Céu Claro";"Dupla";"Reta";"Não";5;0;1;0;4;0;1;1;-28,65057609;-49,10516385;"SPRF-SC";"DEL02-SC";"UOP01-DEL02-SC"
503788;2023-02-07;"terça-feira";"21:40:00";"RN";101;154;"GOIANINHA";"Condutor Dormindo";"Colisão com objeto";"Sem Vítimas";"Plena Noite";"Crescente";"Céu Claro";"Dupla";"Reta";"Não";1;0;0;0;1;0;0;1;-6,33179862;-35,17639161;"SPRF-RN";"DEL01-RN";"UOP01-DEL01-RN"
503791;2023-02-07;"terça-feira";"06:45:00";"RJ";101;321;"NITEROI";"Trafegar com motocicleta (ou similar) entre as faixas";"Colisão lateral mesmo sentido";"Com Vítimas Feridas";"Pleno dia";"Crescente";"Céu Claro";"Dupla";"Curva";"Não";2;0;1;0;1;0;1;2;-22,86981096;-43,11046465;"SPRF-RJ";"DEL02-RJ";"UOP01-DEL02-RJ"
503794;2023-02-08;"quarta-feira";"03:50:00";"BA";324;599;"SIMOES FILHO";"Condutor Dormindo";"Colisão com objeto";"Sem Vítimas";"Plena Noite";"Crescente";"Céu Claro";"Dupla";"Reta";"Não";1;0;0;0;1;0;0;1;-12,74194511;-38,43853918;"SPRF-BA";"DEL01-BA";"UOP01-DEL01-BA"
503795;2023-02-07;"terça-feira";"22:00:00";"RS";285;618,2;"SANTO ANTONIO DAS MISSOES";"Animais na Pista";"Atropelamento de Animal";"Com Vítimas Feridas";"Plena Noite";"Decrescente";"Céu Claro";"Simples";"Reta";"Não";1;0;1;0;0;0;1;1;-28,504004;-55,466183;"SPRF-RS";"DEL12-RS";"UOP01-DEL12-RS"
503796;2023-02-08;"quarta-feira";"05:00:00";"MG";381;648,1;"SANTO ANTONIO DO AMPARO";"Condutor Dormindo";"Saída de leito carroçável";"Com Vítimas Feridas";"Amanhecer";"Decrescente";"Nublado";"Dupla";"Reta";"Sim";15;0;3;0;12;0;3;1;-20,95761493;-44,92120513;"SPRF-MG";"DEL04-MG";"UOP02-DEL04-MG"
503800;2023-02-07;"terça-feira";"20:00:00";"RJ";493;49;"DUQUE DE CAXIAS";"Pedestre cruzava a pista fora da faixa";"Atropelamento de Pedestre";"Com Vítimas Feridas";"Plena Noite";"Crescente";"Chuva";"Múltipla";"Reta";"Sim";2;0;1;0;1;0;1;1;-22,672089;-43,285053;"SPRF-RJ";"DEL01-RJ";"UOP01-DEL01-RJ"
503804;2023-02-08;"quarta-feira";"04:00:00";"PR";277;112,5;"CAMPO LARGO";"Transitar na contramão";"Colisão frontal";"Com Vítimas Feridas";"Amanhecer";"Decrescente";"Nublado";"Dupla";"Reta";"Sim";2;0;1;0;1;0;1;2;-25,42970087;-49,37850986;"SPRF-PR";"DEL03-PR";"UOP03-DEL03-PR"
503805;2023-02-08;"quarta-feira";"06:40:00";"RS";158;335;"SANTA MARIA";"Desrespeitar a preferência no cruzamento";"Colisão frontal";"Com Vítimas Feridas";"Pleno dia";"Crescente";"Céu Claro";"Simples";"Interseção de vias";"Não";4;0;0;2;1;1;2;2;-29,70762392;-53,87394905;"SPRF-RS";"DEL09-RS";"UOP01-DEL09-RS"
503806;2023-02-08;"quarta-feira";"07:10:00";"MG";40;686,8;"RESSAQUINHA";"Conversão proibida";"Colisão transversal";"Com Vítimas Fatais";"Pleno dia";"Crescente";"Céu Claro";"Simples";"Não Informado";"Não";3;1;1;0;1;0;1;2;-21,09705982;-43,76796668;"SPRF-MG";"DEL05-MG";"UOP02-DEL05-MG"
503807;2023-02-08;"quarta-feira";"07:20:00";"PE";101;69,6;"RECIFE";"Acessar a via sem observar a presença dos outros veículos";"Colisão transversal";"Com Vítimas Feridas";"Pleno dia";"Crescente";"Nublado";"Múltipla";"Interseção de vias";"Sim";2;0;1;0;0;1;1;2;-8,05951606;-34,94581024;"SPRF-PE";"DEL01-PE";"UOP01-DEL01-PE"
503808;2023-02-08;"quarta-feira";"07:20:00";"MG";40;617,7;"CONGONHAS";"Afundamento ou ondulação no pavimento";"Tombamento";"Com Vítimas Feridas";"Pleno dia";"Crescente";"Céu Claro";"Simples";"Reta";"Não";1;0;1;0;0;0;1;1;-20,563502;-43,811892;"SPRF-MG";"DEL05-MG";"UOP02-DEL05-MG"
503809;2023-02-08;"quarta-feira";"07:48:00";"SP";116;209;"GUARULHOS";"Condutor deixou de manter distância do veículo da frente";"Colisão lateral mesmo sentido";"Com Vítimas Feridas";"Pleno dia";"Crescente";"Céu Claro";"Dupla";"Reta";"Sim";3;0;3;0;0;0;3;2;-23,42511799;-46,40221101;"SPRF-SP";"DEL01-SP";"UOP01-DEL01-SP"
503812;2023-02-08;"quarta-feira";"07:48:00";"PR";369;160;"CAMBE";"Manobra de mudança de faixa";"Tombamento";"Com Vítimas Feridas";"Pleno dia";"Crescente";"Céu Claro";"Dupla";"Reta";"Sim";1;0;1;0;0;0;1;1;-23,283296;-51,25053406;"SPRF-PR";"DEL07-PR";"UOP01-DEL07-PR"
503813;2023-02-08;"quarta-feira";"07:00:00";"RO";364;240,5;"CACOAL";"Acessar a via sem observar a presença dos outros veículos";"Colisão lateral mesmo sentido";"Com Vítimas Feridas";"Pleno dia";"Crescente";"Céu Claro";"Simples";"Reta";"Sim";2;0;1;0;1;0;1;2;-11,438666;-61,475494;"SPRF-RO";"DEL02-RO";"UOP02-DEL02-RO"
503815;2023-02-08;"quarta-feira";"08:00:00";"SC";282;19;"PALHOCA";"Manobra de mudança de faixa";"Colisão lateral mesmo sentido";"Com Vítimas Feridas";"Pleno dia";"Decrescente";"Céu Claro";"Simples";"Reta";"Não";2;0;0;1;1;0;1;2;-27,678635;-48,70192;"SPRF-SC";"DEL01-SC";"UOP02-DEL01-SC"
503818;2023-02-07;"terça-feira";"07:00:00";"RS";287;482;"SAO BORJA";"Animais na Pista";"Atropelamento de Animal";"Sem Vítimas";"Amanhecer";"Decrescente";"Céu Claro";"Simples";"Reta";"Não";4;0;0;0;4;0;0;1;-28,9404138;-55,56657289;"SPRF-RS";"DEL12-RS";"UOP01-DEL12-RS"
503819;2023-02-07;"terça-feira";"18:50:00";"BA";324;626;"SALVADOR";"Avarias e/ou desgaste excessivo no pneu";"Queda de ocupante de veículo";"Com Vítimas Feridas";"Plena Noite";"Crescente";"Céu Claro";"Dupla";"Reta";"Não";1;0;1;0;0;0;1;1;-12,95020997;-38,47073108;"SPRF-BA";"DEL01-BA";"UOP01-DEL01-BA"
503820;2023-02-08;"quarta-feira";"06:15:00";"PE";408;61;"CARPINA";"Transitar na contramão";"Colisão frontal";"Com Vítimas Feridas";"Pleno dia";"Decrescente";"Céu Claro";"Simples";"Reta";"Sim";8;0;6;2;0;0;8;2;-7,82301302;-35,24568219;"SPRF-PE";"DEL01-PE";"UOP01-DEL01-PE"
503823;2023-02-08;"quarta-feira";"05:50:00";"PR";116;26,7;"CAMPINA GRANDE DO SUL";"Pedestre andava na pista";"Atropelamento de Pedestre";"Com Vítimas Feridas";"Amanhecer";"Crescente";"Céu Claro";"Dupla";"Reta";"Não";2;0;1;0;0;1;1;1;-25,10683694;-48,785333;"SPRF-PR";"DEL01-PR";"UOP02-DEL01-PR"