"id";"data_inversa";"dia_semana";"horario";"uf";"br";"km";"municipio";"causa_acidente";"tipo_acidente";"classificacao_acidente";"fase_dia";"sentido_via";"condicao_metereologica";"tipo_pista";"tracado_via";"uso_solo";"pessoas";"mortos";"feridos_leves";"feridos_graves";"ilesos";"ignorados";"feridos";"veiculos";"latitude";"longitude";"regional";"delegacia";"uop"
503938;2023-02-08;"quarta-feira";"19:50:00";"ES";101;266,7;"SERRA";"Ausência de reação do condutor";"Colisão traseira";"Com Vítimas Feridas";"Plena Noite";"Crescente";"Céu Claro";"Dupla";"Reta";"Sim";2;0;1;0;1;0;1;2;-20,190199;-40,26828891;"SPRF-ES";"DEL02-ES";"UOP01-DEL02-ES"
503939;2023-02-08;"quarta-feira";"12:45:00";"SC";470;86,2;"RODEIO";"Acessar a via sem observar a presença dos outros veículos";"Colisão transversal";"Sem Vítimas";"Pleno dia";"Decrescente";"Céu Claro";"Simples";"Interseção de vias";"Sim";2;0;0;0;2;0;0;2;-26,949951;-49,357296;"SPRF-SC";"DEL04-SC";"UOP01-DEL04-SC"
503940;2023-02-08;"quarta-feira";"19:40:00";"GO";60;106;"ANAPOLIS";"Ausência de reação do condutor";"Tombamento";"Com Vítimas Feridas";"Plena Noite";"Decrescente";"Nublado";"Dupla";"Reta";"Não";1;0;1;0;0;0;1;1;-16,4232;-49,0134;"SPRF-GO";"DEL02-GO";"UOP01-DEL02-GO"
503941;2023-02-08;"quarta-feira";"17:00:00";"SC";470;55,5;"BLUMENAU";"Ultrapassagem Indevida";"Colisão transversal";"Com Vítimas Feridas";"Pleno dia";"Crescente";"Céu Claro";"Simples";"Reta";"Não";2;0;1;0;1;0;1;2;-26,875601;-49,117992;"SPRF-SC";"DEL04-SC";"UOP01-DEL04-SC"
503942;2023-01-21;"sábado";"14:00:00";"RS";290;185,4;"MINAS DO LEAO";"Ultrapassagem Indevida";"Capotamento";"Com Vítimas Feridas";"Pleno dia";"Decrescente";"Sol";"Simples";"Reta";"Não";1;0;1;0;0;0;1;1;-30,147707;-52,063564;"SPRF-RS";"DEL02-RS";"UOP03-DEL02-RS"
503944;2023-02-08;"quarta-feira";"19:50:00";"SC";280;4,6;"SAO FRANCISCO DO SUL";"Reação tardia ou ineficiente do condutor";"Colisão transversal";"Com Vítimas Feridas";"Plena Noite";"Decrescente";"Nublado";"Simples";"Rotatória";"Não";2;0;1;0;1;0;1;2;-26,25329566;-48,61916042;"SPRF-SC";"DEL03-SC";"UOP03-DEL03-SC"
503945;2023-02-08;"quarta-feira";"20:20:00";"MG";116;673,7;"MIRADOURO";"Ultrapassagem Indevida";"Colisão frontal";"Com Vítimas Feridas";"Plena Noite";"Crescente";"Nublado";"Simples";"Curva";"Sim";3;0;1;2;0;0;3;2;-20,88956601;-42,33963285;"SPRF-MG";"DEL07-MG";"UOP02-DEL07-MG"
503946;2023-02-08;"quarta-feira";"17:30:00";"MT";163;112;"RONDONOPOLIS";"Avarias e/ou desgaste excessivo no pneu";"Saída de leito carroçável";"Sem Vítimas";"Pleno dia";"Crescente";"Chuva";"Dupla";"Reta";"Não";2;0;0;0;2;0;0;1;-16,55554061;-54,67563987;"SPRF-MT";"DEL02-MT";"UOP01-DEL02-MT"
503948;2023-02-08;"quarta-feira";"20:15:00";"PE";232;22;"MORENO";"Velocidade Incompatível";"Saída de leito carroçável";"Com Vítimas Feridas";"Plena Noite";"Crescente";"Céu Claro";"Dupla";"Não Informado";"Não";1;0;0;1;0;0;1;1;-8,09712273;-35,088592;"SPRF-PE";"DEL01-PE";"UOP01-DEL01-PE"
503951;2023-02-08;"quarta-feira";"20:40:00";"RN";101;65;"EXTREMOZ";"Ausência de reação do condutor";"Incêndio";"Sem Vítimas";"Plena Noite";"Crescente";"Céu Claro";"Simples";"Reta";"Não";1;0;0;0;0;1;0;1;-5,64087613;-35,25009361;"SPRF-RN";"DEL02-RN";"UOP01-DEL02-RN"
503952;2023-02-08;"quarta-feira";"20:50:00";"CE";116;7;"FORTALEZA";"Animais na Pista";"Atropelamento de Animal";"Com Vítimas Feridas";"Plena Noite";"Crescente";"Céu Claro";"Múltipla";"Reta";"Não";2;0;1;0;1;0;1;2;-3,81073099;-38,50074867;"SPRF-CE";"DEL01-CE";"UOP02-DEL01-CE"
503954;2023-02-08;"quarta-feira";"20:55:00";"RJ";116;209;"SEROPEDICA";"Chuva";"Atropelamento de Pedestre";"Com Vítimas Feridas";"Plena Noite";"Decrescente";"Chuva";"Simples";"Reta";"Não";2;0;1;0;1;0;1;1;-22,720732;-43,686228;"SPRF-RJ";"DEL01-RJ";"UOP03-DEL01-RJ"
503958;2023-02-08;"quarta-feira";"16:30:00";"BA";330;821;"JITAUNA";"Acessar a via sem observar a presença dos outros veículos";"Colisão transversal";"Com Vítimas Feridas";"Pleno dia";"Decrescente";"Céu Claro";"Simples";"Reta";"Não";2;0;0;1;1;0;1;2;-14,02491101;-39,83355004;"SPRF-BA";"DEL03-BA";"UOP01-DEL03-BA"
503959;2023-02-04;"sábado";"18:50:00";"PR";158;533;"PATO BRANCO";"Condutor desrespeitou a iluminação vermelha do semáforo";"Colisão transversal";"Com Vítimas Feridas";"Pleno dia";"Crescente";"Céu Claro";"Simples";"Interseção de vias";"Sim";3;0;0;1;2;0;1;2;-26,21972809;-52,68262891;"SPRF-PR";"DEL02-PR";"UOP01-DEL02-PR"
503960;2023-02-08;"quarta-feira";"20:00:00";"MG";381;487;"BETIM";"Ausência de reação do condutor";"Colisão traseira";"Sem Vítimas";"Plena Noite";"Crescente";"Céu Claro";"Dupla";"Reta";"Sim";2;0;0;0;2;0;0;2;-19,95586853;-44,14609501;"SPRF-MG";"DEL01-MG";"UOP03-DEL01-MG"
503961;2023-02-08;"quarta-feira";"20:40:00";"PR";163;287;"MARECHAL CANDIDO RONDON";"Curva acentuada";"Saída de leito carroçável";"Com Vítimas Feridas";"Plena Noite";"Crescente";"Céu Claro";"Simples";"Não Informado";"Não";29;0;19;2;8;0;21;1;-24,55962092;-54,03702984;"SPRF-PR";"DEL06-PR";"UOP02-DEL06-PR"
503962;2023-02-08;"quarta-feira";"22:30:00";"PR";476;147,6;"ARAUCARIA";"Ingestão de álcool e/ou substâncias psicoativas pelo pedestre";"Queda de ocupante de veículo";"Com Vítimas Feridas";"Plena Noite";"Crescente";"Céu Claro";"Dupla";"Reta";"Sim";1;0;1;0;0;0;1;1;-25,554628;-49,339268;"SPRF-PR";"DEL01-PR";"UAP06-DEL01-PR"
503963;2023-02-08;"quarta-feira";"21:50:00";"GO";153;508,3;"APARECIDA DE GOIANIA";"Ausência de reação do condutor";"Colisão traseira";"Sem Vítimas";"Plena Noite";"Decrescente";"Nublado";"Dupla";"Reta";"Sim";2;0;0;0;2;0;0;2;-16,7804;-49,2371;"SPRF-GO";"DEL01-GO";"UOP03-DEL01-GO"
503965;2023-02-09;"quinta-feira";"01:25:00";"RS";116;253,8;"SAPUCAIA DO SUL";"Ingestão de álcool pelo condutor";"Capotamento";"Com Vítimas Feridas";"Plena Noite";"Crescente";"Céu Claro";"Dupla";"Reta";"Sim";2;0;1;1;0;0;2;1;-29,82573148;-51,17232084;"SPRF-RS";"DEL01-RS";"UOP02-DEL01-RS"
503966;2023-02-09;"quinta-feira";"01:00:00";"TO";153;142;"ARAGUAINA";"Reação tardia ou ineficiente do condutor";"Tombamento";"Com Vítimas Feridas";"Plena Noite";"Decrescente";"Ignorado";"Dupla";"Reta";"Sim";1;0;1;0;0;0;1;1;-7,18228805;-48,22580095;"SPRF-TO";"DEL02-TO";"UOP01-DEL02-TO"
503967;2023-02-09;"quinta-feira";"00:30:00";"PE";232;300,9;"SERTANIA";"Animais na Pista";"Atropelamento de Animal";"Com Vítimas Feridas";"Plena Noite";"Decrescente";"Céu Claro";"Simples";"Reta";"Não";5;0;4;1;0;0;5;1;-8,22802112;-37,41517316;"SPRF-PE";"DEL04-PE";"UOP02-DEL04-PE"
503968;2023-02-09;"quinta-feira";"00:45:00";"PR";376;171,5;"MARINGA";"Reação tardia ou ineficiente do condutor";"Colisão com objeto";"Sem Vítimas";"Plena Noite";"Decrescente";"Céu Claro";"Dupla";"Reta";"Sim";2;0;0;0;2;0;0;2;-23,41293401;-51,98354301;"SPRF-PR";"DEL09-PR";"UOP01-DEL09-PR"
503969;2023-02-08;"quarta-feira";"23:30:00";"MS";267;481,6;"JARDIM";"Velocidade Incompatível";"Saída de leito carroçável";"Sem Vítimas";"Plena Noite";"Decrescente";"Céu Claro";"Dupla";"Reta";"Sim";1;0;0;0;0;1;0;1;-21,478745;-56,13899;"SPRF-MS";"DEL05-MS";"UOP01-DEL05-MS"
503971;2023-02-09;"quinta-feira";"03:30:00";"SC";101;83;"BARRA VELHA";"Ingestão de álcool pelo condutor";"Saída de leito carroçável";"Com Vítimas Feridas";"Plena Noite";"Decrescente";"Céu Claro";"Dupla";"Reta";"Sim";2;0;1;0;1;0;1;1;-26,61865655;-48,71834126;"SPRF-SC";"DEL03-SC";"UOP02-DEL03-SC"
503972;2023-02-08;"quarta-feira";"22:20:00";"BA";242;530;"OLIVEIRA DOS BREJINHOS";"Ausência de reação do condutor";"Saída de leito carroçável";"Com Vítimas Feridas";"Plena Noite";"Crescente";"Céu Claro";"Simples";"Reta";"Não";1;0;1;0;0;0;1;1;-12,27293435;-42,70844813;"SPRF-BA";"DEL06-BA";"UOP01-DEL06-BA"
503973;2023-02-09;"quinta-feira";"04:00:00";"SC";101;41,3;"JOINVILLE";"Entrada inopinada do pedestre";"Atropelamento de Pedestre";"Com Vítimas Feridas";"Plena Noite";"Decrescente";"Céu Claro";"Dupla";"Reta";"Sim";3;0;1;0;1;1;1;1;-26,28215489;-48,88973081;"SPRF-SC";"DEL03-SC";"UOP01-DEL03-SC"
503974;2023-01-15;"domingo";"18:30:00";"RN";406;165;"SAO GONCALO DO AMARANTE";"Acostamento em desnível";"Colisão lateral mesmo sentido";"Com Vítimas Feridas";"Anoitecer";"Crescente";"Sol";"Simples";"Reta";"Não";2;0;1;1;0;0;2;1;-5,74358883;-35,33982456;"SPRF-RN";"DEL02-RN";"UOP01-DEL02-RN"
503975;2023-02-09;"quinta-feira";"04:00:00";"SC";101;267;"IMBITUBA";"Condutor Dormindo";"Capotamento";"Com Vítimas Feridas";"Plena Noite";"Crescente";"Céu Claro";"Dupla";"Reta";"Não";2;0;1;0;1;0;1;1;-28,07699803;-48,71234311;"SPRF-SC";"DEL02-SC";"UOP03-DEL02-SC"
503976;2023-02-09;"quinta-feira";"05:10:00";"PR";116;89,5;"PIRAQUARA";"Ausência de reação do condutor";"Colisão com objeto";"Sem Vítimas";"Plena Noite";"Crescente";"Céu Claro";"Dupla";"Reta";"Não";1;0;0;0;0;1;0;1;-25,45428705;-49,08817119;"SPRF-PR";"DEL01-PR";"UOP07-DEL01-PR"
503978;2023-02-09;"quinta-feira";"05:50:00";"RS";116;256;"ESTEIO";"Entrada inopinada do pedestre";"Atropelamento de Pedestre";"Com Vítimas Fatais";"Amanhecer";"Decrescente";"Nublado";"Dupla";"Reta";"Sim";2;1;0;0;1;0;0;1;-29,84449408;-51,17738485;"SPRF-RS";"DEL01-RS";"UOP02-DEL01-RS"
503980;2023-02-09;"quinta-feira";"05:45:00";"MG";40;492,8;"ESMERALDAS";"Reação tardia ou ineficiente do condutor";"Saída de leito carroçável";"Com Vítimas Feridas";"Amanhecer";"Crescente";"Céu Claro";"Dupla";"Não Informado";"Não";2;0;2;0;0;0;2;1;-19,63737896;-44,20372986;"SPRF-MG";"DEL02-MG";"UOP01-DEL02-MG"
503983;2023-01-17;"terça-feira";"16:02:00";"RJ";101;297;"ITABORAI";"Entrada inopinada do pedestre";"Atropelamento de Pedestre";"Com Vítimas Feridas";"Pleno dia";"Decrescente";"Céu Claro";"Simples";"Curva";"Sim";2;0;0;1;1;0;1;1;-22,76942037;-42,91873581;"SPRF-RJ";"DEL02-RJ";"UOP02-DEL02-RJ"
503984;2023-02-09;"quinta-feira";"07:05:00";"MG";381;478;"CONTAGEM";"Ausência de reação do condutor";"Colisão traseira";"Com Vítimas Feridas";"Pleno dia";"Decrescente";"Céu Claro";"Múltipla";"Reta";"Sim";2;0;0;1;1;0;1;2;-19,95826094;-44,05921101;"SPRF-MG";"DEL01-MG";"UOP03-DEL01-MG"
503986;2023-02-09;"quinta-feira";"01:30:00";"SC";163;110,5;"GUARUJA DO SUL";"Velocidade Incompatível";"Saída de leito carroçável";"Sem Vítimas";"Plena Noite";"Decrescente";"Céu Claro";"Simples";"Não Informado";"Sim";1;0;0;0;0;1;0;1;-26,40508001;-53,52431608;"SPRF-SC";"DEL07-SC";"UOP03-DEL07-SC"
503989;2023-02-09;"quinta-feira";"07:30:00";"PR";163;86;"CAPANEMA";"Acessar a via sem observar a presença dos outros veículos";"Colisão transversal";"Com Vítimas Feridas";"Pleno dia";"Crescente";"Céu Claro";"Simples";"Reta";"Não";2;0;1;0;1;0;1;2;-25,716186;-53,77784798;"SPRF-PR";"DEL02-PR";"UOP02-DEL02-PR"
503990;2023-02-09;"quinta-feira";"08:00:00";"BA";324;525;"FEIRA DE SANTANA";"Condutor deixou de manter distância do veículo da frente";"Colisão traseira";"Com Vítimas Feridas";"Pleno dia";"Decrescente";"Céu Claro";"Dupla";"Reta";"Sim";3;0;2;0;1;0;2;2;-12,30106981;-38,8977869;"SPRF-BA";"DEL01-BA";"UOP03-DEL01-BA"
503993;2023-02-09;"quinta-feira";"07:35:00";"PR";277;589,4;"CASCAVEL";"Reação tardia ou ineficiente do condutor";"Saída de leito carroçável";"Com Vítimas Feridas";"Pleno dia";"Decrescente";"Céu Claro";"Simples";"Reta";"Sim";2;0;1;0;1;0;1;1;-24,97895876;-53,44924992;"SPRF-PR";"DEL04-PR";"UOP01-DEL04-PR"
503994;2023-02-09;"quinta-feira";"07:40:00";"SP";116;226,6;"GUARULHOS";"Manobra de mudança de faixa";"Colisão lateral mesmo sentido";"Com Vítimas Feridas";"Pleno dia";"Crescente";"Nublado";"Múltipla";"Reta";"Sim";3;0;2;0;1;0;2;2;-23,49102507;-46,54878195;"SPRF-SP";"DEL01-SP";"UOP01-DEL01-SP"
503995;2023-02-09;"quinta-feira";"08:00:00";"PE";101;65,1;"RECIFE";"Reação tardia ou ineficiente do condutor";"Queda de ocupante de veículo";"Com Vítimas Feridas";"Pleno dia";"Crescente";"Céu Claro";"Múltipla";"Reta";"Sim";1;0;1;0;0;0;1;1;-8,026494;-34,943047;"SPRF-PE";"DEL01-PE";"UOP01-DEL01-PE"
503999;2023-02-09;"quinta-feira";"07:55:00";"SC";101;189;"BIGUACU";"Ausência de reação do condutor";"Colisão traseira";"Com Vítimas Feridas";"Pleno dia";"Crescente";"Céu Claro";"Dupla";"Reta";"Não";2;0;2;0;0;0;2;2;-27,459393;-48,638914;"SPRF-SC";"DEL01-SC";"UOP01-DEL01-SC"
504000;2023-02-09;"quinta-feira";"07:40:00";"AL";101;188;"JUNQUEIRO";"Acessar a via sem observar a presença dos outros veículos";"Colisão traseira";"Sem Vítimas";"Pleno dia";"Decrescente";"Céu Claro";"Dupla";"Curva";"Não";2;0;0;0;1;1;0;2;-9,90809784;-36,46933335;"SPRF-AL";"DEL02-AL";"UOP02-DEL02-AL"
504001;2023-01-12;"quinta-feira";"16:40:00";"PA";163;973;"SANTAREM";"Condutor deixou de manter distância do veículo da frente";"Colisão traseira";"Com Vítimas Feridas";"Pleno dia";"Crescente";"Céu Claro";"Simples";"Reta";"Não";6;0;2;0;4;0;2;2;-2,64879863;-54,80989708;"SPRF-PA";"DEL05-PA";"UOP01-DEL05-PA"
504003;2023-02-09;"quinta-feira";"07:10:00";"RO";174;15;"VILHENA";"Ultrapassagem Indevida";"Colisão lateral mesmo sentido";"Com Vítimas Feridas";"Pleno dia";"Decrescente";"Céu Claro";"Simples";"Interseção de vias";"Sim";2;0;1;0;1;0;1;2;-12,723321;-60,12801;"SPRF-RO";"DEL04-RO";"UOP01-DEL04-RO"
504004;2023-02-09;"quinta-feira";"07:45:00";"SC";101;131;"BALNEARIO CAMBORIU";"Reação tardia ou ineficiente do condutor";"Tombamento";"Com Vítimas Feridas";"Pleno dia";"Crescente";"Céu Claro";"Dupla";"Reta";"Sim";2;0;2;0;0;0;2;1;-26,99064209;-48,66310912;"SPRF-SC";"DEL04-SC";"UOP03-DEL04-SC"
504005;2023-01-20;"sexta-feira";"17:30:00";"PA";316;44,4;"SANTA IZABEL DO PARA";"Ingestão de álcool pelo condutor";"Saída de leito carroçável";"Com Vítimas Feridas";"Anoitecer";"Decrescente";"Chuva";"Dupla";"Reta";"Não";6;0;4;0;2;0;4;1;-1,27592647;-48,08710906;"SPRF-PA";"DEL01-PA";"UOP01-DEL01-PA"
504006;2023-02-09;"quinta-feira";"08:30:00";"PR";277;590;"CASCAVEL";"Condutor deixou de manter distância do veículo da frente";"Engavetamento";"Com Vítimas Feridas";"Pleno dia";"Decrescente";"Sol";"Simples";"Reta";"Sim";4;0;2;0;2;0;2;3;-24,98120697;-53,45591501;"SPRF-PR";"DEL04-PR";"UOP01-DEL04-PR"
504009;2023-02-08;"quarta-feira";"22:10:00";"MG";381;288;"ANTONIO DIAS";"Velocidade Incompatível";"Colisão com objeto";"Sem Vítimas";"Plena Noite";"Decrescente";"Nublado";"Simples";"Não Informado";"Não";1;0;0;0;0;1;0;1;-19,63905081;-42,81290207;"SPRF-MG";"DEL03-MG";"UOP02-DEL03-MG"
504012;2023-02-09;"quinta-feira";"08:45:00";"PR";116;122;"CURITIBA";"Reação tardia ou ineficiente do condutor";"Tombamento";"Com Vítimas Feridas";"Pleno dia";"Decrescente";"Céu Claro";"Múltipla";"Reta";"Não";1;0;0;1;0;0;1;1;-25,56857207;-49,31023179;"SPRF-PR";"DEL01-PR";"UOP03-DEL01-PR"
504014;2023-02-09;"quinta-feira";"08:30:00";"PR";369;432,6;"UBIRATA";"Frear bruscamente";"Colisão traseira";"Com Vítimas Feridas";"Pleno dia";"Decrescente";"Sol";"Simples";"Reta";"Não";6;0;1;0;5;0;1;2;-24,4663;-52,8654;"SPRF-PR";"DEL04-PR";"UOP03-DEL04-PR"
504017;2023-02-09;"quinta-feira";"09:45:00";"ES";259;39;"COLATINA";"Ausência de reação do condutor";"Saída de leito carroçável";"Com Vítimas Feridas";"Pleno dia";"Crescente";"Céu Claro";"Simples";"Reta";"Não";4;0;1;3;0;0;4;1;-19,55880276;-40,52027201;"SPRF-ES";"DEL02-ES";"UOP01-DEL02-ES"
504018;2023-02-09;"quinta-feira";"09:20:00";"BA";324;530,6;"FEIRA DE SANTANA";"Acessar a via sem observar a presença dos outros veículos";"Colisão traseira";"Com Vítimas Feridas";"Pleno dia";"Decrescente";"Céu Claro";"Dupla";"Reta";"Não";2;0;0;1;1;0;1;2;-12,32818491;-38,86174193;"SPRF-BA";"DEL01-BA";"UOP03-DEL01-BA"
504019;2023-02-09;"quinta-feira";"09:30:00";"RS";290;75;"GRAVATAI";"Manobra de mudança de faixa";"Colisão traseira";"Com Vítimas Feridas";"Pleno dia";"Crescente";"Céu Claro";"Dupla";"Não Informado";"Não";5;0;3;0;1;1;3;3;-29,95521;-51,006855;"SPRF-RS";"DEL01-RS";"UOP01-DEL01-RS"
504020;2023-02-09;"quinta-feira";"09:50:00";"PR";376;504;"PONTA GROSSA";"Ausência de reação do condutor";"Colisão lateral mesmo sentido";"Com Vítimas Feridas";"Pleno dia";"Crescente";"Ignorado";"Simples";"Não Informado";"Não";2;0;1;0;1;0;1;2;-25,23024416;-50,04503118;"SPRF-PR";"DEL03-PR";"UOP04-DEL03-PR"
504022;2023-02-09;"quinta-feira";"07:15:00";"CE";20;376,7;"CAUCAIA";"Manobra de mudança de faixa";"Colisão lateral sentido oposto";"Sem Vítimas";"Pleno dia";"Decrescente";"Chuva";"Simples";"Reta";"Não";6;0;0;0;2;4;0;2;-3,938817;-38,866013;"SPRF-CE";"DEL01-CE";"UOP01-DEL01-CE"
504024;2023-02-09;"quinta-feira";"07:30:00";"RJ";101;523;"ANGRA DOS REIS";"Sinalização mal posicionada";"Colisão traseira";"Com Vítimas Feridas";"Pleno dia";"Decrescente";"Céu Claro";"Simples";"Não Informado";"Não";2;0;0;1;1;0;1;2;-22,99810796;-44,47647035;"SPRF-RJ";"DEL03-RJ";"UOP02-DEL03-RJ"
504026;2023-02-09;"quinta-feira";"10:10:00";"ES";101;148;"LINHARES";"Reação tardia ou ineficiente do condutor";"Tombamento";"Com Vítimas Feridas";"Pleno dia";"Decrescente";"Nublado";"Dupla";"Reta";"Sim";1;0;0;1;0;0;1;1;-19,38787399;-40,06752766;"SPRF-ES";"DEL04-ES";"UOP01-DEL04-ES"
504027;2023-02-09;"quinta-feira";"08:00:00";"BA";116;507;"SANTA TERESINHA";"Velocidade Incompatível";"Saída de leito carroçável";"Com Vítimas Feridas";"Pleno dia";"Decrescente";"Céu Claro";"Simples";"Curva";"Não";1;0;1;0;0;0;1;1;-12,62095083;-39,58484008;"SPRF-BA";"DEL03-BA";"UOP02-DEL03-BA"
504029;2023-02-09;"quinta-feira";"10:00:00";"PR";116;86;"PIRAQUARA";"Reação tardia ou ineficiente do condutor";"Queda de ocupante de veículo";"Com Vítimas Feridas";"Pleno dia";"Decrescente";"Céu Claro";"Múltipla";"Não Informado";"Sim";1;0;1;0;0;0;1;1;-25,46162277;-49,08869505;"SPRF-PR";"DEL01-PR";"UOP07-DEL01-PR"
504030;2023-02-09;"quinta-feira";"05:53:00";"TO";153;173;"ARAGUAINA";"Transitar na contramão";"Colisão lateral sentido oposto";"Com Vítimas Feridas";"Amanhecer";"Crescente";"Céu Claro";"Simples";"Reta";"Não";3;0;0;1;2;0;1;2;-7,419759;-48,36162505;"SPRF-TO";"DEL02-TO";"UOP01-DEL02-TO"
504032;2023-02-09;"quinta-feira";"08:00:00";"RS";386;435;"NOVA SANTA RITA";"Acesso irregular";"Colisão lateral mesmo sentido";"Com Vítimas Feridas";"Pleno dia";"Crescente";"Nublado";"Dupla";"Rotatória";"Sim";2;0;1;0;1;0;1;2;-29,848207;-51,270552;"SPRF-RS";"DEL01-RS";"UOP01-DEL01-RS"
504034;2023-02-09;"quinta-feira";"09:00:00";"MS";163;254;"DOURADOS";"Reação tardia ou ineficiente do condutor";"Colisão traseira";"Sem Vítimas";"Pleno dia";"Crescente";"Céu Claro";"Dupla";"Desvio Temporário";"Sim";2;0;0;0;1;1;0;2;-22,2718426714;-54,8165712857;"SPRF-MS";"DEL04-MS";"UOP01-DEL04-MS"
504035;2023-02-09;"quinta-feira";"10:34:00";"RN";304;299;"MACAIBA";"Reação tardia ou ineficiente do condutor";"Saída de leito carroçável";"Com Vítimas Feridas";"Pleno dia";"Decrescente";"Chuva";"Dupla";"Reta";"Sim";2;0;2;0;0;0;2;1;-5,87095859;-35,32359587;"SPRF-RN";"DEL01-RN";"UOP02-DEL01-RN"
504036;2023-02-09;"quinta-feira";"07:45:00";"SC";470;146;"RIO DO SUL";"Pista esburacada";"Colisão frontal";"Com Vítimas Feridas";"Pleno dia";"Crescente";"Céu Claro";"Simples";"Reta";"Sim";3;0;3;0;0;0;3;2;-27,240673;-49,685822;"SPRF-SC";"DEL04-SC";"UOP02-DEL04-SC"
504037;2023-02-09;"quinta-feira";"10:55:00";"PR";277;61;"SAO JOSE DOS PINHAIS";"Desrespeitar a preferência no cruzamento";"Colisão transversal";"Com Vítimas Feridas";"Pleno dia";"Decrescente";"Céu Claro";"Dupla";"Não Informado";"Não";3;0;2;0;1;0;2;2;-25,56895101;-48,99932401;"SPRF-PR";"DEL01-PR";"UOP01-DEL01-PR"
504038;2023-02-09;"quinta-feira";"10:34:00";"PB";230;15,9;"JOAO PESSOA";"Manobra de mudança de faixa";"Colisão lateral mesmo sentido";"Com Vítimas Fatais";"Pleno dia";"Decrescente";"Nublado";"Dupla";"Não Informado";"Sim";6;2;1;2;1;0;3;4;-7,10681211;-34,84389067;"SPRF-PB";"DEL01-PB";"UOP01-DEL01-PB"
504039;2023-02-09;"quinta-feira";"09:08:00";"RO";421;23;"MONTE NEGRO";"Chuva";"Saída de leito carroçável";"Com Vítimas Feridas";"Pleno dia";"Crescente";"Chuva";"Simples";"Curva";"Não";1;0;0;1;0;0;1;1;-10,07348;-63,212029;"SPRF-RO";"DEL03-RO";"UOP01-DEL03-RO"
504040;2023-02-09;"quinta-feira";"12:10:00";"MG";459;11,3;"CALDAS";"Pedestre cruzava a pista fora da faixa";"Atropelamento de Pedestre";"Com Vítimas Feridas";"Pleno dia";"Crescente";"Céu Claro";"Simples";"Reta";"Sim";3;0;0;1;2;0;1;1;-21,828049;-46,449937;"SPRF-MG";"DEL09-MG";"UOP01-DEL09-MG"
504041;2023-02-09;"quinta-feira";"12:05:00";"PA";308;151;"CAPANEMA";"Acessar a via sem observar a presença dos outros veículos";"Colisão transversal";"Com Vítimas Feridas";"Pleno dia";"Crescente";"Céu Claro";"Simples";"Reta";"Sim";2;0;1;0;1;0;1;2;-1,206079;-47,175357;"SPRF-PA";"DEL01-PA";"UOP03-DEL01-PA"
504042;2023-02-09;"quinta-feira";"12:00:00";"PI";343;2;"TERESINA";"Manobra de mudança de faixa";"Colisão lateral mesmo sentido";"Com Vítimas Feridas";"Pleno dia";"Decrescente";"Céu Claro";"Dupla";"Reta";"Sim";3;0;1;1;0;1;2;2;-5,0817644;-42,76989341;"SPRF-PI";"DEL01-PI";"UOP01-DEL01-PI"
504043;2023-02-09;"quinta-feira";"12:30:00";"SC";101;118;"ITAJAI";"Ausência de reação do condutor";"Colisão traseira";"Com Vítimas Feridas";"Pleno dia";"Crescente";"Céu Claro";"Dupla";"Reta";"Sim";2;0;2;0;0;0;2;2;-26,895859;-48,71903;"SPRF-SC";"DEL04-SC";"UOP04-DEL04-SC"
504045;2023-02-09;"quinta-feira";"12:52:00";"MG";381;518;"SAO JOAQUIM DE BICAS";"Velocidade Incompatível";"Capotamento";"Com Vítimas Feridas";"Pleno dia";"Crescente";"Céu Claro";"Dupla";"Não Informado";"Não";1;0;1;0;0;0;1;1;-20,12065395;-44,30242562;"SPRF-MG";"DEL04-MG";"UOP03-DEL04-MG"
504047;2023-02-09;"quinta-feira";"12:45:00";"MG";354;743;"POUSO ALTO";"Reação tardia ou ineficiente do condutor";"Saída de leito carroçável";"Com Vítimas Feridas";"Pleno dia";"Crescente";"Céu Claro";"Simples";"Reta";"Não";1;0;1;0;0;0;1;1;-22,2393211;-44,93648355;"SPRF-MG";"DEL17-MG";"UOP01-DEL17-MG"
504050;2023-02-09;"quinta-feira";"13:15:00";"PE";101;37;"IGARASSU";"Acumulo de água sobre o pavimento";"Colisão traseira";"Com Vítimas Feridas";"Pleno dia";"Decrescente";"Nublado";"Dupla";"Desvio Temporário";"Não";3;0;2;0;1;0;2;2;-7,7972670527;-34,9274932016;"SPRF-PE";"DEL01-PE";"UOP02-DEL01-PE"
504051;2023-02-09;"quinta-feira";"10:40:00";"RJ";356;156;"CAMPOS DOS GOYTACAZES";"Ausência de reação do condutor";"Colisão lateral sentido oposto";"Com Vítimas Feridas";"Pleno dia";"Decrescente";"Céu Claro";"Simples";"Reta";"Não";3;0;1;0;2;0;1;2;-21,74176222;-41,21112786;"SPRF-RJ";"DEL08-RJ";"UOP02-DEL08-RJ"
504054;2023-02-09;"quinta-feira";"10:55:00";"MA";135;43;"BACABEIRA";"Condutor Dormindo";"Saída de leito carroçável";"Com Vítimas Feridas";"Pleno dia";"Crescente";"Sol";"Dupla";"Reta";"Sim";1;0;1;0;0;0;1;1;-2,91264134;-44,35402453;"SPRF-MA";"DEL01-MA";"UOP01-DEL01-MA"