"id";"data_inversa";"dia_semana";"horario";"uf";"br";"km";"municipio";"causa_acidente";"tipo_acidente";"classificacao_acidente";"fase_dia";"sentido_via";"condicao_metereologica";"tipo_pista";"tracado_via";"uso_solo";"pessoas";"mortos";"feridos_leves";"feridos_graves";"ilesos";"ignorados";"feridos";"veiculos";"latitude";"longitude";"regional";"delegacia";"uop"
504055;2023-02-09;"quinta-feira";"08:30:00";"MG";262;535,5;"LUZ";"Animais na Pista";"Atropelamento de Animal";"Com Vítimas Feridas";"Pleno dia";"Crescente";"Sol";"Simples";"Reta";"Não";2;0;1;0;0;1;1;1;-19,76236193;-45,79615474;"SPRF-MG";"DEL08-MG";"UOP02-DEL08-MG"
504058;2023-02-09;"quinta-feira";"13:30:00";"RJ";495;30;"PETROPOLIS";"Trafegar com motocicleta (ou similar) entre as faixas";"Atropelamento de Pedestre";"Com Vítimas Feridas";"Pleno dia";"Decrescente";"Céu Claro";"Simples";"Reta";"Sim";2;0;1;0;1;0;1;1;-22,385458;-43,129604;"SPRF-RJ";"DEL06-RJ";"UOP02-DEL06-RJ"
504059;2023-02-05;"domingo";"09:20:00";"SP";116;178;"SANTA ISABEL";"Manobra de mudança de faixa";"Colisão traseira";"Com Vítimas Feridas";"Pleno dia";"Decrescente";"Nublado";"Dupla";"Não Informado";"Não";10;0;2;0;8;0;2;3;-23,327667;-46,128108;"SPRF-SP";"DEL01-SP";"UOP01-DEL01-SP"
504060;2023-01-20;"sexta-feira";"16:11:00";"ES";262;55;"MARECHAL FLORIANO";"Transitar na contramão";"Colisão frontal";"Com Vítimas Feridas";"Pleno dia";"Crescente";"Chuva";"Simples";"Curva";"Não";3;0;0;1;2;0;1;2;-20,41120651;-40,7479394;"SPRF-ES";"DEL01-ES";"UOP01-DEL01-ES"
504061;2023-02-09;"quinta-feira";"13:45:00";"PR";376;547,5;"PALMEIRA";"Mal súbito do condutor";"Colisão traseira";"Com Vítimas Feridas";"Pleno dia";"Crescente";"Céu Claro";"Dupla";"Reta";"Não";5;0;1;0;4;0;1;2;-25,410775;-49,778472;"SPRF-PR";"DEL03-PR";"UOP03-DEL03-PR"
504063;2023-01-29;"domingo";"15:45:00";"PA";316;93,2;"SAO FRANCISCO DO PARA";"Transitar na contramão";"Colisão lateral sentido oposto";"Com Vítimas Fatais";"Pleno dia";"Crescente";"Garoa/Chuvisco";"Simples";"Não Informado";"Não";2;1;0;0;1;0;0;2;-1,32412974;-47,66551295;"SPRF-PA";"DEL01-PA";"UOP02-DEL01-PA"
504065;2023-02-09;"quinta-feira";"14:20:00";"MG";116;414;"GOVERNADOR VALADARES";"Desrespeitar a preferência no cruzamento";"Colisão transversal";"Com Vítimas Feridas";"Pleno dia";"Crescente";"Céu Claro";"Simples";"Interseção de vias";"Sim";2;0;1;0;1;0;1;2;-18,88102703;-41,95910802;"SPRF-MG";"DEL06-MG";"UOP01-DEL06-MG"
504069;2023-02-09;"quinta-feira";"14:30:00";"PR";467;103,8;"CASCAVEL";"Ausência de reação do condutor";"Saída de leito carroçável";"Com Vítimas Feridas";"Pleno dia";"Crescente";"Céu Claro";"Dupla";"Reta";"Não";1;0;0;1;0;0;1;1;-24,9098;-53,5103;"SPRF-PR";"DEL04-PR";"UOP01-DEL04-PR"
504070;2023-02-09;"quinta-feira";"07:40:00";"RJ";101;325;"RIO DE JANEIRO";"Ausência de reação do condutor";"Colisão traseira";"Sem Vítimas";"Pleno dia";"Crescente";"Sol";"Dupla";"Reta";"Não";2;0;0;0;2;0;0;2;-22,87292569;-43,13625699;"SPRF-RJ";"DEL02-RJ";"UOP01-DEL02-RJ"
504072;2023-02-09;"quinta-feira";"16:00:00";"RJ";101;478;"ANGRA DOS REIS";"Conversão proibida";"Tombamento";"Com Vítimas Feridas";"Pleno dia";"Crescente";"Nublado";"Simples";"Curva";"Não";1;0;1;0;0;0;1;1;-23,00663368;-44,27649021;"SPRF-RJ";"DEL03-RJ";"UOP02-DEL03-RJ"
504075;2023-02-09;"quinta-feira";"14:25:00";"RJ";356;68;"ITALVA";"Condutor deixou de manter distância do veículo da frente";"Colisão traseira";"Com Vítimas Feridas";"Pleno dia";"Crescente";"Céu Claro";"Simples";"Reta";"Sim";4;0;1;0;3;0;1;2;-21,37185322;-41,70238203;"SPRF-RJ";"DEL08-RJ";"UOP03-DEL08-RJ"
504076;2023-02-09;"quinta-feira";"15:00:00";"MT";364;204;"RONDONOPOLIS";"Ausência de reação do condutor";"Colisão lateral mesmo sentido";"Com Vítimas Feridas";"Pleno dia";"Decrescente";"Céu Claro";"Dupla";"Reta";"Sim";2;0;1;0;1;0;1;2;-16,467325;-54,657196;"SPRF-MT";"DEL02-MT";"UOP01-DEL02-MT"
504079;2023-02-09;"quinta-feira";"16:30:00";"SP";101;50,6;"UBATUBA";"Acessar a via sem observar a presença dos outros veículos";"Colisão transversal";"Com Vítimas Feridas";"Pleno dia";"Decrescente";"Céu Claro";"Simples";"Reta";"Sim";3;0;0;1;2;0;1;2;-23,45322707;-45,07432938;"SPRF-SP";"DEL06-SP";"UOP01-DEL06-SP"
504080;2023-02-09;"quinta-feira";"15:30:00";"PR";277;395;"CANDOI";"Acessar a via sem observar a presença dos outros veículos";"Colisão transversal";"Com Vítimas Feridas";"Pleno dia";"Decrescente";"Céu Claro";"Simples";"Reta";"Não";2;0;1;0;1;0;1;2;-25,44527097;-51,877942;"SPRF-PR";"DEL08-PR";"UOP01-DEL08-PR"
504081;2023-02-09;"quinta-feira";"16:00:00";"RJ";101;588;"PARATY";"Reação tardia ou ineficiente do condutor";"Colisão traseira";"Com Vítimas Feridas";"Pleno dia";"Decrescente";"Nublado";"Simples";"Reta";"Não";3;0;1;0;2;0;1;2;-23,273228;-44,686222;"SPRF-RJ";"DEL03-RJ";"UOP01-DEL03-RJ"
504082;2023-02-09;"quinta-feira";"11:30:00";"MG";50;79;"UBERLANDIA";"Objeto estático sobre o leito carroçável";"Queda de ocupante de veículo";"Com Vítimas Feridas";"Pleno dia";"Crescente";"Sol";"Dupla";"Não Informado";"Não";1;0;1;0;0;0;1;1;-18,986906;-48,211853;"SPRF-MG";"DEL15-MG";"UOP01-DEL15-MG"
504083;2023-02-09;"quinta-feira";"16:00:00";"SP";153;3;"ICEM";"Transitar na contramão";"Colisão frontal";"Com Vítimas Fatais";"Pleno dia";"Crescente";"Céu Claro";"Simples";"Reta";"Não";6;2;4;0;0;0;4;3;-20,33042017;-49,2128492;"SPRF-SP";"DEL09-SP";"UOP01-DEL09-SP"
504085;2023-02-09;"quinta-feira";"15:45:00";"SC";470;140;"RIO DO SUL";"Conversão proibida";"Atropelamento de Pedestre";"Com Vítimas Feridas";"Pleno dia";"Crescente";"Chuva";"Simples";"Reta";"Não";2;0;1;0;1;0;1;1;-27,222485;-49,662827;"SPRF-SC";"DEL04-SC";"UOP02-DEL04-SC"
504086;2023-02-09;"quinta-feira";"17:30:00";"SC";101;202;"SAO JOSE";"Condutor deixou de manter distância do veículo da frente";"Colisão traseira";"Com Vítimas Feridas";"Pleno dia";"Crescente";"Céu Claro";"Dupla";"Reta";"Sim";2;0;1;0;1;0;1;2;-27,55711595;-48,61897889;"SPRF-SC";"DEL01-SC";"UOP01-DEL01-SC"
504087;2023-02-09;"quinta-feira";"17:30:00";"MG";40;625,8;"CONSELHEIRO LAFAIETE";"Ausência de sinalização";"Engavetamento";"Com Vítimas Feridas";"Pleno dia";"Crescente";"Nublado";"Simples";"Reta";"Sim";6;0;2;0;4;0;2;4;-20,63107584;-43,81116542;"SPRF-MG";"DEL05-MG";"UOP02-DEL05-MG"
504089;2023-02-09;"quinta-feira";"18:00:00";"SC";101;123,7;"ITAJAI";"Condutor deixou de manter distância do veículo da frente";"Colisão traseira";"Com Vítimas Feridas";"Pleno dia";"Crescente";"Céu Claro";"Múltipla";"Reta";"Sim";2;0;0;1;1;0;1;2;-26,941535;-48,693825;"SPRF-SC";"DEL04-SC";"UOP04-DEL04-SC"
504091;2023-02-09;"quinta-feira";"10:26:00";"GO";40;8,5;"LUZIANIA";"Entrada inopinada do pedestre";"Atropelamento de Pedestre";"Com Vítimas Feridas";"Pleno dia";"Crescente";"Céu Claro";"Dupla";"Reta";"Sim";2;0;1;1;0;0;2;1;-16,116158;-47,96761;"SPRF-DF";"DEL01-DF";"UOP01-DEL01-DF"
504094;2023-02-09;"quinta-feira";"18:30:00";"ES";101;127;"LINHARES";"Desrespeitar a preferência no cruzamento";"Colisão transversal";"Com Vítimas Feridas";"Plena Noite";"Crescente";"Céu Claro";"Múltipla";"Não Informado";"Sim";3;0;1;0;2;0;1;2;-19,202898;-40,095524;"SPRF-ES";"DEL04-ES";"UOP01-DEL04-ES"
504096;2023-02-09;"quinta-feira";"15:30:00";"MA";10;255;"IMPERATRIZ";"Acessar a via sem observar a presença dos outros veículos";"Colisão transversal";"Com Vítimas Feridas";"Pleno dia";"Decrescente";"Sol";"Simples";"Reta";"Sim";2;0;1;0;0;1;1;2;-5,508798;-47,471718;"SPRF-MA";"DEL04-MA";"UOP01-DEL04-MA"
504097;2023-02-09;"quinta-feira";"19:00:00";"SP";116;491;"CAJATI";"Reação tardia ou ineficiente do condutor";"Tombamento";"Com Vítimas Feridas";"Anoitecer";"Crescente";"Céu Claro";"Dupla";"Reta";"Não";2;0;1;0;1;0;1;1;-24,73981193;-48,12375607;"SPRF-SP";"DEL05-SP";"UOP01-DEL05-SP"
504098;2023-02-09;"quinta-feira";"19:00:00";"SP";116;211;"GUARULHOS";"Ausência de reação do condutor";"Colisão traseira";"Com Vítimas Feridas";"Plena Noite";"Crescente";"Nublado";"Dupla";"Reta";"Sim";3;0;1;0;2;0;1;2;-23,4324306;-46,4194352;"SPRF-SP";"DEL01-SP";"UOP01-DEL01-SP"
504099;2023-02-09;"quinta-feira";"15:50:00";"MT";163;641;"NOVA MUTUM";"Acostamento em desnível";"Saída de leito carroçável";"Sem Vítimas";"Anoitecer";"Crescente";"Céu Claro";"Simples";"Curva";"Não";1;0;0;0;1;0;0;1;-13,54877598;-56,02741636;"SPRF-MT";"DEL01-MT";"UOP01-DEL01-MT"
504100;2023-02-09;"quinta-feira";"19:30:00";"AL";101;117;"PILAR";"Velocidade Incompatível";"Saída de leito carroçável";"Com Vítimas Feridas";"Plena Noite";"Crescente";"Céu Claro";"Simples";"Túnel";"Não";1;0;1;0;0;0;1;1;-9,66002291;-36,01975024;"SPRF-AL";"DEL02-AL";"UOP01-DEL02-AL"
504102;2023-02-09;"quinta-feira";"19:10:00";"SE";235;27;"AREIA BRANCA";"Ingestão de álcool pelo condutor";"Colisão frontal";"Com Vítimas Feridas";"Plena Noite";"Decrescente";"Céu Claro";"Múltipla";"Não Informado";"Não";2;0;2;0;0;0;2;2;-10,798957;-37,272919;"SPRF-SE";"DEL01-SE";"UOP02-DEL01-SE"
504104;2023-02-09;"quinta-feira";"19:30:00";"RN";101;84,6;"NATAL";"Manobra de mudança de faixa";"Colisão transversal";"Com Vítimas Feridas";"Plena Noite";"Crescente";"Céu Claro";"Dupla";"Reta";"Sim";2;0;1;0;1;0;1;2;-5,774175;-35,2578;"SPRF-RN";"DEL02-RN";"UOP01-DEL02-RN"
504105;2023-02-09;"quinta-feira";"17:25:00";"PE";232;43;"VITORIA DE SANTO ANTAO";"Acessar a via sem observar a presença dos outros veículos";"Colisão transversal";"Com Vítimas Feridas";"Anoitecer";"Decrescente";"Chuva";"Dupla";"Reta";"Não";2;0;1;0;1;0;1;2;-8,11729755;-35,26097515;"SPRF-PE";"DEL01-PE";"UOP01-DEL01-PE"
504107;2023-02-09;"quinta-feira";"19:40:00";"ES";262;17,3;"VIANA";"Conversão proibida";"Colisão transversal";"Com Vítimas Feridas";"Plena Noite";"Crescente";"Nublado";"Simples";"Interseção de vias";"Sim";2;0;1;0;1;0;1;2;-20,38635961;-40,47272969;"SPRF-ES";"DEL01-ES";"UOP01-DEL01-ES"
504108;2023-02-09;"quinta-feira";"18:00:00";"PR";116;16;"COLOMBO";"Manobra de mudança de faixa";"Colisão traseira";"Com Vítimas Feridas";"Anoitecer";"Crescente";"Nublado";"Dupla";"Reta";"Não";2;0;0;1;1;0;1;2;-25,3874;-49,1774;"SPRF-PR";"DEL01-PR";"UOP02-DEL01-PR"
504109;2023-02-09;"quinta-feira";"19:30:00";"PR";116;89;"PIRAQUARA";"Reação tardia ou ineficiente do condutor";"Saída de leito carroçável";"Com Vítimas Fatais";"Plena Noite";"Decrescente";"Garoa/Chuvisco";"Dupla";"Reta";"Não";1;1;0;0;0;0;0;1;-25,45428705;-49,08817119;"SPRF-PR";"DEL01-PR";"UOP07-DEL01-PR"
504110;2023-02-09;"quinta-feira";"20:11:00";"DF";251;44;"BRASILIA";"Reação tardia ou ineficiente do condutor";"Colisão lateral sentido oposto";"Com Vítimas Feridas";"Plena Noite";"Crescente";"Garoa/Chuvisco";"Simples";"Curva";"Sim";2;0;0;1;1;0;1;2;-15,948113;-47,845235;"SPRF-DF";"DEL01-DF";"UOP01-DEL01-DF"
504113;2023-02-09;"quinta-feira";"19:00:00";"BA";242;585;"IBOTIRAMA";"Ingestão de álcool pelo condutor";"Colisão lateral sentido oposto";"Com Vítimas Feridas";"Plena Noite";"Crescente";"Céu Claro";"Simples";"Não Informado";"Não";4;0;0;1;3;0;1;2;-12,18030734;-43,22502136;"SPRF-BA";"DEL10-BA";"UOP02-DEL10-BA"
504114;2023-02-09;"quinta-feira";"19:50:00";"SC";101;210,8;"SAO JOSE";"Acessar a via sem observar a presença dos outros veículos";"Colisão lateral mesmo sentido";"Com Vítimas Feridas";"Plena Noite";"Crescente";"Nublado";"Múltipla";"Reta";"Sim";2;0;1;0;0;1;1;2;-27,6167305;-48,6457265;"SPRF-SC";"DEL01-SC";"UOP01-DEL01-SC"
504115;2023-02-09;"quinta-feira";"18:00:00";"PR";277;35;"MORRETES";"Pedestre cruzava a pista fora da faixa";"Atropelamento de Pedestre";"Com Vítimas Fatais";"Pleno dia";"Decrescente";"Céu Claro";"Dupla";"Curva";"Não";2;1;0;0;1;0;0;1;-25,55225338;-48,79892578;"SPRF-PR";"DEL01-PR";"UOP05-DEL01-PR"
504116;2023-02-09;"quinta-feira";"19:20:00";"PR";369;384;"MAMBORE";"Ingestão de álcool pelo condutor";"Saída de leito carroçável";"Sem Vítimas";"Plena Noite";"Decrescente";"Céu Claro";"Simples";"Curva";"Não";1;0;0;0;1;0;0;1;-24,2417;-52,522;"SPRF-PR";"DEL04-PR";"UOP03-DEL04-PR"
504118;2023-02-09;"quinta-feira";"18:45:00";"PR";376;425,5;"TIBAGI";"Velocidade Incompatível";"Colisão com objeto";"Sem Vítimas";"Pleno dia";"Decrescente";"Sol";"Dupla";"Não Informado";"Não";1;0;0;0;1;0;0;1;-24,70607702;-50,55670023;"SPRF-PR";"DEL03-PR";"UOP02-DEL03-PR"
504119;2023-02-09;"quinta-feira";"16:30:00";"MG";365;344,7;"VARJAO DE MINAS";"Reação tardia ou ineficiente do condutor";"Colisão transversal";"Com Vítimas Feridas";"Pleno dia";"Crescente";"Céu Claro";"Simples";"Curva";"Sim";4;0;4;0;0;0;4;2;-18,38752757;-46,03800201;"SPRF-MG";"DEL10-MG";"UOP01-DEL10-MG"
504120;2023-02-09;"quinta-feira";"20:30:00";"SC";101;207,8;"SAO JOSE";"Demais falhas mecânicas ou elétricas";"Colisão lateral mesmo sentido";"Com Vítimas Feridas";"Plena Noite";"Crescente";"Céu Claro";"Dupla";"Não Informado";"Sim";2;0;1;0;1;0;1;2;-27,60001226;-48,6226467;"SPRF-SC";"DEL01-SC";"UOP01-DEL01-SC"
504121;2023-02-09;"quinta-feira";"15:20:00";"PR";476;277;"SAO MATEUS DO SUL";"Acessar a via sem observar a presença dos outros veículos";"Colisão transversal";"Com Vítimas Feridas";"Pleno dia";"Crescente";"Nublado";"Simples";"Reta";"Não";2;0;0;1;1;0;1;2;-25,875048;-50,390919;"SPRF-PR";"DEL02-PR";"UOP03-DEL02-PR"
504125;2023-02-09;"quinta-feira";"18:05:00";"SP";116;155;"SAO JOSE DOS CAMPOS";"Manobra de mudança de faixa";"Colisão lateral mesmo sentido";"Com Vítimas Feridas";"Anoitecer";"Crescente";"Chuva";"Múltipla";"Não Informado";"Sim";2;0;1;0;1;0;1;2;-23,25044084;-45,93572909;"SPRF-SP";"DEL02-SP";"UOP01-DEL02-SP"
504126;2023-02-09;"quinta-feira";"21:15:00";"PE";101;43,8;"IGARASSU";"Manobra de mudança de faixa";"Colisão lateral sentido oposto";"Com Vítimas Feridas";"Plena Noite";"Decrescente";"Céu Claro";"Dupla";"Reta";"Sim";2;0;1;0;0;1;1;2;-7,84753808;-34,90977038;"SPRF-PE";"DEL01-PE";"UOP02-DEL01-PE"
504134;2023-02-09;"quinta-feira";"19:11:00";"SC";282;207;"LAGES";"Acessar a via sem observar a presença dos outros veículos";"Atropelamento de Pedestre";"Com Vítimas Feridas";"Plena Noite";"Decrescente";"Nublado";"Simples";"Reta";"Não";2;0;1;0;0;1;1;1;-27,773464;-50,202095;"SPRF-SC";"DEL05-SC";"UOP01-DEL05-SC"
504135;2023-02-09;"quinta-feira";"22:30:00";"PR";116;91;"SAO JOSE DOS PINHAIS";"Reação tardia ou ineficiente do condutor";"Saída de leito carroçável";"Sem Vítimas";"Plena Noite";"Crescente";"Chuva";"Dupla";"Reta";"Sim";1;0;0;0;1;0;0;1;-25,48911072;-49,11133289;"SPRF-PR";"DEL01-PR";"UOP07-DEL01-PR"
504137;2023-02-09;"quinta-feira";"19:20:00";"MG";262;95;"ABRE CAMPO";"Animais na Pista";"Atropelamento de Animal";"Com Vítimas Feridas";"Plena Noite";"Crescente";"Céu Claro";"Simples";"Reta";"Não";3;0;2;0;1;0;2;1;-20,3007766;-42,47286782;"SPRF-MG";"DEL03-MG";"UOP03-DEL03-MG"
504138;2023-02-09;"quinta-feira";"22:30:00";"ES";101;265;"SERRA";"Reação tardia ou ineficiente do condutor";"Tombamento";"Com Vítimas Feridas";"Plena Noite";"Crescente";"Céu Claro";"Dupla";"Não Informado";"Sim";1;0;1;0;0;0;1;1;-20,1816849;-40,26536036;"SPRF-ES";"DEL02-ES";"UOP01-DEL02-ES"
504143;2023-02-09;"quinta-feira";"21:15:00";"PR";277;325;"GUARAPUAVA";"Ausência de reação do condutor";"Saída de leito carroçável";"Com Vítimas Feridas";"Plena Noite";"Crescente";"Nublado";"Simples";"Reta";"Não";1;0;0;1;0;0;1;1;-25,37142553;-51,26201107;"SPRF-PR";"DEL08-PR";"UOP01-DEL08-PR"
504145;2023-02-09;"quinta-feira";"23:00:00";"MG";381;927,8;"ITAPEVA";"Ingestão de álcool pelo condutor";"Colisão com objeto";"Com Vítimas Feridas";"Plena Noite";"Decrescente";"Chuva";"Dupla";"Não Informado";"Sim";1;0;1;0;0;0;1;1;-22,79271225;-46,24636988;"SPRF-MG";"DEL16-MG";"UOP03-DEL16-MG"
504146;2023-02-09;"quinta-feira";"23:20:00";"SP";116;269,5;"TABOAO DA SERRA";"Condutor desrespeitou a iluminação vermelha do semáforo";"Colisão transversal";"Com Vítimas Feridas";"Plena Noite";"Decrescente";"Nublado";"Múltipla";"Não Informado";"Sim";3;0;1;1;1;0;2;2;-23,61593059;-46,78826044;"SPRF-SP";"DEL04-SP";"UOP01-DEL04-SP"
504148;2023-02-09;"quinta-feira";"23:45:00";"RS";386;345,9;"LAJEADO";"Objeto estático sobre o leito carroçável";"Tombamento";"Com Vítimas Feridas";"Plena Noite";"Crescente";"Céu Claro";"Dupla";"Reta";"Sim";1;0;1;0;0;0;1;1;-29,443069;-51,984135;"SPRF-RS";"DEL04-RS";"UOP01-DEL04-RS"
504149;2023-02-09;"quinta-feira";"23:20:00";"SC";280;225;"TRES BARRAS";"Animais na Pista";"Atropelamento de Animal";"Sem Vítimas";"Plena Noite";"Crescente";"Céu Claro";"Simples";"Reta";"Não";1;0;0;0;1;0;0;1;-26,17875971;-50,31308811;"SPRF-SC";"DEL06-SC";"UOP04-DEL06-SC"
504150;2023-02-09;"quinta-feira";"22:10:00";"MS";158;266;"TRES LAGOAS";"Reação tardia ou ineficiente do condutor";"Tombamento";"Com Vítimas Feridas";"Plena Noite";"Crescente";"Nublado";"Simples";"Reta";"Sim";1;0;1;0;0;0;1;1;-20,75394198;-51,70516399;"SPRF-MS";"DEL07-MS";"UOP01-DEL07-MS"
504152;2023-02-10;"sexta-feira";"01:30:00";"BA";101;687;"ITAGIMIRIM";"Ingestão de álcool e/ou substâncias psicoativas pelo pedestre";"Atropelamento de Pedestre";"Com Vítimas Fatais";"Plena Noite";"Crescente";"Céu Claro";"Simples";"Não Informado";"Não";2;1;0;0;0;1;0;1;-16,12901299;-39,60396074;"SPRF-BA";"DEL09-BA";"UOP01-DEL09-BA"
504157;2023-02-09;"quinta-feira";"13:06:00";"MT";174;106;"JUINA";"Transitar na contramão";"Colisão frontal";"Com Vítimas Fatais";"Pleno dia";"Decrescente";"Céu Claro";"Simples";"Não Informado";"Não";4;1;3;0;0;0;3;2;-12,107383;-59,691386;"SPRF-MT";"DEL03-MT";"UOP01-DEL03-MT"
504159;2023-02-10;"sexta-feira";"03:35:00";"RS";290;106,9;"ELDORADO DO SUL";"Animais na Pista";"Atropelamento de Animal";"Com Vítimas Feridas";"Amanhecer";"Crescente";"Céu Claro";"Dupla";"Reta";"Não";2;0;2;0;0;0;2;2;-29,998999;-51,294563;"SPRF-RS";"DEL02-RS";"UOP01-DEL02-RS"
504162;2023-02-10;"sexta-feira";"04:30:00";"SC";101;114;"ITAJAI";"Ingestão de álcool pelo condutor";"Saída de leito carroçável";"Sem Vítimas";"Plena Noite";"Decrescente";"Céu Claro";"Múltipla";"Reta";"Sim";2;0;0;0;2;0;0;1;-26,86192886;-48,7286704;"SPRF-SC";"DEL04-SC";"UOP04-DEL04-SC"
504165;2023-02-10;"sexta-feira";"03:50:00";"SP";381;18,4;"BRAGANCA PAULISTA";"Reação tardia ou ineficiente do condutor";"Saída de leito carroçável";"Com Vítimas Feridas";"Plena Noite";"Crescente";"Céu Claro";"Dupla";"Não Informado";"Não";1;0;0;1;0;0;1;1;-22,97781786;-46,48995212;"SPRF-SP";"DEL03-SP";"UOP02-DEL03-SP"
504167;2023-02-10;"sexta-feira";"03:40:00";"BA";324;534;"CONCEICAO DO JACUIPE";"Ausência de reação do condutor";"Colisão traseira";"Sem Vítimas";"Plena Noite";"Decrescente";"Chuva";"Dupla";"Reta";"Não";4;0;0;0;4;0;0;2;-12,35104617;-38,83402119;"SPRF-BA";"DEL01-BA";"UOP03-DEL01-BA"
504168;2023-02-10;"sexta-feira";"05:10:00";"PR";277;724;"FOZ DO IGUACU";"Ingestão de álcool pelo condutor";"Saída de leito carroçável";"Com Vítimas Feridas";"Amanhecer";"Decrescente";"Céu Claro";"Dupla";"Reta";"Não";1;0;1;0;0;0;1;1;-25,50257577;-54,53868311;"SPRF-PR";"DEL05-PR";"UOP03-DEL05-PR"
504170;2023-02-10;"sexta-feira";"05:40:00";"BA";324;522;"FEIRA DE SANTANA";"Animais na Pista";"Colisão traseira";"Sem Vítimas";"Pleno dia";"Crescente";"Céu Claro";"Dupla";"Reta";"Sim";2;0;0;0;2;0;0;2;-12,29007099;-38,91206799;"SPRF-BA";"DEL01-BA";"UOP03-DEL01-BA"
504172;2023-02-10;"sexta-feira";"05:45:00";"RS";101;29,5;"TRES CACHOEIRAS";"Ingestão de álcool pelo condutor";"Saída de leito carroçável";"Sem Vítimas";"Pleno dia";"Crescente";"Céu Claro";"Dupla";"Reta";"Não";1;0;0;0;0;1;0;1;-29,4735831;-49,95929681;"SPRF-RS";"DEL03-RS";"UOP02-DEL03-RS"
504175;2023-02-10;"sexta-feira";"06:30:00";"ES";101;280;"SERRA";"Condutor deixou de manter distância do veículo da frente";"Colisão traseira";"Com Vítimas Feridas";"Pleno dia";"Decrescente";"Céu Claro";"Dupla";"Reta";"Sim";2;0;0;1;1;0;1;2;-20,21828666;-40,34895595;"SPRF-ES";"DEL02-ES";"UOP01-DEL02-ES"
504176;2023-02-10;"sexta-feira";"05:30:00";"MS";60;23,6;"CHAPADAO DO SUL";"Acumulo de água sobre o pavimento";"Saída de leito carroçável";"Com Vítimas Feridas";"Amanhecer";"Crescente";"Chuva";"Simples";"Curva";"Não";4;0;1;0;3;0;1;1;-18,85735093;-52,6990281;"SPRF-MS";"DEL08-MS";"UOP01-DEL08-MS"
504178;2023-02-10;"sexta-feira";"07:00:00";"DF";40;0;"BRASILIA";"Condutor Dormindo";"Tombamento";"Com Vítimas Feridas";"Pleno dia";"Crescente";"Céu Claro";"Dupla";"Reta";"Sim";1;0;1;0;0;0;1;1;-15,97707979;-47,99044847;"SPRF-DF";"DEL01-DF";"UOP01-DEL01-DF"
504179;2023-02-10;"sexta-feira";"06:30:00";"PR";116;116;"CURITIBA";"Ausência de reação do condutor";"Colisão traseira";"Com Vítimas Feridas";"Pleno dia";"Crescente";"Nublado";"Dupla";"Reta";"Não";2;0;1;0;1;0;1;2;-25,55761917;-49,3062973;"SPRF-PR";"DEL01-PR";"UOP03-DEL01-PR"
504183;2023-02-10;"sexta-feira";"07:50:00";"PR";116;121;"CURITIBA";"Reação tardia ou ineficiente do condutor";"Colisão lateral mesmo sentido";"Com Vítimas Feridas";"Pleno dia";"Decrescente";"Céu Claro";"Dupla";"Reta";"Sim";3;0;1;0;2;0;1;3;-25,5599323;-49,30743945;"SPRF-PR";"DEL01-PR";"UOP03-DEL01-PR"
504185;2023-01-29;"domingo";"07:46:00";"SC";101;133,6;"BALNEARIO CAMBORIU";"Acessar a via sem observar a presença dos outros veículos";"Colisão transversal";"Com Vítimas Fatais";"Pleno dia";"Crescente";"Céu Claro";"Múltipla";"Reta";"Sim";2;1;0;0;1;0;0;2;-27,00137;-48,639936;"SPRF-SC";"DEL04-SC";"UOP03-DEL04-SC"
504189;2023-02-10;"sexta-feira";"08:00:00";"BA";324;616;"SALVADOR";"Condutor deixou de manter distância do veículo da frente";"Colisão traseira";"Sem Vítimas";"Pleno dia";"Decrescente";"Céu Claro";"Dupla";"Reta";"Sim";2;0;0;0;2;0;0;2;-12,87957905;-38,43213893;"SPRF-BA";"DEL01-BA";"UOP01-DEL01-BA"
504190;2023-02-10;"sexta-feira";"06:50:00";"GO";153;633,8;"MORRINHOS";"Condutor Dormindo";"Saída de leito carroçável";"Com Vítimas Feridas";"Pleno dia";"Crescente";"Nublado";"Dupla";"Reta";"Não";4;0;4;0;0;0;4;1;-17,8191;-49,2117;"SPRF-GO";"DEL03-GO";"UOP01-DEL03-GO"
504191;2023-02-10;"sexta-feira";"07:53:00";"RN";304;306;"PARNAMIRIM";"Ausência de reação do condutor";"Colisão traseira";"Com Vítimas Feridas";"Pleno dia";"Decrescente";"Céu Claro";"Dupla";"Reta";"Sim";1;0;1;0;0;0;1;1;-5,89012265;-35,26352022;"SPRF-RN";"DEL01-RN";"UOP02-DEL01-RN"
504192;2023-02-10;"sexta-feira";"07:50:00";"PR";376;177;"MARINGA";"Reação tardia ou ineficiente do condutor";"Tombamento";"Com Vítimas Feridas";"Pleno dia";"Decrescente";"Céu Claro";"Múltipla";"Reta";"Não";1;0;1;0;0;0;1;1;-23,41595855;-51,92226484;"SPRF-PR";"DEL09-PR";"UOP01-DEL09-PR"
504193;2023-02-10;"sexta-feira";"07:00:00";"MG";381;260;"CORONEL FABRICIANO";"Ausência de reação do condutor";"Colisão lateral mesmo sentido";"Com Vítimas Feridas";"Pleno dia";"Crescente";"Céu Claro";"Simples";"Não Informado";"Não";2;0;0;1;1;0;1;2;-19,53297698;-42,5866127;"SPRF-MG";"DEL03-MG";"UOP02-DEL03-MG"