"id";"data_inversa";"dia_semana";"horario";"uf";"br";"km";"municipio";"causa_acidente";"tipo_acidente";"classificacao_acidente";"fase_dia";"sentido_via";"condicao_metereologica";"tipo_pista";"tracado_via";"uso_solo";"pessoas";"mortos";"feridos_leves";"feridos_graves";"ilesos";"ignorados";"feridos";"veiculos";"latitude";"longitude";"regional";"delegacia";"uop"
504194;2023-02-09;"quinta-feira";"21:15:00";"GO";70;445;"BOM JARDIM DE GOIAS";"Pista esburacada";"Tombamento";"Com Vítimas Feridas";"Plena Noite";"Crescente";"Nublado";"Simples";"Reta";"Não";3;0;1;0;2;0;1;1;-15,91935467;-51,99711889;"SPRF-GO";"DEL04-GO";"UOP02-DEL04-GO"
504195;2023-02-10;"sexta-feira";"06:20:00";"RJ";493;111;"ITAGUAI";"Condutor Dormindo";"Saída de leito carroçável";"Com Vítimas Feridas";"Amanhecer";"Crescente";"Céu Claro";"Dupla";"Reta";"Não";1;0;0;1;0;0;1;1;-22,806486;-43,79569244;"SPRF-RJ";"DEL01-RJ";"UOP04-DEL01-RJ"
504196;2023-02-10;"sexta-feira";"08:40:00";"SC";280;48,3;"GUARAMIRIM";"Acessar a via sem observar a presença dos outros veículos";"Colisão transversal";"Com Vítimas Feridas";"Pleno dia";"Crescente";"Céu Claro";"Simples";"Reta";"Sim";2;0;0;1;1;0;1;2;-26,45506795;-48,92766502;"SPRF-SC";"DEL03-SC";"UOP03-DEL03-SC"
504197;2023-02-10;"sexta-feira";"05:25:00";"MT";163;770;"SORRISO";"Ultrapassagem Indevida";"Colisão lateral sentido oposto";"Com Vítimas Feridas";"Pleno dia";"Crescente";"Nevoeiro/Neblina";"Simples";"Reta";"Não";1;0;1;0;0;0;1;1;-12,52146045;-55,700158;"SPRF-MT";"DEL06-MT";"UOP01-DEL06-MT"
504198;2023-01-29;"domingo";"22:00:00";"SC";101;334,9;"TUBARAO";"Condutor deixou de manter distância do veículo da frente";"Colisão traseira";"Sem Vítimas";"Plena Noite";"Crescente";"Céu Claro";"Múltipla";"Reta";"Não";2;0;0;0;2;0;0;2;-28,46730446;-49,00604302;"SPRF-SC";"DEL02-SC";"UOP01-DEL02-SC"
504200;2023-02-10;"sexta-feira";"08:00:00";"PR";277;80;"CURITIBA";"Trafegar com motocicleta (ou similar) entre as faixas";"Colisão traseira";"Com Vítimas Feridas";"Pleno dia";"Crescente";"Céu Claro";"Dupla";"Reta";"Sim";2;0;1;0;1;0;1;2;-25,48632355;-49,21873309;"SPRF-PR";"DEL01-PR";"UOP01-DEL01-PR"
504201;2023-01-21;"sábado";"17:20:00";"SC";282;537,7;"CHAPECO";"Ausência de reação do condutor";"Saída de leito carroçável";"Com Vítimas Feridas";"Pleno dia";"Decrescente";"Céu Claro";"Simples";"Não Informado";"Não";1;0;0;1;0;0;1;1;-27,00052272;-52,67051697;"SPRF-SC";"DEL07-SC";"UOP01-DEL07-SC"
504202;2023-02-10;"sexta-feira";"08:40:00";"SC";282;202,8;"LAGES";"Ausência de reação do condutor";"Saída de leito carroçável";"Com Vítimas Feridas";"Pleno dia";"Crescente";"Nublado";"Simples";"Reta";"Não";4;0;2;0;2;0;2;1;-27,76224129;-50,15035629;"SPRF-SC";"DEL05-SC";"UOP01-DEL05-SC"
504203;2023-02-09;"quinta-feira";"23:00:00";"RJ";116;92;"GUAPIMIRIM";"Ultrapassagem Indevida";"Colisão frontal";"Com Vítimas Feridas";"Plena Noite";"Crescente";"Chuva";"Simples";"Curva";"Não";3;0;0;1;2;0;1;3;-22,46152095;-42,98311201;"SPRF-RJ";"DEL04-RJ";"UOP01-DEL04-RJ"
504204;2023-02-10;"sexta-feira";"07:30:00";"MA";230;17;"BARAO DE GRAJAU";"Reação tardia ou ineficiente do condutor";"Saída de leito carroçável";"Com Vítimas Feridas";"Pleno dia";"Decrescente";"Sol";"Simples";"Curva";"Não";1;0;1;0;0;0;1;1;-6,70906805;-43,14951606;"SPRF-PI";"DEL03-PI";"UOP01-DEL03-PI"
504205;2023-01-09;"segunda-feira";"17:05:00";"PR";376;665;"GUARATUBA";"Velocidade Incompatível";"Colisão com objeto";"Com Vítimas Feridas";"Pleno dia";"Crescente";"Chuva";"Simples";"Curva";"Não";2;0;0;1;0;1;1;2;-25,85455838;-48,95670808;"SPRF-PR";"DEL01-PR";"UOP04-DEL01-PR"
504209;2023-02-10;"sexta-feira";"08:45:00";"RS";386;270;"FONTOURA XAVIER";"Ausência de reação do condutor";"Tombamento";"Com Vítimas Feridas";"Pleno dia";"Decrescente";"Céu Claro";"Simples";"Reta";"Sim";1;0;1;0;0;0;1;1;-28,9781736;-52,36774033;"SPRF-RS";"DEL04-RS";"UOP03-DEL04-RS"
504212;2023-02-10;"sexta-feira";"09:30:00";"PE";232;5,8;"RECIFE";"Ausência de reação do condutor";"Colisão traseira";"Com Vítimas Feridas";"Pleno dia";"Crescente";"Céu Claro";"Dupla";"Não Informado";"Sim";2;0;2;0;0;0;2;2;-8,070723;-34,953246;"SPRF-PE";"DEL01-PE";"UOP01-DEL01-PE"
504213;2023-02-10;"sexta-feira";"09:00:00";"SP";381;89;"SAO PAULO";"Manobra de mudança de faixa";"Colisão lateral mesmo sentido";"Com Vítimas Feridas";"Pleno dia";"Crescente";"Céu Claro";"Múltipla";"Reta";"Não";2;0;1;0;1;0;1;2;-23,48469299;-46,55983288;"SPRF-SP";"DEL03-SP";"UOP01-DEL03-SP"
504214;2023-01-30;"segunda-feira";"19:35:00";"MT";163;118;"RONDONOPOLIS";"Reação tardia ou ineficiente do condutor";"Saída de leito carroçável";"Com Vítimas Fatais";"Plena Noite";"Crescente";"Céu Claro";"Dupla";"Não Informado";"Sim";1;1;0;0;0;0;0;1;-16,51361392;-54,65519619;"SPRF-MT";"DEL02-MT";"UOP01-DEL02-MT"
504215;2023-02-10;"sexta-feira";"09:47:00";"BA";324;574;"SAO SEBASTIAO DO PASSE";"Acessar a via sem observar a presença dos outros veículos";"Colisão traseira";"Com Vítimas Feridas";"Pleno dia";"Decrescente";"Sol";"Dupla";"Reta";"Não";3;0;1;0;2;0;1;2;-12,56758892;-38,55238794;"SPRF-BA";"DEL01-BA";"UOP01-DEL01-BA"
504217;2023-02-10;"sexta-feira";"10:10:00";"SC";280;67,4;"JARAGUA DO SUL";"Área urbana sem a presença de local apropriado para a travessia de pedestres";"Colisão transversal";"Com Vítimas Feridas";"Pleno dia";"Crescente";"Nublado";"Simples";"Reta";"Sim";3;0;1;0;1;1;1;2;-26,4775146;-49,10363575;"SPRF-SC";"DEL03-SC";"UOP03-DEL03-SC"
504218;2023-02-10;"sexta-feira";"09:30:00";"RN";406;134;"TAIPU";"Manobra de mudança de faixa";"Colisão lateral sentido oposto";"Com Vítimas Feridas";"Pleno dia";"Decrescente";"Sol";"Simples";"Reta";"Não";2;0;1;0;1;0;1;2;-5,65414395;-35,57506398;"SPRF-RN";"DEL02-RN";"UOP01-DEL02-RN"
504219;2023-02-10;"sexta-feira";"07:40:00";"PR";476;191;"LAPA";"Desvio temporário";"Tombamento";"Com Vítimas Feridas";"Amanhecer";"Crescente";"Céu Claro";"Simples";"Túnel";"Não";2;0;0;1;0;1;1;1;-25,72487203;-49,69950914;"SPRF-PR";"DEL01-PR";"UAP06-DEL01-PR"
504220;2023-02-10;"sexta-feira";"09:50:00";"CE";20;310,3;"CANINDE";"Condutor deixou de manter distância do veículo da frente";"Colisão traseira";"Com Vítimas Feridas";"Pleno dia";"Decrescente";"Céu Claro";"Simples";"Reta";"Sim";2;0;1;0;1;0;1;2;-4,33526699;-39,28862702;"SPRF-CE";"DEL02-CE";"UOP01-DEL02-CE"
504221;2023-02-09;"quinta-feira";"16:30:00";"MS";NA;NA;"CAMPO GRANDE";"Pista Escorregadia";"Saída de leito carroçável";"Sem Vítimas";"Pleno dia";"Não Informado";"Nublado";"Simples";"Reta";"Não";2;0;0;0;2;0;0;1;-20,580711;-54,675145;"SPRF-MS";"DEL01-MS";"N/A"
504222;2023-02-10;"sexta-feira";"08:58:00";"PE";232;131;"CARUARU";"Ausência de reação do condutor";"Colisão traseira";"Com Vítimas Feridas";"Pleno dia";"Crescente";"Céu Claro";"Dupla";"Não Informado";"Sim";3;0;1;0;1;1;1;2;-8,30117613;-35,99843996;"SPRF-PE";"DEL02-PE";"UOP01-DEL02-PE"
504223;2023-01-17;"terça-feira";"23:37:00";"SC";101;185;"BIGUACU";"Ausência de reação do condutor";"Tombamento";"Com Vítimas Feridas";"Plena Noite";"Crescente";"Céu Claro";"Dupla";"Interseção de vias";"Sim";1;0;1;0;0;0;1;1;-27,42061434;-48,62561703;"SPRF-SC";"DEL01-SC";"UOP01-DEL01-SC"
504224;2023-02-10;"sexta-feira";"07:00:00";"PI";316;46;"LAGOA DO PIAUI";"Acessar a via sem observar a presença dos outros veículos";"Colisão lateral mesmo sentido";"Com Vítimas Feridas";"Pleno dia";"Crescente";"Céu Claro";"Simples";"Reta";"Não";3;0;1;1;1;0;2;2;-5,45656405;-42,6347776;"SPRF-PI";"DEL01-PI";"UOP02-DEL01-PI"
504226;2023-02-10;"sexta-feira";"11:10:00";"RS";116;235,7;"NOVO HAMBURGO";"Pedestre andava na pista";"Atropelamento de Pedestre";"Com Vítimas Feridas";"Pleno dia";"Decrescente";"Sol";"Dupla";"Reta";"Sim";6;0;1;0;5;0;1;1;-29,66037586;-51,14386509;"SPRF-RS";"DEL01-RS";"UOP02-DEL01-RS"
504230;2023-02-10;"sexta-feira";"12:10:00";"SC";101;114;"ITAJAI";"Reação tardia ou ineficiente do condutor";"Colisão traseira";"Com Vítimas Feridas";"Pleno dia";"Crescente";"Nublado";"Dupla";"Reta";"Sim";3;0;0;2;1;0;2;2;-26,86192886;-48,7286704;"SPRF-SC";"DEL04-SC";"UOP04-DEL04-SC"
504231;2023-02-10;"sexta-feira";"12:02:00";"TO";153;143,6;"ARAGUAINA";"Acessar a via sem observar a presença dos outros veículos";"Colisão traseira";"Com Vítimas Feridas";"Pleno dia";"Crescente";"Céu Claro";"Dupla";"Rotatória";"Sim";2;0;1;0;1;0;1;2;-7,19299732;-48,23525906;"SPRF-TO";"DEL02-TO";"UOP01-DEL02-TO"
504237;2023-02-10;"sexta-feira";"12:35:00";"PR";467;107,6;"CASCAVEL";"Acumulo de água sobre o pavimento";"Colisão lateral mesmo sentido";"Com Vítimas Feridas";"Pleno dia";"Decrescente";"Chuva";"Dupla";"Reta";"Não";2;0;1;0;1;0;1;2;-24,9209;-53,4764;"SPRF-PR";"DEL04-PR";"UOP01-DEL04-PR"
504238;2023-02-10;"sexta-feira";"13:05:00";"PR";277;68;"SAO JOSE DOS PINHAIS";"Ingestão de álcool e/ou substâncias psicoativas pelo pedestre";"Capotamento";"Com Vítimas Feridas";"Pleno dia";"Crescente";"Nublado";"Dupla";"Reta";"Não";2;0;2;0;0;0;2;1;-25,54112281;-49,06183391;"SPRF-PR";"DEL01-PR";"UOP01-DEL01-PR"
504239;2023-02-07;"terça-feira";"23:30:00";"SC";470;66,5;"INDAIAL";"Ingestão de álcool pelo condutor";"Saída de leito carroçável";"Sem Vítimas";"Plena Noite";"Decrescente";"Garoa/Chuvisco";"Simples";"Rotatória";"Sim";1;0;0;0;1;0;0;1;-26,870407;-49,221844;"SPRF-SC";"DEL04-SC";"UOP01-DEL04-SC"
504243;2023-02-10;"sexta-feira";"10:40:00";"PR";153;28;"JACAREZINHO";"Demais falhas mecânicas ou elétricas";"Incêndio";"Sem Vítimas";"Pleno dia";"Decrescente";"Nublado";"Simples";"Não Informado";"Não";1;0;0;0;1;0;0;1;-23,21610172;-49,99265211;"SPRF-PR";"DEL07-PR";"UOP04-DEL07-PR"
504244;2023-02-10;"sexta-feira";"13:50:00";"RS";480;71,9;"ERECHIM";"Desrespeitar a preferência no cruzamento";"Colisão transversal";"Com Vítimas Feridas";"Pleno dia";"Crescente";"Céu Claro";"Simples";"Reta";"Sim";2;0;1;0;1;0;1;2;-27,63462904;-52,314186;"SPRF-RS";"DEL08-RS";"UOP04-DEL08-RS"
504247;2023-02-10;"sexta-feira";"14:00:00";"MG";40;517;"RIBEIRAO DAS NEVES";"Ausência de reação do condutor";"Saída de leito carroçável";"Com Vítimas Feridas";"Pleno dia";"Crescente";"Nublado";"Dupla";"Reta";"Sim";1;0;1;0;0;0;1;1;-19,82351202;-44,08438913;"SPRF-MG";"DEL01-MG";"UOP02-DEL01-MG"
504248;2023-02-10;"sexta-feira";"14:30:00";"MG";381;490,2;"BETIM";"Demais falhas mecânicas ou elétricas";"Tombamento";"Com Vítimas Feridas";"Pleno dia";"Crescente";"Nublado";"Múltipla";"Reta";"Sim";2;0;2;0;0;0;2;1;-19,95576216;-44,14581299;"SPRF-MG";"DEL01-MG";"UOP03-DEL01-MG"
504249;2023-02-07;"terça-feira";"13:00:00";"BA";324;392;"GAVIAO";"Animais na Pista";"Colisão traseira";"Sem Vítimas";"Pleno dia";"Crescente";"Céu Claro";"Simples";"Reta";"Não";3;0;0;0;3;0;0;1;-11,53085485;-39,71043986;"SPRF-BA";"DEL04-BA";"UOP02-DEL04-BA"
504250;2023-02-10;"sexta-feira";"11:25:00";"MS";376;35,4;"VICENTINA";"Avarias e/ou desgaste excessivo no pneu";"Tombamento";"Com Vítimas Feridas";"Pleno dia";"Decrescente";"Sol";"Simples";"Reta";"Não";1;0;1;0;0;0;1;1;-22,39963978;-54,46020191;"SPRF-MS";"DEL04-MS";"UOP01-DEL04-MS"
504251;2023-01-28;"sábado";"09:20:00";"MG";40;305;"TRES MARIAS";"Pista em desnível";"Queda de ocupante de veículo";"Com Vítimas Feridas";"Pleno dia";"Decrescente";"Céu Claro";"Simples";"Reta";"Não";2;0;2;0;0;0;2;1;-18,3940688;-45,10000664;"SPRF-MG";"DEL14-MG";"UOP02-DEL14-MG"
504253;2023-02-10;"sexta-feira";"14:43:00";"ES";101;287,5;"CARIACICA";"Acessar a via sem observar a presença dos outros veículos";"Colisão lateral mesmo sentido";"Com Vítimas Feridas";"Pleno dia";"Crescente";"Céu Claro";"Múltipla";"Retorno Regulamentado";"Não";5;0;0;1;4;0;1;2;-20,26493528;-40,38471702;"SPRF-ES";"DEL01-ES";"UOP01-DEL01-ES"
504254;2023-02-10;"sexta-feira";"12:57:00";"MA";222;675;"ACAILANDIA";"Manobra de mudança de faixa";"Colisão transversal";"Com Vítimas Feridas";"Pleno dia";"Crescente";"Céu Claro";"Simples";"Reta";"Sim";2;0;1;0;1;0;1;2;-4,93859094;-47,46131504;"SPRF-MA";"DEL04-MA";"UOP03-DEL04-MA"
504255;2023-02-10;"sexta-feira";"13:45:00";"SC";470;59,5;"BLUMENAU";"Ultrapassagem Indevida";"Colisão traseira";"Com Vítimas Feridas";"Pleno dia";"Decrescente";"Nublado";"Simples";"Não Informado";"Não";2;0;1;0;1;0;1;2;-26,88221874;-49,16021439;"SPRF-SC";"DEL04-SC";"UOP01-DEL04-SC"
504257;2023-01-09;"segunda-feira";"08:30:00";"RS";158;332;"SANTA MARIA";"Reação tardia ou ineficiente do condutor";"Colisão traseira";"Com Vítimas Feridas";"Pleno dia";"Decrescente";"Ignorado";"Dupla";"Reta";"Não";1;0;0;1;0;0;1;1;-29,70501465;-53,84567857;"SPRF-RS";"DEL09-RS";"UOP01-DEL09-RS"
504258;2023-02-10;"sexta-feira";"13:40:00";"SC";470;65,5;"INDAIAL";"Acessar a via sem observar a presença dos outros veículos";"Colisão transversal";"Com Vítimas Feridas";"Pleno dia";"Decrescente";"Céu Claro";"Simples";"Reta";"Não";2;0;1;0;1;0;1;2;-26,870411;-49,211864;"SPRF-SC";"DEL04-SC";"UOP01-DEL04-SC"
504259;2023-02-10;"sexta-feira";"13:30:00";"PA";308;151;"CAPANEMA";"Acessar a via sem observar a presença dos outros veículos";"Colisão transversal";"Com Vítimas Feridas";"Pleno dia";"Crescente";"Nublado";"Simples";"Reta";"Sim";3;0;0;1;2;0;1;2;-1,21064;-47,182743;"SPRF-PA";"DEL01-PA";"UOP03-DEL01-PA"
504261;2023-02-10;"sexta-feira";"11:50:00";"SP";381;85;"GUARULHOS";"Transitar na contramão";"Colisão transversal";"Sem Vítimas";"Pleno dia";"Crescente";"Sol";"Múltipla";"Interseção de vias";"Sim";4;0;0;0;3;1;0;3;-23,449343;-46,56983501;"SPRF-SP";"DEL03-SP";"UOP01-DEL03-SP"
504265;2023-02-10;"sexta-feira";"12:49:00";"MT";163;839;"SINOP";"Manobra de mudança de faixa";"Colisão transversal";"Com Vítimas Feridas";"Pleno dia";"Crescente";"Céu Claro";"Dupla";"Não Informado";"Sim";2;0;1;0;1;0;1;2;-11,951051;-55,516876;"SPRF-MT";"DEL06-MT";"UOP02-DEL06-MT"
504266;2023-02-10;"sexta-feira";"13:20:00";"GO";153;159;"CAMPINORTE";"Acessar a via sem observar a presença dos outros veículos";"Colisão transversal";"Com Vítimas Feridas";"Pleno dia";"Decrescente";"Chuva";"Simples";"Rotatória";"Não";2;0;1;0;1;0;1;2;-14,159916;-49,122505;"SPRF-GO";"DEL07-GO";"UOP02-DEL07-GO"
504268;2023-02-10;"sexta-feira";"13:35:00";"RO";319;60;"PORTO VELHO";"Condutor deixou de manter distância do veículo da frente";"Colisão traseira";"Sem Vítimas";"Pleno dia";"Crescente";"Céu Claro";"Dupla";"Rotatória";"Sim";2;0;0;0;2;0;0;2;-8,74000621;-63,8904494;"SPRF-RO";"DEL01-RO";"UOP01-DEL01-RO"
504270;2023-02-10;"sexta-feira";"12:25:00";"RJ";101;294;"ITABORAI";"Ausência de reação do condutor";"Colisão traseira";"Com Vítimas Feridas";"Pleno dia";"Decrescente";"Céu Claro";"Dupla";"Reta";"Sim";2;0;1;0;1;0;1;2;-22,7584434;-42,89502344;"SPRF-RJ";"DEL02-RJ";"UOP02-DEL02-RJ"
504275;2023-02-10;"sexta-feira";"16:15:00";"PE";101;71;"RECIFE";"Manobra de mudança de faixa";"Colisão lateral mesmo sentido";"Com Vítimas Feridas";"Pleno dia";"Crescente";"Sol";"Dupla";"Reta";"Sim";3;0;2;0;1;0;2;2;-8,07733807;-34,94313776;"SPRF-PE";"DEL01-PE";"UOP01-DEL01-PE"
504276;2023-02-10;"sexta-feira";"15:20:00";"RO";364;240;"CACOAL";"Ingestão de álcool pelo condutor";"Colisão traseira";"Com Vítimas Feridas";"Pleno dia";"Crescente";"Nublado";"Simples";"Reta";"Sim";3;0;1;1;1;0;2;2;-11,43579019;-61,47096987;"SPRF-RO";"DEL02-RO";"UOP02-DEL02-RO"
504277;2023-02-10;"sexta-feira";"15:29:00";"RJ";116;185;"NOVA IGUACU";"Reação tardia ou ineficiente do condutor";"Colisão traseira";"Com Vítimas Feridas";"Pleno dia";"Decrescente";"Chuva";"Múltipla";"Reta";"Sim";1;0;1;0;0;0;1;1;-22,74151051;-43,45351823;"SPRF-RJ";"DEL01-RJ";"UOP02-DEL01-RJ"
504278;2023-02-10;"sexta-feira";"16:45:00";"CE";116;39;"HORIZONTE";"Manobra de mudança de faixa";"Colisão transversal";"Com Vítimas Feridas";"Pleno dia";"Crescente";"Céu Claro";"Múltipla";"Reta";"Sim";2;0;2;0;0;0;2;2;-4,08722773;-38,500659;"SPRF-CE";"DEL01-CE";"UOP02-DEL01-CE"
504282;2023-02-10;"sexta-feira";"16:45:00";"SP";116;3;"GUARULHOS";"Acessar a via sem observar a presença dos outros veículos";"Atropelamento de Pedestre";"Com Vítimas Feridas";"Pleno dia";"Crescente";"Nublado";"Dupla";"Reta";"Não";2;0;1;0;1;0;1;1;-23,463257;-46,53373;"SPRF-SP";"DEL01-SP";"UOP01-DEL01-SP"
504283;2023-02-10;"sexta-feira";"13:20:00";"MT";158;429,6;"RIBEIRAO CASCALHEIRA";"Avarias e/ou desgaste excessivo no pneu";"Capotamento";"Com Vítimas Feridas";"Pleno dia";"Crescente";"Céu Claro";"Simples";"Curva";"Não";2;0;0;2;0;0;2;1;-12,97746907;-51,87722276;"SPRF-MT";"DEL07-MT";"UOP02-DEL07-MT"
504284;2023-02-10;"sexta-feira";"17:15:00";"PR";369;172;"ROLANDIA";"Acessar a via sem observar a presença dos outros veículos";"Colisão frontal";"Com Vítimas Feridas";"Pleno dia";"Crescente";"Nublado";"Simples";"Reta";"Sim";2;0;0;1;1;0;1;2;-23,30902517;-51,36840105;"SPRF-PR";"DEL07-PR";"UOP01-DEL07-PR"
504285;2023-02-10;"sexta-feira";"15:20:00";"CE";222;40;"CAUCAIA";"Acessar a via sem observar a presença dos outros veículos";"Colisão transversal";"Com Vítimas Feridas";"Pleno dia";"Crescente";"Céu Claro";"Simples";"Reta";"Sim";2;0;0;1;1;0;1;2;-3,68690023;-38,90730706;"SPRF-CE";"DEL01-CE";"UOP03-DEL01-CE"
504286;2023-02-10;"sexta-feira";"15:20:00";"PE";232;252;"ARCOVERDE";"Transitar na contramão";"Colisão frontal";"Com Vítimas Feridas";"Pleno dia";"Crescente";"Céu Claro";"Simples";"Reta";"Sim";9;0;6;0;3;0;6;2;-8,4291;-37,06006;"SPRF-PE";"DEL04-PE";"UOP02-DEL04-PE"
504287;2023-02-10;"sexta-feira";"17:07:00";"GO";153;530;"HIDROLANDIA";"Transitar na contramão";"Colisão frontal";"Com Vítimas Feridas";"Anoitecer";"Crescente";"Chuva";"Simples";"Não Informado";"Sim";3;0;0;1;2;0;1;2;-16,9677;-49,2331;"SPRF-GO";"DEL01-GO";"UOP03-DEL01-GO"
504288;2023-02-10;"sexta-feira";"16:40:00";"GO";153;526;"HIDROLANDIA";"Ausência de reação do condutor";"Queda de ocupante de veículo";"Com Vítimas Feridas";"Pleno dia";"Crescente";"Chuva";"Dupla";"Não Informado";"Não";1;0;0;1;0;0;1;1;-16,9376;-49,2532;"SPRF-GO";"DEL01-GO";"UOP03-DEL01-GO"
504289;2023-02-10;"sexta-feira";"17:40:00";"SP";116;220;"GUARULHOS";"Ausência de reação do condutor";"Colisão lateral mesmo sentido";"Com Vítimas Feridas";"Pleno dia";"Decrescente";"Nublado";"Múltipla";"Reta";"Sim";2;0;1;0;1;0;1;2;-23,46472809;-46,49793962;"SPRF-SP";"DEL01-SP";"UOP01-DEL01-SP"
504290;2023-02-10;"sexta-feira";"17:00:00";"PB";230;20;"JOAO PESSOA";"Ingestão de álcool pelo condutor";"Tombamento";"Com Vítimas Feridas";"Pleno dia";"Crescente";"Céu Claro";"Dupla";"Reta";"Sim";1;0;1;0;0;0;1;1;-7,14231651;-34,85178709;"SPRF-PB";"DEL01-PB";"UOP01-DEL01-PB"
504291;2023-02-10;"sexta-feira";"17:35:00";"RS";290;92;"PORTO ALEGRE";"Manobra de mudança de faixa";"Colisão lateral mesmo sentido";"Com Vítimas Feridas";"Pleno dia";"Decrescente";"Céu Claro";"Múltipla";"Reta";"Sim";2;0;1;0;1;0;1;2;-29,971916;-51,176838;"SPRF-RS";"DEL01-RS";"UOP01-DEL01-RS"
504292;2023-02-10;"sexta-feira";"17:20:00";"PE";101;64,7;"RECIFE";"Acesso irregular";"Colisão transversal";"Com Vítimas Feridas";"Anoitecer";"Decrescente";"Céu Claro";"Dupla";"Reta";"Sim";2;0;0;1;1;0;1;2;-8,024007;-34,942717;"SPRF-PE";"DEL01-PE";"UOP01-DEL01-PE"
504293;2023-02-10;"sexta-feira";"14:30:00";"GO";153;295,8;"RIALMA";"Velocidade Incompatível";"Saída de leito carroçável";"Com Vítimas Feridas";"Pleno dia";"Decrescente";"Chuva";"Simples";"Curva";"Não";1;0;0;1;0;0;1;1;-15,25735786;-49,54833984;"SPRF-GO";"DEL02-GO";"UOP02-DEL02-GO"
504294;2023-02-10;"sexta-feira";"17:50:00";"SC";101;219,9;"PALHOCA";"Ausência de reação do condutor";"Colisão traseira";"Com Vítimas Feridas";"Pleno dia";"Crescente";"Nublado";"Dupla";"Reta";"Não";2;0;1;0;1;0;1;2;-27,68392194;-48,66710085;"SPRF-SC";"DEL01-SC";"UOP02-DEL01-SC"
504295;2023-02-10;"sexta-feira";"17:30:00";"PE";407;113,6;"PETROLINA";"Acessar a via sem observar a presença dos outros veículos";"Colisão transversal";"Com Vítimas Feridas";"Anoitecer";"Decrescente";"Céu Claro";"Simples";"Não Informado";"Não";3;0;1;0;2;0;1;2;-9,29122319;-40,58707131;"SPRF-PE";"DEL06-PE";"UOP01-DEL06-PE"
504297;2023-02-10;"sexta-feira";"16:40:00";"BA";324;417;"RIACHAO DO JACUIPE";"Ultrapassagem Indevida";"Saída de leito carroçável";"Com Vítimas Feridas";"Pleno dia";"Decrescente";"Céu Claro";"Simples";"Desvio Temporário";"Não";2;0;2;0;0;0;2;1;-11,6880072;-39,54413619;"SPRF-BA";"DEL04-BA";"UOP02-DEL04-BA"
504299;2023-02-10;"sexta-feira";"18:00:00";"SP";116;279;"EMBU DAS ARTES";"Entrada inopinada do pedestre";"Atropelamento de Pedestre";"Com Vítimas Feridas";"Pleno dia";"Crescente";"Céu Claro";"Dupla";"Reta";"Sim";3;0;1;0;2;0;1;1;-23,66233697;-46,85292907;"SPRF-SP";"DEL04-SP";"UOP01-DEL04-SP"
504301;2023-02-10;"sexta-feira";"14:20:00";"ES";101;215,8;"IBIRACU";"Condutor deixou de manter distância do veículo da frente";"Colisão traseira";"Sem Vítimas";"Pleno dia";"Decrescente";"Céu Claro";"Simples";"Reta";"Não";2;0;0;0;2;0;0;2;-19,83184002;-40,38012995;"SPRF-ES";"DEL02-ES";"UOP01-DEL02-ES"
504304;2023-02-10;"sexta-feira";"18:20:00";"MG";40;735,6;"SANTOS DUMONT";"Avarias e/ou desgaste excessivo no pneu";"Saída de leito carroçável";"Com Vítimas Feridas";"Plena Noite";"Decrescente";"Chuva";"Simples";"Curva";"Não";2;0;1;0;1;0;1;1;-21,37012696;-43,57558994;"SPRF-MG";"DEL05-MG";"UOP01-DEL05-MG"
504307;2023-02-10;"sexta-feira";"17:40:00";"PE";101;46,9;"IGARASSU";"Entrada inopinada do pedestre";"Atropelamento de Pedestre";"Com Vítimas Feridas";"Anoitecer";"Crescente";"Nublado";"Múltipla";"Reta";"Sim";2;0;0;1;1;0;1;1;-7,87406004;-34,90588126;"SPRF-PE";"DEL01-PE";"UOP02-DEL01-PE"
504309;2023-02-10;"sexta-feira";"19:00:00";"SP";116;214;"GUARULHOS";"Trafegar com motocicleta (ou similar) entre as faixas";"Colisão lateral mesmo sentido";"Com Vítimas Feridas";"Plena Noite";"Crescente";"Garoa/Chuvisco";"Simples";"Não Informado";"Sim";2;0;1;0;1;0;1;2;-23,44333014;-46,44531294;"SPRF-SP";"DEL01-SP";"UOP01-DEL01-SP"
504312;2023-02-10;"sexta-feira";"15:45:00";"GO";60;208;"GUAPO";"Acumulo de água sobre o pavimento";"Saída de leito carroçável";"Com Vítimas Feridas";"Pleno dia";"Crescente";"Chuva";"Dupla";"Reta";"Não";1;0;1;0;0;0;1;1;-16,9243;-49,6642;"SPRF-GO";"DEL01-GO";"UOP02-DEL01-GO"
504315;2023-02-10;"sexta-feira";"19:15:00";"ES";101;66,9;"SAO MATEUS";"Acessar a via sem observar a presença dos outros veículos";"Atropelamento de Pedestre";"Com Vítimas Feridas";"Plena Noite";"Decrescente";"Céu Claro";"Múltipla";"Reta";"Sim";3;0;1;0;1;1;1;1;-18,7165195;-39,87436378;"SPRF-ES";"DEL04-ES";"UOP02-DEL04-ES"
504316;2023-02-10;"sexta-feira";"19:15:00";"PA";308;181;"TRACUATEUA";"Acessar a via sem observar a presença dos outros veículos";"Colisão lateral mesmo sentido";"Com Vítimas Feridas";"Plena Noite";"Crescente";"Chuva";"Simples";"Reta";"Não";2;0;1;0;1;0;1;2;-1,13735188;-46,94633026;"SPRF-PA";"DEL01-PA";"UOP03-DEL01-PA"