"id";"data_inversa";"dia_semana";"horario";"uf";"br";"km";"municipio";"causa_acidente";"tipo_acidente";"classificacao_acidente";"fase_dia";"sentido_via";"condicao_metereologica";"tipo_pista";"tracado_via";"uso_solo";"pessoas";"mortos";"feridos_leves";"feridos_graves";"ilesos";"ignorados";"feridos";"veiculos";"latitude";"longitude";"regional";"delegacia";"uop"
504321;2023-02-10;"sexta-feira";"11:00:00";"RJ";116;324;"ITATIAIA";"Ausência de reação do condutor";"Colisão com objeto";"Com Vítimas Feridas";"Pleno dia";"Crescente";"Nublado";"Dupla";"Reta";"Sim";2;0;1;0;1;0;1;1;-22,49106419;-44,56183985;"SPRF-RJ";"DEL07-RJ";"UOP02-DEL07-RJ"
504323;2023-02-10;"sexta-feira";"18:30:00";"PR";376;171,6;"MARINGA";"Reação tardia ou ineficiente do condutor";"Engavetamento";"Com Vítimas Feridas";"Plena Noite";"Decrescente";"Chuva";"Dupla";"Reta";"Sim";4;0;1;0;3;0;1;3;-23,41822772;-51,97500595;"SPRF-PR";"DEL09-PR";"UOP01-DEL09-PR"
504324;2023-02-10;"sexta-feira";"19:05:00";"RJ";465;21;"NOVA IGUACU";"Afundamento ou ondulação no pavimento";"Queda de ocupante de veículo";"Com Vítimas Feridas";"Plena Noite";"Decrescente";"Chuva";"Simples";"Reta";"Sim";3;0;0;1;2;0;1;2;-22,854782;-43,601933;"SPRF-RJ";"DEL01-RJ";"UOP04-DEL01-RJ"
504326;2023-02-10;"sexta-feira";"20:25:00";"AL";424;102;"MARECHAL DEODORO";"Velocidade Incompatível";"Capotamento";"Com Vítimas Fatais";"Plena Noite";"Crescente";"Céu Claro";"Simples";"Rotatória";"Não";1;1;0;0;0;0;0;1;-9,66670281;-35,84489382;"SPRF-AL";"DEL02-AL";"UOP01-DEL02-AL"
504327;2023-02-10;"sexta-feira";"19:30:00";"RJ";101;269;"RIO BONITO";"Acessar a via sem observar a presença dos outros veículos";"Atropelamento de Pedestre";"Com Vítimas Feridas";"Plena Noite";"Decrescente";"Céu Claro";"Dupla";"Reta";"Sim";2;0;1;0;0;1;1;1;-22,71495082;-42,67804708;"SPRF-RJ";"DEL02-RJ";"UOP03-DEL02-RJ"
504328;2023-02-10;"sexta-feira";"19:00:00";"PE";116;13;"SALGUEIRO";"Conversão proibida";"Colisão lateral mesmo sentido";"Com Vítimas Feridas";"Plena Noite";"Crescente";"Céu Claro";"Simples";"Reta";"Não";2;0;2;0;0;0;2;2;-7,958386;-39,134304;"SPRF-PE";"DEL05-PE";"UOP01-DEL05-PE"
504329;2023-02-10;"sexta-feira";"19:10:00";"SC";280;75;"JARAGUA DO SUL";"Desrespeitar a preferência no cruzamento";"Colisão traseira";"Com Vítimas Feridas";"Plena Noite";"Crescente";"Chuva";"Simples";"Rotatória";"Sim";2;0;1;0;1;0;1;2;-26,458391;-49,170483;"SPRF-SC";"DEL03-SC";"UOP03-DEL03-SC"
504330;2023-02-10;"sexta-feira";"19:00:00";"PE";NA;NA;"FLORESTA";"Pista esburacada";"Saída de leito carroçável";"Sem Vítimas";"Anoitecer";"Não Informado";"Céu Claro";"Simples";"Reta";"Não";2;0;0;0;2;0;0;1;-8,555633;-38,00597;"SPRF-PE";"DEL04-PE";"UOP03-DEL04-PE"
504331;2023-02-10;"sexta-feira";"17:50:00";"SC";101;113;"ITAJAI";"Ingestão de álcool pelo condutor";"Colisão traseira";"Com Vítimas Feridas";"Pleno dia";"Decrescente";"Chuva";"Dupla";"Reta";"Sim";2;0;0;1;1;0;1;2;-26,85311393;-48,72689927;"SPRF-SC";"DEL04-SC";"UOP04-DEL04-SC"
504332;2023-02-10;"sexta-feira";"19:00:00";"SP";381;89,3;"GUARULHOS";"Reação tardia ou ineficiente do condutor";"Colisão lateral mesmo sentido";"Com Vítimas Feridas";"Plena Noite";"Crescente";"Chuva";"Múltipla";"Reta";"Não";2;0;1;0;1;0;1;2;-23,48469299;-46,55983288;"SPRF-SP";"DEL03-SP";"UOP01-DEL03-SP"
504335;2023-02-10;"sexta-feira";"21:50:00";"ES";262;0,8;"CARIACICA";"Objeto estático sobre o leito carroçável";"Colisão traseira";"Com Vítimas Feridas";"Plena Noite";"Crescente";"Nublado";"Dupla";"Não Informado";"Não";3;0;0;1;2;0;1;2;-20,320793;-40,353315;"SPRF-ES";"DEL01-ES";"UOP01-DEL01-ES"
504338;2023-02-10;"sexta-feira";"19:10:00";"PI";343;325;"TERESINA";"Ausência de reação do condutor";"Colisão com objeto";"Com Vítimas Feridas";"Anoitecer";"Decrescente";"Garoa/Chuvisco";"Simples";"Reta";"Não";1;0;1;0;0;0;1;1;-5,065521;-42,609653;"SPRF-PI";"DEL01-PI";"UOP01-DEL01-PI"
504339;2023-02-10;"sexta-feira";"18:50:00";"MS";163;49;"ELDORADO";"Ausência de reação do condutor";"Saída de leito carroçável";"Sem Vítimas";"Plena Noite";"Decrescente";"Chuva";"Simples";"Desvio Temporário";"Não";2;0;0;0;2;0;0;1;-23,71390594;-54,2707482;"SPRF-MS";"DEL09-MS";"UOP02-DEL09-MS"
504340;2023-02-10;"sexta-feira";"21:30:00";"RJ";393;236;"VASSOURAS";"Conversão proibida";"Colisão transversal";"Com Vítimas Feridas";"Plena Noite";"Decrescente";"Chuva";"Simples";"Reta";"Sim";2;0;1;0;1;0;1;2;-22,41928048;-43,68301392;"SPRF-RJ";"DEL05-RJ";"UOP01-DEL05-RJ"
504342;2023-02-10;"sexta-feira";"20:45:00";"RS";293;283;"DOM PEDRITO";"Ausência de reação do condutor";"Saída de leito carroçável";"Com Vítimas Feridas";"Plena Noite";"Crescente";"Céu Claro";"Simples";"Reta";"Não";4;0;0;3;1;0;3;1;-30,85282584;-54,97386797;"SPRF-RS";"DEL11-RS";"UOP01-DEL11-RS"
504343;2023-02-10;"sexta-feira";"20:34:00";"PE";101;71;"RECIFE";"Pedestre andava na pista";"Atropelamento de Pedestre";"Com Vítimas Fatais";"Plena Noite";"Crescente";"Nublado";"Dupla";"Reta";"Sim";2;1;0;0;1;0;0;1;-8,07663102;-34,94277871;"SPRF-PE";"DEL01-PE";"UOP01-DEL01-PE"
504345;2023-02-10;"sexta-feira";"21:40:00";"BA";116;812,7;"VITORIA DA CONQUISTA";"Velocidade Incompatível";"Colisão traseira";"Com Vítimas Feridas";"Plena Noite";"Decrescente";"Céu Claro";"Simples";"Reta";"Não";2;0;1;0;1;0;1;2;-14,76037784;-40,69756008;"SPRF-BA";"DEL08-BA";"UOP01-DEL08-BA"
504346;2023-02-10;"sexta-feira";"20:50:00";"MG";262;1;"MARTINS SOARES";"Ingestão de álcool pelo condutor";"Colisão transversal";"Sem Vítimas";"Plena Noite";"Crescente";"Céu Claro";"Simples";"Reta";"Não";4;0;0;0;4;0;0;2;-20,26789503;-41,7770879;"SPRF-MG";"DEL06-MG";"UOP03-DEL06-MG"
504347;2023-01-01;"domingo";"05:15:00";"RN";101;7,5;"TOUROS";"Animais na Pista";"Saída de leito carroçável";"Com Vítimas Feridas";"Amanhecer";"Decrescente";"Céu Claro";"Simples";"Reta";"Não";1;0;0;1;0;0;1;1;-5,209887;-35,493275;"SPRF-RN";"DEL02-RN";"UOP01-DEL02-RN"
504348;2023-02-10;"sexta-feira";"19:40:00";"PI";230;34,1;"SAO JULIAO";"Transitar na contramão";"Colisão frontal";"Com Vítimas Feridas";"Plena Noite";"Decrescente";"Nublado";"Simples";"Não Informado";"Não";3;0;2;1;0;0;3;2;-7,10731433;-40,7592909;"SPRF-PI";"DEL04-PI";"UOP03-DEL04-PI"
504349;2023-02-10;"sexta-feira";"22:45:00";"PE";428;187,8;"PETROLINA";"Acumulo de óleo sobre o pavimento";"Queda de ocupante de veículo";"Com Vítimas Feridas";"Plena Noite";"Decrescente";"Céu Claro";"Dupla";"Não Informado";"Sim";2;0;2;0;0;0;2;1;-9,36400596;-40,48266808;"SPRF-PE";"DEL06-PE";"UOP01-DEL06-PE"
504352;2023-02-10;"sexta-feira";"23:30:00";"MG";381;506,5;"SAO JOAQUIM DE BICAS";"Velocidade Incompatível";"Colisão lateral mesmo sentido";"Com Vítimas Feridas";"Plena Noite";"Crescente";"Céu Claro";"Múltipla";"Reta";"Não";2;0;1;0;1;0;1;2;-20,0395533;-44,25829411;"SPRF-MG";"DEL04-MG";"UOP03-DEL04-MG"
504353;2023-02-10;"sexta-feira";"22:50:00";"RS";392;21;"RIO GRANDE";"Velocidade Incompatível";"Saída de leito carroçável";"Com Vítimas Feridas";"Plena Noite";"Decrescente";"Céu Claro";"Dupla";"Reta";"Não";2;0;0;2;0;0;2;1;-32,08769775;-52,20709106;"SPRF-RS";"DEL07-RS";"UOP02-DEL07-RS"
504355;2023-02-10;"sexta-feira";"21:50:00";"RJ";101;520;"ANGRA DOS REIS";"Chuva";"Colisão com objeto";"Com Vítimas Feridas";"Plena Noite";"Crescente";"Chuva";"Simples";"Reta";"Não";2;0;2;0;0;0;2;1;-23,00519997;-44,45275661;"SPRF-RJ";"DEL03-RJ";"UOP02-DEL03-RJ"
504356;2023-02-10;"sexta-feira";"23:20:00";"RS";285;118,3;"VACARIA";"Ingestão de álcool pelo condutor";"Colisão frontal";"Sem Vítimas";"Plena Noite";"Crescente";"Céu Claro";"Simples";"Reta";"Não";2;0;0;0;2;0;0;2;-28,508183;-50,912724;"SPRF-RS";"DEL05-RS";"UOP03-DEL05-RS"
504357;2023-02-11;"sábado";"00:00:00";"SC";470;68,3;"INDAIAL";"Demais falhas na via";"Eventos atípicos";"Com Vítimas Feridas";"Plena Noite";"Decrescente";"Nublado";"Simples";"Não Informado";"Sim";1;0;1;0;0;0;1;1;-26,877615;-49,239231;"SPRF-SC";"DEL04-SC";"UOP01-DEL04-SC"
504358;2023-02-10;"sexta-feira";"17:40:00";"MG";116;215,4;"CATUJI";"Acessar a via sem observar a presença dos outros veículos";"Colisão transversal";"Com Vítimas Feridas";"Anoitecer";"Crescente";"Céu Claro";"Simples";"Não Informado";"Não";2;0;0;1;1;0;1;2;-17,36742595;-41,53218172;"SPRF-MG";"DEL11-MG";"UOP01-DEL11-MG"
504359;2023-02-10;"sexta-feira";"22:15:00";"BA";116;494,9;"RAFAEL JAMBEIRO";"Acessar a via sem observar a presença dos outros veículos";"Colisão lateral mesmo sentido";"Sem Vítimas";"Plena Noite";"Decrescente";"Céu Claro";"Simples";"Interseção de vias";"Sim";2;0;0;0;2;0;0;2;-12,56514628;-39,48244286;"SPRF-BA";"DEL02-BA";"UOP01-DEL02-BA"
504361;2023-02-10;"sexta-feira";"18:40:00";"MG";251;226,6;"SANTA CRUZ DE SALINAS";"Pedestre andava na pista";"Atropelamento de Pedestre";"Com Vítimas Fatais";"Anoitecer";"Crescente";"Céu Claro";"Simples";"Reta";"Não";5;1;0;0;4;0;0;1;-15,95835828;-41,65122986;"SPRF-MG";"DEL12-MG";"UOP01-DEL12-MG"
504362;2023-02-11;"sábado";"00:00:00";"RS";392;244;"CACAPAVA DO SUL";"Faróis desregulados";"Colisão com objeto";"Com Vítimas Feridas";"Plena Noite";"Decrescente";"Céu Claro";"Simples";"Não Informado";"Não";1;0;1;0;0;0;1;1;-30,58227378;-53,39475632;"SPRF-RS";"DEL09-RS";"UOP02-DEL09-RS"
504363;2023-02-11;"sábado";"00:30:00";"SC";101;215;"PALHOCA";"Animais na Pista";"Atropelamento de Animal";"Com Vítimas Feridas";"Plena Noite";"Crescente";"Nublado";"Múltipla";"Não Informado";"Sim";2;0;1;0;1;0;1;1;-27,65184843;-48,67604941;"SPRF-SC";"DEL01-SC";"UOP02-DEL01-SC"
504365;2023-02-10;"sexta-feira";"22:15:00";"PR";277;386;"CANDOI";"Pedestre andava na pista";"Atropelamento de Pedestre";"Com Vítimas Feridas";"Plena Noite";"Crescente";"Céu Claro";"Simples";"Reta";"Não";2;0;1;0;1;0;1;1;-25,4251913;-51,79264882;"SPRF-PR";"DEL08-PR";"UOP01-DEL08-PR"
504366;2023-02-10;"sexta-feira";"23:00:00";"GO";50;101;"CRISTALINA";"Velocidade Incompatível";"Saída de leito carroçável";"Com Vítimas Feridas";"Plena Noite";"Decrescente";"Céu Claro";"Simples";"Reta";"Não";2;0;2;0;0;0;2;1;-16,9309;-47,7117;"SPRF-DF";"DEL01-DF";"UOP04-DEL01-DF"
504368;2023-02-11;"sábado";"02:16:00";"ES";101;271,4;"SERRA";"Reação tardia ou ineficiente do condutor";"Queda de ocupante de veículo";"Com Vítimas Feridas";"Plena Noite";"Decrescente";"Céu Claro";"Múltipla";"Reta";"Sim";2;0;0;2;0;0;2;1;-20,23099298;-40,27946949;"SPRF-ES";"DEL02-ES";"UOP01-DEL02-ES"
504369;2023-02-10;"sexta-feira";"23:40:00";"SP";116;109,8;"TAUBATE";"Ultrapassagem Indevida";"Colisão lateral mesmo sentido";"Com Vítimas Feridas";"Plena Noite";"Decrescente";"Chuva";"Dupla";"Reta";"Não";3;0;1;0;2;0;1;2;-23,02871304;-45,54517097;"SPRF-SP";"DEL02-SP";"UOP02-DEL02-SP"
504370;2023-02-11;"sábado";"00:29:00";"DF";251;30;"BRASILIA";"Velocidade Incompatível";"Tombamento";"Com Vítimas Feridas";"Plena Noite";"Decrescente";"Céu Claro";"Simples";"Reta";"Sim";1;0;0;1;0;0;1;1;-15,945773;-47,719992;"SPRF-DF";"DEL01-DF";"UOP01-DEL01-DF"
504372;2023-02-11;"sábado";"02:00:00";"RS";386;176;"CARAZINHO";"Acessar a via sem observar a presença dos outros veículos";"Colisão transversal";"Com Vítimas Feridas";"Plena Noite";"Decrescente";"Céu Claro";"Simples";"Reta";"Não";3;0;0;1;2;0;1;2;-28,28202884;-52,76495218;"SPRF-RS";"DEL08-RS";"UOP01-DEL08-RS"
504374;2023-02-11;"sábado";"03:30:00";"SP";116;141,6;"SAO JOSE DOS CAMPOS";"Chuva";"Queda de ocupante de veículo";"Com Vítimas Feridas";"Plena Noite";"Decrescente";"Chuva";"Dupla";"Reta";"Sim";1;0;1;0;0;0;1;1;-23,17004717;-45,82091491;"SPRF-SP";"DEL02-SP";"UOP01-DEL02-SP"
504375;2023-02-11;"sábado";"02:50:00";"SC";101;193;"BIGUACU";"Ingestão de álcool pelo condutor";"Saída de leito carroçável";"Sem Vítimas";"Plena Noite";"Decrescente";"Nublado";"Múltipla";"Reta";"Não";1;0;0;0;1;0;0;1;-27,489574;-48,655914;"SPRF-SC";"DEL01-SC";"UOP01-DEL01-SC"
504376;2023-02-11;"sábado";"01:30:00";"RS";468;96;"TRES PASSOS";"Velocidade Incompatível";"Colisão traseira";"Com Vítimas Feridas";"Plena Noite";"Crescente";"Céu Claro";"Simples";"Curva";"Não";7;0;2;3;2;0;5;3;-27,49549485;-53,88701867;"SPRF-RS";"DEL08-RS";"UOP02-DEL08-RS"
504380;2023-02-11;"sábado";"04:30:00";"BA";242;582;"IBOTIRAMA";"Ingestão de álcool pelo condutor";"Colisão lateral sentido oposto";"Com Vítimas Feridas";"Amanhecer";"Crescente";"Céu Claro";"Simples";"Reta";"Sim";3;0;2;0;1;0;2;2;-12,045217;-43,07932;"SPRF-BA";"DEL10-BA";"UOP02-DEL10-BA"
504381;2023-02-11;"sábado";"05:10:00";"SP";116;447;"REGISTRO";"Reação tardia ou ineficiente do condutor";"Saída de leito carroçável";"Com Vítimas Feridas";"Plena Noite";"Decrescente";"Nublado";"Dupla";"Não Informado";"Sim";4;0;2;0;2;0;2;1;-24,51285376;-47,85054871;"SPRF-SP";"DEL05-SP";"UOP01-DEL05-SP"
504382;2023-02-11;"sábado";"04:30:00";"PR";369;88,3;"CORNELIO PROCOPIO";"Chuva";"Saída de leito carroçável";"Sem Vítimas";"Plena Noite";"Decrescente";"Chuva";"Dupla";"Não Informado";"Sim";1;0;0;0;0;1;0;1;-23,18766435;-50,63910306;"SPRF-PR";"DEL07-PR";"UOP05-DEL07-PR"
504383;2023-02-11;"sábado";"05:08:00";"RN";304;45;"MOSSORO";"Ingestão de álcool pelo condutor";"Colisão com objeto";"Sem Vítimas";"Amanhecer";"Crescente";"Céu Claro";"Dupla";"Reta";"Sim";1;0;0;0;0;1;0;1;-5,2250698;-37,3490001;"SPRF-RN";"DEL04-RN";"UOP01-DEL04-RN"
504384;2023-02-11;"sábado";"04:50:00";"MS";163;20;"MUNDO NOVO";"Ausência de reação do condutor";"Queda de ocupante de veículo";"Com Vítimas Feridas";"Amanhecer";"Crescente";"Nublado";"Simples";"Rotatória";"Sim";1;0;1;0;0;0;1;1;-23,92405164;-54,28426266;"SPRF-MS";"DEL09-MS";"UOP02-DEL09-MS"
504385;2023-02-11;"sábado";"04:30:00";"MS";262;16;"TRES LAGOAS";"Chuva";"Tombamento";"Com Vítimas Feridas";"Plena Noite";"Crescente";"Garoa/Chuvisco";"Simples";"Reta";"Não";1;0;1;0;0;0;1;1;-20,81380239;-51,74605698;"SPRF-MS";"DEL07-MS";"UOP01-DEL07-MS"
504387;2023-02-11;"sábado";"04:50:00";"SC";101;423;"ARARANGUA";"Ingestão de álcool pelo condutor";"Saída de leito carroçável";"Sem Vítimas";"Plena Noite";"Crescente";"Céu Claro";"Simples";"Reta";"Sim";1;0;0;0;1;0;0;1;-29,01106757;-49,57413825;"SPRF-SC";"DEL02-SC";"UOP02-DEL02-SC"
504389;2023-02-11;"sábado";"05:30:00";"RJ";40;109;"DUQUE DE CAXIAS";"Condutor Dormindo";"Saída de leito carroçável";"Com Vítimas Feridas";"Amanhecer";"Crescente";"Céu Claro";"Dupla";"Reta";"Sim";2;0;1;0;1;0;1;1;-22,67374628;-43,28638368;"SPRF-RJ";"DEL01-RJ";"UOP01-DEL01-RJ"
504390;2023-02-11;"sábado";"04:50:00";"SP";116;269;"TABOAO DA SERRA";"Entrada inopinada do pedestre";"Atropelamento de Pedestre";"Com Vítimas Feridas";"Amanhecer";"Decrescente";"Nublado";"Dupla";"Reta";"Sim";2;0;0;1;1;0;1;1;-23,61593059;-46,78826044;"SPRF-SP";"DEL04-SP";"UOP01-DEL04-SP"
504391;2023-02-11;"sábado";"05:00:00";"SC";101;308;"LAGUNA";"Reação tardia ou ineficiente do condutor";"Colisão traseira";"Com Vítimas Feridas";"Amanhecer";"Decrescente";"Sol";"Múltipla";"Reta";"Não";2;0;0;1;0;1;1;2;-28,399616;-48,7854;"SPRF-SC";"DEL02-SC";"UOP01-DEL02-SC"
504394;2023-02-11;"sábado";"06:50:00";"RS";386;367,2;"FAZENDA VILANOVA";"Ausência de reação do condutor";"Colisão traseira";"Com Vítimas Fatais";"Amanhecer";"Crescente";"Céu Claro";"Dupla";"Reta";"Não";2;1;0;0;1;0;0;2;-29,575304;-51,846645;"SPRF-RS";"DEL04-RS";"UOP04-DEL04-RS"
504395;2023-02-11;"sábado";"06:40:00";"PI";343;347;"TERESINA";"Condutor Dormindo";"Colisão frontal";"Com Vítimas Feridas";"Pleno dia";"Decrescente";"Céu Claro";"Simples";"Reta";"Sim";2;0;0;1;1;0;1;2;-5,114822;-42,778355;"SPRF-PI";"DEL01-PI";"UOP01-DEL01-PI"
504396;2023-02-11;"sábado";"06:58:00";"SC";470;56,3;"BLUMENAU";"Ingestão de álcool pelo condutor";"Saída de leito carroçável";"Com Vítimas Feridas";"Amanhecer";"Crescente";"Céu Claro";"Simples";"Reta";"Não";2;0;2;0;0;0;2;1;-26,87674;-49,127743;"SPRF-SC";"DEL04-SC";"UOP01-DEL04-SC"
504398;2023-02-11;"sábado";"07:20:00";"ES";101;368,9;"ANCHIETA";"Velocidade Incompatível";"Capotamento";"Com Vítimas Feridas";"Pleno dia";"Crescente";"Céu Claro";"Simples";"Reta";"Não";6;0;1;0;5;0;1;2;-20,753749;-40,75894999;"SPRF-ES";"DEL03-ES";"UOP01-DEL03-ES"
504399;2023-02-11;"sábado";"06:00:00";"GO";60;87,7;"ANAPOLIS";"Condutor deixou de manter distância do veículo da frente";"Colisão traseira";"Com Vítimas Feridas";"Amanhecer";"Crescente";"Nevoeiro/Neblina";"Dupla";"Não Informado";"Não";2;0;0;1;1;0;1;2;-16,3258;-48,8803;"SPRF-GO";"DEL02-GO";"UOP01-DEL02-GO"
504400;2023-02-11;"sábado";"06:00:00";"SP";116;128,3;"CACAPAVA";"Velocidade Incompatível";"Colisão com objeto";"Com Vítimas Feridas";"Amanhecer";"Crescente";"Nublado";"Dupla";"Reta";"Sim";1;0;0;1;0;0;1;1;-23,11454664;-45,71105567;"SPRF-SP";"DEL02-SP";"UOP02-DEL02-SP"
504401;2023-02-11;"sábado";"06:10:00";"RJ";493;96;"SEROPEDICA";"Ultrapassagem Indevida";"Colisão lateral mesmo sentido";"Com Vítimas Feridas";"Amanhecer";"Crescente";"Céu Claro";"Dupla";"Reta";"Não";2;0;1;0;1;0;1;2;-22,6719022;-43,65183055;"SPRF-RJ";"DEL01-RJ";"UOP04-DEL01-RJ"
504402;2023-02-11;"sábado";"06:15:00";"SC";116;235;"CORREIA PINTO";"Ingestão de álcool pelo condutor";"Saída de leito carroçável";"Sem Vítimas";"Pleno dia";"Crescente";"Nublado";"Simples";"Curva";"Não";3;0;0;0;3;0;0;1;-27,711685;-50,33625903;"SPRF-SC";"DEL05-SC";"UOP01-DEL05-SC"
504403;2023-02-11;"sábado";"07:50:00";"CE";116;14;"FORTALEZA";"Ausência de reação do condutor";"Colisão traseira";"Sem Vítimas";"Pleno dia";"Decrescente";"Nublado";"Dupla";"Não Informado";"Sim";2;0;0;0;2;0;0;2;-3,880999;-38,500843;"SPRF-CE";"DEL01-CE";"UOP02-DEL01-CE"
504404;2023-02-11;"sábado";"07:10:00";"RS";392;80;"PELOTAS";"Ausência de reação do condutor";"Colisão com objeto";"Com Vítimas Fatais";"Amanhecer";"Crescente";"Céu Claro";"Simples";"Ponte";"Não";1;1;0;0;0;0;0;1;-31,67630908;-52,4548941;"SPRF-RS";"DEL07-RS";"UOP01-DEL07-RS"
504405;2023-02-11;"sábado";"06:15:00";"PR";369;154,5;"LONDRINA";"Ingestão de álcool pelo condutor";"Atropelamento de Pedestre";"Com Vítimas Feridas";"Amanhecer";"Crescente";"Nublado";"Dupla";"Reta";"Sim";6;0;4;0;2;0;4;1;-23,29667562;-51,20478094;"SPRF-PR";"DEL07-PR";"UOP01-DEL07-PR"
504406;2023-02-11;"sábado";"07:40:00";"DF";40;2;"BRASILIA";"Trafegar com motocicleta (ou similar) entre as faixas";"Colisão traseira";"Com Vítimas Feridas";"Pleno dia";"Decrescente";"Céu Claro";"Dupla";"Reta";"Não";4;0;3;0;1;0;3;3;-16,00000127;-47,98457276;"SPRF-DF";"DEL01-DF";"UOP01-DEL01-DF"
504409;2023-02-11;"sábado";"08:14:00";"CE";116;30;"AQUIRAZ";"Ausência de reação do condutor";"Colisão lateral mesmo sentido";"Sem Vítimas";"Pleno dia";"Crescente";"Céu Claro";"Dupla";"Reta";"Não";2;0;0;0;2;0;0;2;-4,01095;-38,518024;"SPRF-CE";"DEL01-CE";"UOP02-DEL01-CE"
504410;2023-02-11;"sábado";"07:55:00";"PB";101;89,9;"JOAO PESSOA";"Reação tardia ou ineficiente do condutor";"Colisão transversal";"Com Vítimas Feridas";"Pleno dia";"Crescente";"Sol";"Dupla";"Não Informado";"Sim";4;0;2;0;2;0;2;2;-7,1710694;-34,89765372;"SPRF-PB";"DEL01-PB";"UOP02-DEL01-PB"
504412;2023-02-11;"sábado";"05:30:00";"PE";232;409;"SERRA TALHADA";"Condutor desrespeitou a iluminação vermelha do semáforo";"Colisão transversal";"Com Vítimas Feridas";"Pleno dia";"Decrescente";"Céu Claro";"Simples";"Reta";"Sim";2;0;2;0;0;0;2;2;-7,981944;-38,289467;"SPRF-PE";"DEL04-PE";"UOP01-DEL04-PE"
504413;2023-02-11;"sábado";"07:35:00";"AP";210;1;"MACAPA";"Acessar a via sem observar a presença dos outros veículos";"Colisão lateral mesmo sentido";"Com Vítimas Feridas";"Pleno dia";"Decrescente";"Nublado";"Múltipla";"Reta";"Sim";2;0;1;0;1;0;1;2;0,07816717;-51,06998693;"SPRF-AP";"N/A";"UOP01-DEL01-AP"
504414;2023-02-11;"sábado";"08:30:00";"SC";101;40;"JOINVILLE";"Velocidade Incompatível";"Colisão traseira";"Com Vítimas Feridas";"Pleno dia";"Crescente";"Céu Claro";"Múltipla";"Reta";"Sim";2;0;2;0;0;0;2;2;-26,30630348;-48,88070583;"SPRF-SC";"DEL03-SC";"UOP01-DEL03-SC"
504415;2023-02-11;"sábado";"08:30:00";"SP";116;511;"CAJATI";"Pista Escorregadia";"Colisão com objeto";"Com Vítimas Feridas";"Pleno dia";"Crescente";"Garoa/Chuvisco";"Simples";"Não Informado";"Não";2;0;1;0;1;0;1;1;-24,83558399;-48,2223738;"SPRF-SP";"DEL05-SP";"UOP02-DEL05-SP"
504418;2023-02-11;"sábado";"08:03:00";"MG";381;600;"CARMOPOLIS DE MINAS";"Ingestão de álcool pelo condutor";"Capotamento";"Com Vítimas Feridas";"Pleno dia";"Crescente";"Céu Claro";"Dupla";"Curva";"Não";1;0;1;0;0;0;1;1;-20,623976;-44,733849;"SPRF-MG";"DEL04-MG";"UOP01-DEL04-MG"
504421;2023-02-11;"sábado";"09:30:00";"MG";381;886,9;"ESTIVA";"Velocidade Incompatível";"Tombamento";"Com Vítimas Feridas";"Pleno dia";"Crescente";"Nublado";"Dupla";"Reta";"Não";1;0;1;0;0;0;1;1;-22,55262102;-46,03939916;"SPRF-MG";"DEL16-MG";"UOP03-DEL16-MG"
504423;2023-02-11;"sábado";"08:00:00";"RO";364;711;"PORTO VELHO";"Manobra de mudança de faixa";"Colisão lateral mesmo sentido";"Com Vítimas Feridas";"Pleno dia";"Crescente";"Céu Claro";"Múltipla";"Reta";"Sim";2;0;0;1;0;1;1;2;-8,77823219;-63,8706243;"SPRF-RO";"DEL01-RO";"UOP01-DEL01-RO"
504424;2023-02-11;"sábado";"09:20:00";"SC";101;228;"PALHOCA";"Manobra de mudança de faixa";"Colisão lateral mesmo sentido";"Com Vítimas Feridas";"Pleno dia";"Crescente";"Sol";"Dupla";"Reta";"Sim";3;0;0;2;1;0;2;2;-27,7597249;-48,63078869;"SPRF-SC";"DEL01-SC";"UOP02-DEL01-SC"
504425;2023-02-11;"sábado";"05:50:00";"MS";376;18;"FATIMA DO SUL";"Ausência de reação do condutor";"Saída de leito carroçável";"Com Vítimas Feridas";"Amanhecer";"Crescente";"Nevoeiro/Neblina";"Simples";"Reta";"Não";2;0;2;0;0;0;2;1;-22,31650221;-54,58420923;"SPRF-MS";"DEL04-MS";"UOP01-DEL04-MS"
504426;2023-02-11;"sábado";"06:00:00";"PI";343;329;"TERESINA";"Ingestão de álcool pelo condutor";"Saída de leito carroçável";"Com Vítimas Feridas";"Pleno dia";"Crescente";"Céu Claro";"Simples";"Reta";"Não";1;0;1;0;0;0;1;1;-5,064808;-42,641769;"SPRF-PI";"DEL01-PI";"UOP01-DEL01-PI"
504427;2023-02-11;"sábado";"09:24:00";"GO";40;3;"VALPARAISO DE GOIAS";"Trafegar com motocicleta (ou similar) entre as faixas";"Colisão lateral mesmo sentido";"Com Vítimas Feridas";"Pleno dia";"Decrescente";"Céu Claro";"Dupla";"Reta";"Sim";2;0;2;0;0;0;2;2;-16,076081;-47,985671;"SPRF-DF";"DEL01-DF";"UOP01-DEL01-DF"
504429;2023-02-11;"sábado";"08:55:00";"DF";20;23;"BRASILIA";"Reação tardia ou ineficiente do condutor";"Colisão transversal";"Com Vítimas Fatais";"Pleno dia";"Decrescente";"Céu Claro";"Dupla";"Reta";"Não";2;1;0;1;0;0;1;2;-15,594475;-47,66333;"SPRF-DF";"DEL02-DF";"UOP01-DEL02-DF"