"id";"data_inversa";"dia_semana";"horario";"uf";"br";"km";"municipio";"causa_acidente";"tipo_acidente";"classificacao_acidente";"fase_dia";"sentido_via";"condicao_metereologica";"tipo_pista";"tracado_via";"uso_solo";"pessoas";"mortos";"feridos_leves";"feridos_graves";"ilesos";"ignorados";"feridos";"veiculos";"latitude";"longitude";"regional";"delegacia";"uop"
504431;2023-02-11;"sábado";"09:50:00";"SC";101;134;"BALNEARIO CAMBORIU";"Condutor deixou de manter distância do veículo da frente";"Colisão traseira";"Com Vítimas Feridas";"Pleno dia";"Crescente";"Céu Claro";"Dupla";"Reta";"Sim";2;0;1;0;1;0;1;2;-27,00218;-48,636433;"SPRF-SC";"DEL04-SC";"UOP03-DEL04-SC"
504432;2023-02-11;"sábado";"09:47:00";"MS";163;461;"CAMPO GRANDE";"Condutor deixou de manter distância do veículo da frente";"Colisão traseira";"Com Vítimas Feridas";"Pleno dia";"Decrescente";"Céu Claro";"Simples";"Reta";"Não";2;0;1;0;0;1;1;2;-20,6294929;-54,57205471;"SPRF-MS";"DEL01-MS";"UOP01-DEL01-MS"
504433;2023-02-11;"sábado";"10:00:00";"ES";101;296;"CARIACICA";"Ausência de reação do condutor";"Engavetamento";"Com Vítimas Feridas";"Pleno dia";"Decrescente";"Céu Claro";"Dupla";"Curva";"Não";4;0;1;0;3;0;1;3;-20,34339178;-40,40443767;"SPRF-ES";"DEL01-ES";"UOP01-DEL01-ES"
504434;2023-02-11;"sábado";"10:00:00";"PA";308;151;"CAPANEMA";"Acessar a via sem observar a presença dos outros veículos";"Colisão frontal";"Com Vítimas Feridas";"Pleno dia";"Crescente";"Céu Claro";"Simples";"Não Informado";"Sim";2;0;0;1;1;0;1;2;-1,21064;-47,182743;"SPRF-PA";"DEL01-PA";"UOP03-DEL01-PA"
504435;2023-02-07;"terça-feira";"10:54:00";"MS";163;206;"CAARAPO";"Reação tardia ou ineficiente do condutor";"Saída de leito carroçável";"Com Vítimas Feridas";"Pleno dia";"Crescente";"Céu Claro";"Dupla";"Rotatória";"Não";2;0;2;0;0;0;2;1;-22,65390994;-54,80646392;"SPRF-MS";"DEL04-MS";"UOP02-DEL04-MS"
504436;2023-02-11;"sábado";"09:50:00";"RJ";101;484;"ANGRA DOS REIS";"Acessar a via sem observar a presença dos outros veículos";"Colisão transversal";"Com Vítimas Feridas";"Pleno dia";"Decrescente";"Nublado";"Simples";"Não Informado";"Não";6;0;1;0;4;1;1;3;-22,99096308;-44,30429882;"SPRF-RJ";"DEL03-RJ";"UOP02-DEL03-RJ"
504438;2023-02-11;"sábado";"09:45:00";"PR";469;15,4;"FOZ DO IGUACU";"Condutor deixou de manter distância do veículo da frente";"Queda de ocupante de veículo";"Com Vítimas Feridas";"Pleno dia";"Crescente";"Sol";"Simples";"Não Informado";"Não";2;0;0;1;1;0;1;1;-25,5813;-54,5315;"SPRF-PR";"DEL05-PR";"UOP04-DEL05-PR"
504439;2023-02-11;"sábado";"11:00:00";"ES";101;395,6;"RIO NOVO DO SUL";"Desrespeitar a preferência no cruzamento";"Colisão transversal";"Com Vítimas Feridas";"Pleno dia";"Crescente";"Sol";"Simples";"Rotatória";"Sim";6;0;2;0;3;1;2;2;-20,86630078;-40,9375155;"SPRF-ES";"DEL03-ES";"UOP02-DEL03-ES"
504442;2023-02-11;"sábado";"11:20:00";"PR";376;176;"MARINGA";"Reação tardia ou ineficiente do condutor";"Colisão transversal";"Com Vítimas Feridas";"Pleno dia";"Crescente";"Nublado";"Dupla";"Reta";"Sim";2;0;2;0;0;0;2;2;-23,41269173;-51,93158327;"SPRF-PR";"DEL09-PR";"UOP01-DEL09-PR"
504444;2023-02-11;"sábado";"11:20:00";"SP";153;61,9;"SAO JOSE DO RIO PRETO";"Reação tardia ou ineficiente do condutor";"Colisão traseira";"Com Vítimas Feridas";"Pleno dia";"Crescente";"Nublado";"Dupla";"Reta";"Sim";3;0;1;0;2;0;1;2;-20,80502876;-49,35574909;"SPRF-SP";"DEL09-SP";"UOP01-DEL09-SP"
504445;2023-02-11;"sábado";"11:30:00";"RJ";40;114;"DUQUE DE CAXIAS";"Demais falhas mecânicas ou elétricas";"Colisão traseira";"Com Vítimas Feridas";"Pleno dia";"Crescente";"Céu Claro";"Dupla";"Reta";"Sim";3;0;1;0;2;0;1;2;-22,71853604;-43,28993324;"SPRF-RJ";"DEL01-RJ";"UOP01-DEL01-RJ"
504448;2023-02-11;"sábado";"10:50:00";"RO";364;577;"ITAPUA DO OESTE";"Retorno proibido";"Colisão transversal";"Com Vítimas Feridas";"Pleno dia";"Decrescente";"Céu Claro";"Simples";"Reta";"Sim";2;0;0;1;1;0;1;2;-9,42221923;-63,11594625;"SPRF-RO";"DEL03-RO";"UOP03-DEL03-RO"
504450;2023-02-11;"sábado";"09:50:00";"GO";153;549,5;"PIRACANJUBA";"Demais falhas mecânicas ou elétricas";"Saída de leito carroçável";"Com Vítimas Feridas";"Pleno dia";"Decrescente";"Nublado";"Dupla";"Reta";"Não";2;0;1;0;1;0;1;1;-17,1321;-49,2141;"SPRF-GO";"DEL01-GO";"UOP03-DEL01-GO"
504451;2023-02-11;"sábado";"11:30:00";"MT";364;331,5;"SANTO ANTONIO DO LEVERGER";"Reação tardia ou ineficiente do condutor";"Queda de ocupante de veículo";"Com Vítimas Feridas";"Pleno dia";"Decrescente";"Céu Claro";"Dupla";"Reta";"Não";1;0;1;0;0;0;1;1;-15,822813;-55,419647;"SPRF-MT";"DEL05-MT";"UOP02-DEL05-MT"
504452;2023-02-11;"sábado";"12:15:00";"PE";101;69;"RECIFE";"Acessar a via sem observar a presença dos outros veículos";"Colisão lateral mesmo sentido";"Com Vítimas Feridas";"Pleno dia";"Crescente";"Céu Claro";"Múltipla";"Não Informado";"Sim";4;0;1;2;1;0;3;3;-8,063874;-34,944459;"SPRF-PE";"DEL01-PE";"UOP01-DEL01-PE"
504453;2023-02-11;"sábado";"13:00:00";"SC";101;125;"ITAJAI";"Ausência de reação do condutor";"Colisão lateral mesmo sentido";"Com Vítimas Feridas";"Pleno dia";"Decrescente";"Céu Claro";"Dupla";"Reta";"Não";3;0;2;0;1;0;2;2;-26,94802427;-48,68338515;"SPRF-SC";"DEL04-SC";"UOP04-DEL04-SC"
504454;2023-02-11;"sábado";"13:00:00";"SC";101;199;"BIGUACU";"Condutor deixou de manter distância do veículo da frente";"Colisão traseira";"Com Vítimas Feridas";"Pleno dia";"Decrescente";"Céu Claro";"Dupla";"Reta";"Sim";2;0;2;0;0;0;2;1;-27,53413705;-48,63003205;"SPRF-SC";"DEL01-SC";"UOP01-DEL01-SC"
504455;2023-02-11;"sábado";"11:00:00";"AC";364;124;"RIO BRANCO";"Condutor deixou de manter distância do veículo da frente";"Colisão traseira";"Com Vítimas Feridas";"Pleno dia";"Crescente";"Céu Claro";"Dupla";"Reta";"Sim";3;0;1;0;2;0;1;2;-10,01152469;-67,79140099;"SPRF-AC";"N/A";"UOP01-DEL01-AC"
504456;2023-02-04;"sábado";"20:00:00";"GO";20;219;"POSSE";"Condutor deixou de manter distância do veículo da frente";"Colisão traseira";"Com Vítimas Feridas";"Plena Noite";"Crescente";"Nublado";"Simples";"Reta";"Não";4;0;1;0;1;2;1;2;-14,206588;-46,333511;"SPRF-DF";"DEL02-DF";"UOP03-DEL02-DF"
504457;2023-02-11;"sábado";"13:00:00";"PR";376;185,1;"SARANDI";"Animais na Pista";"Atropelamento de Animal";"Com Vítimas Feridas";"Pleno dia";"Decrescente";"Nublado";"Dupla";"Reta";"Sim";1;0;1;0;0;0;1;1;-23,45147413;-51,85361808;"SPRF-PR";"DEL09-PR";"UOP01-DEL09-PR"
504458;2023-02-11;"sábado";"13:25:00";"SC";101;221,5;"PALHOCA";"Ausência de reação do condutor";"Queda de ocupante de veículo";"Com Vítimas Feridas";"Pleno dia";"Crescente";"Céu Claro";"Múltipla";"Reta";"Não";2;0;2;0;0;0;2;1;-27,70012652;-48,66021182;"SPRF-SC";"DEL01-SC";"UOP02-DEL01-SC"
504459;2023-02-11;"sábado";"12:40:00";"MG";50;45;"ARAGUARI";"Velocidade Incompatível";"Saída de leito carroçável";"Com Vítimas Feridas";"Pleno dia";"Crescente";"Céu Claro";"Dupla";"Reta";"Não";2;0;1;0;1;0;1;1;-18,71289097;-48,19662304;"SPRF-MG";"DEL15-MG";"UOP02-DEL15-MG"
504462;2023-02-11;"sábado";"13:00:00";"ES";447;12,5;"VILA VELHA";"Reação tardia ou ineficiente do condutor";"Colisão transversal";"Com Vítimas Feridas";"Pleno dia";"Crescente";"Céu Claro";"Simples";"Reta";"Sim";2;0;1;0;0;1;1;2;-20,340922;-40,32791561;"SPRF-ES";"DEL01-ES";"UOP01-DEL01-ES"
504463;2023-02-11;"sábado";"13:10:00";"RJ";116;125,9;"MAGE";"Reação tardia ou ineficiente do condutor";"Queda de ocupante de veículo";"Com Vítimas Feridas";"Pleno dia";"Decrescente";"Céu Claro";"Dupla";"Reta";"Não";2;0;2;0;0;0;2;1;-22,65156898;-43,07769901;"SPRF-RJ";"DEL02-RJ";"UOP04-DEL02-RJ"
504464;2023-02-11;"sábado";"11:43:00";"RJ";101;294,3;"ITABORAI";"Condutor deixou de manter distância do veículo da frente";"Colisão traseira";"Com Vítimas Feridas";"Pleno dia";"Decrescente";"Sol";"Dupla";"Reta";"Sim";5;0;1;0;4;0;1;4;-22,7584434;-42,89502344;"SPRF-RJ";"DEL02-RJ";"UOP02-DEL02-RJ"
504465;2023-02-07;"terça-feira";"21:33:00";"SC";282;535;"CHAPECO";"Ausência de reação do condutor";"Tombamento";"Com Vítimas Feridas";"Plena Noite";"Decrescente";"Céu Claro";"Dupla";"Não Informado";"Sim";2;0;1;0;0;1;1;1;-26,998245;-52,643768;"SPRF-SC";"DEL07-SC";"UOP01-DEL07-SC"
504467;2023-02-11;"sábado";"14:00:00";"SP";116;161;"JACAREI";"Reação tardia ou ineficiente do condutor";"Colisão traseira";"Com Vítimas Feridas";"Pleno dia";"Decrescente";"Nublado";"Dupla";"Reta";"Não";3;0;2;0;1;0;2;2;-23,27617003;-45,97592098;"SPRF-SP";"DEL02-SP";"UOP01-DEL02-SP"
504469;2023-02-11;"sábado";"13:44:00";"ES";101;264;"SERRA";"Ingestão de álcool pelo condutor";"Colisão com objeto";"Sem Vítimas";"Pleno dia";"Decrescente";"Céu Claro";"Dupla";"Reta";"Sim";2;0;0;0;2;0;0;2;-20,17292791;-40,26736384;"SPRF-ES";"DEL02-ES";"UOP01-DEL02-ES"
504471;2023-02-11;"sábado";"14:25:00";"PR";369;131;"IBIPORA";"Ausência de reação do condutor";"Saída de leito carroçável";"Sem Vítimas";"Pleno dia";"Decrescente";"Nublado";"Dupla";"Não Informado";"Não";1;0;0;0;1;0;0;1;-23,26025972;-50,99965632;"SPRF-PR";"DEL07-PR";"UOP01-DEL07-PR"
504472;2023-02-11;"sábado";"12:50:00";"SC";116;211,7;"CORREIA PINTO";"Ingestão de álcool pelo condutor";"Colisão lateral mesmo sentido";"Com Vítimas Feridas";"Pleno dia";"Crescente";"Céu Claro";"Simples";"Reta";"Não";3;0;2;0;1;0;2;2;-27,51040007;-50,36397936;"SPRF-SC";"DEL05-SC";"UOP03-DEL05-SC"
504473;2023-02-11;"sábado";"14:35:00";"SC";101;144;"ITAPEMA";"Manobra de mudança de faixa";"Tombamento";"Com Vítimas Feridas";"Pleno dia";"Crescente";"Sol";"Dupla";"Reta";"Não";2;0;1;0;1;0;1;2;-27,0732659;-48,59672716;"SPRF-SC";"DEL04-SC";"UOP03-DEL04-SC"
504474;2023-02-11;"sábado";"15:10:00";"SC";101;193,9;"BIGUACU";"Desrespeitar a preferência no cruzamento";"Colisão transversal";"Com Vítimas Feridas";"Pleno dia";"Crescente";"Céu Claro";"Múltipla";"Reta";"Sim";2;0;1;0;1;0;1;2;-27,489574;-48,655914;"SPRF-SC";"DEL01-SC";"UOP01-DEL01-SC"
504475;2023-02-11;"sábado";"14:30:00";"PR";376;175,7;"MARINGA";"Acessar a via sem observar a presença dos outros veículos";"Colisão lateral mesmo sentido";"Com Vítimas Feridas";"Pleno dia";"Crescente";"Céu Claro";"Múltipla";"Reta";"Sim";3;0;2;0;1;0;2;2;-23,4125517;-51,94363832;"SPRF-PR";"DEL09-PR";"UOP01-DEL09-PR"
504476;2023-02-11;"sábado";"07:30:00";"BA";242;370;"PALMEIRAS";"Velocidade Incompatível";"Saída de leito carroçável";"Com Vítimas Feridas";"Pleno dia";"Crescente";"Garoa/Chuvisco";"Simples";"Reta";"Não";4;0;2;0;2;0;2;1;-12,46131491;-41,46948804;"SPRF-BA";"DEL06-BA";"UOP01-DEL06-BA"
504477;2023-02-11;"sábado";"14:40:00";"PR";116;40;"CAMPINA GRANDE DO SUL";"Chuva";"Saída de leito carroçável";"Com Vítimas Feridas";"Pleno dia";"Decrescente";"Chuva";"Dupla";"Curva";"Não";2;0;2;0;0;0;2;1;-25,15939259;-48,86202157;"SPRF-PR";"DEL01-PR";"UOP02-DEL01-PR"
504478;2023-02-11;"sábado";"15:00:00";"RN";101;113;"SAO JOSE DE MIPIBU";"Avarias e/ou desgaste excessivo no pneu";"Queda de ocupante de veículo";"Com Vítimas Feridas";"Pleno dia";"Decrescente";"Céu Claro";"Dupla";"Reta";"Não";2;0;2;0;0;0;2;1;-5,973247;-35,26489;"SPRF-RN";"DEL01-RN";"UOP01-DEL01-RN"
504479;2023-02-11;"sábado";"14:45:00";"SC";282;6;"SAO JOSE";"Velocidade Incompatível";"Colisão com objeto";"Com Vítimas Feridas";"Pleno dia";"Crescente";"Sol";"Dupla";"Não Informado";"Sim";1;0;1;0;0;0;1;1;-27,58528498;-48,61776352;"SPRF-SC";"DEL01-SC";"UOP01-DEL01-SC"
504480;2023-02-11;"sábado";"12:15:00";"RO";364;977;"PORTO VELHO";"Falta de acostamento";"Colisão traseira";"Com Vítimas Feridas";"Pleno dia";"Crescente";"Céu Claro";"Simples";"Reta";"Sim";3;0;2;0;1;0;2;2;-9,6630652416;-65,7879610236;"SPRF-RO";"DEL01-RO";"UOP03-DEL01-RO"
504481;2023-02-11;"sábado";"15:10:00";"BA";101;260;"SANTO ANTONIO DE JESUS";"Reação tardia ou ineficiente do condutor";"Saída de leito carroçável";"Com Vítimas Feridas";"Pleno dia";"Crescente";"Sol";"Simples";"Reta";"Sim";1;0;0;1;0;0;1;1;-12,95784638;-39,26959991;"SPRF-BA";"DEL01-BA";"UOP02-DEL01-BA"
504482;2023-01-06;"sexta-feira";"15:20:00";"MG";381;430;"SABARA";"Condutor deixou de manter distância do veículo da frente";"Engavetamento";"Com Vítimas Feridas";"Pleno dia";"Decrescente";"Chuva";"Simples";"Reta";"Não";3;0;1;0;2;0;1;3;-19,7886736;-43,6964591;"SPRF-MG";"DEL01-MG";"UOP01-DEL01-MG"
504483;2023-02-11;"sábado";"15:30:00";"RS";158;211,2;"CRUZ ALTA";"Animais na Pista";"Atropelamento de Animal";"Com Vítimas Feridas";"Pleno dia";"Crescente";"Sol";"Simples";"Reta";"Não";2;0;1;0;1;0;1;1;-28,78294784;-53,59925344;"SPRF-RS";"DEL10-RS";"UOP02-DEL10-RS"
504484;2023-02-11;"sábado";"16:00:00";"PE";104;64;"CARUARU";"Acessar a via sem observar a presença dos outros veículos";"Colisão lateral mesmo sentido";"Com Vítimas Feridas";"Pleno dia";"Crescente";"Céu Claro";"Simples";"Curva";"Sim";2;0;1;0;1;0;1;2;-8,2783;-35,9815;"SPRF-PE";"DEL02-PE";"UOP01-DEL02-PE"
504485;2023-02-11;"sábado";"15:20:00";"SP";381;61;"MAIRIPORA";"Ultrapassagem Indevida";"Colisão lateral mesmo sentido";"Com Vítimas Feridas";"Pleno dia";"Decrescente";"Nublado";"Dupla";"Não Informado";"Não";3;0;1;0;0;2;1;2;-23,29011611;-46,5800681;"SPRF-SP";"DEL03-SP";"UOP01-DEL03-SP"
504486;2023-02-11;"sábado";"16:00:00";"SC";282;4,7;"FLORIANOPOLIS";"Manobra de mudança de faixa";"Colisão lateral mesmo sentido";"Com Vítimas Feridas";"Pleno dia";"Decrescente";"Céu Claro";"Dupla";"Reta";"Não";2;0;0;1;1;0;1;2;-27,59004899;-48,60919118;"SPRF-SC";"DEL01-SC";"UOP01-DEL01-SC"
504488;2023-02-11;"sábado";"14:50:00";"PR";116;39;"CAMPINA GRANDE DO SUL";"Demais falhas mecânicas ou elétricas";"Colisão com objeto";"Com Vítimas Feridas";"Pleno dia";"Crescente";"Chuva";"Dupla";"Curva";"Não";1;0;1;0;0;0;1;1;-25,156168;-48,8613401;"SPRF-PR";"DEL01-PR";"UOP02-DEL01-PR"
504491;2023-02-11;"sábado";"11:30:00";"RS";293;367,6;"SANTANA DO LIVRAMENTO";"Reação tardia ou ineficiente do condutor";"Saída de leito carroçável";"Com Vítimas Fatais";"Pleno dia";"Decrescente";"Céu Claro";"Simples";"Reta";"Não";2;1;0;1;0;0;1;1;-30,73887569;-55,77469276;"SPRF-RS";"DEL11-RS";"UOP01-DEL11-RS"
504492;2023-01-21;"sábado";"23:45:00";"SC";470;68;"INDAIAL";"Acessar a via sem observar a presença dos outros veículos";"Colisão transversal";"Com Vítimas Feridas";"Plena Noite";"Crescente";"Chuva";"Dupla";"Não Informado";"Sim";3;0;1;1;0;1;2;2;-26,877615;-49,239231;"SPRF-SC";"DEL04-SC";"UOP01-DEL04-SC"
504493;2023-02-11;"sábado";"13:50:00";"RJ";101;484;"ANGRA DOS REIS";"Ultrapassagem Indevida";"Colisão traseira";"Com Vítimas Feridas";"Pleno dia";"Decrescente";"Céu Claro";"Simples";"Curva";"Sim";2;0;1;0;1;0;1;2;-22,99096308;-44,30429882;"SPRF-RJ";"DEL03-RJ";"UOP02-DEL03-RJ"
504494;2023-02-11;"sábado";"15:40:00";"MG";262;477;"BOM DESPACHO";"Acessar a via sem observar a presença dos outros veículos";"Colisão transversal";"Com Vítimas Feridas";"Pleno dia";"Decrescente";"Céu Claro";"Simples";"Não Informado";"Sim";2;0;0;1;1;0;1;2;-19,78872723;-45,22073799;"SPRF-MG";"DEL08-MG";"UOP03-DEL08-MG"
504495;2023-02-11;"sábado";"16:10:00";"PR";376;306;"MAUA DA SERRA";"Afundamento ou ondulação no pavimento";"Saída de leito carroçável";"Com Vítimas Feridas";"Pleno dia";"Decrescente";"Chuva";"Dupla";"Curva";"Não";2;0;1;0;1;0;1;1;-23,93886741;-51,12170957;"SPRF-PR";"DEL07-PR";"UOP02-DEL07-PR"
504496;2023-02-11;"sábado";"16:50:00";"RS";116;388;"CAMAQUA";"Ausência de reação do condutor";"Colisão traseira";"Sem Vítimas";"Pleno dia";"Crescente";"Céu Claro";"Dupla";"Reta";"Não";2;0;0;0;2;0;0;2;-30,81865339;-51,7043978;"SPRF-RS";"DEL02-RS";"UOP02-DEL02-RS"
504498;2023-02-11;"sábado";"11:00:00";"PE";423;60;"LAJEDO";"Ausência de reação do condutor";"Colisão traseira";"Sem Vítimas";"Pleno dia";"Decrescente";"Céu Claro";"Simples";"Curva";"Sim";2;0;0;0;2;0;0;2;-8,65394006;-36,32109791;"SPRF-PE";"DEL03-PE";"UOP01-DEL03-PE"
504499;2023-02-11;"sábado";"16:00:00";"PA";316;28;"BENEVIDES";"Condutor deixou de manter distância do veículo da frente";"Colisão traseira";"Com Vítimas Feridas";"Anoitecer";"Decrescente";"Chuva";"Dupla";"Reta";"Não";6;0;2;2;2;0;4;2;-1,313092;-48,222924;"SPRF-PA";"DEL01-PA";"UOP01-DEL01-PA"
504502;2023-02-11;"sábado";"16:40:00";"SE";235;55;"ITABAIANA";"Desrespeitar a preferência no cruzamento";"Colisão transversal";"Com Vítimas Feridas";"Pleno dia";"Crescente";"Sol";"Simples";"Reta";"Sim";2;0;0;1;1;0;1;2;-10,667386;-37,446014;"SPRF-SE";"DEL01-SE";"UOP02-DEL01-SE"
504504;2023-02-11;"sábado";"17:20:00";"RN";406;171;"NATAL";"Ingestão de álcool pelo condutor";"Colisão transversal";"Com Vítimas Feridas";"Anoitecer";"Decrescente";"Céu Claro";"Dupla";"Reta";"Sim";3;0;2;0;1;0;2;2;-5,76172663;-35,29115323;"SPRF-RN";"DEL02-RN";"UOP01-DEL02-RN"
504506;2023-02-11;"sábado";"17:10:00";"PB";230;158,4;"CAMPINA GRANDE";"Acessar a via sem observar a presença dos outros veículos";"Colisão transversal";"Com Vítimas Feridas";"Anoitecer";"Crescente";"Vento";"Simples";"Reta";"Não";2;0;0;1;0;1;1;2;-7,2582;-35,9267;"SPRF-PB";"DEL02-PB";"UOP01-DEL02-PB"
504507;2023-02-11;"sábado";"16:50:00";"SC";101;111,5;"NAVEGANTES";"Ingestão de álcool pelo condutor";"Queda de ocupante de veículo";"Com Vítimas Feridas";"Pleno dia";"Crescente";"Céu Claro";"Dupla";"Ponte";"Não";1;0;1;0;0;0;1;1;-26,8440986;-48,71917248;"SPRF-SC";"DEL04-SC";"UOP04-DEL04-SC"
504508;2023-02-11;"sábado";"16:22:00";"SP";381;52,1;"ATIBAIA";"Reação tardia ou ineficiente do condutor";"Colisão com objeto";"Com Vítimas Feridas";"Pleno dia";"Decrescente";"Garoa/Chuvisco";"Dupla";"Não Informado";"Não";2;0;2;0;0;0;2;1;-23,2300622;-46,59963076;"SPRF-SP";"DEL03-SP";"UOP01-DEL03-SP"
504510;2023-02-11;"sábado";"16:20:00";"RS";NA;NA;"CAXIAS DO SUL";"Curva acentuada";"Colisão lateral sentido oposto";"Sem Vítimas";"Pleno dia";"Não Informado";"Céu Claro";"Simples";"Não Informado";"Não";3;0;0;0;3;0;0;2;-29,0758;-51,117695;"SPRF-RS";"DEL05-RS";"UOP01-DEL05-RS"
504512;2023-02-11;"sábado";"16:00:00";"PI";343;345;"TERESINA";"Condutor desrespeitou a iluminação vermelha do semáforo";"Colisão transversal";"Sem Vítimas";"Pleno dia";"Decrescente";"Céu Claro";"Dupla";"Reta";"Sim";2;0;0;0;2;0;0;2;-5,102889;-42,766506;"SPRF-PI";"DEL01-PI";"UOP01-DEL01-PI"
504514;2023-02-11;"sábado";"18:00:00";"PR";272;373,8;"CAMPO MOURAO";"Acumulo de água sobre o pavimento";"Saída de leito carroçável";"Com Vítimas Feridas";"Anoitecer";"Decrescente";"Chuva";"Simples";"Desvio Temporário";"Não";1;0;1;0;0;0;1;1;-24,0678098;-52,45503794;"SPRF-PR";"DEL09-PR";"UOP03-DEL09-PR"
504516;2023-02-11;"sábado";"18:30:00";"CE";20;198;"BOA VIAGEM";"Reação tardia ou ineficiente do condutor";"Atropelamento de Pedestre";"Com Vítimas Feridas";"Plena Noite";"Crescente";"Céu Claro";"Simples";"Reta";"Não";2;0;0;1;0;1;1;1;-5,16678504;-39,75927094;"SPRF-CE";"DEL02-CE";"UOP02-DEL02-CE"
504517;2023-02-08;"quarta-feira";"21:30:00";"MG";262;810;"UBERABA";"Demais falhas mecânicas ou elétricas";"Colisão com objeto";"Sem Vítimas";"Plena Noite";"Crescente";"Céu Claro";"Dupla";"Rotatória";"Sim";1;0;0;0;1;0;0;1;-19,768896;-47,982253;"SPRF-MG";"DEL13-MG";"UOP01-DEL13-MG"
504518;2023-02-11;"sábado";"19:28:00";"ES";101;137;"LINHARES";"Demais falhas mecânicas ou elétricas";"Tombamento";"Com Vítimas Feridas";"Plena Noite";"Crescente";"Céu Claro";"Simples";"Reta";"Não";2;0;2;0;0;0;2;1;-19,29308199;-40,08591691;"SPRF-ES";"DEL04-ES";"UOP01-DEL04-ES"
504519;2023-02-11;"sábado";"16:15:00";"RJ";116;184;"NOVA IGUACU";"Manobra de mudança de faixa";"Colisão lateral mesmo sentido";"Com Vítimas Feridas";"Pleno dia";"Decrescente";"Garoa/Chuvisco";"Dupla";"Reta";"Não";2;0;1;0;1;0;1;2;-22,74647215;-43,44594311;"SPRF-RJ";"DEL01-RJ";"UOP02-DEL01-RJ"
504520;2023-02-11;"sábado";"17:30:00";"SC";116;9,1;"MAFRA";"Reação tardia ou ineficiente do condutor";"Colisão traseira";"Com Vítimas Feridas";"Pleno dia";"Decrescente";"Sol";"Simples";"Reta";"Não";3;0;1;0;2;0;1;3;-26,16297778;-49,84696715;"SPRF-SC";"DEL06-SC";"UOP01-DEL06-SC"
504521;2023-02-11;"sábado";"19:00:00";"RJ";101;416;"MANGARATIBA";"Chuva";"Colisão com objeto";"Com Vítimas Feridas";"Plena Noite";"Crescente";"Chuva";"Dupla";"Reta";"Não";2;0;2;0;0;0;2;1;-22,90729503;-43,89024997;"SPRF-RJ";"DEL03-RJ";"UOP01-DEL03-RJ"
504524;2023-02-11;"sábado";"16:00:00";"RO";364;32;"VILHENA";"Velocidade Incompatível";"Queda de ocupante de veículo";"Com Vítimas Feridas";"Pleno dia";"Crescente";"Céu Claro";"Simples";"Desvio Temporário";"Não";1;0;1;0;0;0;1;1;-12,68792687;-60,28227278;"SPRF-RO";"DEL04-RO";"UOP01-DEL04-RO"
504525;2023-02-11;"sábado";"19:35:00";"SP";101;42,1;"UBATUBA";"Condutor deixou de manter distância do veículo da frente";"Colisão traseira";"Com Vítimas Feridas";"Plena Noite";"Decrescente";"Chuva";"Simples";"Reta";"Não";2;0;1;0;1;0;1;2;-23,41271925;-45,04909808;"SPRF-SP";"DEL06-SP";"UOP01-DEL06-SP"
504526;2023-02-11;"sábado";"18:47:00";"MG";365;645;"UBERLANDIA";"Demais falhas mecânicas ou elétricas";"Colisão traseira";"Com Vítimas Feridas";"Plena Noite";"Decrescente";"Nublado";"Dupla";"Reta";"Não";2;0;1;0;1;0;1;2;-18,87775999;-48,512251;"SPRF-MG";"DEL15-MG";"UOP01-DEL15-MG"
504527;2023-02-11;"sábado";"20:00:00";"RS";386;37;"FREDERICO WESTPHALEN";"Ingestão de álcool pelo condutor";"Colisão frontal";"Com Vítimas Feridas";"Plena Noite";"Crescente";"Céu Claro";"Simples";"Reta";"Não";3;0;1;1;1;0;2;2;-27,382351;-53,399605;"SPRF-RS";"DEL08-RS";"UOP02-DEL08-RS"
504528;2023-02-11;"sábado";"17:30:00";"PA";NA;NA;"CAPANEMA";"Pista Escorregadia";"Colisão com objeto";"Sem Vítimas";"Pleno dia";"Não Informado";"Nublado";"Simples";"Não Informado";"Sim";3;0;0;0;3;0;0;1;-1,19934513;-47,16018856;"SPRF-PA";"DEL01-PA";"UOP03-DEL01-PA"
504529;2023-02-11;"sábado";"20:00:00";"RS";116;301;"GUAIBA";"Entrada inopinada do pedestre";"Atropelamento de Pedestre";"Com Vítimas Feridas";"Plena Noite";"Crescente";"Céu Claro";"Simples";"Reta";"Sim";2;0;2;0;0;0;2;1;-30,131899;-51,353867;"SPRF-RS";"DEL02-RS";"UOP01-DEL02-RS"
504530;2023-02-11;"sábado";"19:20:00";"MT";163;748;"SORRISO";"Demais falhas mecânicas ou elétricas";"Queda de ocupante de veículo";"Com Vítimas Feridas";"Plena Noite";"Decrescente";"Céu Claro";"Dupla";"Não Informado";"Sim";2;0;1;1;0;0;2;1;-12,58787405;-55,73909765;"SPRF-MT";"DEL06-MT";"UOP01-DEL06-MT"
504531;2023-02-11;"sábado";"18:30:00";"PR";376;213,1;"MANDAGUARI";"Reação tardia ou ineficiente do condutor";"Saída de leito carroçável";"Com Vítimas Feridas";"Plena Noite";"Crescente";"Nublado";"Dupla";"Curva";"Não";1;0;1;0;0;0;1;1;-23,5808343;-51,65143895;"SPRF-PR";"DEL09-PR";"UOP01-DEL09-PR"
504532;2023-02-11;"sábado";"19:40:00";"PE";232;409;"SERRA TALHADA";"Entrada inopinada do pedestre";"Atropelamento de Pedestre";"Com Vítimas Feridas";"Plena Noite";"Crescente";"Nublado";"Simples";"Reta";"Sim";2;0;0;1;0;1;1;1;-7,981944;-38,289467;"SPRF-PE";"DEL04-PE";"UOP01-DEL04-PE"