"id";"data_inversa";"dia_semana";"horario";"uf";"br";"km";"municipio";"causa_acidente";"tipo_acidente";"classificacao_acidente";"fase_dia";"sentido_via";"condicao_metereologica";"tipo_pista";"tracado_via";"uso_solo";"pessoas";"mortos";"feridos_leves";"feridos_graves";"ilesos";"ignorados";"feridos";"veiculos";"latitude";"longitude";"regional";"delegacia";"uop"
504533;2023-02-11;"sábado";"18:14:00";"PA";316;39;"SANTA IZABEL DO PARA";"Reação tardia ou ineficiente do condutor";"Eventos atípicos";"Com Vítimas Feridas";"Anoitecer";"Decrescente";"Céu Claro";"Dupla";"Reta";"Não";2;0;0;1;1;0;1;2;-1,28141702;-48,131196;"SPRF-PA";"DEL01-PA";"UOP01-DEL01-PA"
504534;2023-02-11;"sábado";"20:40:00";"PR";116;126;"FAZENDA RIO GRANDE";"Ausência de reação do condutor";"Colisão traseira";"Sem Vítimas";"Plena Noite";"Decrescente";"Céu Claro";"Dupla";"Reta";"Sim";3;0;0;0;3;0;0;3;-25,60389895;-49,31824423;"SPRF-PR";"DEL01-PR";"UOP03-DEL01-PR"
504536;2023-02-11;"sábado";"18:45:00";"CE";116;112;"RUSSAS";"Animais na Pista";"Atropelamento de Animal";"Sem Vítimas";"Plena Noite";"Crescente";"Ignorado";"Simples";"Reta";"Não";1;0;0;0;1;0;0;1;-4,58985727;-38,21559906;"SPRF-CE";"DEL03-CE";"UOP02-DEL03-CE"
504537;2023-02-11;"sábado";"20:45:00";"RS";392;20;"RIO GRANDE";"Objeto estático sobre o leito carroçável";"Colisão com objeto";"Com Vítimas Feridas";"Plena Noite";"Crescente";"Céu Claro";"Dupla";"Curva";"Sim";1;0;1;0;0;0;1;1;-32,08573295;-52,19690099;"SPRF-RS";"DEL07-RS";"UOP02-DEL07-RS"
504538;2023-02-11;"sábado";"20:30:00";"SP";116;149,9;"SAO JOSE DOS CAMPOS";"Ausência de reação do condutor";"Colisão com objeto";"Sem Vítimas";"Plena Noite";"Crescente";"Nublado";"Dupla";"Não Informado";"Sim";1;0;0;0;0;1;0;1;-23,20700047;-45,88626861;"SPRF-SP";"DEL02-SP";"UOP01-DEL02-SP"
504539;2023-02-11;"sábado";"20:45:00";"MG";381;884,5;"ESTIVA";"Chuva";"Saída de leito carroçável";"Com Vítimas Feridas";"Plena Noite";"Crescente";"Chuva";"Dupla";"Reta";"Não";2;0;1;0;1;0;1;1;-22,53552002;-46,03550597;"SPRF-MG";"DEL16-MG";"UOP03-DEL16-MG"
504540;2023-02-02;"quinta-feira";"04:30:00";"BA";101;259;"SANTO ANTONIO DE JESUS";"Animais na Pista";"Tombamento";"Com Vítimas Feridas";"Amanhecer";"Crescente";"Céu Claro";"Simples";"Reta";"Sim";1;0;1;0;0;0;1;1;-12,95683643;-39,26878821;"SPRF-BA";"DEL01-BA";"UOP02-DEL01-BA"
504541;2023-02-11;"sábado";"18:00:00";"CE";116;7;"FORTALEZA";"Acessar a via sem observar a presença dos outros veículos";"Atropelamento de Pedestre";"Com Vítimas Feridas";"Plena Noite";"Crescente";"Nublado";"Dupla";"Reta";"Sim";2;0;0;1;1;0;1;1;-3,80834347;-38,50142598;"SPRF-CE";"DEL01-CE";"UOP02-DEL01-CE"
504542;2023-02-11;"sábado";"18:20:00";"SC";470;174;"POUSO REDONDO";"Desrespeitar a preferência no cruzamento";"Colisão transversal";"Com Vítimas Feridas";"Anoitecer";"Decrescente";"Nublado";"Simples";"Interseção de vias";"Sim";2;0;1;0;1;0;1;2;-27,258179;-49,929146;"SPRF-SC";"DEL04-SC";"UOP02-DEL04-SC"
504543;2023-02-11;"sábado";"16:44:00";"MA";10;307;"ACAILANDIA";"Transitar na contramão";"Colisão frontal";"Com Vítimas Fatais";"Pleno dia";"Crescente";"Céu Claro";"Simples";"Reta";"Não";2;1;0;0;0;1;0;2;-5,052458;-47,554607;"SPRF-MA";"DEL04-MA";"UOP03-DEL04-MA"
504544;2023-02-11;"sábado";"21:15:00";"SC";101;214,8;"PALHOCA";"Ingestão de álcool pelo condutor";"Colisão com objeto";"Sem Vítimas";"Plena Noite";"Crescente";"Céu Claro";"Dupla";"Reta";"Não";1;0;0;0;1;0;0;1;-27,64443;-48,67057;"SPRF-SC";"DEL01-SC";"UOP02-DEL01-SC"
504547;2023-02-11;"sábado";"19:30:00";"PE";232;506;"SALGUEIRO";"Pedestre cruzava a pista fora da faixa";"Atropelamento de Pedestre";"Com Vítimas Feridas";"Plena Noite";"Crescente";"Céu Claro";"Simples";"Reta";"Não";2;0;0;2;0;0;2;1;-8,05986546;-39,10271397;"SPRF-PE";"DEL05-PE";"UOP01-DEL05-PE"
504549;2023-02-11;"sábado";"21:10:00";"SC";101;416,9;"ARARANGUA";"Desrespeitar a preferência no cruzamento";"Colisão transversal";"Com Vítimas Feridas";"Plena Noite";"Decrescente";"Céu Claro";"Simples";"Não Informado";"Sim";3;0;0;1;2;0;1;2;-28,96708874;-49,52338825;"SPRF-SC";"DEL02-SC";"UOP02-DEL02-SC"
504551;2023-02-11;"sábado";"21:05:00";"MG";381;939,4;"EXTREMA";"Acessar a via sem observar a presença dos outros veículos";"Colisão lateral mesmo sentido";"Sem Vítimas";"Plena Noite";"Decrescente";"Nublado";"Dupla";"Reta";"Não";2;0;0;0;2;0;0;2;-22,82268838;-46,30267735;"SPRF-MG";"DEL16-MG";"UOP03-DEL16-MG"
504553;2023-02-11;"sábado";"19:23:00";"RJ";116;194;"QUEIMADOS";"Chuva";"Capotamento";"Com Vítimas Feridas";"Plena Noite";"Crescente";"Chuva";"Dupla";"Reta";"Não";5;0;3;2;0;0;5;1;-22,72964045;-43,58104706;"SPRF-RJ";"DEL01-RJ";"UOP02-DEL01-RJ"
504554;2023-02-11;"sábado";"22:00:00";"SC";282;16;"PALHOCA";"Ingestão de álcool pelo condutor";"Queda de ocupante de veículo";"Com Vítimas Feridas";"Plena Noite";"Crescente";"Céu Claro";"Simples";"Reta";"Não";3;0;2;0;1;0;2;2;-27,658611;-48,681847;"SPRF-SC";"DEL01-SC";"UOP02-DEL01-SC"
504555;2023-02-11;"sábado";"21:38:00";"RS";116;238;"NOVO HAMBURGO";"Ausência de reação do condutor";"Colisão traseira";"Sem Vítimas";"Plena Noite";"Crescente";"Céu Claro";"Dupla";"Reta";"Sim";2;0;0;0;2;0;0;2;-29,68739789;-51,14197352;"SPRF-RS";"DEL01-RS";"UOP02-DEL01-RS"
504558;2023-02-11;"sábado";"21:00:00";"RJ";356;178;"SAO JOAO DA BARRA";"Acessar a via sem observar a presença dos outros veículos";"Colisão transversal";"Com Vítimas Feridas";"Plena Noite";"Crescente";"Céu Claro";"Simples";"Reta";"Não";3;0;1;0;2;0;1;2;-21,681186;-41,056008;"SPRF-RJ";"DEL08-RJ";"UOP02-DEL08-RJ"
504559;2023-02-11;"sábado";"20:45:00";"MG";40;501;"ESMERALDAS";"Condutor Dormindo";"Saída de leito carroçável";"Com Vítimas Feridas";"Plena Noite";"Crescente";"Nublado";"Dupla";"Não Informado";"Sim";1;0;1;0;0;0;1;1;-19,70735708;-44,16736508;"SPRF-MG";"DEL02-MG";"UOP01-DEL02-MG"
504561;2023-02-11;"sábado";"17:30:00";"BA";420;346;"JAGUAQUARA";"Velocidade Incompatível";"Saída de leito carroçável";"Com Vítimas Fatais";"Pleno dia";"Decrescente";"Sol";"Simples";"Curva";"Não";1;1;0;0;0;0;0;1;-13,50380802;-40,02582899;"SPRF-BA";"DEL03-BA";"UOP01-DEL03-BA"
504562;2023-02-11;"sábado";"22:30:00";"SC";101;188,1;"BIGUACU";"Condutor deixou de manter distância do veículo da frente";"Colisão traseira";"Sem Vítimas";"Plena Noite";"Decrescente";"Céu Claro";"Simples";"Reta";"Sim";2;0;0;0;2;0;0;2;-27,45123421;-48,63370766;"SPRF-SC";"DEL01-SC";"UOP01-DEL01-SC"
504563;2023-02-11;"sábado";"19:30:00";"PE";408;55,5;"NAZARE DA MATA";"Pedestre andava na pista";"Atropelamento de Pedestre";"Com Vítimas Fatais";"Plena Noite";"Decrescente";"Nublado";"Simples";"Reta";"Não";2;1;0;1;0;0;1;1;-7,777495;-35,238089;"SPRF-PE";"DEL01-PE";"UOP01-DEL01-PE"
504564;2023-02-11;"sábado";"19:30:00";"PI";343;14,4;"PARNAIBA";"Ausência de reação do condutor";"Colisão lateral mesmo sentido";"Com Vítimas Feridas";"Plena Noite";"Crescente";"Céu Claro";"Dupla";"Reta";"Sim";4;0;1;0;3;0;1;3;-2,931813;-41,754314;"SPRF-PI";"DEL05-PI";"UOP01-DEL05-PI"
504565;2023-02-11;"sábado";"21:40:00";"RN";304;47,5;"MOSSORO";"Acostamento em desnível";"Queda de ocupante de veículo";"Com Vítimas Feridas";"Plena Noite";"Crescente";"Céu Claro";"Dupla";"Reta";"Sim";1;0;1;0;0;0;1;1;-5,22597224;-37,33086797;"SPRF-RN";"DEL04-RN";"UOP01-DEL04-RN"
504567;2023-02-11;"sábado";"22:15:00";"MG";381;495;"BETIM";"Pista esburacada";"Colisão com objeto";"Com Vítimas Feridas";"Plena Noite";"Crescente";"Céu Claro";"Simples";"Curva";"Sim";1;0;1;0;0;0;1;1;-19,98890883;-44,20522016;"SPRF-MG";"DEL01-MG";"UOP03-DEL01-MG"
504569;2023-02-11;"sábado";"22:30:00";"PR";376;180,5;"MARINGA";"Ausência de reação do condutor";"Saída de leito carroçável";"Com Vítimas Feridas";"Plena Noite";"Crescente";"Céu Claro";"Dupla";"Reta";"Sim";2;0;0;1;1;0;1;2;-23,43197477;-51,88671852;"SPRF-PR";"DEL09-PR";"UOP01-DEL09-PR"
504570;2023-02-11;"sábado";"21:20:00";"PR";376;3,7;"SAO JOSE DOS PINHAIS";"Ingestão de álcool pelo condutor";"Colisão traseira";"Sem Vítimas";"Plena Noite";"Decrescente";"Nublado";"Dupla";"Não Informado";"Sim";8;0;0;0;8;0;0;3;-25,5307;-49,1958;"SPRF-PR";"DEL01-PR";"UOP04-DEL01-PR"
504572;2023-02-11;"sábado";"21:58:00";"SC";101;92,8;"BARRA VELHA";"Reação tardia ou ineficiente do condutor";"Tombamento";"Com Vítimas Feridas";"Plena Noite";"Decrescente";"Nublado";"Dupla";"Reta";"Não";1;0;0;1;0;0;1;1;-26,6806041;-48,6931497;"SPRF-SC";"DEL03-SC";"UOP02-DEL03-SC"
504573;2023-02-11;"sábado";"22:00:00";"RN";101;95;"NATAL";"Manobra de mudança de faixa";"Queda de ocupante de veículo";"Com Vítimas Feridas";"Plena Noite";"Crescente";"Céu Claro";"Dupla";"Reta";"Sim";2;0;1;0;1;0;1;1;-5,84076841;-35,21035949;"SPRF-RN";"DEL01-RN";"UOP01-DEL01-RN"
504574;2023-02-11;"sábado";"23:00:00";"SC";282;19;"PALHOCA";"Reação tardia ou ineficiente do condutor";"Tombamento";"Com Vítimas Feridas";"Plena Noite";"Crescente";"Céu Claro";"Simples";"Interseção de vias";"Sim";2;0;1;1;0;0;2;1;-27,67934771;-48,7031436;"SPRF-SC";"DEL01-SC";"UOP02-DEL01-SC"
504575;2023-02-11;"sábado";"20:17:00";"MS";163;477;"CAMPO GRANDE";"Ausência de reação do condutor";"Tombamento";"Com Vítimas Feridas";"Plena Noite";"Crescente";"Céu Claro";"Simples";"Não Informado";"Não";1;0;1;0;0;0;1;1;-20,50427591;-54,55557367;"SPRF-MS";"DEL01-MS";"UOP01-DEL01-MS"
504576;2023-02-11;"sábado";"21:19:00";"MG";40;530,9;"BELO HORIZONTE";"Ausência de reação do condutor";"Colisão traseira";"Com Vítimas Feridas";"Plena Noite";"Decrescente";"Céu Claro";"Dupla";"Não Informado";"Sim";2;0;1;0;1;0;1;2;-19,91912751;-44,02575379;"SPRF-MG";"DEL01-MG";"UOP02-DEL01-MG"
504578;2023-02-11;"sábado";"23:20:00";"RN";101;123;"SAO JOSE DE MIPIBU";"Ausência de reação do condutor";"Tombamento";"Com Vítimas Feridas";"Plena Noite";"Decrescente";"Céu Claro";"Dupla";"Reta";"Sim";1;0;1;0;0;0;1;1;-6,06166101;-35,24094602;"SPRF-RN";"DEL01-RN";"UOP01-DEL01-RN"
504579;2023-02-11;"sábado";"22:56:00";"PE";104;66,5;"CARUARU";"Reação tardia ou ineficiente do condutor";"Colisão com objeto";"Sem Vítimas";"Plena Noite";"Decrescente";"Céu Claro";"Dupla";"Desvio Temporário";"Sim";1;0;0;0;0;1;0;1;-8,2937;-35,9864;"SPRF-PE";"DEL02-PE";"UOP01-DEL02-PE"
504580;2023-02-11;"sábado";"12:15:00";"PR";116;100;"SAO JOSE DOS PINHAIS";"Velocidade Incompatível";"Saída de leito carroçável";"Sem Vítimas";"Pleno dia";"Crescente";"Céu Claro";"Dupla";"Reta";"Sim";1;0;0;0;0;1;0;1;-25,53379421;-49,14663578;"SPRF-PR";"DEL01-PR";"UOP07-DEL01-PR"
504582;2023-02-11;"sábado";"23:00:00";"SP";153;113,5;"JOSE BONIFACIO";"Transitar na contramão";"Colisão frontal";"Com Vítimas Feridas";"Plena Noite";"Decrescente";"Céu Claro";"Simples";"Reta";"Não";3;0;0;1;2;0;1;2;-21,11299309;-49,68678482;"SPRF-SP";"DEL09-SP";"UOP01-DEL09-SP"
504583;2023-02-11;"sábado";"23:00:00";"RS";158;198,8;"CRUZ ALTA";"Desrespeitar a preferência no cruzamento";"Colisão transversal";"Com Vítimas Feridas";"Plena Noite";"Crescente";"Céu Claro";"Dupla";"Interseção de vias";"Sim";2;0;2;0;0;0;2;2;-28,6774444;-53,5948552;"SPRF-RS";"DEL10-RS";"UOP02-DEL10-RS"
504585;2023-02-11;"sábado";"23:50:00";"SP";153;321,5;"RIBEIRAO DO SUL";"Pista esburacada";"Queda de ocupante de veículo";"Com Vítimas Feridas";"Plena Noite";"Decrescente";"Céu Claro";"Simples";"Reta";"Não";1;0;1;0;0;0;1;1;-22,770075;-49,889694;"SPRF-SP";"DEL07-SP";"UOP03-DEL07-SP"
504586;2023-02-11;"sábado";"23:40:00";"GO";60;92;"ANAPOLIS";"Ingestão de álcool pelo condutor";"Saída de leito carroçável";"Sem Vítimas";"Plena Noite";"Decrescente";"Chuva";"Dupla";"Reta";"Sim";1;0;0;0;0;1;0;1;-16,353;-48,9178;"SPRF-GO";"DEL02-GO";"UOP01-DEL02-GO"
504587;2023-02-11;"sábado";"20:40:00";"MG";262;409;"IGARATINGA";"Velocidade Incompatível";"Saída de leito carroçável";"Com Vítimas Feridas";"Plena Noite";"Crescente";"Chuva";"Dupla";"Curva";"Não";1;0;1;0;0;0;1;1;-19,8901412;-44,62313102;"SPRF-MG";"DEL08-MG";"UOP03-DEL08-MG"
504591;2023-02-12;"domingo";"00:30:00";"RS";116;301;"GUAIBA";"Acesso irregular";"Colisão transversal";"Com Vítimas Feridas";"Plena Noite";"Decrescente";"Céu Claro";"Simples";"Reta";"Não";3;0;1;0;1;1;1;1;-30,131899;-51,353867;"SPRF-RS";"DEL02-RS";"UOP01-DEL02-RS"
504592;2023-02-11;"sábado";"23:50:00";"MG";356;265,2;"MURIAE";"Ingestão de álcool pelo condutor";"Colisão com objeto";"Com Vítimas Feridas";"Plena Noite";"Crescente";"Céu Claro";"Simples";"Reta";"Sim";1;0;1;0;0;0;1;1;-21,12676713;-42,37143072;"SPRF-MG";"DEL07-MG";"UOP02-DEL07-MG"
504594;2023-02-12;"domingo";"01:10:00";"RN";406;158;"CEARA-MIRIM";"Animais na Pista";"Atropelamento de Animal";"Com Vítimas Feridas";"Plena Noite";"Crescente";"Céu Claro";"Simples";"Reta";"Não";2;0;2;0;0;0;2;1;-5,69942776;-35,38322468;"SPRF-RN";"DEL02-RN";"UOP01-DEL02-RN"
504595;2023-02-12;"domingo";"00:30:00";"SP";116;2;"GUARULHOS";"Reação tardia ou ineficiente do condutor";"Colisão traseira";"Com Vítimas Feridas";"Plena Noite";"Crescente";"Céu Claro";"Dupla";"Reta";"Não";3;0;1;0;2;0;1;2;-23,463257;-46,53373;"SPRF-SP";"DEL01-SP";"UOP01-DEL01-SP"
504597;2023-02-11;"sábado";"23:40:00";"AC";364;140;"RIO BRANCO";"Chuva";"Queda de ocupante de veículo";"Com Vítimas Feridas";"Plena Noite";"Decrescente";"Chuva";"Dupla";"Reta";"Não";1;0;1;0;0;0;1;1;-9,94779814;-67,86813111;"SPRF-AC";"N/A";"UOP01-DEL01-AC"
504599;2023-02-12;"domingo";"01:30:00";"SP";116;273;"TABOAO DA SERRA";"Ingestão de álcool pelo condutor";"Colisão frontal";"Com Vítimas Feridas";"Plena Noite";"Crescente";"Céu Claro";"Simples";"Não Informado";"Sim";3;0;2;0;1;0;2;2;-23,62809795;-46,81870306;"SPRF-SP";"DEL04-SP";"UOP01-DEL04-SP"
504602;2023-02-12;"domingo";"01:40:00";"PR";153;461,9;"PORTO VITORIA";"Ausência de reação do condutor";"Capotamento";"Com Vítimas Feridas";"Plena Noite";"Crescente";"Nublado";"Simples";"Curva";"Não";2;0;1;0;1;0;1;1;-26,2306;-51,0867;"SPRF-PR";"DEL02-PR";"UOP03-DEL02-PR"
504603;2023-02-12;"domingo";"01:35:00";"PB";230;7;"CABEDELO";"Ausência de reação do condutor";"Colisão traseira";"Sem Vítimas";"Plena Noite";"Decrescente";"Céu Claro";"Múltipla";"Reta";"Sim";2;0;0;0;1;1;0;2;-7,026;-34,8385;"SPRF-PB";"DEL01-PB";"UOP01-DEL01-PB"
504604;2023-02-12;"domingo";"00:50:00";"SC";282;581,7;"PINHALZINHO";"Reação tardia ou ineficiente do condutor";"Saída de leito carroçável";"Com Vítimas Feridas";"Plena Noite";"Decrescente";"Nublado";"Simples";"Rotatória";"Não";4;0;1;2;0;1;3;1;-26,82652179;-53,00485969;"SPRF-SC";"DEL07-SC";"UOP02-DEL07-SC"
504606;2023-02-11;"sábado";"19:30:00";"RO";364;712;"PORTO VELHO";"Ausência de reação do condutor";"Saída de leito carroçável";"Sem Vítimas";"Plena Noite";"Decrescente";"Nublado";"Múltipla";"Reta";"Sim";1;0;0;0;0;1;0;1;-8,77433705;-63,87848139;"SPRF-RO";"DEL01-RO";"UOP01-DEL01-RO"
504608;2023-02-12;"domingo";"03:00:00";"RN";101;103;"PARNAMIRIM";"Ingestão de álcool pelo condutor";"Colisão com objeto";"Com Vítimas Feridas";"Plena Noite";"Decrescente";"Céu Claro";"Múltipla";"Reta";"Sim";1;0;1;0;0;0;1;1;-5,89034022;-35,24894996;"SPRF-RN";"DEL01-RN";"UOP01-DEL01-RN"
504609;2023-02-12;"domingo";"02:45:00";"PR";376;125,8;"ALTO PARANA";"Ingestão de álcool pelo condutor";"Capotamento";"Sem Vítimas";"Plena Noite";"Crescente";"Céu Claro";"Dupla";"Não Informado";"Não";1;0;0;0;0;1;0;1;-23,14593004;-52,27935659;"SPRF-PR";"DEL09-PR";"UOP02-DEL09-PR"
504610;2023-02-12;"domingo";"02:40:00";"SC";101;194;"BIGUACU";"Ingestão de álcool pelo condutor";"Saída de leito carroçável";"Com Vítimas Feridas";"Pleno dia";"Crescente";"Nevoeiro/Neblina";"Múltipla";"Reta";"Sim";1;0;1;0;0;0;1;1;-27,49815117;-48,65661236;"SPRF-SC";"DEL01-SC";"UOP01-DEL01-SC"
504611;2023-02-12;"domingo";"02:00:00";"MT";364;493;"JANGADA";"Transitar na contramão";"Colisão frontal";"Com Vítimas Feridas";"Plena Noite";"Crescente";"Chuva";"Simples";"Reta";"Sim";3;0;0;3;0;0;3;2;-15,30106797;-56,43607915;"SPRF-MT";"DEL01-MT";"UOP02-DEL01-MT"
504612;2023-02-12;"domingo";"03:40:00";"SC";101;305;"LAGUNA";"Ingestão de álcool pelo condutor";"Saída de leito carroçável";"Sem Vítimas";"Plena Noite";"Crescente";"Céu Claro";"Múltipla";"Reta";"Não";1;0;0;0;0;1;0;1;-28,37674574;-48,76400229;"SPRF-SC";"DEL02-SC";"UOP03-DEL02-SC"
504614;2023-02-12;"domingo";"04:00:00";"SP";116;229;"SAO PAULO";"Condutor Dormindo";"Colisão com objeto";"Com Vítimas Feridas";"Pleno dia";"Crescente";"Nublado";"Múltipla";"Reta";"Sim";1;0;1;0;0;0;1;1;-23,50343484;-46,56638712;"SPRF-SP";"DEL01-SP";"UOP01-DEL01-SP"
504615;2023-02-12;"domingo";"05:00:00";"AL";316;239;"ATALAIA";"Condutor Dormindo";"Colisão frontal";"Com Vítimas Fatais";"Amanhecer";"Decrescente";"Céu Claro";"Simples";"Reta";"Não";3;1;0;1;1;0;1;2;-9,50625459;-36,04053891;"SPRF-AL";"DEL01-AL";"UOP01-DEL01-AL"
504616;2023-02-12;"domingo";"04:40:00";"RJ";116;319;"ITATIAIA";"Ausência de reação do condutor";"Colisão traseira";"Com Vítimas Feridas";"Plena Noite";"Crescente";"Chuva";"Dupla";"Reta";"Não";2;0;1;0;1;0;1;2;-22,47041738;-44,51739637;"SPRF-RJ";"DEL07-RJ";"UOP02-DEL07-RJ"
504618;2023-02-12;"domingo";"04:26:00";"RO";319;63;"PORTO VELHO";"Condutor desrespeitou a iluminação vermelha do semáforo";"Colisão transversal";"Com Vítimas Feridas";"Plena Noite";"Decrescente";"Nublado";"Múltipla";"Reta";"Sim";3;0;1;0;1;1;1;2;-8,76110393;-63,88530493;"SPRF-RO";"DEL01-RO";"UOP01-DEL01-RO"
504620;2023-02-12;"domingo";"05:40:00";"RS";472;186,8;"SANTO CRISTO";"Transitar na contramão";"Colisão frontal";"Com Vítimas Fatais";"Amanhecer";"Decrescente";"Céu Claro";"Simples";"Não Informado";"Não";4;3;0;1;0;0;1;2;-27,83546212;-54,61193398;"SPRF-RS";"DEL10-RS";"UOP01-DEL10-RS"
504621;2023-02-12;"domingo";"06:40:00";"PB";101;106,3;"ALHANDRA";"Velocidade Incompatível";"Tombamento";"Com Vítimas Fatais";"Pleno dia";"Crescente";"Céu Claro";"Dupla";"Reta";"Não";5;1;0;0;3;1;0;2;-7,31942;-34,946791;"SPRF-PB";"DEL01-PB";"UOP02-DEL01-PB"
504622;2023-02-12;"domingo";"06:50:00";"RS";392;126,3;"CANGUCU";"Reação tardia ou ineficiente do condutor";"Saída de leito carroçável";"Com Vítimas Feridas";"Amanhecer";"Crescente";"Céu Claro";"Simples";"Reta";"Não";1;0;1;0;0;0;1;1;-31,35676908;-52,72953619;"SPRF-RS";"DEL07-RS";"UOP01-DEL07-RS"
504623;2023-02-12;"domingo";"06:50:00";"RS";158;327;"SANTA MARIA";"Reação tardia ou ineficiente do condutor";"Saída de leito carroçável";"Sem Vítimas";"Pleno dia";"Crescente";"Céu Claro";"Dupla";"Reta";"Sim";1;0;0;0;1;0;0;1;-29,71084814;-53,8201654;"SPRF-RS";"DEL09-RS";"UOP01-DEL09-RS"
504624;2023-02-11;"sábado";"21:03:00";"AM";174;886;"MANAUS";"Manobra de mudança de faixa";"Tombamento";"Com Vítimas Feridas";"Plena Noite";"Decrescente";"Nublado";"Simples";"Reta";"Não";2;0;0;1;1;0;1;2;-2,96034732;-60,03160432;"SPRF-AM";"N/A";"UOP01-DEL01-AM"
504625;2023-02-12;"domingo";"06:00:00";"RS";386;59,6;"SEBERI";"Ingestão de álcool pelo condutor";"Saída de leito carroçável";"Com Vítimas Feridas";"Pleno dia";"Crescente";"Céu Claro";"Simples";"Reta";"Não";1;0;1;0;0;0;1;1;-27,570587;-53,352303;"SPRF-RS";"DEL08-RS";"UOP02-DEL08-RS"
504626;2023-02-08;"quarta-feira";"11:30:00";"RJ";101;284;"ITABORAI";"Ausência de reação do condutor";"Colisão traseira";"Com Vítimas Feridas";"Pleno dia";"Decrescente";"Céu Claro";"Dupla";"Reta";"Não";4;0;1;0;3;0;1;3;-22,74431564;-42,80870139;"SPRF-RJ";"DEL02-RJ";"UOP02-DEL02-RJ"
504627;2023-02-12;"domingo";"06:49:00";"BA";135;194;"BARREIRAS";"Transitar na contramão";"Colisão frontal";"Com Vítimas Fatais";"Pleno dia";"Decrescente";"Céu Claro";"Simples";"Reta";"Não";2;1;0;0;0;1;0;2;-12,27346297;-45,02476163;"SPRF-BA";"DEL08-BA";"UOP04-DEL08-BA"
504628;2023-02-12;"domingo";"06:50:00";"SC";101;232;"PALHOCA";"Ausência de reação do condutor";"Colisão traseira";"Com Vítimas Feridas";"Pleno dia";"Decrescente";"Céu Claro";"Dupla";"Reta";"Não";1;0;0;1;0;0;1;1;-27,795666;-48,638153;"SPRF-SC";"DEL01-SC";"UOP02-DEL01-SC"
504630;2023-02-12;"domingo";"05:50:00";"MA";135;76;"SANTA RITA";"Transitar na contramão";"Colisão lateral sentido oposto";"Sem Vítimas";"Amanhecer";"Crescente";"Céu Claro";"Simples";"Reta";"Sim";3;0;0;0;2;1;0;2;-3,1892228;-44,35123236;"SPRF-MA";"DEL01-MA";"UOP02-DEL01-MA"
504631;2023-02-12;"domingo";"04:20:00";"SC";470;110;"APIUNA";"Condutor Dormindo";"Saída de leito carroçável";"Com Vítimas Feridas";"Plena Noite";"Crescente";"Céu Claro";"Simples";"Reta";"Não";2;0;2;0;0;0;2;1;-27,086622;-49,458096;"SPRF-SC";"DEL04-SC";"UOP02-DEL04-SC"
504633;2023-02-12;"domingo";"07:22:00";"RS";287;333;"SAO VICENTE DO SUL";"Condutor Dormindo";"Saída de leito carroçável";"Sem Vítimas";"Pleno dia";"Crescente";"Céu Claro";"Simples";"Não Informado";"Não";1;0;0;0;1;0;0;1;-29,65626309;-54,67564339;"SPRF-RS";"DEL12-RS";"UOP02-DEL12-RS"
504634;2023-02-11;"sábado";"21:00:00";"RS";468;70,6;"CAMPO NOVO";"Acessar a via sem observar a presença dos outros veículos";"Colisão transversal";"Com Vítimas Feridas";"Plena Noite";"Decrescente";"Céu Claro";"Simples";"Reta";"Não";7;0;4;1;2;0;5;2;-27,71227793;-53,84319365;"SPRF-RS";"DEL08-RS";"UOP02-DEL08-RS"
504636;2023-02-12;"domingo";"06:00:00";"RJ";393;208;"VASSOURAS";"Condutor Dormindo";"Saída de leito carroçável";"Sem Vítimas";"Pleno dia";"Crescente";"Nublado";"Simples";"Reta";"Não";1;0;0;0;1;0;0;1;-22,27368632;-43,46126849;"SPRF-RJ";"DEL05-RJ";"UOP01-DEL05-RJ"
504638;2023-02-12;"domingo";"06:00:00";"PR";467;79;"TOLEDO";"Reação tardia ou ineficiente do condutor";"Saída de leito carroçável";"Com Vítimas Feridas";"Pleno dia";"Decrescente";"Céu Claro";"Dupla";"Não Informado";"Não";1;0;1;0;0;0;1;1;-24,7786;-53,6791;"SPRF-PR";"DEL04-PR";"UOP01-DEL04-PR"
504639;2023-02-12;"domingo";"06:40:00";"PR";163;180,6;"SANTA TEREZA DO OESTE";"Ausência de reação do condutor";"Saída de leito carroçável";"Com Vítimas Feridas";"Amanhecer";"Decrescente";"Céu Claro";"Dupla";"Curva";"Não";1;0;1;0;0;0;1;1;-25,17526492;-53,60316959;"SPRF-PR";"DEL04-PR";"UOP04-DEL04-PR"
504640;2023-02-12;"domingo";"02:00:00";"GO";153;136;"MARA ROSA";"Ausência de reação do condutor";"Saída de leito carroçável";"Sem Vítimas";"Plena Noite";"Crescente";"Céu Claro";"Dupla";"Reta";"Não";1;0;0;0;1;0;0;1;-13,958405;-49,087955;"SPRF-GO";"DEL07-GO";"UOP01-DEL07-GO"
504641;2023-02-11;"sábado";"21:45:00";"PI";343;250;"CAMPO MAIOR";"Chuva";"Saída de leito carroçável";"Com Vítimas Feridas";"Plena Noite";"Crescente";"Chuva";"Dupla";"Curva";"Não";1;0;1;0;0;0;1;1;-4,71022352;-42,0879364;"SPRF-PI";"DEL01-PI";"UOP03-DEL01-PI"
504643;2023-02-12;"domingo";"01:20:00";"PR";376;596,2;"CURITIBA";"Ausência de reação do condutor";"Saída de leito carroçável";"Com Vítimas Feridas";"Plena Noite";"Decrescente";"Nublado";"Dupla";"Reta";"Não";2;0;2;0;0;0;2;1;-25,50348856;-49,34162199;"SPRF-PR";"DEL01-PR";"UAP06-DEL01-PR"