"id";"data_inversa";"dia_semana";"horario";"uf";"br";"km";"municipio";"causa_acidente";"tipo_acidente";"classificacao_acidente";"fase_dia";"sentido_via";"condicao_metereologica";"tipo_pista";"tracado_via";"uso_solo";"pessoas";"mortos";"feridos_leves";"feridos_graves";"ilesos";"ignorados";"feridos";"veiculos";"latitude";"longitude";"regional";"delegacia";"uop"
504644;2023-02-12;"domingo";"07:45:00";"RS";290;59,7;"GRAVATAI";"Manobra de mudança de faixa";"Colisão lateral mesmo sentido";"Com Vítimas Feridas";"Pleno dia";"Decrescente";"Sol";"Dupla";"Reta";"Não";3;0;2;0;1;0;2;2;-29,924245;-50,855979;"SPRF-RS";"DEL03-RS";"UOP01-DEL03-RS"
504645;2023-02-12;"domingo";"06:00:00";"MA";316;528;"CAXIAS";"Condutor Dormindo";"Saída de leito carroçável";"Sem Vítimas";"Pleno dia";"Crescente";"Céu Claro";"Simples";"Curva";"Não";2;0;0;0;0;2;0;1;-4,814452;-43,544891;"SPRF-MA";"DEL03-MA";"UOP02-DEL03-MA"
504646;2023-02-12;"domingo";"06:30:00";"GO";153;513;"APARECIDA DE GOIANIA";"Ausência de reação do condutor";"Tombamento";"Com Vítimas Feridas";"Pleno dia";"Decrescente";"Céu Claro";"Dupla";"Curva";"Sim";1;0;1;0;0;0;1;1;-16,8244;-49,2421;"SPRF-GO";"DEL01-GO";"UOP03-DEL01-GO"
504647;2023-02-12;"domingo";"07:45:00";"SC";101;149;"ITAPEMA";"Ausência de reação do condutor";"Colisão traseira";"Com Vítimas Feridas";"Pleno dia";"Crescente";"Céu Claro";"Dupla";"Reta";"Sim";2;0;1;0;1;0;1;2;-27,1089649;-48,61277586;"SPRF-SC";"DEL04-SC";"UOP03-DEL04-SC"
504648;2023-02-12;"domingo";"06:20:00";"RS";116;528,5;"CAPAO DO LEAO";"Ultrapassagem Indevida";"Colisão lateral mesmo sentido";"Com Vítimas Feridas";"Amanhecer";"Crescente";"Nevoeiro/Neblina";"Simples";"Reta";"Sim";3;0;2;0;1;0;2;2;-31,75183551;-52,42110003;"SPRF-RS";"DEL07-RS";"UOP01-DEL07-RS"
504649;2023-02-12;"domingo";"05:45:00";"GO";153;511;"APARECIDA DE GOIANIA";"Acesso irregular";"Saída de leito carroçável";"Sem Vítimas";"Amanhecer";"Decrescente";"Céu Claro";"Dupla";"Reta";"Sim";1;0;0;0;1;0;0;1;-16,8067;-49,2394;"SPRF-GO";"DEL01-GO";"UOP03-DEL01-GO"
504650;2023-02-11;"sábado";"23:50:00";"SP";116;77,3;"ROSEIRA";"Reação tardia ou ineficiente do condutor";"Colisão traseira";"Com Vítimas Feridas";"Plena Noite";"Decrescente";"Nublado";"Dupla";"Reta";"Não";2;0;1;0;1;0;1;2;-22,88334222;-45,27934983;"SPRF-SP";"DEL08-SP";"UOP01-DEL08-SP"
504651;2023-02-12;"domingo";"08:45:00";"RJ";40;116;"DUQUE DE CAXIAS";"Demais falhas mecânicas ou elétricas";"Incêndio";"Sem Vítimas";"Pleno dia";"Crescente";"Nublado";"Dupla";"Reta";"Não";1;0;0;0;1;0;0;1;-22,73662299;-43,28858785;"SPRF-RJ";"DEL01-RJ";"UOP01-DEL01-RJ"
504652;2023-02-12;"domingo";"05:10:00";"PB";230;467,7;"SOUSA";"Acessar a via sem observar a presença dos outros veículos";"Colisão traseira";"Com Vítimas Feridas";"Amanhecer";"Decrescente";"Céu Claro";"Simples";"Reta";"Não";6;0;5;1;0;0;6;2;-6,7813;-38,2606;"SPRF-PB";"DEL03-PB";"UOP03-DEL03-PB"
504653;2023-02-12;"domingo";"07:10:00";"SC";280;31,9;"ARAQUARI";"Velocidade Incompatível";"Capotamento";"Sem Vítimas";"Pleno dia";"Decrescente";"Céu Claro";"Simples";"Curva";"Não";1;0;0;0;0;1;0;1;-26,41649938;-48,77181215;"SPRF-SC";"DEL03-SC";"UOP03-DEL03-SC"
504654;2023-02-11;"sábado";"06:00:00";"PR";476;224;"LAPA";"Condutor Dormindo";"Saída de leito carroçável";"Com Vítimas Fatais";"Amanhecer";"Crescente";"Nevoeiro/Neblina";"Simples";"Curva";"Não";1;1;0;0;0;0;0;1;-25,848568;-49,941429;"SPRF-PR";"DEL01-PR";"UAP06-DEL01-PR"
504656;2023-02-12;"domingo";"04:23:00";"TO";230;26;"NAZARE";"Reação tardia ou ineficiente do condutor";"Atropelamento de Animal";"Com Vítimas Feridas";"Amanhecer";"Decrescente";"Céu Claro";"Simples";"Reta";"Não";1;0;0;1;0;0;1;1;-6,42055741;-47,58433913;"SPRF-TO";"DEL02-TO";"UOP03-DEL02-TO"
504659;2023-02-12;"domingo";"07:30:00";"RJ";40;3,9;"COMENDADOR LEVY GASPARIAN";"Chuva";"Colisão com objeto";"Com Vítimas Feridas";"Pleno dia";"Crescente";"Chuva";"Dupla";"Curva";"Não";3;0;1;0;2;0;1;1;-22,00844904;-43,24336605;"SPRF-RJ";"DEL06-RJ";"UOP01-DEL06-RJ"
504661;2023-02-12;"domingo";"08:15:00";"SC";470;323,9;"CAMPOS NOVOS";"Desrespeitar a preferência no cruzamento";"Colisão transversal";"Com Vítimas Feridas";"Pleno dia";"Crescente";"Céu Claro";"Simples";"Interseção de vias";"Não";3;0;0;2;1;0;2;2;-27,438557;-51,244228;"SPRF-SC";"DEL07-SC";"UOP06-DEL07-SC"
504662;2023-02-12;"domingo";"05:20:00";"PE";232;261;"ARCOVERDE";"Condutor Dormindo";"Saída de leito carroçável";"Com Vítimas Feridas";"Amanhecer";"Decrescente";"Céu Claro";"Simples";"Curva";"Não";3;0;1;2;0;0;3;1;-8,40930624;-37,13788894;"SPRF-PE";"DEL04-PE";"UOP02-DEL04-PE"
504664;2023-01-14;"sábado";"18:30:00";"RN";405;112;"TABOLEIRO GRANDE";"Demais falhas na via";"Capotamento";"Com Vítimas Feridas";"Plena Noite";"Decrescente";"Céu Claro";"Simples";"Reta";"Não";5;0;4;1;0;0;5;1;-5,85811357;-38,00567236;"SPRF-RN";"DEL04-RN";"UOP02-DEL04-RN"
504669;2023-01-27;"sexta-feira";"20:52:00";"ES";101;263;"SERRA";"Ausência de reação do condutor";"Queda de ocupante de veículo";"Com Vítimas Feridas";"Plena Noite";"Crescente";"Nublado";"Dupla";"Reta";"Sim";3;0;1;0;2;0;1;2;-20,0967642;-40,3393829;"SPRF-ES";"DEL02-ES";"UOP01-DEL02-ES"
504670;2023-02-08;"quarta-feira";"14:00:00";"PR";277;663;"MEDIANEIRA";"Mal súbito do condutor";"Saída de leito carroçável";"Com Vítimas Feridas";"Pleno dia";"Crescente";"Céu Claro";"Dupla";"Reta";"Não";1;0;1;0;0;0;1;1;-25,25155419;-54,01878197;"SPRF-PR";"DEL05-PR";"UOP02-DEL05-PR"
504671;2023-01-27;"sexta-feira";"18:00:00";"CE";20;212;"BOA VIAGEM";"Obras na pista";"Colisão traseira";"Com Vítimas Feridas";"Anoitecer";"Decrescente";"Céu Claro";"Simples";"Não Informado";"Não";3;0;2;0;0;1;2;2;-5,0613452;-39,6947276;"SPRF-CE";"DEL02-CE";"UOP02-DEL02-CE"
504672;2023-02-12;"domingo";"10:00:00";"PR";376;497;"PONTA GROSSA";"Manobra de mudança de faixa";"Tombamento";"Com Vítimas Feridas";"Pleno dia";"Crescente";"Céu Claro";"Dupla";"Não Informado";"Sim";2;0;1;0;1;0;1;1;-25,18271102;-50,09257101;"SPRF-PR";"DEL03-PR";"UOP04-DEL03-PR"
504673;2023-02-12;"domingo";"10:15:00";"RS";116;215;"MORRO REUTER";"Conversão proibida";"Colisão traseira";"Com Vítimas Feridas";"Pleno dia";"Decrescente";"Céu Claro";"Simples";"Não Informado";"Não";3;0;1;0;2;0;1;2;-29,53533417;-51,08499002;"SPRF-RS";"DEL05-RS";"UOP02-DEL05-RS"
504675;2023-02-12;"domingo";"11:13:00";"SP";116;109;"TAUBATE";"Ausência de reação do condutor";"Saída de leito carroçável";"Com Vítimas Feridas";"Pleno dia";"Decrescente";"Nublado";"Dupla";"Reta";"Sim";2;0;2;0;0;0;2;1;-23,02871304;-45,54517097;"SPRF-SP";"DEL02-SP";"UOP02-DEL02-SP"
504676;2023-02-12;"domingo";"09:20:00";"PA";316;34,2;"SANTA IZABEL DO PARA";"Ingestão de álcool pelo condutor";"Saída de leito carroçável";"Com Vítimas Feridas";"Pleno dia";"Crescente";"Céu Claro";"Dupla";"Curva";"Sim";2;0;0;1;0;1;1;1;-1,29833956;-48,18889696;"SPRF-PA";"DEL01-PA";"UOP01-DEL01-PA"
504677;2023-02-12;"domingo";"09:20:00";"AC";364;122;"RIO BRANCO";"Pista esburacada";"Tombamento";"Com Vítimas Feridas";"Pleno dia";"Decrescente";"Nublado";"Simples";"Reta";"Não";1;0;1;0;0;0;1;1;-10,01209268;-67,764365;"SPRF-AC";"N/A";"UOP01-DEL01-AC"
504678;2023-02-12;"domingo";"09:35:00";"AC";364;134;"RIO BRANCO";"Acessar a via sem observar a presença dos outros veículos";"Colisão transversal";"Com Vítimas Feridas";"Pleno dia";"Decrescente";"Nublado";"Simples";"Rotatória";"Não";3;0;1;0;2;0;1;2;-9,993501;-67,84868;"SPRF-AC";"N/A";"UOP01-DEL01-AC"
504679;2023-02-12;"domingo";"00:54:00";"PR";277;603,7;"SANTA TEREZA DO OESTE";"Velocidade Incompatível";"Saída de leito carroçável";"Sem Vítimas";"Plena Noite";"Crescente";"Ignorado";"Simples";"Reta";"Não";1;0;0;0;0;1;0;1;-25,02817;-53,55983;"SPRF-PR";"DEL05-PR";"UOP02-DEL05-PR"
504680;2023-02-12;"domingo";"12:30:00";"GO";70;7;"AGUAS LINDAS DE GOIAS";"Reação tardia ou ineficiente do condutor";"Colisão lateral mesmo sentido";"Com Vítimas Feridas";"Pleno dia";"Crescente";"Céu Claro";"Dupla";"Reta";"Não";1;0;1;0;0;0;1;1;-15,74375533;-48,26779708;"SPRF-DF";"DEL01-DF";"UOP03-DEL01-DF"
504681;2023-02-12;"domingo";"12:30:00";"BA";324;561;"SAO SEBASTIAO DO PASSE";"Avarias e/ou desgaste excessivo no pneu";"Tombamento";"Com Vítimas Feridas";"Pleno dia";"Crescente";"Céu Claro";"Dupla";"Reta";"Não";2;0;2;0;0;0;2;1;-12,49783433;-38,64646092;"SPRF-BA";"DEL01-BA";"UOP01-DEL01-BA"
504682;2023-02-12;"domingo";"12:20:00";"BA";116;829,7;"VITORIA DA CONQUISTA";"Ingestão de álcool pelo condutor";"Tombamento";"Com Vítimas Feridas";"Pleno dia";"Crescente";"Sol";"Simples";"Não Informado";"Não";1;0;1;0;0;0;1;1;-14,907632;-40,872902;"SPRF-BA";"DEL08-BA";"UOP01-DEL08-BA"
504683;2023-02-12;"domingo";"09:34:00";"MG";116;418;"GOVERNADOR VALADARES";"Reação tardia ou ineficiente do condutor";"Colisão traseira";"Com Vítimas Feridas";"Pleno dia";"Decrescente";"Céu Claro";"Simples";"Reta";"Não";2;0;1;0;1;0;1;2;-18,91686305;-41,94069623;"SPRF-MG";"DEL06-MG";"UOP01-DEL06-MG"
504684;2023-02-12;"domingo";"13:00:00";"MG";356;265,9;"MURIAE";"Reação tardia ou ineficiente do condutor";"Tombamento";"Com Vítimas Feridas";"Pleno dia";"Decrescente";"Céu Claro";"Simples";"Reta";"Sim";1;0;0;1;0;0;1;1;-21,12838898;-42,366803;"SPRF-MG";"DEL07-MG";"UOP02-DEL07-MG"
504685;2023-02-12;"domingo";"13:00:00";"ES";101;270;"SERRA";"Manobra de mudança de faixa";"Colisão traseira";"Com Vítimas Feridas";"Pleno dia";"Crescente";"Sol";"Dupla";"Reta";"Sim";3;0;1;0;2;0;1;2;-20,22662056;-40,27075088;"SPRF-ES";"DEL02-ES";"UOP01-DEL02-ES"
504687;2023-02-12;"domingo";"10:00:00";"SC";470;161;"TROMBUDO CENTRAL";"Velocidade Incompatível";"Saída de leito carroçável";"Sem Vítimas";"Pleno dia";"Crescente";"Sol";"Simples";"Reta";"Sim";1;0;0;0;0;1;0;1;-27,285444;-49,807579;"SPRF-SC";"DEL04-SC";"UOP02-DEL04-SC"
504690;2023-02-12;"domingo";"11:45:00";"MS";262;367;"CAMPO GRANDE";"Ausência de reação do condutor";"Colisão traseira";"Com Vítimas Feridas";"Pleno dia";"Crescente";"Céu Claro";"Simples";"Reta";"Sim";3;0;0;1;2;0;1;2;-20,47834089;-54,7578764;"SPRF-MS";"DEL01-MS";"UOP03-DEL01-MS"
504694;2023-02-12;"domingo";"13:53:00";"GO";70;400;"MONTES CLAROS DE GOIAS";"Manobra de mudança de faixa";"Colisão lateral sentido oposto";"Com Vítimas Feridas";"Pleno dia";"Crescente";"Céu Claro";"Simples";"Curva";"Não";5;0;3;1;0;1;4;2;-15,87109711;-51,65136337;"SPRF-GO";"DEL04-GO";"UOP02-DEL04-GO"
504695;2023-02-12;"domingo";"14:25:00";"MG";116;741,6;"LARANJAL";"Avarias e/ou desgaste excessivo no pneu";"Colisão com objeto";"Com Vítimas Feridas";"Pleno dia";"Decrescente";"Céu Claro";"Simples";"Não Informado";"Não";5;0;3;0;2;0;3;1;-21,39943786;-42,49496925;"SPRF-MG";"DEL07-MG";"UOP01-DEL07-MG"
504696;2023-02-12;"domingo";"13:15:00";"SC";282;130;"BOM RETIRO";"Condutor deixou de manter distância do veículo da frente";"Colisão traseira";"Com Vítimas Feridas";"Pleno dia";"Crescente";"Céu Claro";"Simples";"Reta";"Não";5;0;1;0;4;0;1;2;-27,803255;-49,505241;"SPRF-SC";"DEL05-SC";"UOP01-DEL05-SC"
504698;2023-02-12;"domingo";"14:30:00";"RS";116;237;"NOVO HAMBURGO";"Manobra de mudança de faixa";"Colisão traseira";"Com Vítimas Feridas";"Pleno dia";"Decrescente";"Céu Claro";"Dupla";"Não Informado";"Sim";4;0;2;0;2;0;2;2;-29,67839398;-51,1422266;"SPRF-RS";"DEL01-RS";"UOP02-DEL01-RS"
504699;2023-02-12;"domingo";"14:20:00";"PB";230;167,8;"CAMPINA GRANDE";"Ultrapassagem Indevida";"Colisão lateral mesmo sentido";"Com Vítimas Fatais";"Pleno dia";"Crescente";"Céu Claro";"Simples";"Não Informado";"Não";2;1;0;0;1;0;0;2;-7,195;-35,9619;"SPRF-PB";"DEL02-PB";"UOP02-DEL02-PB"
504701;2023-02-12;"domingo";"15:20:00";"MG";40;760,5;"EWBANK DA CAMARA";"Velocidade Incompatível";"Colisão transversal";"Com Vítimas Feridas";"Pleno dia";"Crescente";"Céu Claro";"Simples";"Interseção de vias";"Não";2;0;0;1;1;0;1;2;-21,52936511;-43,51813418;"SPRF-MG";"DEL05-MG";"UOP01-DEL05-MG"
504702;2023-02-12;"domingo";"15:10:00";"PR";277;127;"BALSA NOVA";"Condutor deixou de manter distância do veículo da frente";"Colisão traseira";"Com Vítimas Feridas";"Pleno dia";"Decrescente";"Céu Claro";"Dupla";"Não Informado";"Não";4;0;2;0;2;0;2;2;-25,470339;-49,616985;"SPRF-PR";"DEL03-PR";"UOP03-DEL03-PR"
504703;2023-02-12;"domingo";"15:00:00";"SC";101;132;"BALNEARIO CAMBORIU";"Reação tardia ou ineficiente do condutor";"Colisão lateral mesmo sentido";"Com Vítimas Feridas";"Pleno dia";"Decrescente";"Céu Claro";"Dupla";"Reta";"Não";2;0;1;0;1;0;1;2;-26,99654133;-48,65564711;"SPRF-SC";"DEL04-SC";"UOP03-DEL04-SC"
504704;2023-02-12;"domingo";"15:20:00";"RS";290;45;"GLORINHA";"Reação tardia ou ineficiente do condutor";"Saída de leito carroçável";"Com Vítimas Feridas";"Pleno dia";"Decrescente";"Céu Claro";"Dupla";"Reta";"Não";1;0;1;0;0;0;1;1;-29,890198;-50,709991;"SPRF-RS";"DEL03-RS";"UOP01-DEL03-RS"
504705;2023-02-12;"domingo";"15:00:00";"SE";101;28;"MURIBECA";"Condutor Dormindo";"Saída de leito carroçável";"Com Vítimas Feridas";"Pleno dia";"Decrescente";"Céu Claro";"Dupla";"Reta";"Não";1;0;1;0;0;0;1;1;-10,42854927;-36,93059467;"SPRF-SE";"DEL02-SE";"UOP02-DEL02-SE"
504706;2023-02-12;"domingo";"07:15:00";"RJ";101;429;"MANGARATIBA";"Chuva";"Saída de leito carroçável";"Com Vítimas Feridas";"Pleno dia";"Decrescente";"Chuva";"Simples";"Curva";"Não";1;0;1;0;0;0;1;1;-22,935335;-44,0004;"SPRF-RJ";"DEL03-RJ";"UOP01-DEL03-RJ"
504708;2023-02-12;"domingo";"13:10:00";"RS";470;136,7;"ANDRE DA ROCHA";"Ausência de reação do condutor";"Saída de leito carroçável";"Com Vítimas Feridas";"Pleno dia";"Decrescente";"Sol";"Simples";"Curva";"Não";1;0;0;1;0;0;1;1;-28,638858;-51,571244;"SPRF-RS";"DEL06-RS";"UOP02-DEL06-RS"
504709;2023-02-12;"domingo";"14:50:00";"RJ";356;26;"ITAPERUNA";"Acessar a via sem observar a presença dos outros veículos";"Colisão transversal";"Com Vítimas Feridas";"Pleno dia";"Crescente";"Chuva";"Simples";"Reta";"Não";4;0;1;0;3;0;1;3;-21,17939459;-41,95448991;"SPRF-RJ";"DEL08-RJ";"UOP03-DEL08-RJ"
504710;2023-02-12;"domingo";"16:00:00";"SP";116;203,5;"ARUJA";"Ingestão de álcool pelo condutor";"Engavetamento";"Sem Vítimas";"Pleno dia";"Crescente";"Nublado";"Múltipla";"Reta";"Sim";4;0;0;0;4;0;0;3;-23,41060827;-46,34763895;"SPRF-SP";"DEL01-SP";"UOP01-DEL01-SP"
504711;2023-02-12;"domingo";"15:50:00";"RJ";116;120;"DUQUE DE CAXIAS";"Ingestão de álcool pelo condutor";"Colisão com objeto";"Com Vítimas Feridas";"Pleno dia";"Crescente";"Sol";"Múltipla";"Reta";"Sim";2;0;1;0;1;0;1;1;-22,7759685;-43,2855377;"SPRF-RJ";"DEL02-RJ";"UOP04-DEL02-RJ"
504712;2023-02-12;"domingo";"13:30:00";"GO";40;137,5;"CRISTALINA";"Avarias e/ou desgaste excessivo no pneu";"Tombamento";"Com Vítimas Feridas";"Pleno dia";"Crescente";"Céu Claro";"Simples";"Não Informado";"Não";2;0;0;2;0;0;2;1;-16,950403;-47,306603;"SPRF-DF";"DEL01-DF";"UOP04-DEL01-DF"
504714;2023-02-12;"domingo";"16:00:00";"SC";470;68,1;"INDAIAL";"Ausência de reação do condutor";"Colisão transversal";"Com Vítimas Feridas";"Pleno dia";"Decrescente";"Sol";"Simples";"Interseção de vias";"Não";2;0;0;1;1;0;1;2;-26,877615;-49,239231;"SPRF-SC";"DEL04-SC";"UOP01-DEL04-SC"
504715;2023-02-12;"domingo";"16:00:00";"PR";376;592;"CURITIBA";"Reação tardia ou ineficiente do condutor";"Saída de leito carroçável";"Com Vítimas Feridas";"Pleno dia";"Crescente";"Céu Claro";"Dupla";"Reta";"Sim";2;0;2;0;0;0;2;1;-25,46833525;-49,35524543;"SPRF-PR";"DEL01-PR";"UAP06-DEL01-PR"
504716;2023-02-12;"domingo";"14:17:00";"GO";452;43;"SANTA HELENA DE GOIAS";"Ausência de reação do condutor";"Colisão com objeto";"Sem Vítimas";"Pleno dia";"Crescente";"Garoa/Chuvisco";"Simples";"Reta";"Não";2;0;0;0;0;2;0;1;-17,93788573;-50,53442988;"SPRF-GO";"DEL04-GO";"UOP01-DEL04-GO"
504717;2023-02-12;"domingo";"14:00:00";"PR";487;156;"ARARUNA";"Demais falhas mecânicas ou elétricas";"Colisão transversal";"Com Vítimas Feridas";"Pleno dia";"Crescente";"Céu Claro";"Simples";"Desvio Temporário";"Não";5;0;2;0;3;0;2;2;-23,96158112;-52,59244503;"SPRF-PR";"DEL09-PR";"UOP03-DEL09-PR"
504719;2023-02-12;"domingo";"17:17:00";"RS";116;300;"GUAIBA";"Velocidade Incompatível";"Colisão lateral mesmo sentido";"Sem Vítimas";"Anoitecer";"Decrescente";"Céu Claro";"Dupla";"Viaduto";"Sim";1;0;0;0;1;0;0;1;-30,12368942;-51,34922543;"SPRF-RS";"DEL02-RS";"UOP01-DEL02-RS"
504720;2023-02-12;"domingo";"14:50:00";"MG";381;487;"BETIM";"Condutor deixou de manter distância do veículo da frente";"Colisão traseira";"Com Vítimas Feridas";"Pleno dia";"Crescente";"Céu Claro";"Dupla";"Não Informado";"Sim";3;0;1;0;2;0;1;3;-19,95586853;-44,14609501;"SPRF-MG";"DEL01-MG";"UOP03-DEL01-MG"
504721;2023-02-12;"domingo";"17:02:00";"PB";101;76,9;"SANTA RITA";"Avarias e/ou desgaste excessivo no pneu";"Queda de ocupante de veículo";"Com Vítimas Feridas";"Anoitecer";"Crescente";"Céu Claro";"Dupla";"Curva";"Não";2;0;2;0;0;0;2;1;-7,0908571123;-34,9685793239;"SPRF-PB";"DEL01-PB";"UOP04-DEL01-PB"
504722;2023-02-12;"domingo";"17:00:00";"PE";104;84;"AGRESTINA";"Ingestão de álcool pelo condutor";"Colisão traseira";"Com Vítimas Feridas";"Pleno dia";"Crescente";"Céu Claro";"Simples";"Reta";"Não";2;0;1;0;1;0;1;2;-8,430662;-35,959164;"SPRF-PE";"DEL02-PE";"UOP01-DEL02-PE"
504723;2023-02-12;"domingo";"16:00:00";"RS";386;428,8;"NOVA SANTA RITA";"Reação tardia ou ineficiente do condutor";"Saída de leito carroçável";"Com Vítimas Feridas";"Pleno dia";"Decrescente";"Céu Claro";"Simples";"Reta";"Não";2;0;1;0;1;0;1;2;-29,824709;-51,34256;"SPRF-RS";"DEL01-RS";"UOP01-DEL01-RS"
504724;2023-02-12;"domingo";"15:30:00";"CE";222;57,2;"SAO GONCALO DO AMARANTE";"Condutor deixou de manter distância do veículo da frente";"Colisão traseira";"Com Vítimas Feridas";"Pleno dia";"Decrescente";"Céu Claro";"Simples";"Reta";"Não";3;0;2;0;0;1;2;2;-3,66996441;-39,05409799;"SPRF-CE";"DEL01-CE";"UOP03-DEL01-CE"
504728;2023-02-12;"domingo";"17:20:00";"PB";230;168;"CAMPINA GRANDE";"Retorno proibido";"Colisão frontal";"Com Vítimas Feridas";"Anoitecer";"Decrescente";"Céu Claro";"Simples";"Não Informado";"Sim";3;0;0;1;2;0;1;2;-7,188;-35,9687;"SPRF-PB";"DEL02-PB";"UOP02-DEL02-PB"
504729;2023-02-12;"domingo";"17:45:00";"ES";101;219;"IBIRACU";"Reação tardia ou ineficiente do condutor";"Colisão lateral mesmo sentido";"Com Vítimas Feridas";"Anoitecer";"Crescente";"Céu Claro";"Dupla";"Curva";"Não";1;0;0;1;0;0;1;1;-19,86460092;-40,38336629;"SPRF-ES";"DEL02-ES";"UOP01-DEL02-ES"
504730;2023-02-12;"domingo";"15:00:00";"PR";376;379;"IMBAU";"Manobra de mudança de faixa";"Colisão lateral sentido oposto";"Sem Vítimas";"Pleno dia";"Crescente";"Céu Claro";"Simples";"Reta";"Não";4;0;0;0;3;1;0;3;-24,44402691;-50,76102963;"SPRF-PR";"DEL03-PR";"UOP02-DEL03-PR"
504731;2023-02-12;"domingo";"16:30:00";"SP";116;361;"MIRACATU";"Ausência de reação do condutor";"Tombamento";"Com Vítimas Feridas";"Pleno dia";"Decrescente";"Céu Claro";"Dupla";"Curva";"Não";1;0;1;0;0;0;1;1;-24,11717019;-47,26764709;"SPRF-SP";"DEL04-SP";"UOP03-DEL04-SP"
504733;2023-02-12;"domingo";"16:45:00";"PR";476;330;"PAULA FREITAS";"Pedestre cruzava a pista fora da faixa";"Atropelamento de Pedestre";"Com Vítimas Feridas";"Pleno dia";"Crescente";"Céu Claro";"Simples";"Reta";"Não";2;0;1;0;0;1;1;1;-26,110893;-50,813488;"SPRF-PR";"DEL02-PR";"UOP03-DEL02-PR"
504734;2023-02-12;"domingo";"18:00:00";"GO";70;2,4;"AGUAS LINDAS DE GOIAS";"Reação tardia ou ineficiente do condutor";"Colisão traseira";"Com Vítimas Feridas";"Pleno dia";"Crescente";"Céu Claro";"Dupla";"Curva";"Sim";2;0;0;1;1;0;1;2;-15,767021;-48,229945;"SPRF-DF";"DEL01-DF";"UOP03-DEL01-DF"
504735;2023-02-12;"domingo";"16:45:00";"RS";470;253,1;"SAO PEDRO DA SERRA";"Acessar a via sem observar a presença dos outros veículos";"Colisão transversal";"Com Vítimas Feridas";"Pleno dia";"Crescente";"Céu Claro";"Simples";"Não Informado";"Não";2;0;2;0;0;0;2;2;-29,42718713;-51,51840627;"SPRF-RS";"DEL06-RS";"UOP01-DEL06-RS"
504736;2023-02-12;"domingo";"18:40:00";"SP";116;208;"GUARULHOS";"Trafegar com motocicleta (ou similar) entre as faixas";"Colisão lateral mesmo sentido";"Com Vítimas Feridas";"Anoitecer";"Crescente";"Chuva";"Múltipla";"Reta";"Sim";3;0;2;0;1;0;2;2;-23,42222263;-46,3932771;"SPRF-SP";"DEL01-SP";"UOP01-DEL01-SP"
504737;2023-02-12;"domingo";"18:26:00";"SC";101;316;"PESCARIA BRAVA";"Manobra de mudança de faixa";"Colisão traseira";"Com Vítimas Feridas";"Anoitecer";"Crescente";"Céu Claro";"Dupla";"Não Informado";"Sim";3;0;1;0;2;0;1;3;-28,426708;-48,863875;"SPRF-SC";"DEL02-SC";"UOP01-DEL02-SC"
504738;2023-02-12;"domingo";"18:25:00";"RS";386;353,3;"ESTRELA";"Ingestão de álcool pelo condutor";"Saída de leito carroçável";"Sem Vítimas";"Pleno dia";"Decrescente";"Céu Claro";"Múltipla";"Curva";"Sim";6;0;0;0;6;0;0;2;-29,500067;-51,949615;"SPRF-RS";"DEL04-RS";"UOP02-DEL04-RS"
504739;2023-02-12;"domingo";"18:00:00";"BA";116;459;"SANTO ESTEVAO";"Animais na Pista";"Queda de ocupante de veículo";"Com Vítimas Feridas";"Plena Noite";"Decrescente";"Céu Claro";"Dupla";"Reta";"Sim";1;0;0;1;0;0;1;1;-12,42081589;-39,19884407;"SPRF-BA";"DEL02-BA";"UOP01-DEL02-BA"
504740;2023-02-12;"domingo";"18:35:00";"GO";153;525,3;"HIDROLANDIA";"Condutor deixou de manter distância do veículo da frente";"Colisão traseira";"Sem Vítimas";"Anoitecer";"Decrescente";"Nublado";"Dupla";"Reta";"Não";5;0;0;0;5;0;0;2;-16,9288;-49,2518;"SPRF-GO";"DEL01-GO";"UOP03-DEL01-GO"
504741;2023-02-12;"domingo";"18:40:00";"SC";282;15,6;"PALHOCA";"Acessar a via sem observar a presença dos outros veículos";"Colisão lateral mesmo sentido";"Com Vítimas Feridas";"Anoitecer";"Decrescente";"Céu Claro";"Simples";"Reta";"Sim";4;0;2;0;2;0;2;2;-27,65915435;-48,68194342;"SPRF-SC";"DEL01-SC";"UOP02-DEL01-SC"
504742;2023-02-12;"domingo";"18:48:00";"CE";222;12;"CAUCAIA";"Acessar a via sem observar a presença dos outros veículos";"Colisão lateral mesmo sentido";"Com Vítimas Feridas";"Plena Noite";"Crescente";"Céu Claro";"Simples";"Reta";"Não";2;0;0;1;1;0;1;2;-3,76479979;-38,66897196;"SPRF-CE";"DEL01-CE";"UOP01-DEL01-CE"
504743;2023-02-12;"domingo";"17:50:00";"SC";101;104,9;"PENHA";"Manobra de mudança de faixa";"Colisão traseira";"Sem Vítimas";"Pleno dia";"Crescente";"Céu Claro";"Dupla";"Reta";"Não";2;0;0;0;2;0;0;2;-26,80044834;-48,67901444;"SPRF-SC";"DEL03-SC";"UOP02-DEL03-SC"
504744;2023-02-12;"domingo";"17:40:00";"ES";101;348,9;"ANCHIETA";"Acesso irregular";"Colisão transversal";"Com Vítimas Feridas";"Anoitecer";"Crescente";"Céu Claro";"Simples";"Reta";"Não";3;0;1;1;1;0;2;2;-20,65106201;-40,635267;"SPRF-ES";"DEL03-ES";"UOP01-DEL03-ES"