"id";"data_inversa";"dia_semana";"horario";"uf";"br";"km";"municipio";"causa_acidente";"tipo_acidente";"classificacao_acidente";"fase_dia";"sentido_via";"condicao_metereologica";"tipo_pista";"tracado_via";"uso_solo";"pessoas";"mortos";"feridos_leves";"feridos_graves";"ilesos";"ignorados";"feridos";"veiculos";"latitude";"longitude";"regional";"delegacia";"uop"
504745;2023-02-12;"domingo";"19:50:00";"ES";101;103;"SOORETAMA";"Condutor deixou de manter distância do veículo da frente";"Colisão traseira";"Com Vítimas Feridas";"Plena Noite";"Crescente";"Céu Claro";"Simples";"Não Informado";"Não";6;0;3;0;3;0;3;2;-19,00477207;-40,00710687;"SPRF-ES";"DEL04-ES";"UOP01-DEL04-ES"
504746;2023-02-12;"domingo";"19:15:00";"ES";101;71;"SAO MATEUS";"Condutor deixou de manter distância do veículo da frente";"Engavetamento";"Com Vítimas Feridas";"Plena Noite";"Crescente";"Céu Claro";"Simples";"Não Informado";"Não";4;0;2;0;2;0;2;3;-18,753513;-39,862598;"SPRF-ES";"DEL04-ES";"UOP02-DEL04-ES"
504747;2023-02-12;"domingo";"19:45:00";"RJ";101;485;"ANGRA DOS REIS";"Sinalização mal posicionada";"Colisão lateral sentido oposto";"Com Vítimas Feridas";"Plena Noite";"Decrescente";"Céu Claro";"Dupla";"Não Informado";"Sim";3;0;2;0;1;0;2;2;-22,98573526;-44,29709764;"SPRF-RJ";"DEL03-RJ";"UOP02-DEL03-RJ"
504748;2023-02-12;"domingo";"20:00:00";"PR";277;595;"CASCAVEL";"Acessar a via sem observar a presença dos outros veículos";"Colisão traseira";"Com Vítimas Feridas";"Plena Noite";"Decrescente";"Céu Claro";"Simples";"Rotatória";"Não";3;0;2;0;1;0;2;2;-24,98152621;-53,50024223;"SPRF-PR";"DEL04-PR";"UOP01-DEL04-PR"
504749;2023-02-12;"domingo";"18:50:00";"ES";101;302,9;"VIANA";"Ingestão de álcool pelo condutor";"Colisão com objeto";"Com Vítimas Feridas";"Anoitecer";"Crescente";"Céu Claro";"Múltipla";"Não Informado";"Sim";1;0;1;0;0;0;1;1;-20,37650647;-40,44387471;"SPRF-ES";"DEL01-ES";"UOP01-DEL01-ES"
504750;2023-02-12;"domingo";"20:20:00";"ES";259;58;"COLATINA";"Acessar a via sem observar a presença dos outros veículos";"Colisão transversal";"Com Vítimas Feridas";"Plena Noite";"Crescente";"Céu Claro";"Simples";"Interseção de vias";"Sim";2;0;2;0;0;0;2;2;-19,514467;-40,660786;"SPRF-ES";"DEL02-ES";"UOP01-DEL02-ES"
504751;2023-02-12;"domingo";"22:00:00";"BA";116;848;"VITORIA DA CONQUISTA";"Ausência de reação do condutor";"Tombamento";"Com Vítimas Feridas";"Plena Noite";"Decrescente";"Nublado";"Simples";"Reta";"Não";1;0;1;0;0;0;1;1;-14,9766721;-40,91649388;"SPRF-BA";"DEL08-BA";"UOP01-DEL08-BA"
504752;2023-02-12;"domingo";"20:30:00";"RS";386;392,1;"TRIUNFO";"Acessar a via sem observar a presença dos outros veículos";"Colisão transversal";"Com Vítimas Feridas";"Plena Noite";"Crescente";"Céu Claro";"Simples";"Reta";"Não";3;0;1;1;0;1;2;2;-29,704739;-51,654911;"SPRF-RS";"DEL04-RS";"UOP04-DEL04-RS"
504753;2023-02-12;"domingo";"20:40:00";"RS";386;215,5;"TIO HUGO";"Ingestão de álcool pelo condutor";"Colisão frontal";"Sem Vítimas";"Plena Noite";"Crescente";"Céu Claro";"Simples";"Curva";"Sim";4;0;0;0;4;0;0;2;-28,58091337;-52,59884834;"SPRF-RS";"DEL04-RS";"UOP03-DEL04-RS"
504755;2023-02-12;"domingo";"18:00:00";"GO";251;34;"CRISTALINA";"Ingestão de álcool pelo condutor";"Colisão traseira";"Sem Vítimas";"Anoitecer";"Crescente";"Céu Claro";"Simples";"Reta";"Não";5;0;0;0;5;0;0;2;-16,05818539;-47,53431704;"SPRF-DF";"DEL01-DF";"UOP03-DEL01-DF"
504757;2023-02-12;"domingo";"19:44:00";"GO";40;20;"LUZIANIA";"Acessar a via sem observar a presença dos outros veículos";"Colisão transversal";"Com Vítimas Fatais";"Plena Noite";"Crescente";"Céu Claro";"Dupla";"Não Informado";"Sim";4;1;0;1;2;0;1;2;-16,21849;-47,915478;"SPRF-DF";"DEL01-DF";"UOP01-DEL01-DF"
504758;2023-02-12;"domingo";"20:00:00";"RS";116;244,5;"SAO LEOPOLDO";"Ausência de reação do condutor";"Colisão lateral mesmo sentido";"Com Vítimas Feridas";"Plena Noite";"Crescente";"Céu Claro";"Dupla";"Reta";"Sim";2;0;1;0;1;0;1;2;-29,74147773;-51,15063363;"SPRF-RS";"DEL01-RS";"UOP02-DEL01-RS"
504759;2023-02-12;"domingo";"21:10:00";"PR";376;348,9;"ORTIGUEIRA";"Chuva";"Colisão com objeto";"Com Vítimas Feridas";"Plena Noite";"Decrescente";"Chuva";"Dupla";"Reta";"Não";3;0;1;0;2;0;1;1;-24,23074593;-50,92419293;"SPRF-PR";"DEL07-PR";"UOP02-DEL07-PR"
504760;2023-02-12;"domingo";"20:20:00";"PR";376;1;"APUCARANA";"Reação tardia ou ineficiente do condutor";"Queda de ocupante de veículo";"Sem Vítimas";"Plena Noite";"Crescente";"Chuva";"Simples";"Reta";"Sim";1;0;0;0;1;0;0;1;-23,57516;-51,42371;"SPRF-PR";"DEL07-PR";"UOP03-DEL07-PR"
504761;2023-02-12;"domingo";"20:40:00";"PR";376;193,9;"MARIALVA";"Chuva";"Tombamento";"Com Vítimas Fatais";"Plena Noite";"Crescente";"Chuva";"Dupla";"Não Informado";"Não";4;1;0;0;3;0;0;4;-23,49890794;-51,80560112;"SPRF-PR";"DEL09-PR";"UOP01-DEL09-PR"
504763;2023-02-12;"domingo";"20:31:00";"RO";364;693;"PORTO VELHO";"Ausência de reação do condutor";"Saída de leito carroçável";"Sem Vítimas";"Plena Noite";"Decrescente";"Nublado";"Simples";"Reta";"Sim";1;0;0;0;1;0;0;1;-8,798112;-63,708916;"SPRF-RO";"DEL01-RO";"UOP01-DEL01-RO"
504764;2023-02-12;"domingo";"20:10:00";"RS";116;151,7;"CAXIAS DO SUL";"Velocidade Incompatível";"Saída de leito carroçável";"Com Vítimas Fatais";"Plena Noite";"Crescente";"Céu Claro";"Dupla";"Não Informado";"Sim";1;1;0;0;0;0;0;1;-29,17694502;-51,16173896;"SPRF-RS";"DEL05-RS";"UOP01-DEL05-RS"
504765;2023-02-12;"domingo";"19:10:00";"PI";316;3;"TERESINA";"Condutor desrespeitou a iluminação vermelha do semáforo";"Colisão transversal";"Com Vítimas Feridas";"Plena Noite";"Crescente";"Céu Claro";"Múltipla";"Viaduto";"Sim";2;0;1;0;1;0;1;2;-5,12826443;-42,79292384;"SPRF-PI";"DEL01-PI";"UOP02-DEL01-PI"
504766;2023-02-12;"domingo";"18:20:00";"SC";101;153;"ITAPEMA";"Ausência de reação do condutor";"Colisão lateral mesmo sentido";"Com Vítimas Feridas";"Plena Noite";"Crescente";"Nublado";"Dupla";"Reta";"Não";2;0;1;0;1;0;1;2;-27,144717;-48,61063935;"SPRF-SC";"DEL04-SC";"UOP03-DEL04-SC"
504767;2023-02-12;"domingo";"16:25:00";"SC";116;137,2;"SANTA CECILIA";"Reação tardia ou ineficiente do condutor";"Colisão com objeto";"Com Vítimas Feridas";"Pleno dia";"Decrescente";"Céu Claro";"Simples";"Curva";"Não";3;0;1;0;2;0;1;1;-26,946361;-50,42928293;"SPRF-SC";"DEL06-SC";"UOP02-DEL06-SC"
504769;2023-02-12;"domingo";"20:00:00";"RJ";116;132;"MAGE";"Reação tardia ou ineficiente do condutor";"Colisão com objeto";"Com Vítimas Feridas";"Plena Noite";"Crescente";"Garoa/Chuvisco";"Dupla";"Curva";"Não";1;0;1;0;0;0;1;1;-22,65703272;-43,13458092;"SPRF-RJ";"DEL02-RJ";"UOP04-DEL02-RJ"
504770;2023-02-12;"domingo";"19:40:00";"PB";104;138,5;"QUEIMADAS";"Reação tardia ou ineficiente do condutor";"Saída de leito carroçável";"Com Vítimas Feridas";"Plena Noite";"Crescente";"Céu Claro";"Simples";"Reta";"Não";2;0;2;0;0;0;2;1;-7,36116095;-35,90230617;"SPRF-PB";"DEL02-PB";"UOP03-DEL02-PB"
504771;2023-02-12;"domingo";"22:15:00";"SC";280;58,5;"GUARAMIRIM";"Reação tardia ou ineficiente do condutor";"Colisão transversal";"Com Vítimas Feridas";"Plena Noite";"Decrescente";"Nublado";"Dupla";"Reta";"Sim";2;0;1;0;1;0;1;2;-26,47469789;-49,02808249;"SPRF-SC";"DEL03-SC";"UOP03-DEL03-SC"
504772;2023-02-12;"domingo";"18:45:00";"PR";277;595;"CASCAVEL";"Reação tardia ou ineficiente do condutor";"Colisão com objeto";"Sem Vítimas";"Anoitecer";"Crescente";"Céu Claro";"Simples";"Curva";"Sim";1;0;0;0;1;0;0;1;-24,98154632;-53,50141969;"SPRF-PR";"DEL04-PR";"UOP01-DEL04-PR"
504773;2023-02-12;"domingo";"22:00:00";"PA";316;36,1;"SANTA IZABEL DO PARA";"Entrada inopinada do pedestre";"Atropelamento de Pedestre";"Com Vítimas Fatais";"Plena Noite";"Crescente";"Céu Claro";"Dupla";"Reta";"Sim";5;1;0;0;4;0;0;1;-1,29009976;-48,15602469;"SPRF-PA";"DEL01-PA";"UOP01-DEL01-PA"
504774;2023-02-12;"domingo";"20:00:00";"SC";101;112;"ITAJAI";"Ausência de reação do condutor";"Engavetamento";"Com Vítimas Feridas";"Plena Noite";"Crescente";"Nublado";"Dupla";"Não Informado";"Não";5;0;0;1;4;0;1;4;-26,84589005;-48,72131295;"SPRF-SC";"DEL04-SC";"UOP04-DEL04-SC"
504775;2023-02-12;"domingo";"19:30:00";"MG";40;494,5;"ESMERALDAS";"Avarias e/ou desgaste excessivo no pneu";"Saída de leito carroçável";"Sem Vítimas";"Plena Noite";"Decrescente";"Chuva";"Dupla";"Não Informado";"Não";1;0;0;0;0;1;0;1;-19,65765264;-44,19807315;"SPRF-MG";"DEL02-MG";"UOP01-DEL02-MG"
504776;2023-02-12;"domingo";"22:26:00";"DF";20;8;"BRASILIA";"Ingestão de álcool pelo condutor";"Colisão com objeto";"Com Vítimas Feridas";"Plena Noite";"Decrescente";"Garoa/Chuvisco";"Dupla";"Reta";"Sim";5;0;2;0;3;0;2;1;-15,658386;-47,791534;"SPRF-DF";"DEL02-DF";"UOP01-DEL02-DF"
504777;2023-02-12;"domingo";"21:05:00";"SC";280;124;"RIO NEGRINHO";"Ingestão de álcool pelo condutor";"Colisão lateral sentido oposto";"Com Vítimas Feridas";"Plena Noite";"Decrescente";"Céu Claro";"Simples";"Não Informado";"Não";4;0;4;0;0;0;4;2;-26,24130297;-49,47514499;"SPRF-SC";"DEL06-SC";"UOP03-DEL06-SC"
504778;2023-02-12;"domingo";"21:20:00";"MG";40;527;"CONTAGEM";"Velocidade Incompatível";"Colisão traseira";"Com Vítimas Feridas";"Plena Noite";"Decrescente";"Nublado";"Dupla";"Não Informado";"Sim";4;0;2;0;1;1;2;2;-19,90149502;-44,04938939;"SPRF-MG";"DEL01-MG";"UOP02-DEL01-MG"
504779;2023-02-12;"domingo";"19:50:00";"MG";381;531,1;"ITATIAIUCU";"Chuva";"Saída de leito carroçável";"Com Vítimas Feridas";"Plena Noite";"Crescente";"Chuva";"Dupla";"Não Informado";"Não";2;0;2;0;0;0;2;1;-20,16328799;-44,3586731;"SPRF-MG";"DEL04-MG";"UOP03-DEL04-MG"
504780;2023-01-03;"terça-feira";"16:40:00";"MG";50;78;"UBERLANDIA";"Condutor usando celular";"Colisão traseira";"Com Vítimas Feridas";"Pleno dia";"Decrescente";"Sol";"Dupla";"Reta";"Não";3;0;3;0;0;0;3;3;-18,986906;-48,211853;"SPRF-MG";"DEL15-MG";"UOP01-DEL15-MG"
504781;2023-02-12;"domingo";"18:45:00";"MS";163;479,5;"CAMPO GRANDE";"Ausência de reação do condutor";"Colisão traseira";"Com Vítimas Feridas";"Plena Noite";"Crescente";"Nublado";"Simples";"Reta";"Sim";3;0;1;0;2;0;1;2;-20,487322;-54,55929095;"SPRF-MS";"DEL01-MS";"UOP01-DEL01-MS"
504782;2023-02-12;"domingo";"23:00:00";"SC";280;25;"ARAQUARI";"Condutor deixou de manter distância do veículo da frente";"Colisão traseira";"Com Vítimas Feridas";"Plena Noite";"Decrescente";"Nublado";"Simples";"Reta";"Sim";2;0;1;0;1;0;1;2;-26,38972308;-48,73411593;"SPRF-SC";"DEL03-SC";"UOP03-DEL03-SC"
504783;2023-02-12;"domingo";"22:00:00";"RS";392;351,5;"SANTA MARIA";"Ausência de reação do condutor";"Saída de leito carroçável";"Com Vítimas Feridas";"Plena Noite";"Crescente";"Céu Claro";"Simples";"Reta";"Sim";2;0;2;0;0;0;2;1;-29,72912917;-53,80218387;"SPRF-RS";"DEL09-RS";"UOP01-DEL09-RS"
504784;2023-02-12;"domingo";"20:30:00";"RS";287;282;"SAO PEDRO DO SUL";"Ausência de reação do condutor";"Saída de leito carroçável";"Com Vítimas Feridas";"Plena Noite";"Crescente";"Céu Claro";"Simples";"Não Informado";"Sim";2;0;1;1;0;0;2;1;-29,63605604;-54,18572014;"SPRF-RS";"DEL09-RS";"UOP01-DEL09-RS"
504785;2023-02-12;"domingo";"17:30:00";"MS";262;7;"TRES LAGOAS";"Ingestão de álcool pelo condutor";"Saída de leito carroçável";"Com Vítimas Feridas";"Anoitecer";"Crescente";"Chuva";"Dupla";"Reta";"Sim";1;0;1;0;0;0;1;1;-20,78948908;-51,67723385;"SPRF-MS";"DEL07-MS";"UOP01-DEL07-MS"
504786;2023-02-12;"domingo";"22:50:00";"SP";116;227;"GUARULHOS";"Reação tardia ou ineficiente do condutor";"Colisão com objeto";"Sem Vítimas";"Plena Noite";"Decrescente";"Garoa/Chuvisco";"Múltipla";"Reta";"Não";1;0;0;0;0;1;0;1;-23,49659264;-46,55648754;"SPRF-SP";"DEL01-SP";"UOP01-DEL01-SP"
504787;2023-02-12;"domingo";"22:30:00";"PR";116;167;"QUITANDINHA";"Pedestre cruzava a pista fora da faixa";"Atropelamento de Pedestre";"Com Vítimas Fatais";"Plena Noite";"Crescente";"Nublado";"Simples";"Reta";"Não";2;1;0;0;1;0;0;1;-25,881281;-49,495317;"SPRF-PR";"DEL01-PR";"UOP03-DEL01-PR"
504788;2023-02-12;"domingo";"22:40:00";"DF";20;15;"BRASILIA";"Objeto estático sobre o leito carroçável";"Colisão com objeto";"Com Vítimas Feridas";"Plena Noite";"Crescente";"Céu Claro";"Dupla";"Reta";"Sim";1;0;1;0;0;0;1;1;-15,630189;-47,733288;"SPRF-DF";"DEL02-DF";"UOP01-DEL02-DF"
504789;2023-02-12;"domingo";"20:00:00";"PA";316;92;"IGARAPE-ACU";"Ingestão de álcool pelo condutor";"Tombamento";"Com Vítimas Feridas";"Plena Noite";"Crescente";"Céu Claro";"Simples";"Não Informado";"Não";1;0;1;0;0;0;1;1;-1,32257993;-47,67432199;"SPRF-PA";"DEL01-PA";"UOP02-DEL01-PA"
504792;2023-02-12;"domingo";"18:15:00";"RS";290;288,7;"CACHOEIRA DO SUL";"Ultrapassagem Indevida";"Colisão lateral mesmo sentido";"Sem Vítimas";"Pleno dia";"Decrescente";"Céu Claro";"Simples";"Não Informado";"Não";6;0;0;0;6;0;0;2;-30,2776257;-53,11569929;"SPRF-RS";"DEL02-RS";"UOP03-DEL02-RS"
504793;2023-02-12;"domingo";"20:10:00";"MG";116;476,4;"DOM CAVATI";"Ingestão de álcool pelo condutor";"Saída de leito carroçável";"Com Vítimas Fatais";"Plena Noite";"Crescente";"Céu Claro";"Simples";"Reta";"Não";2;1;0;0;0;1;0;1;-19,3623751;-42,0983069;"SPRF-MG";"DEL06-MG";"UOP02-DEL06-MG"
504794;2023-02-12;"domingo";"22:30:00";"PR";369;139;"IBIPORA";"Reação tardia ou ineficiente do condutor";"Colisão com objeto";"Com Vítimas Feridas";"Plena Noite";"Crescente";"Garoa/Chuvisco";"Simples";"Reta";"Não";1;0;0;1;0;0;1;1;-23,27894691;-51,0668081;"SPRF-PR";"DEL07-PR";"UOP01-DEL07-PR"
504796;2023-02-13;"segunda-feira";"00:10:00";"BA";116;13;"VITORIA DA CONQUISTA";"Condutor Dormindo";"Colisão com objeto";"Sem Vítimas";"Plena Noite";"Crescente";"Nublado";"Simples";"Curva";"Sim";1;0;0;0;1;0;0;1;-14,889383;-40,870073;"SPRF-BA";"DEL08-BA";"UOP01-DEL08-BA"
504797;2023-02-12;"domingo";"22:35:00";"RJ";116;170;"SAO JOAO DE MERITI";"Deficiência do Sistema de Iluminação/Sinalização";"Colisão frontal";"Com Vítimas Feridas";"Plena Noite";"Decrescente";"Chuva";"Dupla";"Reta";"Sim";3;0;2;0;0;1;2;2;-22,81113183;-43,3336729;"SPRF-RJ";"DEL01-RJ";"UOP02-DEL01-RJ"
504799;2023-02-12;"domingo";"19:20:00";"RJ";101;68;"CAMPOS DOS GOYTACAZES";"Ultrapassagem Indevida";"Colisão traseira";"Com Vítimas Fatais";"Plena Noite";"Decrescente";"Céu Claro";"Simples";"Reta";"Sim";2;1;0;0;1;0;0;2;-21,77186768;-41,35705017;"SPRF-RJ";"DEL08-RJ";"UOP02-DEL08-RJ"
504801;2023-02-12;"domingo";"23:00:00";"MG";262;580,5;"CAMPOS ALTOS";"Transitar na contramão";"Colisão frontal";"Com Vítimas Feridas";"Plena Noite";"Crescente";"Nevoeiro/Neblina";"Simples";"Não Informado";"Não";3;0;0;1;2;0;1;2;-19,64921595;-46,07769012;"SPRF-MG";"DEL08-MG";"UOP02-DEL08-MG"
504802;2023-02-12;"domingo";"20:00:00";"PE";232;13,4;"JABOATAO DOS GUARARAPES";"Ausência de reação do condutor";"Queda de ocupante de veículo";"Com Vítimas Feridas";"Plena Noite";"Crescente";"Céu Claro";"Dupla";"Reta";"Não";2;0;2;0;0;0;2;1;-8,08831567;-35,01203806;"SPRF-PE";"DEL01-PE";"UOP01-DEL01-PE"
504803;2023-02-12;"domingo";"15:00:00";"MT";70;519;"VARZEA GRANDE";"Chuva";"Queda de ocupante de veículo";"Com Vítimas Feridas";"Pleno dia";"Decrescente";"Garoa/Chuvisco";"Simples";"Reta";"Sim";1;0;1;0;0;0;1;1;-15,69576437;-56,08898163;"SPRF-MT";"DEL01-MT";"UOP02-DEL01-MT"
504804;2023-02-12;"domingo";"22:20:00";"MT";70;521;"VARZEA GRANDE";"Ausência de reação do condutor";"Colisão traseira";"Com Vítimas Feridas";"Plena Noite";"Decrescente";"Céu Claro";"Simples";"Interseção de vias";"Sim";4;0;3;0;1;0;3;2;-15,66761651;-56,18177533;"SPRF-MT";"DEL01-MT";"UOP02-DEL01-MT"
504806;2023-02-12;"domingo";"23:20:00";"RN";304;32,9;"MOSSORO";"Pedestre cruzava a pista fora da faixa";"Atropelamento de Pedestre";"Com Vítimas Fatais";"Plena Noite";"Crescente";"Céu Claro";"Dupla";"Reta";"Sim";2;1;0;0;1;0;0;1;-5,13471117;-37,34486327;"SPRF-RN";"DEL04-RN";"UOP02-DEL04-RN"
504807;2023-02-12;"domingo";"20:00:00";"PA";230;198;"ITUPIRANGA";"Condutor deixou de manter distância do veículo da frente";"Colisão traseira";"Com Vítimas Feridas";"Plena Noite";"Decrescente";"Céu Claro";"Simples";"Reta";"Não";2;0;0;1;0;1;1;2;-4,971031;-49,445023;"SPRF-PA";"DEL03-PA";"UOP01-DEL03-PA"
504808;2023-02-13;"segunda-feira";"03:20:00";"SP";116;289;"ITAPECERICA DA SERRA";"Ausência de reação do condutor";"Colisão traseira";"Com Vítimas Feridas";"Plena Noite";"Crescente";"Nublado";"Dupla";"Reta";"Não";2;0;1;0;1;0;1;2;-23,72290969;-46,89096614;"SPRF-SP";"DEL04-SP";"UOP01-DEL04-SP"
504809;2023-02-13;"segunda-feira";"03:30:00";"SP";381;90;"GUARULHOS";"Reação tardia ou ineficiente do condutor";"Tombamento";"Com Vítimas Feridas";"Plena Noite";"Decrescente";"Nublado";"Dupla";"Viaduto";"Sim";1;0;1;0;0;0;1;1;-23,48469299;-46,55983288;"SPRF-SP";"DEL03-SP";"UOP01-DEL03-SP"
504811;2023-02-13;"segunda-feira";"03:50:00";"PR";277;704;"SAO MIGUEL DO IGUACU";"Condutor deixou de manter distância do veículo da frente";"Colisão traseira";"Sem Vítimas";"Plena Noite";"Crescente";"Céu Claro";"Dupla";"Reta";"Não";2;0;0;0;2;0;0;2;-25,42529621;-54,36142389;"SPRF-PR";"DEL05-PR";"UOP01-DEL05-PR"
504812;2023-02-13;"segunda-feira";"03:45:00";"MG";365;769;"ITUIUTABA";"Ausência de reação do condutor";"Saída de leito carroçável";"Com Vítimas Feridas";"Plena Noite";"Crescente";"Céu Claro";"Simples";"Reta";"Não";2;0;1;0;1;0;1;1;-18,960923;-49,627834;"SPRF-MG";"DEL15-MG";"UOP03-DEL15-MG"
504814;2023-02-13;"segunda-feira";"04:28:00";"SP";116;109;"TAUBATE";"Condutor Dormindo";"Colisão com objeto";"Com Vítimas Feridas";"Plena Noite";"Decrescente";"Nublado";"Múltipla";"Reta";"Sim";1;0;0;1;0;0;1;1;-23,02871304;-45,54517097;"SPRF-SP";"DEL02-SP";"UOP02-DEL02-SP"
504815;2023-02-04;"sábado";"11:00:00";"RO";364;645;"PORTO VELHO";"Ausência de reação do condutor";"Capotamento";"Com Vítimas Feridas";"Pleno dia";"Decrescente";"Nublado";"Simples";"Reta";"Não";1;0;1;0;0;0;1;1;-8,79008258;-63,85528564;"SPRF-RO";"DEL03-RO";"UOP03-DEL03-RO"
504816;2023-02-13;"segunda-feira";"05:00:00";"RJ";101;332;"RIO DE JANEIRO";"Ausência de reação do condutor";"Tombamento";"Com Vítimas Feridas";"Amanhecer";"Crescente";"Céu Claro";"Múltipla";"Reta";"Não";1;0;1;0;0;0;1;1;-22,87133305;-43,20407695;"SPRF-RJ";"DEL02-RJ";"UOP01-DEL02-RJ"
504817;2023-02-12;"domingo";"17:30:00";"PE";NA;NA;"AGRESTINA";"Pista esburacada";"Colisão com objeto";"Sem Vítimas";"Anoitecer";"Não Informado";"Céu Claro";"Simples";"Curva";"Não";4;0;0;0;4;0;0;1;-8,39514;-35,948809;"SPRF-PE";"DEL02-PE";"UOP01-DEL02-PE"
504819;2023-02-13;"segunda-feira";"05:10:00";"AL";423;10,2;"OURO BRANCO";"Acesso irregular";"Colisão transversal";"Com Vítimas Feridas";"Amanhecer";"Decrescente";"Céu Claro";"Simples";"Não Informado";"Não";6;0;2;0;4;0;2;2;-9,14851107;-37,37691098;"SPRF-AL";"DEL03-AL";"UOP02-DEL03-AL"
504820;2023-02-13;"segunda-feira";"05:30:00";"ES";101;269,2;"SERRA";"Reação tardia ou ineficiente do condutor";"Colisão lateral mesmo sentido";"Com Vítimas Feridas";"Pleno dia";"Decrescente";"Céu Claro";"Dupla";"Reta";"Sim";2;0;0;1;1;0;1;2;-20,20842;-40,269405;"SPRF-ES";"DEL02-ES";"UOP01-DEL02-ES"
504821;2023-02-12;"domingo";"19:30:00";"SC";101;15;"GARUVA";"Acessar a via sem observar a presença dos outros veículos";"Colisão traseira";"Com Vítimas Feridas";"Plena Noite";"Decrescente";"Céu Claro";"Múltipla";"Retorno Regulamentado";"Não";6;0;6;0;0;0;6;2;-26,1054368;-48,87150049;"SPRF-SC";"DEL03-SC";"UOP01-DEL03-SC"
504825;2023-02-13;"segunda-feira";"06:35:00";"ES";101;58;"SAO MATEUS";"Acessar a via sem observar a presença dos outros veículos";"Colisão transversal";"Com Vítimas Feridas";"Pleno dia";"Crescente";"Sol";"Simples";"Não Informado";"Não";2;0;1;0;1;0;1;2;-18,65547194;-39,87148278;"SPRF-ES";"DEL04-ES";"UOP02-DEL04-ES"
504826;2023-02-13;"segunda-feira";"06:10:00";"PE";101;68,7;"RECIFE";"Manobra de mudança de faixa";"Colisão lateral mesmo sentido";"Com Vítimas Feridas";"Pleno dia";"Crescente";"Céu Claro";"Dupla";"Reta";"Sim";2;0;1;0;1;0;1;2;-8,05074296;-34,94580619;"SPRF-PE";"DEL01-PE";"UOP01-DEL01-PE"
504828;2023-02-12;"domingo";"19:57:00";"RN";405;152;"PAU DOS FERROS";"Transitar na contramão";"Colisão transversal";"Com Vítimas Feridas";"Plena Noite";"Crescente";"Céu Claro";"Simples";"Reta";"Não";2;0;1;1;0;0;2;2;-6,12389317;-38,20650897;"SPRF-RN";"DEL04-RN";"UOP02-DEL04-RN"
504829;2023-02-12;"domingo";"17:55:00";"SC";282;373;"ERVAL VELHO";"Ultrapassagem Indevida";"Colisão traseira";"Com Vítimas Feridas";"Pleno dia";"Crescente";"Céu Claro";"Dupla";"Não Informado";"Não";1;0;0;1;0;0;1;1;-27,243425;-51,44788;"SPRF-SC";"DEL07-SC";"UOP05-DEL07-SC"
504830;2023-02-13;"segunda-feira";"05:50:00";"GO";60;47,8;"ABADIANIA";"Acessar a via sem observar a presença dos outros veículos";"Colisão transversal";"Com Vítimas Feridas";"Amanhecer";"Crescente";"Céu Claro";"Dupla";"Não Informado";"Não";2;0;0;1;1;0;1;2;-16,1464;-48,6047;"SPRF-GO";"DEL02-GO";"UOP01-DEL02-GO"
504831;2023-02-13;"segunda-feira";"06:40:00";"SC";101;197;"BIGUACU";"Trafegar com motocicleta (ou similar) entre as faixas";"Colisão traseira";"Com Vítimas Feridas";"Pleno dia";"Crescente";"Céu Claro";"Múltipla";"Reta";"Não";2;0;1;0;1;0;1;2;-27,51844497;-48,63848496;"SPRF-SC";"DEL01-SC";"UOP01-DEL01-SC"
504832;2023-02-13;"segunda-feira";"05:10:00";"CE";116;35;"HORIZONTE";"Ingestão de álcool pelo condutor";"Eventos atípicos";"Sem Vítimas";"Plena Noite";"Crescente";"Chuva";"Dupla";"Reta";"Não";1;0;0;0;1;0;0;1;-4,05218058;-38,50627716;"SPRF-CE";"DEL01-CE";"UOP02-DEL01-CE"
504833;2023-02-13;"segunda-feira";"05:30:00";"RS";392;14,9;"RIO GRANDE";"Animais na Pista";"Saída de leito carroçável";"Com Vítimas Feridas";"Amanhecer";"Crescente";"Céu Claro";"Dupla";"Reta";"Não";5;0;3;1;1;0;4;1;-32,11915816;-52,15522135;"SPRF-RS";"DEL07-RS";"UOP02-DEL07-RS"
504834;2023-02-12;"domingo";"19:45:00";"MG";262;444;"NOVA SERRANA";"Reação tardia ou ineficiente do condutor";"Saída de leito carroçável";"Com Vítimas Feridas";"Plena Noite";"Decrescente";"Nublado";"Simples";"Interseção de vias";"Sim";1;0;1;0;0;0;1;1;-19,8702011;-44,98289824;"SPRF-MG";"DEL08-MG";"UOP03-DEL08-MG"
504837;2023-02-12;"domingo";"19:30:00";"MG";365;627;"UBERLANDIA";"Pedestre andava na pista";"Atropelamento de Pedestre";"Com Vítimas Feridas";"Plena Noite";"Crescente";"Nublado";"Dupla";"Reta";"Sim";3;0;0;1;0;2;1;1;-18,90583387;-48,32077861;"SPRF-MG";"DEL15-MG";"UOP01-DEL15-MG"
504840;2023-02-13;"segunda-feira";"07:30:00";"TO";153;672;"GURUPI";"Acessar a via sem observar a presença dos outros veículos";"Colisão traseira";"Com Vítimas Feridas";"Pleno dia";"Decrescente";"Céu Claro";"Dupla";"Não Informado";"Não";3;0;1;0;2;0;1;2;-11,72948104;-49,07908783;"SPRF-TO";"DEL01-TO";"UOP02-DEL01-TO"