"id";"data_inversa";"dia_semana";"horario";"uf";"br";"km";"municipio";"causa_acidente";"tipo_acidente";"classificacao_acidente";"fase_dia";"sentido_via";"condicao_metereologica";"tipo_pista";"tracado_via";"uso_solo";"pessoas";"mortos";"feridos_leves";"feridos_graves";"ilesos";"ignorados";"feridos";"veiculos";"latitude";"longitude";"regional";"delegacia";"uop"
505069;2023-02-14;"terça-feira";"06:15:00";"MT";70;701;"CACERES";"Ultrapassagem Indevida";"Colisão frontal";"Com Vítimas Fatais";"Pleno dia";"Decrescente";"Céu Claro";"Simples";"Não Informado";"Não";4;1;1;1;1;0;2;2;-16,23791605;-57,44446794;"SPRF-MT";"DEL03-MT";"UOP01-DEL03-MT"
505071;2023-02-14;"terça-feira";"10:00:00";"SC";101;310,9;"LAGUNA";"Desrespeitar a preferência no cruzamento";"Colisão transversal";"Com Vítimas Feridas";"Pleno dia";"Crescente";"Sol";"Simples";"Interseção de vias";"Sim";3;0;1;0;2;0;1;2;-28,4394874;-48,81247044;"SPRF-SC";"DEL02-SC";"UOP01-DEL02-SC"
505072;2023-02-14;"terça-feira";"09:45:00";"MG";381;367,9;"SAO GONCALO DO RIO ABAIXO";"Transitar na contramão";"Colisão frontal";"Com Vítimas Feridas";"Pleno dia";"Decrescente";"Céu Claro";"Simples";"Curva";"Não";4;0;0;2;2;0;2;2;-19,84959351;-43,27455396;"SPRF-MG";"DEL03-MG";"UOP01-DEL03-MG"
505073;2023-02-14;"terça-feira";"10:30:00";"PE";232;128;"CARUARU";"Velocidade Incompatível";"Atropelamento de Pedestre";"Com Vítimas Feridas";"Pleno dia";"Decrescente";"Céu Claro";"Dupla";"Reta";"Sim";2;0;0;1;0;1;1;1;-8,30399306;-35,97216301;"SPRF-PE";"DEL02-PE";"UOP01-DEL02-PE"
505074;2023-02-14;"terça-feira";"10:10:00";"PI";343;2;"TERESINA";"Acessar a via sem observar a presença dos outros veículos";"Colisão transversal";"Com Vítimas Feridas";"Pleno dia";"Crescente";"Céu Claro";"Dupla";"Não Informado";"Sim";2;0;1;0;1;0;1;2;-5,089569;-42,802288;"SPRF-PI";"DEL01-PI";"UOP01-DEL01-PI"
505075;2023-02-14;"terça-feira";"10:20:00";"RS";116;263;"CANOAS";"Condutor deixou de manter distância do veículo da frente";"Colisão lateral mesmo sentido";"Com Vítimas Feridas";"Pleno dia";"Decrescente";"Céu Claro";"Dupla";"Não Informado";"Sim";2;0;1;0;1;0;1;2;-29,90321864;-51,17650509;"SPRF-RS";"DEL01-RS";"UOP01-DEL01-RS"
505078;2023-02-12;"domingo";"01:00:00";"MG";40;44;"PARACATU";"Reação tardia ou ineficiente do condutor";"Saída de leito carroçável";"Sem Vítimas";"Plena Noite";"Decrescente";"Nublado";"Simples";"Não Informado";"Não";1;0;0;0;0;1;0;1;-17,23101648;-46,85390396;"SPRF-MG";"DEL14-MG";"UOP01-DEL14-MG"
505079;2023-02-14;"terça-feira";"10:15:00";"RN";405;1;"MOSSORO";"Entrada inopinada do pedestre";"Atropelamento de Pedestre";"Com Vítimas Feridas";"Pleno dia";"Crescente";"Céu Claro";"Dupla";"Reta";"Sim";4;0;0;1;0;3;1;1;-5,19170196;-37,361471;"SPRF-RN";"DEL04-RN";"UOP02-DEL04-RN"
505082;2023-02-14;"terça-feira";"07:30:00";"BA";324;566;"SAO SEBASTIAO DO PASSE";"Conversão proibida";"Colisão transversal";"Com Vítimas Feridas";"Pleno dia";"Crescente";"Céu Claro";"Simples";"Viaduto";"Não";2;0;1;0;1;0;1;2;-12,53097882;-38,60183716;"SPRF-BA";"DEL01-BA";"UOP01-DEL01-BA"
505084;2023-02-14;"terça-feira";"10:20:00";"PR";277;38,4;"MORRETES";"Objeto estático sobre o leito carroçável";"Queda de ocupante de veículo";"Com Vítimas Feridas";"Pleno dia";"Decrescente";"Sol";"Dupla";"Não Informado";"Não";1;0;1;0;0;0;1;1;-25,5746149;-48,8572446;"SPRF-PR";"DEL01-PR";"UOP05-DEL01-PR"
505085;2023-02-14;"terça-feira";"10:40:00";"SC";470;7,7;"NAVEGANTES";"Acesso irregular";"Colisão traseira";"Com Vítimas Feridas";"Pleno dia";"Crescente";"Céu Claro";"Simples";"Não Informado";"Não";2;0;1;0;1;0;1;2;-26,84499;-48,71505;"SPRF-SC";"DEL04-SC";"UOP04-DEL04-SC"
505086;2023-01-18;"quarta-feira";"01:30:00";"SP";116;140;"SAO JOSE DOS CAMPOS";"Objeto estático sobre o leito carroçável";"Colisão com objeto";"Com Vítimas Feridas";"Plena Noite";"Decrescente";"Nublado";"Dupla";"Reta";"Não";2;0;1;0;0;1;1;1;-23,16577714;-45,81246193;"SPRF-SP";"DEL02-SP";"UOP01-DEL02-SP"
505088;2023-02-14;"terça-feira";"09:22:00";"GO";153;277;"NOVA GLORIA";"Condutor deixou de manter distância do veículo da frente";"Colisão traseira";"Com Vítimas Feridas";"Pleno dia";"Decrescente";"Céu Claro";"Simples";"Reta";"Não";3;0;1;0;2;0;1;2;-15,118033;-49,497047;"SPRF-GO";"DEL07-GO";"UOP02-DEL07-GO"
505089;2023-02-14;"terça-feira";"12:15:00";"SC";101;97;"BALNEARIO PICARRAS";"Acessar a via sem observar a presença dos outros veículos";"Colisão transversal";"Com Vítimas Feridas";"Pleno dia";"Crescente";"Sol";"Múltipla";"Reta";"Não";2;0;1;0;1;0;1;2;-26,72823703;-48,70224928;"SPRF-SC";"DEL03-SC";"UOP02-DEL03-SC"
505091;2023-02-14;"terça-feira";"08:22:00";"RJ";116;241;"PIRAI";"Avarias e/ou desgaste excessivo no pneu";"Colisão com objeto";"Com Vítimas Feridas";"Pleno dia";"Crescente";"Céu Claro";"Múltipla";"Curva";"Não";1;0;1;0;0;0;1;1;-22,64242197;-43,89766093;"SPRF-RJ";"DEL07-RJ";"UOP01-DEL07-RJ"
505092;2023-02-14;"terça-feira";"11:20:00";"RJ";40;121;"DUQUE DE CAXIAS";"Condutor deixou de manter distância do veículo da frente";"Colisão traseira";"Com Vítimas Feridas";"Pleno dia";"Crescente";"Céu Claro";"Múltipla";"Reta";"Não";2;0;1;0;1;0;1;1;-22,78185499;-43,28571273;"SPRF-RJ";"DEL01-RJ";"UOP01-DEL01-RJ"
505093;2023-02-02;"quinta-feira";"06:55:00";"RS";116;248;"SAO LEOPOLDO";"Acesso irregular";"Colisão transversal";"Com Vítimas Feridas";"Pleno dia";"Crescente";"Céu Claro";"Dupla";"Não Informado";"Sim";2;0;1;0;1;0;1;2;-29,77261942;-51,15438223;"SPRF-RS";"DEL01-RS";"UOP02-DEL01-RS"
505095;2023-02-14;"terça-feira";"12:40:00";"RJ";101;405;"ITAGUAI";"Condutor Dormindo";"Saída de leito carroçável";"Com Vítimas Feridas";"Pleno dia";"Decrescente";"Céu Claro";"Dupla";"Reta";"Não";1;0;1;0;0;0;1;1;-22,867606;-43,802743;"SPRF-RJ";"DEL01-RJ";"UOP04-DEL01-RJ"
505096;2023-02-12;"domingo";"02:00:00";"SC";470;126;"LONTRAS";"Iluminação deficiente";"Saída de leito carroçável";"Sem Vítimas";"Plena Noite";"Decrescente";"Ignorado";"Dupla";"Não Informado";"Não";1;0;0;0;0;1;0;1;-27,129;-49,538277;"SPRF-SC";"DEL04-SC";"UOP02-DEL04-SC"
505098;2023-02-14;"terça-feira";"13:15:00";"GO";20;5,7;"FORMOSA";"Manobra de mudança de faixa";"Colisão lateral mesmo sentido";"Sem Vítimas";"Pleno dia";"Decrescente";"Céu Claro";"Simples";"Não Informado";"Sim";5;0;0;0;4;1;0;2;-15,555275;-47,306908;"SPRF-DF";"DEL02-DF";"UOP02-DEL02-DF"
505099;2023-02-14;"terça-feira";"13:25:00";"PR";277;717,9;"FOZ DO IGUACU";"Acesso irregular";"Colisão transversal";"Com Vítimas Fatais";"Pleno dia";"Decrescente";"Chuva";"Dupla";"Não Informado";"Não";3;1;0;0;1;1;0;2;-25,48375622;-54,49425791;"SPRF-PR";"DEL05-PR";"UOP01-DEL05-PR"
505101;2023-02-14;"terça-feira";"12:55:00";"SC";282;246,8;"SAO JOSE DO CERRITO";"Reação tardia ou ineficiente do condutor";"Saída de leito carroçável";"Com Vítimas Feridas";"Pleno dia";"Decrescente";"Chuva";"Simples";"Não Informado";"Não";1;0;1;0;0;0;1;1;-27,727213;-50,529724;"SPRF-SC";"DEL05-SC";"UOP02-DEL05-SC"
505102;2023-02-14;"terça-feira";"10:50:00";"RJ";116;91;"TERESOPOLIS";"Acostamento em desnível";"Queda de ocupante de veículo";"Com Vítimas Feridas";"Pleno dia";"Crescente";"Céu Claro";"Simples";"Curva";"Não";1;0;1;0;0;0;1;1;-22,4717511;-43,0009838;"SPRF-RJ";"DEL04-RJ";"UOP01-DEL04-RJ"
505105;2023-02-14;"terça-feira";"12:00:00";"RJ";393;254;"BARRA DO PIRAI";"Condutor Dormindo";"Colisão frontal";"Com Vítimas Feridas";"Pleno dia";"Crescente";"Céu Claro";"Simples";"Curva";"Sim";1;0;1;0;0;0;1;1;-22,4441491;-43,79169192;"SPRF-RJ";"DEL05-RJ";"UOP02-DEL05-RJ"
505106;2023-01-09;"segunda-feira";"16:55:00";"RJ";116;111;"MAGE";"Transitar na contramão";"Colisão frontal";"Com Vítimas Feridas";"Pleno dia";"Decrescente";"Garoa/Chuvisco";"Simples";"Reta";"Sim";3;0;0;2;1;0;2;3;-22,55838319;-42,99482067;"SPRF-RJ";"DEL02-RJ";"UOP04-DEL02-RJ"
505107;2023-02-14;"terça-feira";"14:00:00";"SC";101;88,7;"BARRA VELHA";"Transitar na contramão";"Colisão frontal";"Com Vítimas Feridas";"Pleno dia";"Decrescente";"Nublado";"Simples";"Reta";"Sim";2;0;1;0;1;0;1;2;-26,64253985;-48,68950684;"SPRF-SC";"DEL03-SC";"UOP02-DEL03-SC"
505108;2023-02-14;"terça-feira";"14:10:00";"SC";101;207;"SAO JOSE";"Condutor deixou de manter distância do veículo da frente";"Colisão lateral mesmo sentido";"Sem Vítimas";"Pleno dia";"Crescente";"Céu Claro";"Múltipla";"Reta";"Sim";3;0;0;0;3;0;0;2;-27,60001226;-48,6226467;"SPRF-SC";"DEL01-SC";"UOP01-DEL01-SC"
505110;2023-02-14;"terça-feira";"13:00:00";"MS";163;193,3;"CAARAPO";"Retorno proibido";"Colisão transversal";"Com Vítimas Feridas";"Pleno dia";"Decrescente";"Céu Claro";"Dupla";"Reta";"Não";5;0;3;0;2;0;3;2;-22,76273923;-54,7778223;"SPRF-MS";"DEL04-MS";"UOP02-DEL04-MS"
505111;2023-02-14;"terça-feira";"14:25:00";"RS";386;227,3;"MORMACO";"Acessar a via sem observar a presença dos outros veículos";"Colisão frontal";"Com Vítimas Feridas";"Pleno dia";"Crescente";"Sol";"Simples";"Reta";"Não";5;0;5;0;0;0;5;2;-28,678675;-52,603878;"SPRF-RS";"DEL04-RS";"UOP03-DEL04-RS"
505113;2023-01-21;"sábado";"21:00:00";"RJ";116;106;"GUAPIMIRIM";"Reação tardia ou ineficiente do condutor";"Colisão frontal";"Com Vítimas Feridas";"Plena Noite";"Crescente";"Céu Claro";"Dupla";"Não Informado";"Não";3;0;1;1;0;1;2;2;-22,521951;-43,00070097;"SPRF-RJ";"DEL04-RJ";"UOP01-DEL04-RJ"
505114;2023-02-14;"terça-feira";"14:40:00";"RJ";101;65;"CAMPOS DOS GOYTACAZES";"Conversão proibida";"Colisão lateral mesmo sentido";"Com Vítimas Feridas";"Pleno dia";"Crescente";"Céu Claro";"Simples";"Reta";"Sim";2;0;0;1;1;0;1;2;-21,76098;-41,347887;"SPRF-RJ";"DEL08-RJ";"UOP02-DEL08-RJ"
505115;2023-02-14;"terça-feira";"15:10:00";"BA";101;212;"CRUZ DAS ALMAS";"Ingestão de álcool pelo condutor";"Colisão traseira";"Sem Vítimas";"Pleno dia";"Crescente";"Céu Claro";"Simples";"Reta";"Sim";2;0;0;0;1;1;0;2;-12,65351724;-39,12236761;"SPRF-BA";"DEL01-BA";"UOP02-DEL01-BA"
505116;2023-02-14;"terça-feira";"15:07:00";"SP";116;221;"GUARULHOS";"Trafegar com motocicleta (ou similar) entre as faixas";"Colisão lateral mesmo sentido";"Com Vítimas Feridas";"Pleno dia";"Crescente";"Céu Claro";"Múltipla";"Reta";"Sim";3;0;1;0;2;0;1;3;-23,46802395;-46,50704901;"SPRF-SP";"DEL01-SP";"UOP01-DEL01-SP"
505118;2023-02-14;"terça-feira";"15:30:00";"PR";277;333,9;"GUARAPUAVA";"Reação tardia ou ineficiente do condutor";"Capotamento";"Com Vítimas Feridas";"Pleno dia";"Crescente";"Chuva";"Dupla";"Curva";"Não";5;0;1;0;4;0;1;3;-25,347;-51,392;"SPRF-PR";"DEL08-PR";"UOP01-DEL08-PR"
505119;2023-02-14;"terça-feira";"16:05:00";"RS";158;117,5;"PALMEIRA DAS MISSOES";"Animais na Pista";"Saída de leito carroçável";"Com Vítimas Fatais";"Pleno dia";"Crescente";"Garoa/Chuvisco";"Simples";"Reta";"Não";1;1;0;0;0;0;0;1;-28,0275097;-53,35774923;"SPRF-RS";"DEL08-RS";"UOP01-DEL08-RS"
505120;2023-02-14;"terça-feira";"15:30:00";"SC";101;117;"ITAJAI";"Condutor deixou de manter distância do veículo da frente";"Colisão lateral mesmo sentido";"Com Vítimas Feridas";"Pleno dia";"Crescente";"Céu Claro";"Dupla";"Reta";"Não";3;0;3;0;0;0;3;2;-26,895859;-48,71903;"SPRF-SC";"DEL04-SC";"UOP04-DEL04-SC"
505122;2023-02-14;"terça-feira";"15:30:00";"MG";262;34,8;"MANHUACU";"Reação tardia ou ineficiente do condutor";"Colisão lateral mesmo sentido";"Com Vítimas Feridas";"Pleno dia";"Decrescente";"Sol";"Simples";"Não Informado";"Sim";2;0;1;0;1;0;1;2;-20,25692664;-42,01099203;"SPRF-MG";"DEL06-MG";"UOP03-DEL06-MG"
505125;2023-02-14;"terça-feira";"15:30:00";"MT";70;400,3;"CAMPO VERDE";"Ausência de reação do condutor";"Colisão lateral sentido oposto";"Com Vítimas Feridas";"Pleno dia";"Crescente";"Céu Claro";"Simples";"Curva";"Não";5;0;4;0;1;0;4;2;-15,658444;-55,21206;"SPRF-MT";"DEL05-MT";"UOP02-DEL05-MT"
505126;2023-02-14;"terça-feira";"14:20:00";"SC";470;155,4;"TROMBUDO CENTRAL";"Velocidade Incompatível";"Colisão lateral sentido oposto";"Com Vítimas Feridas";"Pleno dia";"Crescente";"Chuva";"Simples";"Curva";"Não";3;0;1;0;2;0;1;3;-27,277105;-49,751972;"SPRF-SC";"DEL04-SC";"UOP02-DEL04-SC"
505130;2023-02-14;"terça-feira";"10:30:00";"SC";280;56;"GUARAMIRIM";"Acessar a via sem observar a presença dos outros veículos";"Colisão transversal";"Com Vítimas Feridas";"Pleno dia";"Crescente";"Céu Claro";"Simples";"Interseção de vias";"Sim";2;0;1;0;1;0;1;2;-26,47947677;-49,00298702;"SPRF-SC";"DEL03-SC";"UOP03-DEL03-SC"
505131;2023-01-09;"segunda-feira";"18:30:00";"PE";101;83;"JABOATAO DOS GUARARAPES";"Acesso irregular";"Colisão transversal";"Com Vítimas Feridas";"Plena Noite";"Crescente";"Céu Claro";"Dupla";"Não Informado";"Sim";2;0;0;1;0;1;1;2;-8,175172;-34,942642;"SPRF-PE";"DEL01-PE";"UOP01-DEL01-PE"
505132;2023-02-14;"terça-feira";"17:10:00";"DF";20;8;"BRASILIA";"Ausência de reação do condutor";"Colisão traseira";"Sem Vítimas";"Pleno dia";"Crescente";"Céu Claro";"Dupla";"Reta";"Sim";4;0;0;0;4;0;0;4;-15,658386;-47,791534;"SPRF-DF";"DEL02-DF";"UOP01-DEL02-DF"
505133;2023-02-14;"terça-feira";"15:51:00";"SP";116;516;"CAJATI";"Velocidade Incompatível";"Saída de leito carroçável";"Com Vítimas Feridas";"Pleno dia";"Decrescente";"Chuva";"Dupla";"Curva";"Não";3;0;2;1;0;0;3;1;-24,87423036;-48,2190838;"SPRF-SP";"DEL05-SP";"UOP02-DEL05-SP"
505136;2023-02-14;"terça-feira";"16:00:00";"SP";381;86;"SAO PAULO";"Entrada inopinada do pedestre";"Atropelamento de Pedestre";"Com Vítimas Feridas";"Pleno dia";"Crescente";"Céu Claro";"Dupla";"Reta";"Sim";2;0;1;0;1;0;1;1;-23,470049;-46,567651;"SPRF-SP";"DEL03-SP";"UOP01-DEL03-SP"
505137;2023-02-02;"quinta-feira";"21:51:00";"PR";116;13;"COLOMBO";"Acessar a via sem observar a presença dos outros veículos";"Colisão lateral mesmo sentido";"Com Vítimas Feridas";"Plena Noite";"Decrescente";"Chuva";"Múltipla";"Não Informado";"Sim";2;0;1;1;0;0;2;1;-25,378571;-49,156881;"SPRF-PR";"DEL01-PR";"UOP02-DEL01-PR"
505138;2023-02-14;"terça-feira";"16:20:00";"SC";282;355,2;"CAMPOS NOVOS";"Reação tardia ou ineficiente do condutor";"Colisão lateral mesmo sentido";"Sem Vítimas";"Pleno dia";"Decrescente";"Céu Claro";"Simples";"Reta";"Não";2;0;0;0;2;0;0;2;-27,350309;-51,335823;"SPRF-SC";"DEL07-SC";"UOP06-DEL07-SC"
505139;2023-02-14;"terça-feira";"17:50:00";"SC";101;206,8;"SAO JOSE";"Pista Escorregadia";"Tombamento";"Com Vítimas Feridas";"Anoitecer";"Crescente";"Chuva";"Múltipla";"Reta";"Não";1;0;1;0;0;0;1;1;-27,59193546;-48,61824557;"SPRF-SC";"DEL01-SC";"UOP01-DEL01-SC"
505140;2023-02-14;"terça-feira";"18:00:00";"PR";369;147,5;"LONDRINA";"Ausência de reação do condutor";"Colisão traseira";"Com Vítimas Feridas";"Pleno dia";"Crescente";"Sol";"Dupla";"Não Informado";"Sim";4;0;1;0;3;0;1;4;-23,29310146;-51,13763452;"SPRF-PR";"DEL07-PR";"UOP01-DEL07-PR"
505142;2023-02-14;"terça-feira";"17:30:00";"MG";381;481,5;"CONTAGEM";"Condutor deixou de manter distância do veículo da frente";"Tombamento";"Com Vítimas Feridas";"Pleno dia";"Crescente";"Chuva";"Múltipla";"Não Informado";"Sim";1;0;1;0;0;0;1;1;-19,95876735;-44,06272888;"SPRF-MG";"DEL01-MG";"UOP03-DEL01-MG"
505144;2023-02-14;"terça-feira";"08:00:00";"BA";116;757;"POCOES";"Acessar a via sem observar a presença dos outros veículos";"Colisão transversal";"Com Vítimas Feridas";"Pleno dia";"Decrescente";"Céu Claro";"Simples";"Reta";"Sim";3;0;1;1;1;0;2;2;-14,47565506;-40,33469583;"SPRF-BA";"DEL08-BA";"UOP02-DEL08-BA"
505145;2023-02-14;"terça-feira";"18:30:00";"PR";369;155;"LONDRINA";"Ingestão de substâncias psicoativas pelo condutor";"Colisão traseira";"Sem Vítimas";"Anoitecer";"Crescente";"Nublado";"Dupla";"Reta";"Sim";2;0;0;0;2;0;0;2;-23,2957234;-51,2076561;"SPRF-PR";"DEL07-PR";"UOP01-DEL07-PR"
505146;2023-02-14;"terça-feira";"17:55:00";"RS";386;42;"SEBERI";"Ultrapassagem Indevida";"Colisão lateral mesmo sentido";"Com Vítimas Feridas";"Pleno dia";"Decrescente";"Céu Claro";"Simples";"Reta";"Não";3;0;1;0;2;0;1;3;-27,420906;-53,42049;"SPRF-RS";"DEL08-RS";"UOP02-DEL08-RS"
505147;2023-02-14;"terça-feira";"17:45:00";"RS";158;329;"SANTA MARIA";"Acumulo de água sobre o pavimento";"Colisão com objeto";"Com Vítimas Feridas";"Pleno dia";"Crescente";"Chuva";"Dupla";"Não Informado";"Sim";1;0;1;0;0;0;1;1;-29,70656383;-53,82849988;"SPRF-RS";"DEL09-RS";"UOP01-DEL09-RS"
505150;2023-02-14;"terça-feira";"19:30:00";"MG";262;368;"JUATUBA";"Velocidade Incompatível";"Colisão lateral mesmo sentido";"Sem Vítimas";"Plena Noite";"Crescente";"Céu Claro";"Dupla";"Curva";"Não";2;0;0;0;1;1;0;2;-19,9621738;-44,3348806;"SPRF-MG";"DEL01-MG";"UOP03-DEL01-MG"
505151;2023-02-14;"terça-feira";"19:50:00";"SC";101;284,2;"IMBITUBA";"Acumulo de areia ou detritos sobre o pavimento";"Tombamento";"Com Vítimas Feridas";"Plena Noite";"Decrescente";"Céu Claro";"Simples";"Não Informado";"Não";1;0;0;1;0;0;1;1;-28,2329697;-48,70157182;"SPRF-SC";"DEL02-SC";"UOP03-DEL02-SC"
505152;2023-02-14;"terça-feira";"19:15:00";"SP";153;195,5;"GETULINA";"Pista em desnível";"Queda de ocupante de veículo";"Com Vítimas Feridas";"Plena Noite";"Decrescente";"Céu Claro";"Simples";"Reta";"Não";1;0;1;0;0;0;1;1;-21,776442;-49,89232;"SPRF-SP";"DEL07-SP";"UOP01-DEL07-SP"
505154;2023-02-13;"segunda-feira";"18:10:00";"RJ";101;274;"TANGUA";"Ingestão de álcool pelo condutor";"Colisão traseira";"Sem Vítimas";"Pleno dia";"Decrescente";"Nublado";"Simples";"Reta";"Sim";2;0;0;0;2;0;0;2;-22,73506292;-42,71948103;"SPRF-RJ";"DEL02-RJ";"UOP03-DEL02-RJ"
505155;2023-02-14;"terça-feira";"18:05:00";"SC";NA;NA;"LAGES";"Acessar a via sem observar a presença dos outros veículos";"Colisão transversal";"Com Vítimas Feridas";"Anoitecer";"Não Informado";"Nublado";"Simples";"Não Informado";"Sim";2;0;0;1;1;0;1;2;-27,81589142;-50,37175119;"SPRF-SC";"DEL05-SC";"UOP02-DEL05-SC"
505157;2023-02-14;"terça-feira";"20:27:00";"PE";232;75,5;"GRAVATA";"Reação tardia ou ineficiente do condutor";"Colisão traseira";"Com Vítimas Feridas";"Plena Noite";"Crescente";"Céu Claro";"Dupla";"Não Informado";"Não";2;0;0;1;1;0;1;2;-8,19737799;-35,525476;"SPRF-PE";"DEL02-PE";"UOP02-DEL02PE"
505164;2023-02-14;"terça-feira";"19:00:00";"RJ";40;80;"PETROPOLIS";"Chuva";"Saída de leito carroçável";"Sem Vítimas";"Plena Noite";"Crescente";"Chuva";"Dupla";"Não Informado";"Não";1;0;0;0;0;1;0;1;-22,49798597;-43,22878703;"SPRF-RJ";"DEL06-RJ";"UOP02-DEL06-RJ"
505165;2023-02-14;"terça-feira";"21:30:00";"RS";116;263;"CANOAS";"Condutor desrespeitou a iluminação vermelha do semáforo";"Colisão transversal";"Sem Vítimas";"Plena Noite";"Crescente";"Chuva";"Dupla";"Não Informado";"Sim";2;0;0;0;2;0;0;2;-29,90388828;-51,1768806;"SPRF-RS";"DEL01-RS";"UOP01-DEL01-RS"
505166;2023-02-14;"terça-feira";"20:45:00";"SC";470;67,3;"INDAIAL";"Conversão proibida";"Colisão frontal";"Com Vítimas Feridas";"Plena Noite";"Decrescente";"Chuva";"Simples";"Reta";"Sim";2;0;1;0;1;0;1;2;-26,872158;-49,23127;"SPRF-SC";"DEL04-SC";"UOP01-DEL04-SC"
505167;2023-02-14;"terça-feira";"21:58:00";"TO";235;172;"TUPIRAMA";"Reação tardia ou ineficiente do condutor";"Tombamento";"Com Vítimas Feridas";"Plena Noite";"Crescente";"Céu Claro";"Simples";"Reta";"Não";2;0;2;0;0;0;2;1;-8,96907773;-48,23964184;"SPRF-TO";"DEL02-TO";"UOP02-DEL02-TO"
505168;2023-02-14;"terça-feira";"21:44:00";"PE";316;120;"PARNAMIRIM";"Condutor deixou de manter distância do veículo da frente";"Colisão traseira";"Com Vítimas Fatais";"Plena Noite";"Decrescente";"Nublado";"Simples";"Reta";"Não";2;1;0;0;0;1;0;2;-8,0081009;-39,78147295;"SPRF-PE";"DEL05-PE";"UOP02-DEL05-PE"
505170;2023-02-14;"terça-feira";"20:00:00";"PE";232;254,2;"ARCOVERDE";"Acessar a via sem observar a presença dos outros veículos";"Colisão traseira";"Com Vítimas Feridas";"Plena Noite";"Crescente";"Céu Claro";"Simples";"Não Informado";"Sim";6;0;2;0;4;0;2;2;-8,41875994;-37,07859892;"SPRF-PE";"DEL04-PE";"UOP02-DEL04-PE"
505171;2023-02-14;"terça-feira";"20:20:00";"MG";116;544,2;"SANTA BARBARA DO LESTE";"Acessar a via sem observar a presença dos outros veículos";"Colisão transversal";"Com Vítimas Feridas";"Plena Noite";"Decrescente";"Nublado";"Simples";"Reta";"Não";3;0;1;0;2;0;1;2;-19,919262;-42,13155389;"SPRF-MG";"DEL06-MG";"UOP02-DEL06-MG"
505172;2023-02-14;"terça-feira";"22:35:00";"GO";153;433,6;"ANAPOLIS";"Área urbana sem a presença de local apropriado para a travessia de pedestres";"Atropelamento de Pedestre";"Com Vítimas Fatais";"Plena Noite";"Crescente";"Céu Claro";"Dupla";"Reta";"Sim";3;1;0;0;2;0;0;1;-16,270597;-48,975418;"SPRF-GO";"DEL02-GO";"UOP01-DEL02-GO"
505173;2023-02-14;"terça-feira";"22:40:00";"MG";116;414;"GOVERNADOR VALADARES";"Afundamento ou ondulação no pavimento";"Tombamento";"Com Vítimas Feridas";"Plena Noite";"Crescente";"Céu Claro";"Múltipla";"Reta";"Sim";3;0;1;0;0;2;1;1;-18,88102703;-41,95910802;"SPRF-MG";"DEL06-MG";"UOP01-DEL06-MG"
505176;2023-02-14;"terça-feira";"22:41:00";"PE";101;58,2;"RECIFE";"Reação tardia ou ineficiente do condutor";"Colisão traseira";"Com Vítimas Fatais";"Plena Noite";"Decrescente";"Chuva";"Dupla";"Curva";"Sim";3;1;0;1;1;0;1;2;-7,97063209;-34,92064675;"SPRF-PE";"DEL01-PE";"UOP02-DEL01-PE"
505177;2023-02-14;"terça-feira";"23:20:00";"MG";40;276;"TRES MARIAS";"Pedestre cruzava a pista fora da faixa";"Atropelamento de Pedestre";"Com Vítimas Feridas";"Plena Noite";"Crescente";"Céu Claro";"Simples";"Não Informado";"Sim";2;0;1;1;0;0;2;1;-18,20602828;-45,23123233;"SPRF-MG";"DEL14-MG";"UOP02-DEL14-MG"
505185;2023-02-15;"quarta-feira";"00:30:00";"GO";60;419;"RIO VERDE";"Condutor Dormindo";"Tombamento";"Com Vítimas Feridas";"Plena Noite";"Decrescente";"Céu Claro";"Dupla";"Reta";"Não";1;0;0;1;0;0;1;1;-17,8207;-51,2323;"SPRF-GO";"DEL04-GO";"UOP02-DEL04-GO"
505186;2023-02-15;"quarta-feira";"02:30:00";"PA";316;35;"SANTA IZABEL DO PARA";"Transitar na contramão";"Colisão frontal";"Com Vítimas Feridas";"Plena Noite";"Decrescente";"Céu Claro";"Dupla";"Reta";"Sim";2;0;0;2;0;0;2;2;-1,29146197;-48,164561;"SPRF-PA";"DEL01-PA";"UOP01-DEL01-PA"
505187;2023-02-07;"terça-feira";"04:48:00";"MS";463;56;"PONTA PORA";"Ingestão de álcool pelo condutor";"Tombamento";"Com Vítimas Feridas";"Amanhecer";"Crescente";"Céu Claro";"Simples";"Reta";"Não";1;0;1;0;0;0;1;1;-22,39670405;-55,28954197;"SPRF-MS";"DEL04-MS";"UOP03-DEL04-MS"
505189;2023-02-15;"quarta-feira";"04:35:00";"SP";101;45,6;"UBATUBA";"Ausência de reação do condutor";"Colisão com objeto";"Com Vítimas Feridas";"Amanhecer";"Crescente";"Céu Claro";"Simples";"Reta";"Sim";4;0;4;0;0;0;4;1;-23,41779396;-45,06788408;"SPRF-SP";"DEL06-SP";"UOP01-DEL06-SP"