"id";"data_inversa";"dia_semana";"horario";"uf";"br";"km";"municipio";"causa_acidente";"tipo_acidente";"classificacao_acidente";"fase_dia";"sentido_via";"condicao_metereologica";"tipo_pista";"tracado_via";"uso_solo";"pessoas";"mortos";"feridos_leves";"feridos_graves";"ilesos";"ignorados";"feridos";"veiculos";"latitude";"longitude";"regional";"delegacia";"uop"
505441;2023-02-16;"quinta-feira";"13:15:00";"SC";101;298,5;"LAGUNA";"Ausência de reação do condutor";"Engavetamento";"Com Vítimas Feridas";"Pleno dia";"Crescente";"Céu Claro";"Múltipla";"Reta";"Não";4;0;1;0;3;0;1;3;-28,31353989;-48,7240982;"SPRF-SC";"DEL02-SC";"UOP03-DEL02-SC"
505442;2023-02-16;"quinta-feira";"12:30:00";"PA";316;22,5;"BENEVIDES";"Reação tardia ou ineficiente do condutor";"Tombamento";"Com Vítimas Fatais";"Pleno dia";"Crescente";"Nublado";"Dupla";"Não Informado";"Sim";2;1;0;0;1;0;0;2;-1,349507;-48,254057;"SPRF-PA";"DEL01-PA";"UOP01-DEL01-PA"
505445;2023-02-16;"quinta-feira";"13:45:00";"GO";20;179,4;"ALVORADA DO NORTE";"Condutor deixou de manter distância do veículo da frente";"Colisão traseira";"Com Vítimas Feridas";"Pleno dia";"Crescente";"Céu Claro";"Simples";"Reta";"Sim";2;0;1;0;1;0;1;2;-14,485163;-46,498554;"SPRF-DF";"DEL02-DF";"UOP03-DEL02-DF"
505448;2023-01-15;"domingo";"20:19:00";"RN";304;46;"MOSSORO";"Animais na Pista";"Atropelamento de Animal";"Com Vítimas Feridas";"Plena Noite";"Crescente";"Céu Claro";"Dupla";"Reta";"Sim";2;0;1;1;0;0;2;1;-5,22579384;-37,340046;"SPRF-RN";"DEL04-RN";"UOP01-DEL04-RN"
505449;2023-02-16;"quinta-feira";"13:50:00";"PE";232;123;"CARUARU";"Acumulo de água sobre o pavimento";"Saída de leito carroçável";"Com Vítimas Feridas";"Pleno dia";"Decrescente";"Chuva";"Dupla";"Não Informado";"Não";2;0;1;0;1;0;1;1;-8,30417276;-35,92823905;"SPRF-PE";"DEL02-PE";"UOP01-DEL02-PE"
505450;2023-02-16;"quinta-feira";"14:20:00";"PE";424;89;"GARANHUNS";"Ausência de reação do condutor";"Colisão lateral mesmo sentido";"Com Vítimas Feridas";"Pleno dia";"Crescente";"Céu Claro";"Simples";"Não Informado";"Sim";3;0;2;1;0;0;3;2;-8,89138375;-36,50571483;"SPRF-PE";"DEL03-PE";"UOP01-DEL03-PE"
505451;2023-02-16;"quinta-feira";"14:30:00";"PR";467;89;"CASCAVEL";"Pista Escorregadia";"Saída de leito carroçável";"Com Vítimas Feridas";"Pleno dia";"Crescente";"Garoa/Chuvisco";"Dupla";"Reta";"Não";2;0;1;1;0;0;2;1;-24,8416;-53,6168;"SPRF-PR";"DEL04-PR";"UOP01-DEL04-PR"
505453;2023-02-16;"quinta-feira";"15:00:00";"MG";40;559;"NOVA LIMA";"Condutor deixou de manter distância do veículo da frente";"Colisão traseira";"Com Vítimas Feridas";"Pleno dia";"Decrescente";"Céu Claro";"Dupla";"Reta";"Não";2;0;1;0;1;0;1;2;-20,11861708;-43,96783926;"SPRF-MG";"DEL01-MG";"UOP02-DEL01-MG"
505456;2023-02-16;"quinta-feira";"15:20:00";"RN";406;150,4;"CEARA-MIRIM";"Desrespeitar a preferência no cruzamento";"Colisão transversal";"Com Vítimas Feridas";"Pleno dia";"Crescente";"Céu Claro";"Simples";"Reta";"Sim";2;0;0;1;1;0;1;2;-5,64974982;-35,43234997;"SPRF-RN";"DEL02-RN";"UOP01-DEL02-RN"
505457;2023-02-16;"quinta-feira";"15:50:00";"MG";40;507,8;"RIBEIRAO DAS NEVES";"Demais falhas mecânicas ou elétricas";"Eventos atípicos";"Com Vítimas Feridas";"Pleno dia";"Decrescente";"Céu Claro";"Dupla";"Reta";"Sim";1;0;0;1;0;0;1;1;-19,75431705;-44,14152606;"SPRF-MG";"DEL02-MG";"UOP01-DEL02-MG"
505460;2023-02-16;"quinta-feira";"14:00:00";"RJ";493;120;"ITAGUAI";"Reação tardia ou ineficiente do condutor";"Saída de leito carroçável";"Com Vítimas Feridas";"Pleno dia";"Decrescente";"Céu Claro";"Dupla";"Curva";"Não";3;0;2;0;1;0;2;1;-22,8589221;-43,7591448;"SPRF-RJ";"DEL01-RJ";"UOP04-DEL01-RJ"
505467;2023-02-16;"quinta-feira";"14:20:00";"BA";116;620,9;"JAGUAQUARA";"Ausência de reação do condutor";"Saída de leito carroçável";"Com Vítimas Feridas";"Pleno dia";"Decrescente";"Céu Claro";"Simples";"Não Informado";"Não";1;0;0;1;0;0;1;1;-13,36571005;-40,01844065;"SPRF-BA";"DEL03-BA";"UOP01-DEL03-BA"
505468;2023-02-16;"quinta-feira";"16:30:00";"SP";381;75;"MAIRIPORA";"Velocidade Incompatível";"Capotamento";"Com Vítimas Feridas";"Pleno dia";"Decrescente";"Chuva";"Múltipla";"Reta";"Não";2;0;1;0;1;0;1;1;-23,34553108;-46,56787903;"SPRF-SP";"DEL03-SP";"UOP01-DEL03-SP"
505469;2023-02-16;"quinta-feira";"11:14:00";"SP";116;223;"GUARULHOS";"Reação tardia ou ineficiente do condutor";"Colisão traseira";"Com Vítimas Feridas";"Pleno dia";"Crescente";"Nublado";"Múltipla";"Reta";"Sim";2;0;1;0;1;0;1;1;-23,48005493;-46,53241038;"SPRF-SP";"DEL01-SP";"UOP01-DEL01-SP"
505470;2023-02-16;"quinta-feira";"17:15:00";"RS";290;90;"PORTO ALEGRE";"Reação tardia ou ineficiente do condutor";"Colisão traseira";"Sem Vítimas";"Pleno dia";"Crescente";"Céu Claro";"Múltipla";"Reta";"Não";4;0;0;0;4;0;0;2;-29,968319;-51,157398;"SPRF-RS";"DEL01-RS";"UOP01-DEL01-RS"
505472;2023-02-16;"quinta-feira";"16:59:00";"SP";116;216;"GUARULHOS";"Reação tardia ou ineficiente do condutor";"Colisão traseira";"Com Vítimas Feridas";"Pleno dia";"Decrescente";"Garoa/Chuvisco";"Múltipla";"Reta";"Não";4;0;2;0;2;0;2;3;-23,45056589;-46,46258105;"SPRF-SP";"DEL01-SP";"UOP01-DEL01-SP"
505473;2023-02-16;"quinta-feira";"15:00:00";"SP";116;458,1;"REGISTRO";"Ausência de reação do condutor";"Tombamento";"Com Vítimas Feridas";"Pleno dia";"Crescente";"Céu Claro";"Dupla";"Reta";"Não";1;0;1;0;0;0;1;1;-24,5958452;-47,8771454;"SPRF-SP";"DEL05-SP";"UOP01-DEL05-SP"
505474;2023-02-16;"quinta-feira";"17:10:00";"RS";470;232;"CARLOS BARBOSA";"Ausência de reação do condutor";"Colisão traseira";"Com Vítimas Feridas";"Pleno dia";"Crescente";"Céu Claro";"Simples";"Reta";"Não";2;0;2;0;0;0;2;2;-29,23579206;-51,51193423;"SPRF-RS";"DEL06-RS";"UOP01-DEL06-RS"
505475;2023-02-16;"quinta-feira";"13:10:00";"PA";316;21,9;"BENEVIDES";"Acessar a via sem observar a presença dos outros veículos";"Colisão transversal";"Com Vítimas Feridas";"Pleno dia";"Crescente";"Chuva";"Dupla";"Reta";"Sim";3;0;0;1;1;1;1;2;-1,35393892;-48,25736046;"SPRF-PA";"DEL01-PA";"UOP01-DEL01-PA"
505476;2023-02-16;"quinta-feira";"17:30:00";"SC";470;63,1;"BLUMENAU";"Conversão proibida";"Colisão transversal";"Com Vítimas Feridas";"Pleno dia";"Decrescente";"Céu Claro";"Simples";"Reta";"Não";2;0;0;1;1;0;1;2;-26,872396;-49,19228;"SPRF-SC";"DEL04-SC";"UOP01-DEL04-SC"
505477;2023-02-16;"quinta-feira";"16:40:00";"BA";324;617;"SALVADOR";"Avarias e/ou desgaste excessivo no pneu";"Queda de ocupante de veículo";"Com Vítimas Feridas";"Pleno dia";"Crescente";"Sol";"Dupla";"Reta";"Sim";2;0;2;0;0;0;2;1;-12,8860325;-38,43806469;"SPRF-BA";"DEL01-BA";"UOP01-DEL01-BA"
505478;2023-02-16;"quinta-feira";"17:00:00";"RS";470;175,8;"VERANOPOLIS";"Desrespeitar a preferência no cruzamento";"Colisão transversal";"Sem Vítimas";"Pleno dia";"Crescente";"Céu Claro";"Simples";"Não Informado";"Sim";2;0;0;0;2;0;0;2;-28,9267006;-51,54154837;"SPRF-RS";"DEL06-RS";"UOP02-DEL06-RS"
505479;2023-02-16;"quinta-feira";"14:24:00";"SC";280;239;"CANOINHAS";"Acumulo de água sobre o pavimento";"Colisão frontal";"Com Vítimas Feridas";"Pleno dia";"Decrescente";"Chuva";"Simples";"Curva";"Não";3;0;2;0;1;0;2;2;-26,20971113;-50,44782084;"SPRF-SC";"DEL06-SC";"UOP04-DEL06-SC"
505480;2023-02-16;"quinta-feira";"16:00:00";"MG";381;635,7;"SANTO ANTONIO DO AMPARO";"Ausência de reação do condutor";"Saída de leito carroçável";"Com Vítimas Feridas";"Pleno dia";"Decrescente";"Chuva";"Dupla";"Não Informado";"Não";2;0;2;0;0;0;2;1;-20,86514788;-44,84095573;"SPRF-MG";"DEL04-MG";"UOP01-DEL04-MG"
505481;2023-01-21;"sábado";"05:20:00";"ES";101;271;"SERRA";"Animais na Pista";"Atropelamento de Animal";"Com Vítimas Feridas";"Pleno dia";"Crescente";"Chuva";"Múltipla";"Reta";"Sim";1;0;1;0;0;0;1;1;-20,23267;-40,27658;"SPRF-ES";"DEL02-ES";"UOP01-DEL02-ES"
505483;2023-02-16;"quinta-feira";"17:35:00";"MS";60;51,3;"PARAISO DAS AGUAS";"Reação tardia ou ineficiente do condutor";"Saída de leito carroçável";"Com Vítimas Feridas";"Pleno dia";"Decrescente";"Nublado";"Simples";"Reta";"Não";3;0;2;1;0;0;3;1;-18,98040059;-52,92568808;"SPRF-MS";"DEL08-MS";"UOP01-DEL08-MS"
505484;2023-02-16;"quinta-feira";"16:50:00";"RJ";101;295;"ITABORAI";"Trafegar com motocicleta (ou similar) entre as faixas";"Colisão lateral mesmo sentido";"Com Vítimas Feridas";"Pleno dia";"Decrescente";"Céu Claro";"Dupla";"Reta";"Não";2;0;1;0;1;0;1;2;-22,76365068;-42,90223623;"SPRF-RJ";"DEL02-RJ";"UOP02-DEL02-RJ"
505485;2023-02-11;"sábado";"22:20:00";"RJ";101;412;"ITAGUAI";"Manobra de mudança de faixa";"Colisão traseira";"Com Vítimas Feridas";"Plena Noite";"Decrescente";"Ignorado";"Dupla";"Reta";"Não";3;0;1;0;2;0;1;2;-22,89720365;-43,85639217;"SPRF-RJ";"DEL01-RJ";"UOP04-DEL01-RJ"
505487;2023-02-16;"quinta-feira";"17:40:00";"SC";282;2;"FLORIANOPOLIS";"Manobra de mudança de faixa";"Colisão traseira";"Com Vítimas Feridas";"Pleno dia";"Crescente";"Nublado";"Múltipla";"Reta";"Sim";2;0;0;1;1;0;1;2;-27,603289;-48,590416;"SPRF-SC";"DEL01-SC";"UOP01-DEL01-SC"
505491;2023-02-16;"quinta-feira";"18:20:00";"BA";110;256;"OLINDINA";"Manobra de mudança de faixa";"Colisão frontal";"Com Vítimas Fatais";"Anoitecer";"Crescente";"Céu Claro";"Simples";"Reta";"Não";2;1;0;0;0;1;0;2;-11,479278;-38,297466;"SPRF-BA";"DEL01-BA";"UOP04-DEL01-BA"
505492;2023-02-16;"quinta-feira";"17:23:00";"RO";364;519;"ARIQUEMES";"Ausência de reação do condutor";"Colisão transversal";"Sem Vítimas";"Pleno dia";"Crescente";"Céu Claro";"Simples";"Reta";"Sim";5;0;0;0;5;0;0;2;-9,88134536;-63,0570817;"SPRF-RO";"DEL03-RO";"UOP01-DEL03-RO"
505493;2023-02-16;"quinta-feira";"17:50:00";"SC";163;79;"GUARACIABA";"Ausência de reação do condutor";"Tombamento";"Com Vítimas Feridas";"Pleno dia";"Crescente";"Céu Claro";"Simples";"Rotatória";"Não";1;0;1;0;0;0;1;1;-26,65911819;-53,51816757;"SPRF-SC";"DEL07-SC";"UOP03-DEL07-SC"
505494;2023-02-16;"quinta-feira";"16:50:00";"RO";421;3;"ARIQUEMES";"Demais falhas mecânicas ou elétricas";"Tombamento";"Com Vítimas Feridas";"Pleno dia";"Decrescente";"Céu Claro";"Simples";"Reta";"Não";2;0;2;0;0;0;2;1;-9,930296;-63,078598;"SPRF-RO";"DEL03-RO";"UOP01-DEL03-RO"
505495;2023-02-16;"quinta-feira";"19:00:00";"DF";70;9;"BRASILIA";"Pedestre cruzava a pista fora da faixa";"Atropelamento de Pedestre";"Com Vítimas Feridas";"Plena Noite";"Crescente";"Nublado";"Dupla";"Reta";"Sim";2;0;1;0;1;0;1;1;-15,784615;-48,132023;"SPRF-DF";"DEL01-DF";"UOP03-DEL01-DF"
505496;2023-02-16;"quinta-feira";"14:15:00";"RO";364;318;"PRESIDENTE MEDICI";"Condutor deixou de manter distância do veículo da frente";"Colisão traseira";"Com Vítimas Feridas";"Pleno dia";"Decrescente";"Sol";"Simples";"Não Informado";"Não";2;0;1;0;1;0;1;2;-11,085351;-61,91477;"SPRF-RO";"DEL02-RO";"UOP01-DEL02-RO"
505499;2023-02-16;"quinta-feira";"17:20:00";"RJ";101;504;"ANGRA DOS REIS";"Acessar a via sem observar a presença dos outros veículos";"Colisão lateral mesmo sentido";"Com Vítimas Feridas";"Pleno dia";"Decrescente";"Nublado";"Simples";"Reta";"Sim";2;0;1;0;1;0;1;2;-22,93155828;-44,38812093;"SPRF-RJ";"DEL03-RJ";"UOP02-DEL03-RJ"
505500;2023-01-20;"sexta-feira";"17:20:00";"MG";116;413;"GOVERNADOR VALADARES";"Condutor deixou de manter distância do veículo da frente";"Tombamento";"Com Vítimas Feridas";"Pleno dia";"Crescente";"Céu Claro";"Simples";"Reta";"Sim";2;0;0;1;1;0;1;2;-18,873907;-41,966366;"SPRF-MG";"DEL06-MG";"UOP01-DEL06-MG"
505502;2023-02-16;"quinta-feira";"19:43:00";"ES";101;270;"SERRA";"Ausência de reação do condutor";"Colisão lateral mesmo sentido";"Com Vítimas Feridas";"Plena Noite";"Crescente";"Céu Claro";"Múltipla";"Reta";"Sim";2;0;1;0;1;0;1;2;-20,22662056;-40,27075088;"SPRF-ES";"DEL02-ES";"UOP01-DEL02-ES"
505503;2023-02-16;"quinta-feira";"17:20:00";"MG";365;245;"JOAO PINHEIRO";"Avarias e/ou desgaste excessivo no pneu";"Saída de leito carroçável";"Com Vítimas Feridas";"Pleno dia";"Crescente";"Céu Claro";"Simples";"Curva";"Não";2;0;1;0;1;0;1;1;-17,79493894;-45,42800103;"SPRF-MG";"DEL10-MG";"UOP01-DEL10-MG"
505505;2023-02-16;"quinta-feira";"20:00:00";"SP";459;25;"LORENA";"Ingestão de álcool pelo condutor";"Colisão traseira";"Com Vítimas Feridas";"Plena Noite";"Decrescente";"Céu Claro";"Dupla";"Reta";"Sim";2;0;2;0;0;0;2;2;-22,69147035;-45,12463845;"SPRF-SP";"DEL08-SP";"UOP02-DEL08-SP"
505507;2023-02-16;"quinta-feira";"20:15:00";"ES";101;399,5;"RIO NOVO DO SUL";"Demais falhas mecânicas ou elétricas";"Colisão frontal";"Com Vítimas Feridas";"Plena Noite";"Decrescente";"Céu Claro";"Simples";"Reta";"Não";3;0;1;0;2;0;1;2;-20,87819123;-40,96568078;"SPRF-ES";"DEL03-ES";"UOP02-DEL03-ES"
505509;2023-02-16;"quinta-feira";"20:20:00";"SP";116;217;"GUARULHOS";"Pista Escorregadia";"Colisão com objeto";"Com Vítimas Feridas";"Plena Noite";"Crescente";"Chuva";"Dupla";"Reta";"Sim";3;0;1;0;2;0;1;1;-23,45423824;-46,47119028;"SPRF-SP";"DEL01-SP";"UOP01-DEL01-SP"
505510;2023-02-16;"quinta-feira";"20:20:00";"SP";116;196;"ARUJA";"Ausência de reação do condutor";"Capotamento";"Com Vítimas Feridas";"Plena Noite";"Decrescente";"Ignorado";"Dupla";"Reta";"Não";3;0;1;0;2;0;1;1;-23,39265978;-46,2844631;"SPRF-SP";"DEL01-SP";"UOP01-DEL01-SP"
505511;2023-02-16;"quinta-feira";"18:40:00";"MT";163;753;"SORRISO";"Ausência de reação do condutor";"Colisão traseira";"Com Vítimas Feridas";"Plena Noite";"Crescente";"Nublado";"Dupla";"Retorno Regulamentado";"Sim";2;0;1;0;1;0;1;2;-12,54565881;-55,70990503;"SPRF-MT";"DEL06-MT";"UOP01-DEL06-MT"
505514;2023-02-16;"quinta-feira";"20:35:00";"SC";116;4;"MAFRA";"Ultrapassagem Indevida";"Colisão lateral sentido oposto";"Com Vítimas Feridas";"Plena Noite";"Decrescente";"Garoa/Chuvisco";"Simples";"Não Informado";"Sim";4;0;0;1;3;0;1;2;-26,13554917;-49,8072652;"SPRF-SC";"DEL06-SC";"UOP01-DEL06-SC"
505515;2023-02-16;"quinta-feira";"17:30:00";"SC";282;460;"PONTE SERRADA";"Frear bruscamente";"Engavetamento";"Com Vítimas Feridas";"Anoitecer";"Decrescente";"Chuva";"Simples";"Reta";"Não";4;0;2;0;2;0;2;3;-26,856062;-52,03215;"SPRF-SC";"DEL07-SC";"UOP04-DEL07-SC"
505516;2023-02-16;"quinta-feira";"20:50:00";"SC";470;140,1;"RIO DO SUL";"Desrespeitar a preferência no cruzamento";"Colisão transversal";"Com Vítimas Feridas";"Plena Noite";"Crescente";"Nublado";"Simples";"Retorno Regulamentado";"Sim";3;0;1;0;2;0;1;2;-27,222485;-49,662827;"SPRF-SC";"DEL04-SC";"UOP02-DEL04-SC"
505517;2023-02-16;"quinta-feira";"21:20:00";"PB";230;2;"CABEDELO";"Ausência de reação do condutor";"Tombamento";"Com Vítimas Feridas";"Plena Noite";"Crescente";"Céu Claro";"Dupla";"Não Informado";"Sim";1;0;0;1;0;0;1;1;-6,98550166;-34,82906342;"SPRF-PB";"DEL01-PB";"UOP01-DEL01-PB"
505518;2023-02-16;"quinta-feira";"18:35:00";"RJ";101;497;"ANGRA DOS REIS";"Pedestre cruzava a pista fora da faixa";"Atropelamento de Pedestre";"Com Vítimas Feridas";"Anoitecer";"Crescente";"Nublado";"Simples";"Curva";"Não";2;0;2;0;0;0;2;1;-22,91327834;-44,33367491;"SPRF-RJ";"DEL03-RJ";"UOP02-DEL03-RJ"
505519;2023-02-16;"quinta-feira";"21:40:00";"SC";470;52,8;"BLUMENAU";"Ausência de reação do condutor";"Colisão traseira";"Com Vítimas Feridas";"Plena Noite";"Decrescente";"Céu Claro";"Simples";"Não Informado";"Não";2;0;1;0;1;0;1;2;-26,862286;-49,093903;"SPRF-SC";"DEL04-SC";"UOP01-DEL04-SC"
505522;2023-02-16;"quinta-feira";"19:00:00";"AL";101;68,2;"MESSIAS";"Velocidade Incompatível";"Capotamento";"Sem Vítimas";"Plena Noite";"Crescente";"Céu Claro";"Dupla";"Curva";"Não";1;0;0;0;1;0;0;1;-9,34924699;-35,83289449;"SPRF-AL";"DEL01-AL";"UOP02-DEL01-AL"
505523;2023-02-16;"quinta-feira";"21:50:00";"SP";116;146;"SAO JOSE DOS CAMPOS";"Reação tardia ou ineficiente do condutor";"Colisão traseira";"Com Vítimas Feridas";"Plena Noite";"Decrescente";"Céu Claro";"Dupla";"Reta";"Sim";2;0;1;0;0;1;1;2;-23,19122919;-45,86327591;"SPRF-SP";"DEL02-SP";"UOP01-DEL02-SP"
505524;2023-02-16;"quinta-feira";"20:50:00";"PE";232;125;"CARUARU";"Transitar na contramão";"Colisão frontal";"Com Vítimas Fatais";"Plena Noite";"Crescente";"Céu Claro";"Simples";"Não Informado";"Sim";5;1;1;0;3;0;1;2;-8,30807114;-35,94580097;"SPRF-PE";"DEL02-PE";"UOP01-DEL02-PE"
505528;2023-02-16;"quinta-feira";"20:10:00";"PR";373;212;"IMBITUVA";"Transitar na contramão";"Colisão frontal";"Com Vítimas Feridas";"Plena Noite";"Decrescente";"Garoa/Chuvisco";"Simples";"Reta";"Sim";7;0;3;1;3;0;4;2;-25,15350676;-50,50509611;"SPRF-PR";"DEL03-PR";"UOP01-DEL03-PR"
505530;2023-02-16;"quinta-feira";"23:00:00";"SP";116;99,5;"PINDAMONHANGABA";"Avarias e/ou desgaste excessivo no pneu";"Queda de ocupante de veículo";"Com Vítimas Feridas";"Plena Noite";"Decrescente";"Nublado";"Dupla";"Desvio Temporário";"Sim";2;0;2;0;0;0;2;1;-22,98236971;-45,46436617;"SPRF-SP";"DEL08-SP";"UOP01-DEL08-SP"
505531;2023-02-16;"quinta-feira";"22:40:00";"MG";153;53,9;"MONTE ALEGRE DE MINAS";"Demais falhas na via";"Tombamento";"Com Vítimas Feridas";"Plena Noite";"Crescente";"Nublado";"Dupla";"Reta";"Não";2;0;1;0;0;1;1;1;-18,84894639;-49,08837855;"SPRF-MG";"DEL15-MG";"UOP03-DEL15-MG"
505532;2023-02-13;"segunda-feira";"02:30:00";"RJ";101;318;"SAO GONCALO";"Ingestão de álcool e/ou substâncias psicoativas pelo pedestre";"Colisão com objeto";"Com Vítimas Feridas";"Plena Noite";"Decrescente";"Céu Claro";"Dupla";"Reta";"Não";1;0;1;0;0;0;1;1;-22,84562994;-43,09841211;"SPRF-RJ";"DEL02-RJ";"UOP02-DEL02-RJ"
505533;2023-02-16;"quinta-feira";"20:59:00";"TO";242;433;"FORMOSO DO ARAGUAIA";"Velocidade Incompatível";"Saída de leito carroçável";"Com Vítimas Fatais";"Plena Noite";"Decrescente";"Céu Claro";"Simples";"Reta";"Não";1;1;0;0;0;0;0;1;-11,88476522;-49,37717811;"SPRF-TO";"DEL01-TO";"UOP02-DEL01-TO"
505535;2023-02-16;"quinta-feira";"22:50:00";"MG";116;535,5;"SANTA RITA DE MINAS";"Chuva";"Saída de leito carroçável";"Com Vítimas Feridas";"Plena Noite";"Crescente";"Chuva";"Simples";"Não Informado";"Não";1;0;1;0;0;0;1;1;-19,85292504;-42,14058636;"SPRF-MG";"DEL06-MG";"UOP02-DEL06-MG"
505536;2023-02-16;"quinta-feira";"23:00:00";"RJ";101;325;"NITEROI";"Velocidade Incompatível";"Colisão traseira";"Com Vítimas Feridas";"Plena Noite";"Crescente";"Céu Claro";"Múltipla";"Reta";"Não";6;0;5;0;1;0;5;2;-22,87292569;-43,13625699;"SPRF-RJ";"DEL02-RJ";"UOP01-DEL02-RJ"
505537;2023-02-16;"quinta-feira";"23:40:00";"SC";470;56;"BLUMENAU";"Reação tardia ou ineficiente do condutor";"Colisão traseira";"Com Vítimas Feridas";"Plena Noite";"Crescente";"Céu Claro";"Simples";"Reta";"Sim";5;0;0;1;4;0;1;3;-26,87752819;-49,13004583;"SPRF-SC";"DEL04-SC";"UOP01-DEL04-SC"
505541;2023-02-16;"quinta-feira";"21:20:00";"PR";277;670;"MEDIANEIRA";"Ingestão de álcool pelo condutor";"Colisão frontal";"Sem Vítimas";"Plena Noite";"Decrescente";"Chuva";"Simples";"Não Informado";"Não";2;0;0;0;2;0;0;2;-25,28037085;-54,07911108;"SPRF-PR";"DEL05-PR";"UOP02-DEL05-PR"
505542;2023-02-17;"sexta-feira";"01:54:00";"PR";277;715;"SANTA TEREZINHA DE ITAIPU";"Reação tardia ou ineficiente do condutor";"Saída de leito carroçável";"Com Vítimas Feridas";"Plena Noite";"Crescente";"Céu Claro";"Dupla";"Reta";"Não";1;0;1;0;0;0;1;1;-25,46882758;-54,45810922;"SPRF-PR";"DEL05-PR";"UOP01-DEL05-PR"
505543;2023-02-17;"sexta-feira";"02:40:00";"SP";116;146;"SAO JOSE DOS CAMPOS";"Ausência de reação do condutor";"Colisão com objeto";"Sem Vítimas";"Plena Noite";"Decrescente";"Nublado";"Dupla";"Não Informado";"Sim";1;0;0;0;1;0;0;1;-23,19122919;-45,86327591;"SPRF-SP";"DEL02-SP";"UOP01-DEL02-SP"
505544;2023-02-17;"sexta-feira";"02:00:00";"PR";376;173,7;"MARINGA";"Chuva";"Saída de leito carroçável";"Com Vítimas Feridas";"Plena Noite";"Crescente";"Chuva";"Dupla";"Desvio Temporário";"Sim";1;0;1;0;0;0;1;1;-23,4172197;-51,9589231;"SPRF-PR";"DEL09-PR";"UOP01-DEL09-PR"
505550;2023-02-17;"sexta-feira";"05:10:00";"CE";116;19;"EUSEBIO";"Velocidade Incompatível";"Colisão traseira";"Com Vítimas Feridas";"Amanhecer";"Crescente";"Nublado";"Dupla";"Reta";"Não";2;0;1;0;1;0;1;2;-3,91384397;-38,50667231;"SPRF-CE";"DEL01-CE";"UOP02-DEL01-CE"
505553;2023-02-17;"sexta-feira";"05:35:00";"BA";324;594;"CANDEIAS";"Animais na Pista";"Atropelamento de Animal";"Com Vítimas Fatais";"Amanhecer";"Crescente";"Céu Claro";"Dupla";"Reta";"Sim";2;1;1;0;0;0;1;1;-12,70742041;-38,46251062;"SPRF-BA";"DEL01-BA";"UOP01-DEL01-BA"
505555;2023-02-17;"sexta-feira";"06:11:00";"RN";101;112;"SAO JOSE DE MIPIBU";"Condutor deixou de manter distância do veículo da frente";"Colisão lateral mesmo sentido";"Com Vítimas Feridas";"Pleno dia";"Decrescente";"Céu Claro";"Dupla";"Desvio Temporário";"Sim";2;0;1;0;1;0;1;2;-5,96429;-35,264877;"SPRF-RN";"DEL01-RN";"UOP01-DEL01-RN"
505557;2023-02-17;"sexta-feira";"05:40:00";"RJ";116;112,8;"MAGE";"Ausência de reação do condutor";"Queda de ocupante de veículo";"Com Vítimas Feridas";"Amanhecer";"Decrescente";"Nublado";"Dupla";"Reta";"Não";2;0;0;1;0;1;1;1;-22,59689576;-43,02413464;"SPRF-RJ";"DEL02-RJ";"UOP04-DEL02-RJ"
505558;2023-02-17;"sexta-feira";"05:50:00";"MG";365;623;"UBERLANDIA";"Acessar a via sem observar a presença dos outros veículos";"Atropelamento de Pedestre";"Com Vítimas Feridas";"Amanhecer";"Crescente";"Chuva";"Dupla";"Reta";"Sim";2;0;0;1;1;0;1;1;-18,9100325;-48,30694985;"SPRF-MG";"DEL15-MG";"UOP01-DEL15-MG"
505561;2023-02-17;"sexta-feira";"06:37:00";"RJ";116;293,8;"BARRA MANSA";"Ausência de reação do condutor";"Colisão lateral mesmo sentido";"Com Vítimas Feridas";"Pleno dia";"Crescente";"Céu Claro";"Dupla";"Reta";"Não";2;0;1;0;1;0;1;2;-22,45013044;-44,3107408;"SPRF-RJ";"DEL07-RJ";"UOP02-DEL07-RJ"
505562;2023-02-17;"sexta-feira";"05:10:00";"MS";262;369,9;"TERENOS";"Demais falhas mecânicas ou elétricas";"Incêndio";"Sem Vítimas";"Pleno dia";"Crescente";"Chuva";"Simples";"Reta";"Não";3;0;0;0;3;0;0;1;-20,482333;-54,778587;"SPRF-MS";"DEL01-MS";"UOP03-DEL01-MS"
505564;2023-02-16;"quinta-feira";"23:00:00";"PA";163;515;"TRAIRAO";"Ingestão de álcool pelo condutor";"Tombamento";"Com Vítimas Feridas";"Plena Noite";"Crescente";"Ignorado";"Simples";"Reta";"Não";2;0;2;0;0;0;2;1;-5,39482295;-55,88311177;"SPRF-PA";"DEL05-PA";"UOP02-DEL05-PA"
505565;2023-02-17;"sexta-feira";"07:10:00";"ES";101;47,6;"CONCEICAO DA BARRA";"Ultrapassagem Indevida";"Colisão com objeto";"Com Vítimas Fatais";"Pleno dia";"Crescente";"Sol";"Simples";"Não Informado";"Não";5;1;1;3;0;0;4;1;-18,56004214;-39,90021148;"SPRF-ES";"DEL04-ES";"UOP02-DEL04-ES"
505566;2023-02-17;"sexta-feira";"06:15:00";"MT";70;4;"BARRA DO GARCAS";"Acessar a via sem observar a presença dos outros veículos";"Colisão transversal";"Com Vítimas Feridas";"Pleno dia";"Decrescente";"Céu Claro";"Dupla";"Reta";"Sim";3;0;2;0;1;0;2;2;-15,87907036;-52,28563311;"SPRF-MT";"DEL07-MT";"UOP01-DEL07-MT"