"id";"data_inversa";"dia_semana";"horario";"uf";"br";"km";"municipio";"causa_acidente";"tipo_acidente";"classificacao_acidente";"fase_dia";"sentido_via";"condicao_metereologica";"tipo_pista";"tracado_via";"uso_solo";"pessoas";"mortos";"feridos_leves";"feridos_graves";"ilesos";"ignorados";"feridos";"veiculos";"latitude";"longitude";"regional";"delegacia";"uop"
505567;2023-02-17;"sexta-feira";"07:00:00";"PB";101;84;"BAYEUX";"Condutor deixou de manter distância do veículo da frente";"Colisão traseira";"Com Vítimas Feridas";"Pleno dia";"Decrescente";"Céu Claro";"Dupla";"Reta";"Sim";2;0;0;1;1;0;1;2;-7,13957906;-34,92312806;"SPRF-PB";"DEL01-PB";"UOP01-DEL01-PB"
505568;2023-02-17;"sexta-feira";"06:30:00";"PR";277;96;"CURITIBA";"Conversão proibida";"Colisão transversal";"Com Vítimas Feridas";"Pleno dia";"Decrescente";"Chuva";"Múltipla";"Reta";"Sim";3;0;1;0;2;0;1;2;-25,54577186;-49,29537197;"SPRF-PR";"DEL01-PR";"UAP06-DEL01-PR"
505569;2023-02-17;"sexta-feira";"06:40:00";"ES";259;53;"COLATINA";"Ausência de reação do condutor";"Colisão transversal";"Com Vítimas Feridas";"Pleno dia";"Crescente";"Céu Claro";"Simples";"Retorno Regulamentado";"Sim";2;0;1;0;0;1;1;2;-19,49989886;-40,62939795;"SPRF-ES";"DEL02-ES";"UOP01-DEL02-ES"
505571;2023-02-17;"sexta-feira";"07:25:00";"SP";116;223;"GUARULHOS";"Mal súbito do condutor";"Colisão traseira";"Com Vítimas Feridas";"Pleno dia";"Decrescente";"Céu Claro";"Dupla";"Reta";"Sim";2;0;0;1;1;0;1;2;-23,47559815;-46,5246609;"SPRF-SP";"DEL01-SP";"UOP01-DEL01-SP"
505572;2023-01-07;"sábado";"23:50:00";"MG";262;97,3;"ABRE CAMPO";"Velocidade Incompatível";"Atropelamento de Pedestre";"Com Vítimas Fatais";"Plena Noite";"Decrescente";"Chuva";"Simples";"Reta";"Não";2;1;0;0;0;1;0;1;-20,29066833;-42,48754605;"SPRF-MG";"DEL03-MG";"UOP03-DEL03-MG"
505575;2023-02-16;"quinta-feira";"17:30:00";"RO";435;85;"COLORADO DO OESTE";"Reação tardia ou ineficiente do condutor";"Colisão traseira";"Com Vítimas Feridas";"Pleno dia";"Decrescente";"Céu Claro";"Dupla";"Interseção de vias";"Sim";2;0;1;0;0;1;1;2;-13,125093;-60,544338;"SPRF-RO";"DEL04-RO";"UOP02-DEL04-RO"
505576;2023-02-17;"sexta-feira";"08:00:00";"SP";116;146;"SAO JOSE DOS CAMPOS";"Trafegar com motocicleta (ou similar) entre as faixas";"Colisão lateral mesmo sentido";"Com Vítimas Feridas";"Pleno dia";"Crescente";"Céu Claro";"Dupla";"Desvio Temporário";"Sim";2;0;1;0;1;0;1;2;-23,1819323;-45,81659317;"SPRF-SP";"DEL02-SP";"UOP01-DEL02-SP"
505577;2023-02-17;"sexta-feira";"07:40:00";"RS";470;218,8;"BENTO GONCALVES";"Velocidade Incompatível";"Saída de leito carroçável";"Com Vítimas Feridas";"Pleno dia";"Decrescente";"Garoa/Chuvisco";"Simples";"Não Informado";"Não";1;0;1;0;0;0;1;1;-29,17292214;-51,52424936;"SPRF-RS";"DEL06-RS";"UOP01-DEL06-RS"
505578;2023-02-17;"sexta-feira";"07:45:00";"RS";287;393;"SANTIAGO";"Desrespeitar a preferência no cruzamento";"Colisão transversal";"Com Vítimas Feridas";"Pleno dia";"Decrescente";"Céu Claro";"Simples";"Não Informado";"Não";5;0;2;0;3;0;2;2;-29,21663998;-54,84352654;"SPRF-RS";"DEL12-RS";"UOP02-DEL12-RS"
505581;2023-02-16;"quinta-feira";"12:14:00";"RJ";116;271;"BARRA MANSA";"Ausência de reação do condutor";"Atropelamento de Pedestre";"Com Vítimas Fatais";"Pleno dia";"Crescente";"Céu Claro";"Dupla";"Não Informado";"Sim";2;1;0;0;0;1;0;1;-22,560883;-44,12224;"SPRF-RJ";"DEL07-RJ";"UOP02-DEL07-RJ"
505582;2023-02-17;"sexta-feira";"08:00:00";"PE";232;198,4;"SANHARO";"Acessar a via sem observar a presença dos outros veículos";"Colisão transversal";"Com Vítimas Feridas";"Pleno dia";"Crescente";"Céu Claro";"Simples";"Reta";"Não";2;0;1;1;0;0;2;2;-8,36941743;-36,58942097;"SPRF-PE";"DEL03-PE";"UOP02-DEL03-PE"
505583;2023-02-17;"sexta-feira";"08:25:00";"MG";381;676;"PERDOES";"Reação tardia ou ineficiente do condutor";"Colisão traseira";"Com Vítimas Feridas";"Pleno dia";"Decrescente";"Sol";"Simples";"Não Informado";"Sim";3;0;1;1;1;0;2;2;-21,12375684;-45,09790729;"SPRF-MG";"DEL04-MG";"UOP02-DEL04-MG"
505584;2023-02-17;"sexta-feira";"08:00:00";"SE";235;4;"NOSSA SENHORA DO SOCORRO";"Condutor deixou de manter distância do veículo da frente";"Colisão lateral mesmo sentido";"Com Vítimas Feridas";"Pleno dia";"Decrescente";"Céu Claro";"Dupla";"Reta";"Sim";2;0;1;1;0;0;2;2;-10,9064;-37,1197;"SPRF-SE";"DEL01-SE";"UOP01-DEL01-SE"
505585;2023-02-17;"sexta-feira";"07:00:00";"MG";40;622,1;"CONSELHEIRO LAFAIETE";"Retorno proibido";"Colisão transversal";"Com Vítimas Feridas";"Pleno dia";"Crescente";"Céu Claro";"Simples";"Reta";"Não";2;0;1;0;1;0;1;2;-20,598972;-43,805298;"SPRF-MG";"DEL05-MG";"UOP02-DEL05-MG"
505587;2023-02-17;"sexta-feira";"08:20:00";"SC";282;4,3;"FLORIANOPOLIS";"Condutor deixou de manter distância do veículo da frente";"Colisão lateral mesmo sentido";"Com Vítimas Feridas";"Pleno dia";"Decrescente";"Nublado";"Simples";"Interseção de vias";"Sim";2;0;2;0;0;0;2;2;-27,592646;-48,604034;"SPRF-SC";"DEL01-SC";"UOP01-DEL01-SC"
505588;2023-02-17;"sexta-feira";"08:30:00";"PR";116;96;"SAO JOSE DOS PINHAIS";"Reação tardia ou ineficiente do condutor";"Queda de ocupante de veículo";"Com Vítimas Feridas";"Pleno dia";"Crescente";"Chuva";"Múltipla";"Reta";"Sim";1;0;1;0;0;0;1;1;-25,5385693;-49,15008545;"SPRF-PR";"DEL01-PR";"UOP07-DEL01-PR"
505595;2023-02-17;"sexta-feira";"06:47:00";"MG";40;245;"SAO GONCALO DO ABAETE";"Acumulo de óleo sobre o pavimento";"Colisão com objeto";"Com Vítimas Feridas";"Pleno dia";"Crescente";"Nublado";"Simples";"Desvio Temporário";"Não";2;0;2;0;0;0;2;1;-18,0946169;-45,47580786;"SPRF-MG";"DEL14-MG";"UOP02-DEL14-MG"
505597;2023-02-17;"sexta-feira";"08:50:00";"SP";116;138;"SAO JOSE DOS CAMPOS";"Ultrapassagem Indevida";"Colisão lateral mesmo sentido";"Com Vítimas Feridas";"Pleno dia";"Crescente";"Céu Claro";"Dupla";"Reta";"Não";3;0;2;0;1;0;2;2;-23,14874471;-45,77863714;"SPRF-SP";"DEL02-SP";"UOP01-DEL02-SP"
505598;2023-02-17;"sexta-feira";"09:05:00";"SC";101;344;"TUBARAO";"Ausência de reação do condutor";"Colisão traseira";"Sem Vítimas";"Pleno dia";"Decrescente";"Céu Claro";"Múltipla";"Reta";"Sim";5;0;0;0;5;0;0;2;-28,53647889;-49,0531826;"SPRF-SC";"DEL02-SC";"UOP01-DEL02-SC"
505599;2023-02-11;"sábado";"12:20:00";"BA";30;336;"BRUMADO";"Ultrapassagem Indevida";"Saída de leito carroçável";"Com Vítimas Feridas";"Pleno dia";"Crescente";"Céu Claro";"Simples";"Não Informado";"Não";2;0;1;0;0;1;1;1;-14,2279413;-41,92990996;"SPRF-BA";"DEL08-BA";"UOP01-DEL08-BA"
505601;2023-02-17;"sexta-feira";"08:30:00";"SP";116;282;"EMBU DAS ARTES";"Reação tardia ou ineficiente do condutor";"Colisão com objeto";"Com Vítimas Feridas";"Amanhecer";"Crescente";"Nublado";"Dupla";"Não Informado";"Sim";2;0;2;0;0;0;2;1;-23,68570216;-46,85970975;"SPRF-SP";"DEL04-SP";"UOP01-DEL04-SP"
505602;2023-02-17;"sexta-feira";"10:05:00";"CE";116;13,5;"FORTALEZA";"Acesso irregular";"Colisão lateral mesmo sentido";"Com Vítimas Feridas";"Pleno dia";"Decrescente";"Céu Claro";"Múltipla";"Não Informado";"Sim";1;0;1;0;0;0;1;1;-3,85965169;-38,49645853;"SPRF-CE";"DEL01-CE";"UOP02-DEL01-CE"
505603;2023-02-17;"sexta-feira";"09:52:00";"PB";101;88;"JOAO PESSOA";"Avarias e/ou desgaste excessivo no pneu";"Tombamento";"Com Vítimas Feridas";"Pleno dia";"Decrescente";"Céu Claro";"Simples";"Curva";"Sim";2;0;1;1;0;0;2;1;-7,16470016;-34,89993643;"SPRF-PB";"DEL01-PB";"UOP01-DEL01-PB"
505605;2023-02-13;"segunda-feira";"15:45:00";"PR";467;81;"TOLEDO";"Acessar a via sem observar a presença dos outros veículos";"Colisão transversal";"Com Vítimas Feridas";"Pleno dia";"Decrescente";"Chuva";"Dupla";"Reta";"Não";3;0;3;0;0;0;3;2;-24,7961;-53,6747;"SPRF-PR";"DEL04-PR";"UOP01-DEL04-PR"
505606;2023-02-17;"sexta-feira";"10:00:00";"DF";20;21;"BRASILIA";"Avarias e/ou desgaste excessivo no pneu";"Colisão traseira";"Com Vítimas Feridas";"Pleno dia";"Crescente";"Chuva";"Dupla";"Reta";"Sim";7;0;3;0;4;0;3;4;-15,603384;-47,684692;"SPRF-DF";"DEL02-DF";"UOP01-DEL02-DF"
505608;2023-02-09;"quinta-feira";"23:25:00";"RJ";116;78;"TERESOPOLIS";"Acessar a via sem observar a presença dos outros veículos";"Colisão frontal";"Com Vítimas Fatais";"Plena Noite";"Crescente";"Céu Claro";"Simples";"Reta";"Não";3;1;1;0;0;1;1;3;-22,37408687;-42,95260496;"SPRF-RJ";"DEL04-RJ";"UOP01-DEL04-RJ"
505610;2023-02-17;"sexta-feira";"09:55:00";"CE";222;63,4;"SAO GONCALO DO AMARANTE";"Acessar a via sem observar a presença dos outros veículos";"Colisão transversal";"Com Vítimas Feridas";"Pleno dia";"Crescente";"Sol";"Múltipla";"Reta";"Sim";2;0;1;0;1;0;1;2;-3,6717776;-39,10726798;"SPRF-CE";"DEL01-CE";"UOP03-DEL01-CE"
505613;2023-02-17;"sexta-feira";"07:50:00";"SP";116;445;"REGISTRO";"Manobra de mudança de faixa";"Colisão lateral mesmo sentido";"Com Vítimas Feridas";"Pleno dia";"Decrescente";"Céu Claro";"Simples";"Reta";"Sim";3;0;1;0;2;0;1;2;-24,49790715;-47,84208686;"SPRF-SP";"DEL05-SP";"UOP01-DEL05-SP"
505614;2023-02-05;"domingo";"11:30:00";"MA";135;6;"SAO LUIS";"Condutor deixou de manter distância do veículo da frente";"Queda de ocupante de veículo";"Com Vítimas Feridas";"Pleno dia";"Decrescente";"Céu Claro";"Dupla";"Reta";"Sim";5;0;2;1;1;1;3;2;-2,62877986;-44,26321818;"SPRF-MA";"DEL01-MA";"UOP01-DEL01-MA"
505615;2023-01-28;"sábado";"15:30:00";"MG";262;120,5;"RIO CASCA";"Acessar a via sem observar a presença dos outros veículos";"Colisão transversal";"Com Vítimas Feridas";"Pleno dia";"Decrescente";"Céu Claro";"Simples";"Reta";"Não";3;0;1;1;1;0;2;2;-20,21946878;-42,65064354;"SPRF-MG";"DEL03-MG";"UOP03-DEL03-MG"
505616;2023-02-17;"sexta-feira";"11:05:00";"MG";381;498,2;"BETIM";"Manobra de mudança de faixa";"Queda de ocupante de veículo";"Com Vítimas Feridas";"Pleno dia";"Decrescente";"Céu Claro";"Dupla";"Curva";"Sim";1;0;1;0;0;0;1;1;-20,01172662;-44,21976041;"SPRF-MG";"DEL01-MG";"UOP03-DEL01-MG"
505617;2023-02-17;"sexta-feira";"06:45:00";"SC";116;140,7;"SANTA CECILIA";"Velocidade Incompatível";"Colisão lateral sentido oposto";"Sem Vítimas";"Pleno dia";"Crescente";"Nublado";"Simples";"Reta";"Sim";2;0;0;0;1;1;0;2;-26,96943119;-50,40694714;"SPRF-SC";"DEL06-SC";"UOP02-DEL06-SC"
505619;2023-02-17;"sexta-feira";"10:45:00";"SC";101;328;"CAPIVARI DE BAIXO";"Ausência de reação do condutor";"Colisão traseira";"Com Vítimas Feridas";"Pleno dia";"Decrescente";"Garoa/Chuvisco";"Dupla";"Reta";"Não";7;0;1;0;6;0;1;2;-28,43648094;-48,95989307;"SPRF-SC";"DEL02-SC";"UOP01-DEL02-SC"
505620;2023-02-17;"sexta-feira";"10:51:00";"PB";230;17;"JOAO PESSOA";"Ausência de reação do condutor";"Colisão traseira";"Com Vítimas Feridas";"Pleno dia";"Decrescente";"Céu Claro";"Dupla";"Reta";"Sim";5;0;1;0;4;0;1;4;-7,1121;-34,8426;"SPRF-PB";"DEL01-PB";"UOP01-DEL01-PB"
505621;2023-02-17;"sexta-feira";"10:50:00";"ES";101;61;"SAO MATEUS";"Ausência de reação do condutor";"Colisão traseira";"Sem Vítimas";"Pleno dia";"Decrescente";"Céu Claro";"Simples";"Reta";"Sim";2;0;0;0;2;0;0;2;-18,68153217;-39,86364755;"SPRF-ES";"DEL04-ES";"UOP02-DEL04-ES"
505622;2023-02-17;"sexta-feira";"10:10:00";"SC";101;95,3;"BARRA VELHA";"Trafegar com motocicleta (ou similar) entre as faixas";"Colisão lateral mesmo sentido";"Com Vítimas Feridas";"Pleno dia";"Crescente";"Nublado";"Múltipla";"Não Informado";"Não";2;0;1;0;1;0;1;2;-26,70876413;-48,70221065;"SPRF-SC";"DEL03-SC";"UOP02-DEL03-SC"
505623;2023-02-17;"sexta-feira";"11:10:00";"ES";262;106;"VENDA NOVA DO IMIGRANTE";"Acessar a via sem observar a presença dos outros veículos";"Colisão transversal";"Com Vítimas Feridas";"Pleno dia";"Decrescente";"Céu Claro";"Simples";"Reta";"Sim";2;0;0;1;1;0;1;2;-20,32620639;-41,14442285;"SPRF-ES";"DEL01-ES";"UOP02-DEL01-ES"
505624;2023-02-17;"sexta-feira";"10:00:00";"SC";101;93;"BARRA VELHA";"Trafegar com motocicleta (ou similar) entre as faixas";"Atropelamento de Pedestre";"Com Vítimas Feridas";"Pleno dia";"Crescente";"Nublado";"Dupla";"Reta";"Não";3;0;2;0;1;0;2;2;-26,6899011;-48,69663873;"SPRF-SC";"DEL03-SC";"UOP02-DEL03-SC"
505626;2023-02-17;"sexta-feira";"11:05:00";"MG";381;636,5;"SANTO ANTONIO DO AMPARO";"Acumulo de óleo sobre o pavimento";"Colisão com objeto";"Com Vítimas Feridas";"Pleno dia";"Decrescente";"Chuva";"Dupla";"Não Informado";"Não";4;0;4;0;0;0;4;1;-20,89141186;-44,8525565;"SPRF-MG";"DEL04-MG";"UOP01-DEL04-MG"
505630;2023-02-17;"sexta-feira";"10:45:00";"GO";50;274;"CATALAO";"Retorno proibido";"Colisão lateral mesmo sentido";"Sem Vítimas";"Pleno dia";"Crescente";"Céu Claro";"Dupla";"Reta";"Não";3;0;0;0;3;0;0;2;-18,1392;-47,9059;"SPRF-GO";"DEL06-GO";"UOP01-DEL06-GO"
505632;2023-02-17;"sexta-feira";"11:45:00";"SP";381;61;"MAIRIPORA";"Curva acentuada";"Colisão com objeto";"Sem Vítimas";"Pleno dia";"Crescente";"Céu Claro";"Múltipla";"Curva";"Não";1;0;0;0;1;0;0;1;-23,29011611;-46,5800681;"SPRF-SP";"DEL03-SP";"UOP01-DEL03-SP"
505633;2023-02-17;"sexta-feira";"12:40:00";"SP";381;61;"MAIRIPORA";"Reação tardia ou ineficiente do condutor";"Queda de ocupante de veículo";"Com Vítimas Feridas";"Pleno dia";"Crescente";"Céu Claro";"Dupla";"Curva";"Não";1;0;0;1;0;0;1;1;-23,29011611;-46,5800681;"SPRF-SP";"DEL03-SP";"UOP01-DEL03-SP"
505634;2023-02-17;"sexta-feira";"08:17:00";"SP";116;442;"REGISTRO";"Ausência de reação do condutor";"Colisão traseira";"Com Vítimas Feridas";"Pleno dia";"Crescente";"Céu Claro";"Dupla";"Reta";"Não";3;0;1;0;2;0;1;2;-24,47609886;-47,8273532;"SPRF-SP";"DEL05-SP";"UOP01-DEL05-SP"
505635;2023-02-17;"sexta-feira";"11:20:00";"RO";364;711;"PORTO VELHO";"Acessar a via sem observar a presença dos outros veículos";"Colisão traseira";"Com Vítimas Feridas";"Pleno dia";"Decrescente";"Sol";"Dupla";"Reta";"Sim";2;0;1;0;1;0;1;2;-8,78197879;-63,86543697;"SPRF-RO";"DEL01-RO";"UOP01-DEL01-RO"
505637;2023-02-17;"sexta-feira";"08:30:00";"SP";116;442;"REGISTRO";"Reação tardia ou ineficiente do condutor";"Saída de leito carroçável";"Com Vítimas Feridas";"Pleno dia";"Crescente";"Céu Claro";"Dupla";"Reta";"Sim";5;0;1;0;4;0;1;2;-24,47609886;-47,8273532;"SPRF-SP";"DEL05-SP";"UOP01-DEL05-SP"
505638;2023-02-17;"sexta-feira";"10:00:00";"SP";116;440;"REGISTRO";"Reação tardia ou ineficiente do condutor";"Colisão traseira";"Com Vítimas Feridas";"Pleno dia";"Crescente";"Céu Claro";"Dupla";"Não Informado";"Sim";4;0;1;0;3;0;1;2;-24,46159507;-47,81713991;"SPRF-SP";"DEL05-SP";"UOP01-DEL05-SP"
505639;2023-02-17;"sexta-feira";"11:20:00";"SC";101;142;"BALNEARIO CAMBORIU";"Ausência de reação do condutor";"Colisão lateral mesmo sentido";"Com Vítimas Feridas";"Pleno dia";"Crescente";"Sol";"Múltipla";"Desvio Temporário";"Não";2;0;1;1;0;0;2;1;-27,056089;-48,599449;"SPRF-SC";"DEL04-SC";"UOP03-DEL04-SC"
505640;2023-02-17;"sexta-feira";"11:55:00";"CE";304;55;"ARACATI";"Acesso irregular";"Colisão transversal";"Com Vítimas Feridas";"Pleno dia";"Crescente";"Céu Claro";"Simples";"Reta";"Sim";3;0;1;0;2;0;1;2;-4,58046268;-37,71961988;"SPRF-CE";"DEL03-CE";"UOP03-DEL03-CE"
505641;2023-02-17;"sexta-feira";"09:30:00";"MT";163;742;"SORRISO";"Reação tardia ou ineficiente do condutor";"Saída de leito carroçável";"Com Vítimas Feridas";"Pleno dia";"Crescente";"Céu Claro";"Simples";"Reta";"Não";1;0;1;0;0;0;1;1;-12,73209396;-55,83052739;"SPRF-MT";"DEL06-MT";"UOP01-DEL06-MT"
505642;2023-02-17;"sexta-feira";"12:31:00";"PB";101;109;"ALHANDRA";"Acessar a via sem observar a presença dos outros veículos";"Colisão transversal";"Com Vítimas Feridas";"Pleno dia";"Decrescente";"Céu Claro";"Dupla";"Reta";"Sim";3;0;0;1;2;0;1;2;-7,34361299;-34,94797909;"SPRF-PB";"DEL01-PB";"UOP02-DEL01-PB"
505643;2023-02-17;"sexta-feira";"13:05:00";"SC";101;199,8;"SAO JOSE";"Demais falhas mecânicas ou elétricas";"Queda de ocupante de veículo";"Com Vítimas Feridas";"Pleno dia";"Crescente";"Nublado";"Múltipla";"Desvio Temporário";"Sim";2;0;0;1;1;0;1;1;-27,53413705;-48,63003205;"SPRF-SC";"DEL01-SC";"UOP01-DEL01-SC"
505645;2023-02-11;"sábado";"18:10:00";"RO";364;343;"JI-PARANA";"Reação tardia ou ineficiente do condutor";"Colisão traseira";"Com Vítimas Feridas";"Anoitecer";"Crescente";"Ignorado";"Dupla";"Reta";"Sim";3;0;1;0;2;0;1;2;-10,87878519;-61,94499012;"SPRF-RO";"DEL02-RO";"UOP01-DEL02-RO"
505646;2023-02-17;"sexta-feira";"13:15:00";"RJ";101;474;"ANGRA DOS REIS";"Transitar na contramão";"Colisão frontal";"Com Vítimas Fatais";"Pleno dia";"Decrescente";"Céu Claro";"Simples";"Curva";"Não";2;1;0;0;1;0;0;2;-22,99872321;-44,25494671;"SPRF-RJ";"DEL03-RJ";"UOP02-DEL03-RJ"
505647;2023-02-17;"sexta-feira";"13:30:00";"MG";381;609;"OLIVEIRA";"Velocidade Incompatível";"Saída de leito carroçável";"Com Vítimas Feridas";"Pleno dia";"Decrescente";"Chuva";"Dupla";"Reta";"Não";2;0;2;0;0;0;2;1;-20,70021201;-44,74879926;"SPRF-MG";"DEL04-MG";"UOP01-DEL04-MG"
505649;2023-02-17;"sexta-feira";"13:00:00";"DF";70;0,5;"BRASILIA";"Avarias e/ou desgaste excessivo no pneu";"Capotamento";"Com Vítimas Feridas";"Pleno dia";"Decrescente";"Chuva";"Múltipla";"Não Informado";"Sim";2;0;2;0;0;0;2;1;-15,792352;-48,054509;"SPRF-DF";"DEL01-DF";"UOP03-DEL01-DF"
505653;2023-02-17;"sexta-feira";"13:30:00";"MG";116;412;"GOVERNADOR VALADARES";"Desrespeitar a preferência no cruzamento";"Colisão transversal";"Com Vítimas Feridas";"Pleno dia";"Decrescente";"Céu Claro";"Simples";"Interseção de vias";"Sim";2;0;1;0;1;0;1;2;-18,86882342;-41,97144241;"SPRF-MG";"DEL06-MG";"UOP01-DEL06-MG"
505654;2023-02-17;"sexta-feira";"11:45:00";"MG";116;499,7;"INHAPIM";"Acessar a via sem observar a presença dos outros veículos";"Colisão transversal";"Com Vítimas Feridas";"Pleno dia";"Crescente";"Sol";"Simples";"Não Informado";"Sim";2;0;1;0;1;0;1;2;-19,56043716;-42,12310553;"SPRF-MG";"DEL06-MG";"UOP02-DEL06-MG"
505655;2023-02-17;"sexta-feira";"12:30:00";"MG";40;509,7;"RIBEIRAO DAS NEVES";"Acumulo de areia ou detritos sobre o pavimento";"Queda de ocupante de veículo";"Com Vítimas Feridas";"Pleno dia";"Crescente";"Sol";"Dupla";"Não Informado";"Sim";1;0;1;0;0;0;1;1;-19,76728744;-44,12855905;"SPRF-MG";"DEL01-MG";"UOP02-DEL01-MG"
505656;2023-02-17;"sexta-feira";"14:30:00";"ES";262;29,4;"DOMINGOS MARTINS";"Manobra de mudança de faixa";"Colisão traseira";"Com Vítimas Feridas";"Pleno dia";"Crescente";"Céu Claro";"Simples";"Curva";"Não";3;0;1;1;1;0;2;2;-20,37585099;-40,56027297;"SPRF-ES";"DEL01-ES";"UOP01-DEL01-ES"
505658;2023-02-17;"sexta-feira";"11:52:00";"CE";116;320;"JAGUARIBE";"Ingestão de álcool e/ou substâncias psicoativas pelo pedestre";"Colisão transversal";"Com Vítimas Feridas";"Pleno dia";"Decrescente";"Céu Claro";"Simples";"Não Informado";"Não";4;0;1;0;3;0;1;2;-5,99085214;-38,62819672;"SPRF-CE";"DEL05-CE";"UOP02-DEL05-CE"
505660;2023-02-17;"sexta-feira";"12:55:00";"RO";364;343;"JI-PARANA";"Ausência de reação do condutor";"Tombamento";"Com Vítimas Feridas";"Pleno dia";"Decrescente";"Sol";"Dupla";"Reta";"Sim";1;0;1;0;0;0;1;1;-10,87878519;-61,94499012;"SPRF-RO";"DEL02-RO";"UOP01-DEL02-RO"
505661;2023-02-17;"sexta-feira";"12:33:00";"GO";153;31;"PORANGATU";"Acumulo de água sobre o pavimento";"Saída de leito carroçável";"Com Vítimas Feridas";"Pleno dia";"Crescente";"Chuva";"Simples";"Reta";"Não";2;0;2;0;0;0;2;1;-13,095159;-49,195751;"SPRF-GO";"DEL07-GO";"UOP01-DEL07-GO"
505662;2023-02-17;"sexta-feira";"15:20:00";"PR";116;43;"CAMPINA GRANDE DO SUL";"Reação tardia ou ineficiente do condutor";"Tombamento";"Com Vítimas Feridas";"Pleno dia";"Crescente";"Chuva";"Simples";"Curva";"Não";1;0;1;0;0;0;1;1;-25,18101149;-48,88196442;"SPRF-PR";"DEL01-PR";"UOP02-DEL01-PR"
505664;2023-02-17;"sexta-feira";"14:40:00";"CE";222;165;"IRAUCUBA";"Chuva";"Saída de leito carroçável";"Com Vítimas Feridas";"Pleno dia";"Crescente";"Chuva";"Simples";"Reta";"Não";4;0;2;0;2;0;2;1;-3,73669498;-39,91720002;"SPRF-CE";"DEL04-CE";"UOP03-DEL04-CE"
505665;2023-02-17;"sexta-feira";"15:40:00";"PE";104;92;"AGRESTINA";"Ausência de reação do condutor";"Colisão frontal";"Com Vítimas Feridas";"Pleno dia";"Crescente";"Céu Claro";"Simples";"Curva";"Não";4;0;1;0;2;1;1;3;-8,496525;-35,948009;"SPRF-PE";"DEL02-PE";"UOP03-DEL02-PE"
505667;2023-01-24;"terça-feira";"13:15:00";"RO";319;64;"PORTO VELHO";"Entrada inopinada do pedestre";"Atropelamento de Pedestre";"Com Vítimas Feridas";"Pleno dia";"Crescente";"Céu Claro";"Dupla";"Reta";"Sim";3;0;2;0;1;0;2;2;-8,76811288;-63,88412476;"SPRF-RO";"DEL01-RO";"UOP01-DEL01-RO"
505668;2023-02-17;"sexta-feira";"15:40:00";"ES";101;259;"SERRA";"Demais falhas mecânicas ou elétricas";"Colisão lateral mesmo sentido";"Com Vítimas Feridas";"Pleno dia";"Crescente";"Céu Claro";"Simples";"Curva";"Não";2;0;1;0;1;0;1;2;-20,138397;-40,292213;"SPRF-ES";"DEL02-ES";"UOP01-DEL02-ES"
505669;2023-02-17;"sexta-feira";"15:30:00";"PR";116;44;"CAMPINA GRANDE DO SUL";"Chuva";"Saída de leito carroçável";"Com Vítimas Feridas";"Pleno dia";"Crescente";"Chuva";"Dupla";"Curva";"Não";1;0;1;0;0;0;1;1;-25,1882321;-48,88492529;"SPRF-PR";"DEL01-PR";"UOP02-DEL01-PR"
505670;2023-02-17;"sexta-feira";"15:45:00";"PR";277;168;"PALMEIRA";"Reação tardia ou ineficiente do condutor";"Capotamento";"Com Vítimas Feridas";"Pleno dia";"Decrescente";"Nublado";"Simples";"Reta";"Sim";3;0;2;0;1;0;2;1;-25,46413908;-49,91312702;"SPRF-PR";"DEL03-PR";"UOP03-DEL03-PR"
505671;2023-02-17;"sexta-feira";"15:30:00";"ES";101;267;"SERRA";"Reação tardia ou ineficiente do condutor";"Colisão lateral mesmo sentido";"Com Vítimas Feridas";"Pleno dia";"Crescente";"Céu Claro";"Dupla";"Reta";"Sim";2;0;1;0;1;0;1;2;-20,19930999;-40,26884609;"SPRF-ES";"DEL02-ES";"UOP01-DEL02-ES"
505675;2023-02-17;"sexta-feira";"14:30:00";"MT";163;78,5;"RONDONOPOLIS";"Acumulo de água sobre o pavimento";"Saída de leito carroçável";"Com Vítimas Feridas";"Pleno dia";"Crescente";"Chuva";"Dupla";"Reta";"Não";1;0;1;0;0;0;1;1;-16,834042;-54,699013;"SPRF-MT";"DEL02-MT";"UOP03-DEL02-MT"
505676;2023-02-17;"sexta-feira";"16:20:00";"MG";40;625,7;"CONSELHEIRO LAFAIETE";"Ausência de reação do condutor";"Tombamento";"Com Vítimas Feridas";"Pleno dia";"Decrescente";"Chuva";"Simples";"Reta";"Não";1;0;1;0;0;0;1;1;-20,61943389;-43,80624635;"SPRF-MG";"DEL05-MG";"UOP02-DEL05-MG"
505677;2023-02-17;"sexta-feira";"16:00:00";"MG";381;902;"CAMBUI";"Frear bruscamente";"Tombamento";"Com Vítimas Feridas";"Pleno dia";"Crescente";"Nublado";"Dupla";"Curva";"Não";1;0;1;0;0;0;1;1;-22,63903238;-46,080235;"SPRF-MG";"DEL16-MG";"UOP03-DEL16-MG"
505678;2023-02-17;"sexta-feira";"13:00:00";"RJ";101;474;"ANGRA DOS REIS";"Ultrapassagem Indevida";"Colisão lateral mesmo sentido";"Com Vítimas Feridas";"Pleno dia";"Decrescente";"Nublado";"Simples";"Curva";"Não";2;0;1;0;1;0;1;2;-22,99498627;-44,24919963;"SPRF-RJ";"DEL03-RJ";"UOP02-DEL03-RJ"