"id";"data_inversa";"dia_semana";"horario";"uf";"br";"km";"municipio";"causa_acidente";"tipo_acidente";"classificacao_acidente";"fase_dia";"sentido_via";"condicao_metereologica";"tipo_pista";"tracado_via";"uso_solo";"pessoas";"mortos";"feridos_leves";"feridos_graves";"ilesos";"ignorados";"feridos";"veiculos";"latitude";"longitude";"regional";"delegacia";"uop"
505679;2023-02-17;"sexta-feira";"15:15:00";"SP";116;417;"JUQUIA";"Reação tardia ou ineficiente do condutor";"Colisão com objeto";"Com Vítimas Feridas";"Pleno dia";"Crescente";"Chuva";"Dupla";"Curva";"Não";5;0;1;0;4;0;1;1;-24,348866;-47,651479;"SPRF-SP";"DEL05-SP";"UOP01-DEL05-SP"
505681;2023-02-17;"sexta-feira";"16:30:00";"SC";101;332,9;"TUBARAO";"Condutor deixou de manter distância do veículo da frente";"Colisão traseira";"Sem Vítimas";"Pleno dia";"Decrescente";"Chuva";"Dupla";"Reta";"Sim";2;0;0;0;2;0;0;2;-28,46016431;-48,98968873;"SPRF-SC";"DEL02-SC";"UOP01-DEL02-SC"
505684;2023-02-17;"sexta-feira";"15:40:00";"MG";50;153;"UBERABA";"Obras na pista";"Eventos atípicos";"Com Vítimas Feridas";"Pleno dia";"Crescente";"Céu Claro";"Dupla";"Não Informado";"Não";2;0;0;1;1;0;1;1;-19,59125905;-48,02849514;"SPRF-MG";"DEL13-MG";"UOP01-DEL13-MG"
505685;2023-02-17;"sexta-feira";"15:20:00";"PR";280;289,9;"FLOR DA SERRA DO SUL";"Desrespeitar a preferência no cruzamento";"Colisão transversal";"Com Vítimas Feridas";"Pleno dia";"Decrescente";"Nublado";"Simples";"Interseção de vias";"Sim";7;0;1;0;6;0;1;2;-26,25576694;-53,30004204;"SPRF-PR";"DEL02-PR";"UOP01-DEL02-PR"
505690;2023-02-17;"sexta-feira";"17:20:00";"PI";343;12;"PARNAIBA";"Manobra de mudança de faixa";"Colisão lateral mesmo sentido";"Com Vítimas Feridas";"Pleno dia";"Crescente";"Céu Claro";"Dupla";"Interseção de vias";"Sim";2;0;1;0;1;0;1;2;-2,910035;-41,753662;"SPRF-PI";"DEL05-PI";"UOP01-DEL05-PI"
505691;2023-02-17;"sexta-feira";"12:27:00";"PA";230;1124;"ITAITUBA";"Reação tardia ou ineficiente do condutor";"Saída de leito carroçável";"Com Vítimas Feridas";"Pleno dia";"Crescente";"Nublado";"Simples";"Reta";"Não";1;0;1;0;0;0;1;1;-4,3837237;-55,87127611;"SPRF-PA";"DEL05-PA";"UOP02-DEL05-PA"
505694;2023-02-17;"sexta-feira";"17:35:00";"MG";40;790,5;"JUIZ DE FORA";"Chuva";"Queda de ocupante de veículo";"Com Vítimas Feridas";"Pleno dia";"Decrescente";"Chuva";"Dupla";"Curva";"Não";1;0;0;1;0;0;1;1;-21,77130707;-43,43618608;"SPRF-MG";"DEL05-MG";"UOP01-DEL05-MG"
505695;2023-02-17;"sexta-feira";"16:35:00";"RS";158;439,9;"ROSARIO DO SUL";"Ausência de reação do condutor";"Saída de leito carroçável";"Com Vítimas Feridas";"Pleno dia";"Decrescente";"Nublado";"Simples";"Curva";"Não";1;0;1;0;0;0;1;1;-30,17781132;-54,69774127;"SPRF-RS";"DEL11-RS";"UOP02-DEL11-RS"
505697;2023-02-17;"sexta-feira";"12:40:00";"BA";116;277;"TUCANO";"Acessar a via sem observar a presença dos outros veículos";"Colisão transversal";"Com Vítimas Feridas";"Pleno dia";"Decrescente";"Céu Claro";"Simples";"Interseção de vias";"Sim";2;0;0;1;1;0;1;2;-10,98605827;-38,80013655;"SPRF-BA";"DEL07-BA";"UOP02-DEL07-BA"
505698;2023-02-17;"sexta-feira";"15:25:00";"MG";381;330;"NOVA ERA";"Ausência de reação do condutor";"Colisão traseira";"Sem Vítimas";"Pleno dia";"Decrescente";"Céu Claro";"Dupla";"Não Informado";"Sim";3;0;0;0;3;0;0;3;-19,78715144;-43,05117784;"SPRF-MG";"DEL03-MG";"UOP01-DEL03-MG"
505699;2023-02-17;"sexta-feira";"11:30:00";"RJ";354;10;"RESENDE";"Reação tardia ou ineficiente do condutor";"Tombamento";"Com Vítimas Feridas";"Pleno dia";"Crescente";"Céu Claro";"Simples";"Curva";"Não";2;0;0;1;1;0;1;1;-22,420673;-44,744442;"SPRF-RJ";"DEL07-RJ";"UOP02-DEL07-RJ"
505700;2023-02-17;"sexta-feira";"10:45:00";"BA";324;598;"SIMOES FILHO";"Reação tardia ou ineficiente do condutor";"Colisão traseira";"Sem Vítimas";"Pleno dia";"Decrescente";"Sol";"Dupla";"Reta";"Não";3;0;0;0;3;0;0;2;-12,73432323;-38,44227717;"SPRF-BA";"DEL01-BA";"UOP01-DEL01-BA"
505701;2023-02-17;"sexta-feira";"15:00:00";"PR";153;113,5;"IBAITI";"Demais falhas mecânicas ou elétricas";"Queda de ocupante de veículo";"Com Vítimas Fatais";"Pleno dia";"Crescente";"Nublado";"Simples";"Desvio Temporário";"Não";1;1;0;0;0;0;0;1;-23,87864123;-50,20478796;"SPRF-PR";"DEL07-PR";"UOP04-DEL07-PR"
505702;2023-02-17;"sexta-feira";"15:00:00";"ES";259;8;"JOAO NEIVA";"Reação tardia ou ineficiente do condutor";"Colisão traseira";"Com Vítimas Feridas";"Pleno dia";"Crescente";"Céu Claro";"Simples";"Não Informado";"Não";3;0;1;0;2;0;1;2;-19,68073376;-40,39141693;"SPRF-ES";"DEL02-ES";"UOP01-DEL02-ES"
505703;2023-02-17;"sexta-feira";"17:30:00";"PE";232;9,6;"JABOATAO DOS GUARARAPES";"Condutor deixou de manter distância do veículo da frente";"Colisão traseira";"Com Vítimas Feridas";"Anoitecer";"Crescente";"Céu Claro";"Dupla";"Não Informado";"Sim";2;0;1;0;0;1;1;2;-8,078962;-34,984437;"SPRF-PE";"DEL01-PE";"UOP01-DEL01-PE"
505704;2023-02-17;"sexta-feira";"17:20:00";"SC";282;20,2;"PALHOCA";"Trafegar com motocicleta (ou similar) entre as faixas";"Colisão lateral mesmo sentido";"Com Vítimas Feridas";"Pleno dia";"Crescente";"Nublado";"Simples";"Não Informado";"Sim";2;0;1;0;1;0;1;2;-27,683958;-48,71006;"SPRF-SC";"DEL01-SC";"UOP02-DEL01-SC"
505705;2023-02-17;"sexta-feira";"18:00:00";"MG";262;17,5;"REDUTO";"Ausência de reação do condutor";"Saída de leito carroçável";"Com Vítimas Feridas";"Anoitecer";"Crescente";"Nublado";"Simples";"Não Informado";"Não";2;0;2;0;0;0;2;1;-20,25525472;-41,88789188;"SPRF-MG";"DEL06-MG";"UOP03-DEL06-MG"
505707;2023-02-17;"sexta-feira";"17:30:00";"MG";40;514;"RIBEIRAO DAS NEVES";"Ausência de reação do condutor";"Queda de ocupante de veículo";"Com Vítimas Feridas";"Anoitecer";"Decrescente";"Chuva";"Dupla";"Reta";"Não";2;0;1;0;0;1;1;2;-19,80151928;-44,10000333;"SPRF-MG";"DEL01-MG";"UOP02-DEL01-MG"
505712;2023-02-17;"sexta-feira";"17:30:00";"MG";365;47,5;"CLARO DOS POCOES";"Pista Escorregadia";"Colisão frontal";"Com Vítimas Fatais";"Pleno dia";"Crescente";"Garoa/Chuvisco";"Simples";"Curva";"Não";4;1;1;0;2;0;1;2;-16,92733795;-44,21992008;"SPRF-MG";"DEL12-MG";"UOP01-DEL12-MG"
505713;2023-02-17;"sexta-feira";"18:35:00";"PR";277;730;"FOZ DO IGUACU";"Ingestão de álcool pelo condutor";"Colisão traseira";"Sem Vítimas";"Pleno dia";"Decrescente";"Céu Claro";"Dupla";"Curva";"Não";2;0;0;0;2;0;0;2;-25,50826305;-54,59238593;"SPRF-PR";"DEL05-PR";"UOP03-DEL05-PR"
505715;2023-02-17;"sexta-feira";"18:45:00";"GO";60;306;"ACREUNA";"Acumulo de água sobre o pavimento";"Saída de leito carroçável";"Com Vítimas Feridas";"Anoitecer";"Crescente";"Chuva";"Dupla";"Reta";"Não";1;0;1;0;0;0;1;1;-17,3927;-50,3808;"SPRF-GO";"DEL04-GO";"UOP02-DEL04-GO"
505717;2023-02-17;"sexta-feira";"18:23:00";"MG";40;794;"JUIZ DE FORA";"Chuva";"Capotamento";"Com Vítimas Feridas";"Amanhecer";"Decrescente";"Chuva";"Dupla";"Curva";"Não";1;0;1;0;0;0;1;1;-21,79926451;-43,40729012;"SPRF-MG";"DEL05-MG";"UOP01-DEL05-MG"
505718;2023-02-17;"sexta-feira";"19:15:00";"PE";101;81,6;"JABOATAO DOS GUARARAPES";"Acessar a via sem observar a presença dos outros veículos";"Colisão transversal";"Com Vítimas Feridas";"Plena Noite";"Crescente";"Céu Claro";"Dupla";"Reta";"Não";3;0;3;0;0;0;3;2;-8,1597489;-34,94024569;"SPRF-PE";"DEL01-PE";"UOP01-DEL01-PE"
505719;2023-02-17;"sexta-feira";"18:15:00";"PR";369;25,9;"CAMBARA";"Transitar na contramão";"Colisão frontal";"Com Vítimas Feridas";"Anoitecer";"Crescente";"Chuva";"Simples";"Não Informado";"Não";4;0;0;1;3;0;1;2;-23;-50;"SPRF-PR";"DEL07-PR";"UOP05-DEL07-PR"
505722;2023-02-17;"sexta-feira";"11:30:00";"MG";381;923,5;"CAMANDUCAIA";"Ausência de reação do condutor";"Tombamento";"Com Vítimas Feridas";"Pleno dia";"Crescente";"Céu Claro";"Dupla";"Curva";"Não";1;0;1;0;0;0;1;1;-22,7671484;-46,22667493;"SPRF-MG";"DEL16-MG";"UOP03-DEL16-MG"
505723;2023-02-17;"sexta-feira";"14:30:00";"BA";324;559;"SAO SEBASTIAO DO PASSE";"Condutor deixou de manter distância do veículo da frente";"Engavetamento";"Sem Vítimas";"Pleno dia";"Decrescente";"Céu Claro";"Dupla";"Reta";"Não";3;0;0;0;3;0;0;3;-12,48716788;-38,66087791;"SPRF-BA";"DEL01-BA";"UOP03-DEL01-BA"
505725;2023-02-17;"sexta-feira";"19:40:00";"SC";280;2,7;"SAO FRANCISCO DO SUL";"Acessar a via sem observar a presença dos outros veículos";"Colisão transversal";"Com Vítimas Feridas";"Plena Noite";"Crescente";"Chuva";"Simples";"Reta";"Não";2;0;1;0;1;0;1;2;-26,23700996;-48,61979093;"SPRF-SC";"DEL03-SC";"UOP03-DEL03-SC"
505728;2023-02-17;"sexta-feira";"18:50:00";"MT";70;520;"VARZEA GRANDE";"Reação tardia ou ineficiente do condutor";"Queda de ocupante de veículo";"Com Vítimas Feridas";"Anoitecer";"Decrescente";"Nublado";"Simples";"Reta";"Sim";1;0;1;0;0;0;1;1;-15,67821195;-56,17509311;"SPRF-MT";"DEL01-MT";"UOP02-DEL01-MT"
505730;2023-02-17;"sexta-feira";"18:50:00";"PR";277;471,1;"NOVA LARANJEIRAS";"Acessar a via sem observar a presença dos outros veículos";"Colisão transversal";"Com Vítimas Feridas";"Plena Noite";"Decrescente";"Nublado";"Simples";"Não Informado";"Sim";4;0;3;1;0;0;4;2;-25,32473426;-52,51501412;"SPRF-PR";"DEL04-PR";"UOP02-DEL04-PR"
505731;2023-02-17;"sexta-feira";"19:40:00";"RS";290;47;"GLORINHA";"Reação tardia ou ineficiente do condutor";"Saída de leito carroçável";"Sem Vítimas";"Plena Noite";"Crescente";"Céu Claro";"Dupla";"Reta";"Não";2;0;0;0;2;0;0;1;-29,894592;-50,729916;"SPRF-RS";"DEL03-RS";"UOP01-DEL03-RS"
505733;2023-02-17;"sexta-feira";"18:00:00";"MS";163;487;"CAMPO GRANDE";"Transitar na contramão";"Colisão frontal";"Com Vítimas Feridas";"Anoitecer";"Crescente";"Nublado";"Simples";"Não Informado";"Sim";2;0;1;0;1;0;1;2;-20,420618;-54,546439;"SPRF-MS";"DEL01-MS";"UOP02-DEL01-MS"
505735;2023-02-17;"sexta-feira";"20:25:00";"SC";280;15;"SAO FRANCISCO DO SUL";"Reação tardia ou ineficiente do condutor";"Colisão traseira";"Com Vítimas Feridas";"Plena Noite";"Crescente";"Nublado";"Simples";"Reta";"Sim";2;0;1;0;1;0;1;2;-26,33868901;-48,65489598;"SPRF-SC";"DEL03-SC";"UOP03-DEL03-SC"
505736;2023-02-17;"sexta-feira";"20:30:00";"PA";316;63,9;"CASTANHAL";"Ausência de reação do condutor";"Colisão traseira";"Com Vítimas Feridas";"Plena Noite";"Crescente";"Céu Claro";"Dupla";"Reta";"Sim";6;0;2;0;4;0;2;2;-1,29676634;-47,92878097;"SPRF-PA";"DEL01-PA";"UOP01-DEL01-PA"
505738;2023-02-17;"sexta-feira";"20:07:00";"TO";153;361;"FORTALEZA DO TABOCAO";"Ausência de reação do condutor";"Engavetamento";"Com Vítimas Feridas";"Plena Noite";"Crescente";"Nublado";"Simples";"Reta";"Não";4;0;1;0;3;0;1;3;-9,07314401;-48,52213697;"SPRF-TO";"DEL02-TO";"UOP02-DEL02-TO"
505739;2023-02-17;"sexta-feira";"20:10:00";"RJ";116;186;"NOVA IGUACU";"Mal súbito do condutor";"Colisão traseira";"Com Vítimas Feridas";"Plena Noite";"Decrescente";"Chuva";"Dupla";"Reta";"Sim";2;0;1;0;1;0;1;1;-22,73962339;-43,46276495;"SPRF-RJ";"DEL01-RJ";"UOP02-DEL01-RJ"
505742;2023-02-17;"sexta-feira";"21:10:00";"MG";40;510;"RIBEIRAO DAS NEVES";"Condutor deixou de manter distância do veículo da frente";"Colisão lateral mesmo sentido";"Com Vítimas Feridas";"Plena Noite";"Decrescente";"Chuva";"Dupla";"Reta";"Sim";2;0;1;0;1;0;1;2;-19,77726053;-44,12093684;"SPRF-MG";"DEL01-MG";"UOP02-DEL01-MG"
505743;2023-02-17;"sexta-feira";"21:50:00";"MG";40;483;"SETE LAGOAS";"Chuva";"Queda de ocupante de veículo";"Com Vítimas Feridas";"Plena Noite";"Decrescente";"Chuva";"Dupla";"Curva";"Não";1;0;1;0;0;0;1;1;-19,56753;-44,23715;"SPRF-MG";"DEL02-MG";"UOP01-DEL02-MG"
505744;2023-02-17;"sexta-feira";"19:20:00";"BA";324;616;"SALVADOR";"Manobra de mudança de faixa";"Queda de ocupante de veículo";"Com Vítimas Feridas";"Plena Noite";"Crescente";"Céu Claro";"Dupla";"Reta";"Sim";1;0;1;0;0;0;1;1;-12,87957905;-38,43213893;"SPRF-BA";"DEL01-BA";"UOP01-DEL01-BA"
505745;2023-02-17;"sexta-feira";"20:15:00";"PR";277;591;"CASCAVEL";"Ingestão de álcool pelo condutor";"Colisão transversal";"Com Vítimas Feridas";"Plena Noite";"Crescente";"Céu Claro";"Simples";"Viaduto";"Não";3;0;1;0;2;0;1;2;-24,98473242;-53,46501885;"SPRF-PR";"DEL04-PR";"UOP01-DEL04-PR"
505748;2023-02-17;"sexta-feira";"21:30:00";"RN";437;1,7;"MOSSORO";"Transitar na contramão";"Colisão frontal";"Com Vítimas Feridas";"Plena Noite";"Decrescente";"Céu Claro";"Simples";"Reta";"Não";3;0;2;1;0;0;3;2;-5,21648;-37,51429;"SPRF-RN";"DEL04-RN";"UOP02-DEL04-RN"
505749;2023-02-17;"sexta-feira";"21:45:00";"SP";116;99,8;"PINDAMONHANGABA";"Condutor deixou de manter distância do veículo da frente";"Colisão traseira";"Com Vítimas Feridas";"Plena Noite";"Crescente";"Céu Claro";"Dupla";"Reta";"Não";3;0;0;2;1;0;2;3;-22,98236971;-45,46436617;"SPRF-SP";"DEL08-SP";"UOP01-DEL08-SP"
505750;2023-02-17;"sexta-feira";"20:45:00";"MS";376;137,5;"IVINHEMA";"Transitar na contramão";"Colisão lateral sentido oposto";"Com Vítimas Fatais";"Plena Noite";"Crescente";"Céu Claro";"Simples";"Reta";"Não";3;1;1;0;1;0;1;2;-22,37851745;-53,67252424;"SPRF-MS";"DEL04-MS";"UOP04-DEL04-MS"
505751;2023-02-17;"sexta-feira";"21:05:00";"SP";101;42,4;"UBATUBA";"Ausência de reação do condutor";"Colisão com objeto";"Sem Vítimas";"Plena Noite";"Crescente";"Garoa/Chuvisco";"Simples";"Curva";"Não";1;0;0;0;0;1;0;1;-23,4125517;-45,05021095;"SPRF-SP";"DEL06-SP";"UOP01-DEL06-SP"
505752;2023-02-17;"sexta-feira";"22:50:00";"RS";116;148,1;"CAXIAS DO SUL";"Velocidade Incompatível";"Colisão com objeto";"Com Vítimas Feridas";"Plena Noite";"Decrescente";"Nublado";"Dupla";"Curva";"Sim";1;0;1;0;0;0;1;1;-29,15444539;-51,15101681;"SPRF-RS";"DEL05-RS";"UOP01-DEL05-RS"
505756;2023-02-17;"sexta-feira";"22:25:00";"GO";40;6;"VALPARAISO DE GOIAS";"Ausência de reação do condutor";"Colisão traseira";"Com Vítimas Feridas";"Plena Noite";"Crescente";"Céu Claro";"Dupla";"Reta";"Não";2;0;1;0;1;0;1;2;-16,100814;-47,977351;"SPRF-DF";"DEL01-DF";"UOP01-DEL01-DF"
505757;2023-02-17;"sexta-feira";"22:45:00";"CE";116;19;"ITAITINGA";"Pista esburacada";"Queda de ocupante de veículo";"Com Vítimas Feridas";"Plena Noite";"Decrescente";"Céu Claro";"Múltipla";"Interseção de vias";"Sim";1;0;0;1;0;0;1;1;-3,91384397;-38,50667231;"SPRF-CE";"DEL01-CE";"UOP02-DEL01-CE"
505758;2023-02-17;"sexta-feira";"19:30:00";"MG";381;183,1;"GOVERNADOR VALADARES";"Ingestão de álcool pelo condutor";"Colisão frontal";"Sem Vítimas";"Plena Noite";"Crescente";"Céu Claro";"Simples";"Não Informado";"Não";4;0;0;0;2;2;0;2;-19,06289192;-42,16283418;"SPRF-MG";"DEL06-MG";"UOP01-DEL06-MG"
505759;2023-02-17;"sexta-feira";"22:20:00";"MG";116;698,6;"MURIAE";"Pedestre andava na pista";"Atropelamento de Pedestre";"Com Vítimas Fatais";"Plena Noite";"Crescente";"Chuva";"Simples";"Reta";"Sim";3;1;0;0;1;1;0;1;-21,08628099;-42,37472805;"SPRF-MG";"DEL07-MG";"UOP02-DEL07-MG"
505760;2023-02-18;"sábado";"00:13:00";"SP";381;50;"MAIRIPORA";"Condutor deixou de manter distância do veículo da frente";"Colisão traseira";"Sem Vítimas";"Plena Noite";"Decrescente";"Chuva";"Dupla";"Reta";"Sim";2;0;0;0;2;0;0;2;-23,21359807;-46,59367981;"SPRF-SP";"DEL03-SP";"UOP01-DEL03-SP"
505761;2023-02-17;"sexta-feira";"20:30:00";"AL";101;120;"SAO MIGUEL DOS CAMPOS";"Velocidade Incompatível";"Capotamento";"Com Vítimas Feridas";"Plena Noite";"Crescente";"Céu Claro";"Dupla";"Não Informado";"Não";2;0;2;0;0;0;2;1;-9,68088104;-36,03736984;"SPRF-AL";"DEL02-AL";"UOP01-DEL02-AL"
505763;2023-02-17;"sexta-feira";"18:15:00";"RJ";101;59;"CAMPOS DOS GOYTACAZES";"Acessar a via sem observar a presença dos outros veículos";"Colisão transversal";"Com Vítimas Feridas";"Plena Noite";"Decrescente";"Céu Claro";"Simples";"Reta";"Sim";2;0;0;1;1;0;1;2;-21,72048414;-41,31448591;"SPRF-RJ";"DEL08-RJ";"UOP01-DEL08-RJ"
505764;2023-02-18;"sábado";"00:10:00";"PR";369;170,1;"ROLANDIA";"Reação tardia ou ineficiente do condutor";"Saída de leito carroçável";"Com Vítimas Feridas";"Plena Noite";"Decrescente";"Nublado";"Simples";"Rotatória";"Sim";1;0;1;0;0;0;1;1;-23,30101429;-51,34516239;"SPRF-PR";"DEL07-PR";"UOP01-DEL07-PR"
505767;2023-02-17;"sexta-feira";"22:10:00";"MG";381;727;"CARMO DA CACHOEIRA";"Ausência de reação do condutor";"Capotamento";"Com Vítimas Feridas";"Plena Noite";"Crescente";"Ignorado";"Dupla";"Reta";"Não";2;0;1;0;1;0;1;1;-21,51583943;-45,22069256;"SPRF-MG";"DEL04-MG";"UOP02-DEL04-MG"
505768;2023-02-18;"sábado";"00:40:00";"ES";259;51;"COLATINA";"Ausência de reação do condutor";"Queda de ocupante de veículo";"Com Vítimas Feridas";"Plena Noite";"Crescente";"Céu Claro";"Simples";"Reta";"Não";1;0;1;0;0;0;1;1;-19,50453008;-40,61265703;"SPRF-ES";"DEL02-ES";"UOP01-DEL02-ES"
505769;2023-02-17;"sexta-feira";"23:00:00";"SP";116;296;"ITAPECERICA DA SERRA";"Iluminação deficiente";"Engavetamento";"Com Vítimas Feridas";"Plena Noite";"Decrescente";"Garoa/Chuvisco";"Dupla";"Reta";"Sim";8;0;2;0;6;0;2;4;-23,775485;-46,914416;"SPRF-SP";"DEL04-SP";"UOP01-DEL04-SP"
505770;2023-02-18;"sábado";"01:04:00";"PE";101;52;"PAULISTA";"Acesso irregular";"Colisão transversal";"Com Vítimas Feridas";"Plena Noite";"Decrescente";"Céu Claro";"Dupla";"Reta";"Sim";3;0;2;0;1;0;2;2;-7,92358799;-34,89607201;"SPRF-PE";"DEL01-PE";"UOP02-DEL01-PE"
505774;2023-02-18;"sábado";"01:58:00";"SP";153;73,6;"SAO JOSE DO RIO PRETO";"Velocidade Incompatível";"Colisão traseira";"Com Vítimas Feridas";"Plena Noite";"Crescente";"Nublado";"Dupla";"Reta";"Não";4;0;3;0;0;1;3;2;-20,87627206;-49,42004692;"SPRF-SP";"DEL09-SP";"UOP01-DEL09-SP"
505775;2023-02-18;"sábado";"01:43:00";"SC";280;57;"GUARAMIRIM";"Ingestão de álcool pelo condutor";"Saída de leito carroçável";"Com Vítimas Feridas";"Plena Noite";"Decrescente";"Garoa/Chuvisco";"Simples";"Não Informado";"Sim";1;0;1;0;0;0;1;1;-26,476452;-49,015651;"SPRF-SC";"DEL03-SC";"UOP03-DEL03-SC"
505776;2023-02-18;"sábado";"01:30:00";"SC";101;153;"PORTO BELO";"Reação tardia ou ineficiente do condutor";"Colisão lateral mesmo sentido";"Com Vítimas Feridas";"Plena Noite";"Crescente";"Nublado";"Dupla";"Reta";"Não";2;0;1;0;1;0;1;2;-27,144717;-48,61063935;"SPRF-SC";"DEL04-SC";"UOP03-DEL04-SC"
505777;2023-02-17;"sexta-feira";"23:40:00";"PI";135;608,6;"CORRENTE";"Transitar na contramão";"Colisão frontal";"Com Vítimas Fatais";"Plena Noite";"Crescente";"Nublado";"Simples";"Reta";"Não";3;1;0;0;2;0;0;2;-10,57731096;-45,20582819;"SPRF-PI";"DEL03-PI";"UOP02-DEL03-PI"
505778;2023-02-18;"sábado";"01:30:00";"RJ";101;196;"CASIMIRO DE ABREU";"Ausência de reação do condutor";"Saída de leito carroçável";"Com Vítimas Feridas";"Plena Noite";"Decrescente";"Céu Claro";"Dupla";"Curva";"Não";2;0;1;0;1;0;1;1;-22,49207101;-42,10926701;"SPRF-RJ";"DEL08-RJ";"UOP04-DEL08-RJ"
505780;2023-02-18;"sábado";"02:20:00";"CE";116;46,2;"PACAJUS";"Ingestão de álcool pelo condutor";"Queda de ocupante de veículo";"Com Vítimas Feridas";"Plena Noite";"Decrescente";"Nublado";"Múltipla";"Reta";"Sim";1;0;0;1;0;0;1;1;-4,13924054;-38,47994882;"SPRF-CE";"DEL01-CE";"UOP02-DEL01-CE"
505781;2023-02-18;"sábado";"01:30:00";"SC";101;128,8;"BALNEARIO CAMBORIU";"Ausência de reação do condutor";"Colisão lateral mesmo sentido";"Com Vítimas Feridas";"Plena Noite";"Crescente";"Ignorado";"Dupla";"Reta";"Sim";1;0;1;0;0;0;1;1;-26,97284292;-48,68299451;"SPRF-SC";"DEL04-SC";"UOP03-DEL04-SC"
505782;2023-02-18;"sábado";"01:30:00";"RJ";465;14;"SEROPEDICA";"Chuva";"Eventos atípicos";"Com Vítimas Feridas";"Plena Noite";"Crescente";"Garoa/Chuvisco";"Simples";"Reta";"Sim";2;0;0;1;0;1;1;1;-22,804979;-43,638828;"SPRF-RJ";"DEL01-RJ";"UOP03-DEL01-RJ"
505783;2023-02-17;"sexta-feira";"13:30:00";"MG";381;618,5;"OLIVEIRA";"Chuva";"Queda de ocupante de veículo";"Com Vítimas Feridas";"Pleno dia";"Decrescente";"Chuva";"Dupla";"Reta";"Não";1;0;1;0;0;0;1;1;-20,74176972;-44,7717247;"SPRF-MG";"DEL04-MG";"UOP01-DEL04-MG"
505784;2023-02-18;"sábado";"01:10:00";"SP";116;328,2;"JUQUITIBA";"Ausência de reação do condutor";"Queda de ocupante de veículo";"Com Vítimas Feridas";"Plena Noite";"Crescente";"Chuva";"Dupla";"Reta";"Sim";1;0;1;0;0;0;1;1;-23,93652709;-47,08014299;"SPRF-SP";"DEL04-SP";"UOP03-DEL04-SP"
505785;2023-02-18;"sábado";"01:15:00";"SP";116;511,7;"CAJATI";"Reação tardia ou ineficiente do condutor";"Capotamento";"Com Vítimas Feridas";"Plena Noite";"Decrescente";"Chuva";"Dupla";"Não Informado";"Não";2;0;1;0;1;0;1;1;-24,83558399;-48,2223738;"SPRF-SP";"DEL05-SP";"UOP02-DEL05-SP"
505786;2023-02-18;"sábado";"03:08:00";"RJ";116;174;"SAO JOAO DE MERITI";"Condutor deixou de manter distância do veículo da frente";"Colisão traseira";"Com Vítimas Feridas";"Plena Noite";"Decrescente";"Céu Claro";"Múltipla";"Reta";"Sim";2;0;1;0;1;0;1;2;-22,79423806;-43,36403759;"SPRF-RJ";"DEL01-RJ";"UOP02-DEL01-RJ"
505787;2023-02-18;"sábado";"03:50:00";"SP";116;229;"SAO PAULO";"Pedestre cruzava a pista fora da faixa";"Atropelamento de Pedestre";"Com Vítimas Fatais";"Plena Noite";"Decrescente";"Nublado";"Dupla";"Não Informado";"Sim";2;1;0;0;0;1;0;1;-23,50854004;-46,57216072;"SPRF-SP";"DEL01-SP";"UOP01-DEL01-SP"
505788;2023-02-18;"sábado";"02:17:00";"GO";80;165;"VILA PROPICIO";"Chuva";"Saída de leito carroçável";"Com Vítimas Feridas";"Plena Noite";"Crescente";"Chuva";"Simples";"Curva";"Não";1;0;1;0;0;0;1;1;-15,208875;-48,697312;"SPRF-GO";"DEL07-GO";"UOP02-DEL07-GO"
505789;2023-01-29;"domingo";"05:00:00";"RJ";116;169;"RIO DE JANEIRO";"Reação tardia ou ineficiente do condutor";"Queda de ocupante de veículo";"Com Vítimas Feridas";"Plena Noite";"Crescente";"Nublado";"Múltipla";"Reta";"Sim";1;0;1;0;0;0;1;1;-22,816206;-43,324463;"SPRF-RJ";"DEL01-RJ";"UOP02-DEL01-RJ"
505791;2023-02-18;"sábado";"03:50:00";"SC";101;110;"PENHA";"Demais falhas mecânicas ou elétricas";"Tombamento";"Com Vítimas Feridas";"Plena Noite";"Decrescente";"Garoa/Chuvisco";"Dupla";"Reta";"Não";2;0;1;0;1;0;1;1;-26,83477;-48,706151;"SPRF-SC";"DEL03-SC";"UOP02-DEL03-SC"
505792;2023-02-18;"sábado";"04:15:00";"MG";267;134,6;"JUIZ DE FORA";"Transitar na contramão";"Colisão frontal";"Com Vítimas Fatais";"Plena Noite";"Crescente";"Nublado";"Simples";"Curva";"Não";5;1;0;2;1;1;2;2;-21,83866516;-43,59215945;"SPRF-MG";"DEL05-MG";"UOP01-DEL05-MG"
505793;2023-02-18;"sábado";"03:30:00";"SP";116;399,4;"MIRACATU";"Ausência de reação do condutor";"Saída de leito carroçável";"Sem Vítimas";"Plena Noite";"Decrescente";"Céu Claro";"Dupla";"Reta";"Não";2;0;0;0;2;0;0;1;-24,30595991;-47,49203905;"SPRF-SP";"DEL04-SP";"UOP02-DEL04-SP"
505795;2023-02-18;"sábado";"04:00:00";"SC";101;404,5;"ARARANGUA";"Condutor deixou de manter distância do veículo da frente";"Colisão traseira";"Sem Vítimas";"Plena Noite";"Decrescente";"Céu Claro";"Dupla";"Reta";"Não";2;0;0;0;2;0;0;2;-28,89456007;-49,47036266;"SPRF-SC";"DEL02-SC";"UOP02-DEL02-SC"