"id";"data_inversa";"dia_semana";"horario";"uf";"br";"km";"municipio";"causa_acidente";"tipo_acidente";"classificacao_acidente";"fase_dia";"sentido_via";"condicao_metereologica";"tipo_pista";"tracado_via";"uso_solo";"pessoas";"mortos";"feridos_leves";"feridos_graves";"ilesos";"ignorados";"feridos";"veiculos";"latitude";"longitude";"regional";"delegacia";"uop"
505797;2023-02-18;"sábado";"03:20:00";"RJ";116;191;"NOVA IGUACU";"Ausência de reação do condutor";"Queda de ocupante de veículo";"Com Vítimas Feridas";"Plena Noite";"Decrescente";"Céu Claro";"Dupla";"Retorno Regulamentado";"Não";1;0;1;0;0;0;1;1;-22,74421443;-43,509822;"SPRF-RJ";"DEL01-RJ";"UOP02-DEL01-RJ"
505798;2023-02-18;"sábado";"05:00:00";"SC";282;496,4;"XANXERE";"Velocidade Incompatível";"Saída de leito carroçável";"Com Vítimas Feridas";"Pleno dia";"Decrescente";"Céu Claro";"Simples";"Reta";"Não";2;0;2;0;0;0;2;1;-26,878679;-52,335735;"SPRF-SC";"DEL07-SC";"UOP01-DEL07-SC"
505799;2023-02-18;"sábado";"05:00:00";"PR";476;145,1;"CURITIBA";"Reação tardia ou ineficiente do condutor";"Saída de leito carroçável";"Sem Vítimas";"Plena Noite";"Crescente";"Chuva";"Dupla";"Reta";"Sim";1;0;0;0;0;1;0;1;-25,547749;-49,32095;"SPRF-PR";"DEL01-PR";"UAP06-DEL01-PR"
505800;2023-02-18;"sábado";"05:00:00";"MG";153;27,5;"CANAPOLIS";"Ausência de reação do condutor";"Tombamento";"Com Vítimas Feridas";"Plena Noite";"Decrescente";"Vento";"Dupla";"Reta";"Não";1;0;1;0;0;0;1;1;-18,6552691;-49,16986317;"SPRF-MG";"DEL15-MG";"UOP03-DEL15-MG"
505802;2023-02-18;"sábado";"04:30:00";"GO";414;403,4;"ABADIANIA";"Avarias e/ou desgaste excessivo no pneu";"Saída de leito carroçável";"Sem Vítimas";"Plena Noite";"Crescente";"Chuva";"Simples";"Curva";"Não";1;0;0;0;1;0;0;1;-15,99991995;-48,83982712;"SPRF-GO";"DEL02-GO";"UOP01-DEL02-GO"
505803;2023-02-18;"sábado";"05:45:00";"SP";116;121;"CACAPAVA";"Reação tardia ou ineficiente do condutor";"Colisão com objeto";"Com Vítimas Feridas";"Amanhecer";"Crescente";"Garoa/Chuvisco";"Dupla";"Reta";"Não";1;0;1;0;0;0;1;1;-23,07631169;-45,65337222;"SPRF-SP";"DEL02-SP";"UOP02-DEL02-SP"
505804;2023-02-18;"sábado";"05:55:00";"RS";392;6,4;"RIO GRANDE";"Reação tardia ou ineficiente do condutor";"Tombamento";"Com Vítimas Feridas";"Pleno dia";"Decrescente";"Céu Claro";"Dupla";"Reta";"Sim";1;0;0;1;0;0;1;1;-32,0849901;-52,10592673;"SPRF-RS";"DEL07-RS";"UOP02-DEL07-RS"
505805;2023-02-18;"sábado";"04:50:00";"MG";40;672,4;"CARANDAI";"Ausência de reação do condutor";"Saída de leito carroçável";"Com Vítimas Feridas";"Plena Noite";"Crescente";"Nublado";"Simples";"Reta";"Não";3;0;2;0;0;1;2;1;-20,9933312;-43,77883672;"SPRF-MG";"DEL05-MG";"UOP02-DEL05-MG"
505806;2023-02-18;"sábado";"06:20:00";"PR";376;5,5;"MANDAGUARI";"Acessar a via sem observar a presença dos outros veículos";"Colisão transversal";"Com Vítimas Feridas";"Amanhecer";"Decrescente";"Céu Claro";"Simples";"Não Informado";"Sim";2;0;2;0;0;0;2;2;-23,52791;-51,67673;"SPRF-PR";"DEL09-PR";"UOP01-DEL09-PR"
505807;2023-02-18;"sábado";"05:20:00";"AP";210;0;"MACAPA";"Ausência de reação do condutor";"Saída de leito carroçável";"Sem Vítimas";"Amanhecer";"Decrescente";"Nublado";"Dupla";"Reta";"Sim";1;0;0;0;1;0;0;1;0,07780012;-51,06097;"SPRF-AP";"N/A";"UOP01-DEL01-AP"
505808;2023-02-18;"sábado";"04:40:00";"MA";135;127;"MIRANDA DO NORTE";"Reação tardia ou ineficiente do condutor";"Saída de leito carroçável";"Sem Vítimas";"Plena Noite";"Crescente";"Nublado";"Simples";"Reta";"Sim";1;0;0;0;0;1;0;1;-3,56829141;-44,58306381;"SPRF-MA";"DEL01-MA";"UOP02-DEL01-MA"
505809;2023-02-18;"sábado";"05:40:00";"ES";101;189;"ARACRUZ";"Animais na Pista";"Colisão com objeto";"Com Vítimas Feridas";"Plena Noite";"Decrescente";"Nublado";"Simples";"Não Informado";"Não";2;0;1;0;1;0;1;1;-19,68134019;-40,27051885;"SPRF-ES";"DEL04-ES";"UOP01-DEL04-ES"
505810;2023-02-13;"segunda-feira";"17:20:00";"MG";365;682;"MONTE ALEGRE DE MINAS";"Velocidade Incompatível";"Tombamento";"Com Vítimas Feridas";"Plena Noite";"Decrescente";"Céu Claro";"Dupla";"Reta";"Não";1;0;0;1;0;0;1;1;-18,85061244;-48,83796296;"SPRF-MG";"DEL15-MG";"UOP01-DEL15-MG"
505811;2023-02-18;"sábado";"04:15:00";"PR";116;8;"QUATRO BARRAS";"Reação tardia ou ineficiente do condutor";"Colisão traseira";"Sem Vítimas";"Plena Noite";"Decrescente";"Garoa/Chuvisco";"Dupla";"Reta";"Sim";2;0;0;0;0;2;0;2;-25,3697;-49,1158;"SPRF-PR";"DEL01-PR";"UOP02-DEL01-PR"
505812;2023-02-18;"sábado";"05:40:00";"MT";364;399;"CUIABA";"Ingestão de álcool pelo condutor";"Colisão traseira";"Com Vítimas Feridas";"Pleno dia";"Decrescente";"Garoa/Chuvisco";"Dupla";"Reta";"Sim";4;0;1;0;3;0;1;2;-15,66193175;-55,97113794;"SPRF-MT";"DEL01-MT";"UOP02-DEL01-MT"
505813;2023-02-18;"sábado";"07:15:00";"MG";381;498,5;"BETIM";"Velocidade Incompatível";"Colisão traseira";"Com Vítimas Feridas";"Pleno dia";"Crescente";"Nublado";"Dupla";"Não Informado";"Não";5;0;2;0;3;0;2;2;-20,01172662;-44,21976041;"SPRF-MG";"DEL01-MG";"UOP03-DEL01-MG"
505814;2023-02-18;"sábado";"07:30:00";"PR";116;108;"SAO JOSE DOS PINHAIS";"Trafegar com motocicleta (ou similar) entre as faixas";"Colisão lateral mesmo sentido";"Com Vítimas Feridas";"Pleno dia";"Decrescente";"Chuva";"Múltipla";"Reta";"Não";3;0;1;0;2;0;1;3;-25,57147018;-49,19760597;"SPRF-PR";"DEL01-PR";"UOP07-DEL01-PR"
505815;2023-02-18;"sábado";"07:20:00";"DF";20;16;"BRASILIA";"Pista Escorregadia";"Colisão traseira";"Com Vítimas Feridas";"Pleno dia";"Crescente";"Chuva";"Dupla";"Desvio Temporário";"Sim";4;0;2;0;2;0;2;3;-15,625675;-47,725159;"SPRF-DF";"DEL02-DF";"UOP01-DEL02-DF"
505818;2023-02-18;"sábado";"04:00:00";"RJ";495;26;"PETROPOLIS";"Velocidade Incompatível";"Colisão com objeto";"Com Vítimas Feridas";"Plena Noite";"Crescente";"Nublado";"Simples";"Curva";"Não";5;0;2;0;3;0;2;1;-22,401716;-43,103745;"SPRF-RJ";"DEL06-RJ";"UOP02-DEL06-RJ"
505819;2023-02-18;"sábado";"07:00:00";"SP";116;161;"JACAREI";"Ausência de reação do condutor";"Colisão traseira";"Com Vítimas Feridas";"Amanhecer";"Decrescente";"Nublado";"Dupla";"Reta";"Sim";4;0;2;0;2;0;2;3;-23,27617003;-45,97592098;"SPRF-SP";"DEL02-SP";"UOP01-DEL02-SP"
505820;2023-02-18;"sábado";"07:45:00";"PE";232;298;"SERTANIA";"Ausência de reação do condutor";"Saída de leito carroçável";"Com Vítimas Feridas";"Pleno dia";"Crescente";"Céu Claro";"Simples";"Reta";"Não";4;0;1;0;3;0;1;1;-8,24287014;-37,40476121;"SPRF-PE";"DEL04-PE";"UOP02-DEL04-PE"
505824;2023-02-18;"sábado";"02:00:00";"PB";434;2,7;"UIRAUNA";"Transitar na contramão";"Colisão frontal";"Com Vítimas Feridas";"Plena Noite";"Crescente";"Chuva";"Simples";"Não Informado";"Não";3;0;0;1;0;2;1;2;-6,497394;-38,41984;"SPRF-PB";"DEL03-PB";"UOP03-DEL03-PB"
505825;2023-02-18;"sábado";"08:00:00";"ES";101;255;"SERRA";"Acessar a via sem observar a presença dos outros veículos";"Colisão transversal";"Com Vítimas Feridas";"Pleno dia";"Crescente";"Céu Claro";"Simples";"Reta";"Sim";3;0;2;1;0;0;3;2;-20,1100364;-40,32740141;"SPRF-ES";"DEL02-ES";"UOP01-DEL02-ES"
505826;2023-02-17;"sexta-feira";"23:45:00";"RO";NA;NA;"JI-PARANA";"Conversão proibida";"Colisão transversal";"Com Vítimas Feridas";"Plena Noite";"Não Informado";"Céu Claro";"Simples";"Não Informado";"Sim";5;0;1;0;2;2;1;2;-10,88611196;-61,92079067;"SPRF-RO";"DEL02-RO";"UOP01-DEL02-RO"
505827;2023-02-18;"sábado";"07:30:00";"RJ";40;120;"DUQUE DE CAXIAS";"Área urbana sem a presença de local apropriado para a travessia de pedestres";"Atropelamento de Pedestre";"Com Vítimas Feridas";"Pleno dia";"Decrescente";"Céu Claro";"Múltipla";"Reta";"Sim";3;0;0;1;2;0;1;1;-22,77280597;-43,28626763;"SPRF-RJ";"DEL01-RJ";"UOP01-DEL01-RJ"
505829;2023-02-18;"sábado";"07:20:00";"MG";50;112;"UBERABA";"Condutor Dormindo";"Saída de leito carroçável";"Com Vítimas Feridas";"Pleno dia";"Crescente";"Céu Claro";"Dupla";"Reta";"Não";1;0;1;0;0;0;1;1;-19,24093976;-48,13935945;"SPRF-MG";"DEL13-MG";"UOP01-DEL13-MG"
505830;2023-02-18;"sábado";"06:10:00";"PA";316;2,3;"ANANINDEUA";"Problema com o freio";"Colisão traseira";"Sem Vítimas";"Plena Noite";"Crescente";"Céu Claro";"Dupla";"Reta";"Sim";2;0;0;0;2;0;0;2;-1,396582;-48,422993;"SPRF-PA";"DEL01-PA";"UOP01-DEL01-PA"
505832;2023-02-18;"sábado";"07:17:00";"TO";153;137;"ARAGUAINA";"Manobra de mudança de faixa";"Colisão lateral mesmo sentido";"Com Vítimas Feridas";"Pleno dia";"Decrescente";"Céu Claro";"Dupla";"Não Informado";"Sim";3;0;3;0;0;0;3;2;-7,14630299;-48,20255603;"SPRF-TO";"DEL02-TO";"UOP01-DEL02-TO"
505833;2023-02-18;"sábado";"07:45:00";"PR";116;50,9;"CAMPINA GRANDE DO SUL";"Velocidade Incompatível";"Colisão com objeto";"Com Vítimas Feridas";"Pleno dia";"Decrescente";"Garoa/Chuvisco";"Dupla";"Não Informado";"Não";2;0;2;0;0;0;2;1;-25,23481696;-48,90807771;"SPRF-PR";"DEL01-PR";"UOP02-DEL01-PR"
505835;2023-02-18;"sábado";"05:15:00";"MG";40;733,7;"SANTOS DUMONT";"Reação tardia ou ineficiente do condutor";"Saída de leito carroçável";"Sem Vítimas";"Plena Noite";"Crescente";"Nevoeiro/Neblina";"Simples";"Reta";"Não";1;0;0;0;1;0;0;1;-21,37839783;-43,57022166;"SPRF-MG";"DEL05-MG";"UOP01-DEL05-MG"
505836;2023-02-18;"sábado";"07:50:00";"PE";104;63;"CARUARU";"Acessar a via sem observar a presença dos outros veículos";"Colisão transversal";"Com Vítimas Feridas";"Pleno dia";"Crescente";"Céu Claro";"Dupla";"Interseção de vias";"Sim";2;0;1;0;1;0;1;2;-8,26711537;-35,97896045;"SPRF-PE";"DEL02-PE";"UOP01-DEL02-PE"
505837;2023-02-18;"sábado";"05:40:00";"RJ";116;196;"QUEIMADOS";"Condutor Dormindo";"Colisão traseira";"Com Vítimas Feridas";"Amanhecer";"Decrescente";"Céu Claro";"Dupla";"Reta";"Sim";2;0;0;1;1;0;1;2;-22,73336575;-43,55659479;"SPRF-RJ";"DEL01-RJ";"UOP02-DEL01-RJ"
505839;2023-02-18;"sábado";"08:40:00";"CE";222;38;"CAUCAIA";"Ausência de reação do condutor";"Queda de ocupante de veículo";"Com Vítimas Feridas";"Pleno dia";"Crescente";"Céu Claro";"Simples";"Não Informado";"Não";1;0;1;0;0;0;1;1;-3,69214351;-38,89023121;"SPRF-CE";"DEL01-CE";"UOP01-DEL01-CE"
505841;2023-02-18;"sábado";"05:50:00";"MT";163;749;"SORRISO";"Demais falhas mecânicas ou elétricas";"Queda de ocupante de veículo";"Com Vítimas Feridas";"Pleno dia";"Decrescente";"Céu Claro";"Dupla";"Não Informado";"Sim";1;0;1;0;0;0;1;1;-12,58490631;-55,73560949;"SPRF-MT";"DEL06-MT";"UOP01-DEL06-MT"
505844;2023-02-18;"sábado";"09:45:00";"RS";285;294,6;"PASSO FUNDO";"Condutor deixou de manter distância do veículo da frente";"Colisão traseira";"Com Vítimas Feridas";"Pleno dia";"Decrescente";"Céu Claro";"Simples";"Reta";"Não";2;0;1;0;1;0;1;2;-28,234547;-52,384975;"SPRF-RS";"DEL08-RS";"UOP03-DEL08-RS"
505845;2023-02-18;"sábado";"09:35:00";"CE";222;207,3;"FORQUILHA";"Avarias e/ou desgaste excessivo no pneu";"Saída de leito carroçável";"Com Vítimas Feridas";"Pleno dia";"Crescente";"Céu Claro";"Simples";"Curva";"Não";1;0;0;1;0;0;1;1;-3,78975803;-40,24374596;"SPRF-CE";"DEL04-CE";"UOP01-DEL04-CE"
505847;2023-02-18;"sábado";"08:45:00";"RJ";101;300;"SAO GONCALO";"Ausência de reação do condutor";"Atropelamento de Pedestre";"Com Vítimas Feridas";"Pleno dia";"Decrescente";"Céu Claro";"Dupla";"Reta";"Sim";2;0;1;0;1;0;1;1;-22,77645713;-42,94783697;"SPRF-RJ";"DEL02-RJ";"UOP02-DEL02-RJ"
505849;2023-02-18;"sábado";"08:45:00";"MG";365;703;"MONTE ALEGRE DE MINAS";"Ingestão de álcool pelo condutor";"Queda de ocupante de veículo";"Com Vítimas Feridas";"Pleno dia";"Crescente";"Céu Claro";"Dupla";"Não Informado";"Não";2;0;2;0;0;0;2;1;-18,88272579;-49,02657302;"SPRF-MG";"DEL15-MG";"UOP03-DEL15-MG"
505851;2023-02-18;"sábado";"04:30:00";"PI";343;650;"JERUMENHA";"Ausência de reação do condutor";"Colisão traseira";"Com Vítimas Feridas";"Plena Noite";"Crescente";"Nublado";"Simples";"Não Informado";"Não";3;0;2;0;0;1;2;2;-7,059127;-43,453007;"SPRF-PI";"DEL03-PI";"UOP01-DEL03-PI"
505852;2023-02-18;"sábado";"08:35:00";"DF";251;23;"BRASILIA";"Transitar na contramão";"Colisão frontal";"Com Vítimas Feridas";"Pleno dia";"Decrescente";"Céu Claro";"Simples";"Curva";"Não";3;0;3;0;0;0;3;2;-15,955;-47,673;"SPRF-DF";"DEL01-DF";"UOP01-DEL01-DF"
505854;2023-02-18;"sábado";"10:10:00";"PB";104;140;"QUEIMADAS";"Acumulo de areia ou detritos sobre o pavimento";"Tombamento";"Com Vítimas Feridas";"Pleno dia";"Decrescente";"Céu Claro";"Simples";"Reta";"Sim";2;0;1;0;1;0;1;1;-7,37817097;-35,89737088;"SPRF-PB";"DEL02-PB";"UOP03-DEL02-PB"
505855;2023-02-18;"sábado";"10:10:00";"ES";101;337,5;"GUARAPARI";"Acessar a via sem observar a presença dos outros veículos";"Colisão transversal";"Com Vítimas Fatais";"Pleno dia";"Decrescente";"Céu Claro";"Dupla";"Curva";"Não";5;1;0;0;4;0;0;2;-20,63575379;-40,54199324;"SPRF-ES";"DEL03-ES";"UOP01-DEL03-ES"
505857;2023-02-18;"sábado";"10:00:00";"GO";20;44;"FORMOSA";"Frear bruscamente";"Colisão traseira";"Com Vítimas Feridas";"Pleno dia";"Crescente";"Chuva";"Simples";"Não Informado";"Não";8;0;1;0;7;0;1;2;-15,383402;-47,100285;"SPRF-DF";"DEL02-DF";"UOP02-DEL02-DF"
505858;2023-02-18;"sábado";"10:30:00";"PR";277;28;"MORRETES";"Condutor usando celular";"Saída de leito carroçável";"Com Vítimas Feridas";"Pleno dia";"Crescente";"Garoa/Chuvisco";"Dupla";"Reta";"Sim";4;0;2;0;2;0;2;1;-25,52874613;-48,73512603;"SPRF-PR";"DEL01-PR";"UOP05-DEL01-PR"
505859;2023-02-18;"sábado";"09:30:00";"MG";381;337;"NOVA ERA";"Acesso irregular";"Colisão transversal";"Com Vítimas Feridas";"Pleno dia";"Crescente";"Céu Claro";"Simples";"Curva";"Não";5;0;0;2;3;0;2;2;-19,82388218;-43,08235792;"SPRF-MG";"DEL03-MG";"UOP01-DEL03-MG"
505862;2023-02-18;"sábado";"07:10:00";"RJ";101;304;"SAO GONCALO";"Trafegar com motocicleta (ou similar) entre as faixas";"Colisão transversal";"Com Vítimas Feridas";"Pleno dia";"Decrescente";"Céu Claro";"Dupla";"Reta";"Sim";2;0;1;0;1;0;1;2;-22,78491869;-42,98627706;"SPRF-RJ";"DEL02-RJ";"UOP02-DEL02-RJ"
505866;2023-02-18;"sábado";"11:05:00";"SC";101;215,4;"PALHOCA";"Ausência de reação do condutor";"Colisão traseira";"Com Vítimas Feridas";"Pleno dia";"Crescente";"Sol";"Múltipla";"Não Informado";"Sim";7;0;2;0;5;0;2;3;-27,65184843;-48,67604941;"SPRF-SC";"DEL01-SC";"UOP02-DEL01-SC"
505867;2023-02-18;"sábado";"11:10:00";"MG";381;498,8;"BETIM";"Trafegar com motocicleta (ou similar) entre as faixas";"Colisão traseira";"Com Vítimas Feridas";"Pleno dia";"Crescente";"Sol";"Múltipla";"Reta";"Sim";2;0;1;0;1;0;1;2;-19,98982439;-44,20610905;"SPRF-MG";"DEL01-MG";"UOP03-DEL01-MG"
505869;2023-01-02;"segunda-feira";"08:00:00";"RJ";116;184;"NOVA IGUACU";"Trafegar com motocicleta (ou similar) entre as faixas";"Colisão lateral mesmo sentido";"Com Vítimas Feridas";"Pleno dia";"Crescente";"Céu Claro";"Múltipla";"Reta";"Não";2;0;0;1;1;0;1;2;-22,7505269;-43,4399588;"SPRF-RJ";"DEL01-RJ";"UOP02-DEL01-RJ"
505870;2023-02-18;"sábado";"11:00:00";"PR";376;450;"TIBAGI";"Reação tardia ou ineficiente do condutor";"Saída de leito carroçável";"Com Vítimas Feridas";"Pleno dia";"Crescente";"Garoa/Chuvisco";"Dupla";"Não Informado";"Não";2;0;2;0;0;0;2;1;-24,90749603;-50,42218208;"SPRF-PR";"DEL03-PR";"UOP02-DEL03-PR"
505871;2023-02-18;"sábado";"10:15:00";"AL";423;43,5;"INHAPI";"Demais falhas mecânicas ou elétricas";"Eventos atípicos";"Com Vítimas Feridas";"Pleno dia";"Decrescente";"Céu Claro";"Simples";"Não Informado";"Não";1;0;1;0;0;0;1;1;-9,24166601;-37,661748;"SPRF-AL";"DEL03-AL";"UOP02-DEL03-AL"
505872;2023-02-18;"sábado";"11:10:00";"RJ";495;2;"TERESOPOLIS";"Reação tardia ou ineficiente do condutor";"Tombamento";"Com Vítimas Feridas";"Pleno dia";"Crescente";"Céu Claro";"Simples";"Reta";"Sim";1;0;1;0;0;0;1;1;-22,4036;-42,96862;"SPRF-RJ";"DEL04-RJ";"UOP01-DEL04-RJ"
505873;2023-02-18;"sábado";"11:30:00";"PB";230;32;"BAYEUX";"Ausência de reação do condutor";"Colisão traseira";"Sem Vítimas";"Pleno dia";"Decrescente";"Céu Claro";"Simples";"Reta";"Sim";2;0;0;0;2;0;0;2;-7,143;-34,9192;"SPRF-PB";"DEL01-PB";"UOP01-DEL01-PB"
505874;2023-02-18;"sábado";"11:15:00";"BA";101;878;"TEIXEIRA DE FREITAS";"Acesso irregular";"Colisão lateral mesmo sentido";"Com Vítimas Feridas";"Pleno dia";"Crescente";"Nublado";"Simples";"Reta";"Sim";2;0;1;0;1;0;1;2;-17,54527443;-39,71840501;"SPRF-BA";"DEL09-BA";"UOP02-DEL09-BA"
505875;2023-02-18;"sábado";"07:59:00";"BA";110;390;"SAO SEBASTIAO DO PASSE";"Reação tardia ou ineficiente do condutor";"Saída de leito carroçável";"Sem Vítimas";"Pleno dia";"Decrescente";"Céu Claro";"Simples";"Reta";"Não";2;0;0;0;2;0;0;2;-12,50766107;-38,49626949;"SPRF-BA";"DEL01-BA";"UOP01-DEL01-BA"
505876;2023-02-18;"sábado";"11:20:00";"RJ";101;104;"CAMPOS DOS GOYTACAZES";"Reação tardia ou ineficiente do condutor";"Saída de leito carroçável";"Com Vítimas Feridas";"Pleno dia";"Decrescente";"Céu Claro";"Dupla";"Reta";"Não";4;0;2;2;0;0;4;1;-21,91070181;-41,61099126;"SPRF-RJ";"DEL08-RJ";"UOP02-DEL08-RJ"
505877;2023-02-18;"sábado";"10:50:00";"PR";369;149,6;"LONDRINA";"Entrada inopinada do pedestre";"Atropelamento de Pedestre";"Com Vítimas Feridas";"Pleno dia";"Crescente";"Sol";"Dupla";"Reta";"Não";2;0;0;1;1;0;1;1;-23,29283247;-51,15875423;"SPRF-PR";"DEL07-PR";"UOP01-DEL07-PR"
505879;2023-02-18;"sábado";"11:00:00";"ES";101;402,2;"ITAPEMIRIM";"Acesso irregular";"Colisão transversal";"Com Vítimas Feridas";"Pleno dia";"Decrescente";"Sol";"Simples";"Curva";"Não";5;0;1;0;4;0;1;2;-20,88914562;-40,99003988;"SPRF-ES";"DEL03-ES";"UOP02-DEL03-ES"
505880;2023-02-18;"sábado";"11:30:00";"MG";381;881,2;"ESTIVA";"Ausência de reação do condutor";"Colisão traseira";"Com Vítimas Fatais";"Pleno dia";"Decrescente";"Nublado";"Dupla";"Não Informado";"Não";4;1;1;0;2;0;1;2;-22,46687155;-46,00987987;"SPRF-MG";"DEL16-MG";"UOP03-DEL16-MG"
505881;2023-02-18;"sábado";"11:10:00";"RJ";393;223;"VASSOURAS";"Manobra de mudança de faixa";"Colisão transversal";"Sem Vítimas";"Pleno dia";"Decrescente";"Sol";"Simples";"Reta";"Não";3;0;0;0;3;0;0;2;-22,3314808;-43,54470015;"SPRF-RJ";"DEL05-RJ";"UOP01-DEL05-RJ"
505882;2023-02-18;"sábado";"11:54:00";"BA";135;175;"BARREIRAS";"Reação tardia ou ineficiente do condutor";"Colisão lateral mesmo sentido";"Com Vítimas Feridas";"Pleno dia";"Crescente";"Chuva";"Simples";"Reta";"Não";3;0;1;0;2;0;1;2;-12,11671225;-44,99344981;"SPRF-BA";"DEL08-BA";"UOP04-DEL08-BA"
505885;2023-02-18;"sábado";"07:30:00";"MG";381;352;"JOAO MONLEVADE";"Reação tardia ou ineficiente do condutor";"Tombamento";"Com Vítimas Feridas";"Pleno dia";"Decrescente";"Nublado";"Simples";"Reta";"Não";1;0;1;0;0;0;1;1;-19,8420553498;-43,1738301789;"SPRF-MG";"DEL03-MG";"UOP01-DEL03-MG"
505886;2023-02-18;"sábado";"06:50:00";"SC";282;520,2;"XAXIM";"Ausência de reação do condutor";"Saída de leito carroçável";"Sem Vítimas";"Pleno dia";"Decrescente";"Céu Claro";"Simples";"Não Informado";"Não";1;0;0;0;1;0;0;1;-26,95099403;-52,52565622;"SPRF-SC";"DEL07-SC";"UOP01-DEL07-SC"
505889;2023-02-18;"sábado";"11:00:00";"PE";232;489,9;"VERDEJANTE";"Ultrapassagem Indevida";"Colisão frontal";"Com Vítimas Feridas";"Pleno dia";"Crescente";"Céu Claro";"Simples";"Não Informado";"Não";6;0;3;2;1;0;5;2;-8,00589512;-38,96369799;"SPRF-PE";"DEL05-PE";"UOP01-DEL05-PE"
505890;2023-02-18;"sábado";"12:00:00";"BA";101;262;"SANTO ANTONIO DE JESUS";"Ausência de reação do condutor";"Colisão transversal";"Com Vítimas Feridas";"Pleno dia";"Crescente";"Céu Claro";"Simples";"Não Informado";"Sim";4;0;2;0;2;0;2;2;-13,0815032;-39,27559444;"SPRF-BA";"DEL01-BA";"UOP02-DEL01-BA"
505892;2023-02-18;"sábado";"13:20:00";"GO";153;578,9;"PROFESSOR JAMIL";"Velocidade Incompatível";"Saída de leito carroçável";"Com Vítimas Feridas";"Pleno dia";"Crescente";"Chuva";"Dupla";"Não Informado";"Não";2;0;1;0;1;0;1;1;-17,3706;-49,2442;"SPRF-GO";"DEL03-GO";"UOP01-DEL03-GO"
505893;2023-02-18;"sábado";"12:50:00";"SC";101;118;"ITAJAI";"Condutor deixou de manter distância do veículo da frente";"Colisão traseira";"Com Vítimas Feridas";"Pleno dia";"Crescente";"Nublado";"Dupla";"Reta";"Não";3;0;2;0;1;0;2;2;-26,895859;-48,71903;"SPRF-SC";"DEL04-SC";"UOP04-DEL04-SC"
505894;2023-02-18;"sábado";"11:35:00";"RJ";40;122;"DUQUE DE CAXIAS";"Condutor deixou de manter distância do veículo da frente";"Colisão traseira";"Com Vítimas Feridas";"Pleno dia";"Decrescente";"Céu Claro";"Múltipla";"Reta";"Não";5;0;1;0;4;0;1;4;-22,79083113;-43,28611569;"SPRF-RJ";"DEL01-RJ";"UOP01-DEL01-RJ"
505897;2023-02-18;"sábado";"10:40:00";"GO";50;145,9;"IPAMERI";"Condutor Dormindo";"Capotamento";"Com Vítimas Feridas";"Pleno dia";"Crescente";"Céu Claro";"Dupla";"Não Informado";"Não";4;0;2;0;2;0;2;1;-17,1301;-47,7224;"SPRF-GO";"DEL06-GO";"UOP01-DEL06-GO"
505898;2023-02-18;"sábado";"10:00:00";"PA";10;150;"PARAGOMINAS";"Pista esburacada";"Colisão traseira";"Com Vítimas Feridas";"Pleno dia";"Crescente";"Céu Claro";"Simples";"Reta";"Não";4;0;2;0;2;0;2;2;-3,12473001;-47,48785397;"SPRF-PA";"DEL02-PA";"UOP01-DEL02-PA"
505900;2023-02-18;"sábado";"12:48:00";"MG";381;660,8;"SANTO ANTONIO DO AMPARO";"Ausência de reação do condutor";"Tombamento";"Com Vítimas Feridas";"Pleno dia";"Decrescente";"Nublado";"Dupla";"Não Informado";"Não";2;0;2;0;0;0;2;1;-21,013509;-44,985903;"SPRF-MG";"DEL04-MG";"UOP02-DEL04-MG"
505901;2023-02-18;"sábado";"10:00:00";"RJ";101;423;"MANGARATIBA";"Reação tardia ou ineficiente do condutor";"Colisão traseira";"Com Vítimas Feridas";"Pleno dia";"Crescente";"Céu Claro";"Simples";"Reta";"Não";4;0;2;0;2;0;2;2;-22,91801286;-43,94820686;"SPRF-RJ";"DEL03-RJ";"UOP01-DEL03-RJ"
505902;2023-02-18;"sábado";"13:40:00";"MG";262;381,7;"MATEUS LEME";"Demais falhas na via";"Saída de leito carroçável";"Sem Vítimas";"Pleno dia";"Crescente";"Chuva";"Dupla";"Não Informado";"Não";2;0;0;0;2;0;0;1;-19,940622;-44,386969;"SPRF-MG";"DEL01-MG";"UOP03-DEL01-MG"
505905;2023-02-18;"sábado";"14:20:00";"SC";101;205,2;"SAO JOSE";"Reação tardia ou ineficiente do condutor";"Colisão traseira";"Com Vítimas Feridas";"Pleno dia";"Decrescente";"Nublado";"Múltipla";"Reta";"Sim";2;0;1;0;1;0;1;2;-27,58313237;-48,61532885;"SPRF-SC";"DEL01-SC";"UOP01-DEL01-SC"
505906;2023-02-18;"sábado";"10:00:00";"MT";163;782;"SORRISO";"Pista esburacada";"Saída de leito carroçável";"Com Vítimas Feridas";"Pleno dia";"Crescente";"Céu Claro";"Simples";"Reta";"Não";1;0;1;0;0;0;1;1;-12,42949301;-55,64462299;"SPRF-MT";"DEL06-MT";"UOP01-DEL06-MT"
505910;2023-02-18;"sábado";"14:54:00";"MG";40;385,6;"CURVELO";"Ausência de reação do condutor";"Saída de leito carroçável";"Com Vítimas Feridas";"Pleno dia";"Crescente";"Chuva";"Simples";"Não Informado";"Não";1;0;0;1;0;0;1;1;-18,90524802;-44,6867981;"SPRF-MG";"DEL02-MG";"UOP01-DEL02-MG"