"id";"data_inversa";"dia_semana";"horario";"uf";"br";"km";"municipio";"causa_acidente";"tipo_acidente";"classificacao_acidente";"fase_dia";"sentido_via";"condicao_metereologica";"tipo_pista";"tracado_via";"uso_solo";"pessoas";"mortos";"feridos_leves";"feridos_graves";"ilesos";"ignorados";"feridos";"veiculos";"latitude";"longitude";"regional";"delegacia";"uop"
506123;2023-02-19;"domingo";"11:20:00";"MG";40;562,9;"NOVA LIMA";"Reação tardia ou ineficiente do condutor";"Saída de leito carroçável";"Com Vítimas Feridas";"Pleno dia";"Decrescente";"Nublado";"Dupla";"Não Informado";"Não";4;0;3;0;1;0;3;1;-20,14451602;-43,95966007;"SPRF-MG";"DEL01-MG";"UOP02-DEL01-MG"
506124;2023-02-19;"domingo";"13:00:00";"MG";381;490;"BETIM";"Ausência de reação do condutor";"Colisão traseira";"Com Vítimas Feridas";"Pleno dia";"Crescente";"Céu Claro";"Dupla";"Reta";"Sim";2;0;1;0;0;1;1;2;-19,96502819;-44,17422195;"SPRF-MG";"DEL01-MG";"UOP03-DEL01-MG"
506125;2023-02-19;"domingo";"13:50:00";"PR";116;142;"MANDIRITUBA";"Acessar a via sem observar a presença dos outros veículos";"Colisão transversal";"Com Vítimas Feridas";"Pleno dia";"Crescente";"Chuva";"Dupla";"Retorno Regulamentado";"Sim";2;0;1;0;1;0;1;2;-25,746524;-49,31741923;"SPRF-PR";"DEL01-PR";"UOP03-DEL01-PR"
506127;2023-02-15;"quarta-feira";"19:00:00";"SC";282;6;"SAO JOSE";"Condutor deixou de manter distância do veículo da frente";"Queda de ocupante de veículo";"Com Vítimas Feridas";"Plena Noite";"Crescente";"Garoa/Chuvisco";"Dupla";"Não Informado";"Não";1;0;0;1;0;0;1;1;-27,591936;-48,618244;"SPRF-SC";"DEL01-SC";"UOP01-DEL01-SC"
506129;2023-01-18;"quarta-feira";"08:55:00";"MG";381;489,3;"BETIM";"Reação tardia ou ineficiente do condutor";"Saída de leito carroçável";"Com Vítimas Feridas";"Pleno dia";"Crescente";"Céu Claro";"Múltipla";"Não Informado";"Sim";1;0;1;0;0;0;1;1;-19,96245618;-44,16455495;"SPRF-MG";"DEL01-MG";"UOP03-DEL01-MG"
506130;2023-02-19;"domingo";"14:45:00";"ES";262;19;"VIANA";"Condutor Dormindo";"Saída de leito carroçável";"Com Vítimas Feridas";"Pleno dia";"Crescente";"Sol";"Simples";"Reta";"Sim";1;0;0;1;0;0;1;1;-20,3919143;-40,49002338;"SPRF-ES";"DEL01-ES";"UOP01-DEL01-ES"
506131;2023-02-19;"domingo";"09:43:00";"PI";343;538,4;"AMARANTE";"Acumulo de água sobre o pavimento";"Saída de leito carroçável";"Com Vítimas Feridas";"Pleno dia";"Crescente";"Chuva";"Simples";"Curva";"Não";2;0;1;0;1;0;1;1;-6,515777;-42,80072;"SPRF-PI";"DEL03-PI";"UOP01-DEL03-PI"
506132;2023-02-19;"domingo";"11:40:00";"PB";361;70;"OLHO DAGUA";"Pedestre andava na pista";"Atropelamento de Pedestre";"Com Vítimas Fatais";"Pleno dia";"Decrescente";"Céu Claro";"Simples";"Não Informado";"Não";2;1;0;0;1;0;0;1;-7,19693595;-37,80719699;"SPRF-PB";"DEL03-PB";"UOP01-DEL03-PB"
506133;2023-02-19;"domingo";"14:40:00";"RJ";393;220,1;"VASSOURAS";"Velocidade Incompatível";"Colisão com objeto";"Com Vítimas Fatais";"Pleno dia";"Decrescente";"Céu Claro";"Simples";"Reta";"Não";1;1;0;0;0;0;0;1;-22,31476053;-43,52216514;"SPRF-RJ";"DEL05-RJ";"UOP01-DEL05-RJ"
506134;2023-02-19;"domingo";"13:00:00";"SP";116;269;"TABOAO DA SERRA";"Chuva";"Queda de ocupante de veículo";"Com Vítimas Feridas";"Pleno dia";"Decrescente";"Garoa/Chuvisco";"Dupla";"Reta";"Sim";2;0;1;0;1;0;1;1;-23,61593059;-46,78826044;"SPRF-SP";"DEL04-SP";"UOP01-DEL04-SP"
506136;2023-02-19;"domingo";"14:00:00";"MG";116;672,6;"MIRADOURO";"Acessar a via sem observar a presença dos outros veículos";"Colisão transversal";"Com Vítimas Feridas";"Pleno dia";"Decrescente";"Sol";"Simples";"Interseção de vias";"Sim";2;0;1;0;1;0;1;2;-20,88877257;-42,33975476;"SPRF-MG";"DEL07-MG";"UOP02-DEL07-MG"
506137;2023-02-19;"domingo";"10:58:00";"RO";429;49;"PRESIDENTE MEDICI";"Pista esburacada";"Capotamento";"Com Vítimas Feridas";"Pleno dia";"Crescente";"Nublado";"Simples";"Não Informado";"Não";2;0;1;1;0;0;2;1;-11,20008199;-61,973129;"SPRF-RO";"DEL02-RO";"UOP03-DEL02-RO"
506138;2023-02-19;"domingo";"11:40:00";"PI";343;588;"FLORIANO";"Acessar a via sem observar a presença dos outros veículos";"Colisão transversal";"Com Vítimas Feridas";"Pleno dia";"Decrescente";"Chuva";"Simples";"Não Informado";"Sim";2;0;0;1;1;0;1;2;-6,780452;-43,002651;"SPRF-PI";"DEL03-PI";"UOP01-DEL03-PI"
506142;2023-02-19;"domingo";"15:15:00";"MG";381;521,2;"BRUMADINHO";"Velocidade Incompatível";"Saída de leito carroçável";"Com Vítimas Feridas";"Pleno dia";"Decrescente";"Céu Claro";"Dupla";"Curva";"Não";3;0;2;0;1;0;2;1;-20,13846621;-44,31715274;"SPRF-MG";"DEL04-MG";"UOP03-DEL04-MG"
506143;2023-02-19;"domingo";"14:00:00";"SC";101;82,3;"BARRA VELHA";"Avarias e/ou desgaste excessivo no pneu";"Tombamento";"Com Vítimas Feridas";"Pleno dia";"Decrescente";"Garoa/Chuvisco";"Dupla";"Reta";"Sim";2;0;2;0;0;0;2;1;-26,61085222;-48,72204472;"SPRF-SC";"DEL03-SC";"UOP02-DEL03-SC"
506144;2023-02-19;"domingo";"15:35:00";"PE";423;97;"GARANHUNS";"Condutor deixou de manter distância do veículo da frente";"Colisão traseira";"Com Vítimas Feridas";"Pleno dia";"Crescente";"Céu Claro";"Simples";"Não Informado";"Sim";3;0;1;0;2;0;1;2;-8,88021822;-36,48651678;"SPRF-PE";"DEL03-PE";"UOP01-DEL03-PE"
506145;2023-02-19;"domingo";"15:30:00";"MG";365;47,3;"CLARO DOS POCOES";"Velocidade Incompatível";"Saída de leito carroçável";"Com Vítimas Feridas";"Pleno dia";"Decrescente";"Céu Claro";"Simples";"Não Informado";"Não";3;0;3;0;0;0;3;1;-16,92733795;-44,21992008;"SPRF-MG";"DEL12-MG";"UOP01-DEL12-MG"
506146;2023-02-19;"domingo";"14:10:00";"RO";364;234,7;"CACOAL";"Ingestão de álcool pelo condutor";"Colisão com objeto";"Com Vítimas Feridas";"Pleno dia";"Crescente";"Céu Claro";"Simples";"Rotatória";"Sim";1;0;0;1;0;0;1;1;-11,452183;-61,42797;"SPRF-RO";"DEL02-RO";"UOP02-DEL02-RO"
506147;2023-02-19;"domingo";"15:30:00";"PR";116;89,9;"PIRAQUARA";"Condutor deixou de manter distância do veículo da frente";"Engavetamento";"Com Vítimas Feridas";"Pleno dia";"Crescente";"Chuva";"Dupla";"Reta";"Sim";9;0;2;0;7;0;2;3;-25,489042;-49,11166;"SPRF-PR";"DEL01-PR";"UOP07-DEL01-PR"
506148;2023-02-19;"domingo";"16:00:00";"CE";222;313;"TIANGUA";"Pista Escorregadia";"Colisão com objeto";"Sem Vítimas";"Pleno dia";"Decrescente";"Chuva";"Dupla";"Reta";"Sim";1;0;0;0;0;1;0;1;-3,72765504;-40,99923849;"SPRF-CE";"DEL04-CE";"UOP02-DEL04-CE"
506149;2023-02-19;"domingo";"14:55:00";"RJ";356;9;"ITAPERUNA";"Acessar a via sem observar a presença dos outros veículos";"Colisão transversal";"Com Vítimas Feridas";"Pleno dia";"Decrescente";"Céu Claro";"Simples";"Não Informado";"Não";5;0;3;0;2;0;3;2;-21,1730632;-42,10648703;"SPRF-RJ";"DEL08-RJ";"UOP03-DEL08-RJ"
506151;2023-02-19;"domingo";"16:30:00";"RJ";40;81,6;"PETROPOLIS";"Velocidade Incompatível";"Tombamento";"Com Vítimas Feridas";"Pleno dia";"Crescente";"Nublado";"Dupla";"Não Informado";"Não";3;0;2;0;0;1;2;1;-22,50560003;-43,23186384;"SPRF-RJ";"DEL06-RJ";"UOP02-DEL06-RJ"
506152;2023-02-19;"domingo";"15:39:00";"PE";408;97;"SAO LOURENCO DA MATA";"Avarias e/ou desgaste excessivo no pneu";"Queda de ocupante de veículo";"Com Vítimas Feridas";"Pleno dia";"Crescente";"Céu Claro";"Dupla";"Reta";"Não";2;0;2;0;0;0;2;1;-8,02843077;-35,03684556;"SPRF-PE";"DEL01-PE";"UOP01-DEL01-PE"
506153;2023-02-19;"domingo";"04:00:00";"BA";235;235;"UAUA";"Animais na Pista";"Atropelamento de Animal";"Com Vítimas Fatais";"Pleno dia";"Decrescente";"Céu Claro";"Simples";"Reta";"Não";1;1;0;0;0;0;0;1;-9,80920768;-39,53834683;"SPRF-BA";"DEL07-BA";"UOP01-DEL07-BA"
506154;2023-02-19;"domingo";"14:17:00";"MA";222;294,1;"VITORIA DO MEARIM";"Acessar a via sem observar a presença dos outros veículos";"Colisão transversal";"Com Vítimas Feridas";"Pleno dia";"Decrescente";"Céu Claro";"Dupla";"Reta";"Sim";3;0;1;1;1;0;2;2;-3,469733;-44,872456;"SPRF-MA";"DEL02-MA";"UOP01-DEL02-MA"
506155;2023-02-19;"domingo";"15:00:00";"RO";364;707;"PORTO VELHO";"Acumulo de água sobre o pavimento";"Colisão com objeto";"Com Vítimas Feridas";"Pleno dia";"Decrescente";"Chuva";"Dupla";"Curva";"Sim";4;0;2;0;2;0;2;2;-8,80057216;-63,82563704;"SPRF-RO";"DEL01-RO";"UOP01-DEL01-RO"
506156;2023-02-19;"domingo";"15:55:00";"MT";163;50;"ITIQUIRA";"Chuva";"Saída de leito carroçável";"Com Vítimas Feridas";"Pleno dia";"Crescente";"Chuva";"Dupla";"Reta";"Não";3;0;3;0;0;0;3;1;-17,074646;-54,75921033;"SPRF-MT";"DEL02-MT";"UOP03-DEL02-MT"
506157;2023-02-19;"domingo";"16:45:00";"SP";381;35;"ATIBAIA";"Manobra de mudança de faixa";"Colisão lateral mesmo sentido";"Com Vítimas Feridas";"Pleno dia";"Crescente";"Céu Claro";"Dupla";"Reta";"Não";3;0;2;0;1;0;2;2;-23,088586;-46,571798;"SPRF-SP";"DEL03-SP";"UOP02-DEL03-SP"
506158;2023-02-19;"domingo";"16:30:00";"RN";304;24;"MOSSORO";"Velocidade Incompatível";"Saída de leito carroçável";"Sem Vítimas";"Pleno dia";"Crescente";"Nublado";"Simples";"Rotatória";"Não";1;0;0;0;1;0;0;1;-5,06488233;-37,33287055;"SPRF-RN";"DEL04-RN";"UOP02-DEL04-RN"
506159;2023-02-19;"domingo";"17:25:00";"RJ";101;544;"PARATY";"Acessar a via sem observar a presença dos outros veículos";"Atropelamento de Pedestre";"Com Vítimas Feridas";"Pleno dia";"Decrescente";"Nublado";"Simples";"Reta";"Não";2;0;1;0;1;0;1;1;-23,04630778;-44,61015485;"SPRF-RJ";"DEL03-RJ";"UOP03-DEL03-RJ"
506160;2023-02-19;"domingo";"16:15:00";"GO";40;113;"CRISTALINA";"Reação tardia ou ineficiente do condutor";"Saída de leito carroçável";"Com Vítimas Feridas";"Pleno dia";"Crescente";"Céu Claro";"Dupla";"Curva";"Não";1;0;1;0;0;0;1;1;-16,847953;-47,483787;"SPRF-DF";"DEL01-DF";"UOP04-DEL01-DF"
506162;2023-02-19;"domingo";"17:45:00";"MG";40;506,6;"RIBEIRAO DAS NEVES";"Reação tardia ou ineficiente do condutor";"Atropelamento de Pedestre";"Com Vítimas Feridas";"Pleno dia";"Decrescente";"Céu Claro";"Dupla";"Reta";"Sim";3;0;2;0;1;0;2;1;-19,74716686;-44,14731173;"SPRF-MG";"DEL02-MG";"UOP01-DEL02-MG"
506163;2023-02-19;"domingo";"15:20:00";"MT";364;192;"RONDONOPOLIS";"Avarias e/ou desgaste excessivo no pneu";"Tombamento";"Com Vítimas Feridas";"Pleno dia";"Decrescente";"Chuva";"Simples";"Reta";"Não";2;0;2;0;0;0;2;1;-16,53966412;-54,57939925;"SPRF-MT";"DEL02-MT";"UOP01-DEL02-MT"
506164;2023-02-19;"domingo";"17:45:00";"TO";153;140;"ARAGUAINA";"Reação tardia ou ineficiente do condutor";"Queda de ocupante de veículo";"Com Vítimas Feridas";"Pleno dia";"Decrescente";"Céu Claro";"Dupla";"Reta";"Sim";1;0;0;1;0;0;1;1;-7,16964291;-48,21326494;"SPRF-TO";"DEL02-TO";"UOP01-DEL02-TO"
506165;2023-02-19;"domingo";"16:30:00";"ES";259;3,5;"JOAO NEIVA";"Velocidade Incompatível";"Saída de leito carroçável";"Com Vítimas Feridas";"Pleno dia";"Decrescente";"Chuva";"Simples";"Não Informado";"Não";2;0;2;0;0;0;2;1;-19,7130312;-40,3776274;"SPRF-ES";"DEL02-ES";"UOP01-DEL02-ES"
506166;2023-02-19;"domingo";"17:24:00";"ES";262;94;"DOMINGOS MARTINS";"Acessar a via sem observar a presença dos outros veículos";"Colisão transversal";"Com Vítimas Feridas";"Pleno dia";"Decrescente";"Céu Claro";"Dupla";"Rotatória";"Não";3;0;1;0;2;0;1;2;-20,37386581;-41,05851884;"SPRF-ES";"DEL01-ES";"UOP02-DEL01-ES"
506172;2023-02-19;"domingo";"18:45:00";"SC";101;34,5;"JOINVILLE";"Avarias e/ou desgaste excessivo no pneu";"Saída de leito carroçável";"Com Vítimas Feridas";"Anoitecer";"Crescente";"Chuva";"Dupla";"Curva";"Não";5;0;1;0;4;0;1;1;-26,26596278;-48,89864021;"SPRF-SC";"DEL03-SC";"UOP01-DEL03-SC"
506173;2023-02-19;"domingo";"17:19:00";"GO";153;671,5;"PANAMA";"Demais falhas na via";"Saída de leito carroçável";"Com Vítimas Feridas";"Pleno dia";"Crescente";"Céu Claro";"Dupla";"Desvio Temporário";"Não";5;0;1;0;4;0;1;1;-18,1502;-49,2873;"SPRF-GO";"DEL03-GO";"UOP02-DEL03-GO"
506174;2023-02-19;"domingo";"18:00:00";"PI";343;26;"PARNAIBA";"Acessar a via sem observar a presença dos outros veículos";"Colisão traseira";"Com Vítimas Feridas";"Plena Noite";"Decrescente";"Céu Claro";"Simples";"Não Informado";"Sim";2;0;0;1;1;0;1;2;-3,025669;-41,770458;"SPRF-PI";"DEL05-PI";"UOP01-DEL05-PI"
506175;2023-02-19;"domingo";"17:45:00";"PR";116;101;"SAO JOSE DOS PINHAIS";"Avarias e/ou desgaste excessivo no pneu";"Saída de leito carroçável";"Com Vítimas Feridas";"Pleno dia";"Crescente";"Chuva";"Dupla";"Reta";"Não";2;0;1;0;1;0;1;1;-25,5663734;-49,16791171;"SPRF-PR";"DEL01-PR";"UOP07-DEL01-PR"
506176;2023-02-19;"domingo";"16:30:00";"SC";101;158;"PORTO BELO";"Manobra de mudança de faixa";"Colisão lateral mesmo sentido";"Com Vítimas Feridas";"Pleno dia";"Crescente";"Nublado";"Dupla";"Reta";"Sim";5;0;1;2;2;0;3;3;-27,19096301;-48,61259017;"SPRF-SC";"DEL04-SC";"UOP03-DEL04-SC"
506177;2023-02-19;"domingo";"19:00:00";"MG";40;41;"PARACATU";"Reação tardia ou ineficiente do condutor";"Colisão com objeto";"Sem Vítimas";"Plena Noite";"Crescente";"Céu Claro";"Simples";"Curva";"Sim";1;0;0;0;1;0;0;1;-17,21271307;-46,87295209;"SPRF-MG";"DEL14-MG";"UOP01-DEL14-MG"
506178;2023-02-19;"domingo";"18:10:00";"BA";407;1;"JUAZEIRO";"Condutor deixou de manter distância do veículo da frente";"Colisão traseira";"Com Vítimas Feridas";"Anoitecer";"Crescente";"Céu Claro";"Simples";"Reta";"Não";3;0;1;0;2;0;1;2;-9,41845604;-40,50725978;"SPRF-PE";"DEL06-PE";"UOP01-DEL06-PE"
506179;2023-02-19;"domingo";"19:20:00";"PR";116;1,5;"CAMPINA GRANDE DO SUL";"Chuva";"Saída de leito carroçável";"Com Vítimas Feridas";"Plena Noite";"Crescente";"Chuva";"Dupla";"Não Informado";"Não";4;0;1;0;3;0;1;1;-25,06368403;-48,57051896;"SPRF-PR";"DEL01-PR";"UOP02-DEL01-PR"
506181;2023-02-19;"domingo";"17:45:00";"PR";277;610,9;"CEU AZUL";"Acessar a via sem observar a presença dos outros veículos";"Colisão transversal";"Com Vítimas Feridas";"Pleno dia";"Decrescente";"Chuva";"Simples";"Não Informado";"Sim";4;0;1;1;2;0;2;2;-25,05111043;-53,62214392;"SPRF-PR";"DEL05-PR";"UOP02-DEL05-PR"
506182;2023-02-19;"domingo";"18:15:00";"GO";153;210;"URUACU";"Ingestão de álcool pelo condutor";"Tombamento";"Com Vítimas Feridas";"Anoitecer";"Crescente";"Céu Claro";"Simples";"Não Informado";"Não";2;0;1;0;0;1;1;1;-14,606792;-49,16703;"SPRF-GO";"DEL07-GO";"UOP02-DEL07-GO"
506183;2023-02-19;"domingo";"19:10:00";"BA";242;939;"LUIS EDUARDO MAGALHAES";"Demais falhas mecânicas ou elétricas";"Capotamento";"Com Vítimas Feridas";"Plena Noite";"Crescente";"Nublado";"Simples";"Reta";"Não";4;0;3;1;0;0;4;1;-12,227519;-46,260449;"SPRF-BA";"DEL10-BA";"UOP01-DEL10-BA"
506184;2023-02-19;"domingo";"18:50:00";"MG";262;40,9;"MANHUACU";"Trafegar com motocicleta (ou similar) entre as faixas";"Colisão lateral sentido oposto";"Com Vítimas Feridas";"Plena Noite";"Decrescente";"Nublado";"Simples";"Curva";"Não";3;0;2;0;0;1;2;2;-20,27334219;-42,04913988;"SPRF-MG";"DEL06-MG";"UOP03-DEL06-MG"
506186;2023-02-19;"domingo";"19:35:00";"GO";153;509;"APARECIDA DE GOIANIA";"Ingestão de álcool pelo condutor";"Colisão lateral mesmo sentido";"Com Vítimas Feridas";"Plena Noite";"Decrescente";"Chuva";"Dupla";"Não Informado";"Sim";4;0;1;0;3;0;1;2;-16,7888;-49,2379;"SPRF-GO";"DEL01-GO";"UOP03-DEL01-GO"
506189;2023-02-19;"domingo";"19:40:00";"RS";285;173,5;"MUITOS CAPOES";"Transitar na contramão";"Colisão frontal";"Com Vítimas Feridas";"Plena Noite";"Crescente";"Céu Claro";"Simples";"Reta";"Não";4;0;2;1;0;1;3;2;-28,320171;-51,343876;"SPRF-RS";"DEL08-RS";"UOP05-DEL08-RS"
506190;2023-02-19;"domingo";"19:00:00";"MG";262;450,8;"NOVA SERRANA";"Ausência de reação do condutor";"Saída de leito carroçável";"Com Vítimas Feridas";"Plena Noite";"Crescente";"Céu Claro";"Simples";"Curva";"Não";1;0;0;1;0;0;1;1;-19,84745639;-45,0346756;"SPRF-MG";"DEL08-MG";"UOP03-DEL08-MG"
506191;2023-02-19;"domingo";"19:36:00";"SP";116;144;"SAO JOSE DOS CAMPOS";"Manobra de mudança de faixa";"Atropelamento de Pedestre";"Com Vítimas Fatais";"Plena Noite";"Crescente";"Céu Claro";"Dupla";"Reta";"Sim";2;1;0;0;1;0;0;1;-23,18274416;-45,84633592;"SPRF-SP";"DEL02-SP";"UOP01-DEL02-SP"
506193;2023-02-19;"domingo";"17:05:00";"RS";293;257;"DOM PEDRITO";"Avarias e/ou desgaste excessivo no pneu";"Queda de ocupante de veículo";"Com Vítimas Feridas";"Pleno dia";"Decrescente";"Céu Claro";"Simples";"Reta";"Não";2;0;2;0;0;0;2;1;-30,94262027;-54,7262691;"SPRF-RS";"DEL11-RS";"UOP01-DEL11-RS"
506194;2023-02-19;"domingo";"19:20:00";"BA";110;284,3;"INHAMBUPE";"Manobra de mudança de faixa";"Colisão frontal";"Com Vítimas Fatais";"Plena Noite";"Crescente";"Céu Claro";"Simples";"Reta";"Não";2;1;0;0;0;1;0;2;-11,82862297;-38,36243005;"SPRF-BA";"DEL01-BA";"UOP04-DEL01-BA"
506195;2023-02-19;"domingo";"19:30:00";"PR";277;715;"SANTA TEREZINHA DE ITAIPU";"Ausência de reação do condutor";"Saída de leito carroçável";"Com Vítimas Feridas";"Anoitecer";"Decrescente";"Céu Claro";"Dupla";"Reta";"Não";3;0;0;1;2;0;1;2;-25,46882758;-54,45810922;"SPRF-PR";"DEL05-PR";"UOP01-DEL05-PR"
506196;2023-02-19;"domingo";"11:00:00";"PE";232;94,1;"SAIRE";"Demais falhas mecânicas ou elétricas";"Tombamento";"Com Vítimas Feridas";"Pleno dia";"Crescente";"Céu Claro";"Dupla";"Não Informado";"Não";2;0;2;0;0;0;2;1;-8,225966;-35,694557;"SPRF-PE";"DEL02-PE";"UOP02-DEL02PE"
506197;2023-02-19;"domingo";"12:00:00";"RN";101;112,2;"SAO JOSE DE MIPIBU";"Declive acentuado";"Queda de ocupante de veículo";"Com Vítimas Fatais";"Pleno dia";"Crescente";"Céu Claro";"Dupla";"Desvio Temporário";"Não";1;1;0;0;0;0;0;1;-5,96429;-35,264877;"SPRF-RN";"DEL01-RN";"UOP01-DEL01-RN"
506198;2023-02-19;"domingo";"19:00:00";"BA";420;344,5;"JAGUAQUARA";"Animais na Pista";"Atropelamento de Animal";"Com Vítimas Fatais";"Plena Noite";"Crescente";"Céu Claro";"Simples";"Reta";"Não";1;1;0;0;0;0;0;1;-13,50650333;-40,00869102;"SPRF-BA";"DEL03-BA";"UOP01-DEL03-BA"
506199;2023-02-19;"domingo";"20:20:00";"SC";101;206,3;"SAO JOSE";"Manobra de mudança de faixa";"Colisão lateral mesmo sentido";"Com Vítimas Feridas";"Plena Noite";"Decrescente";"Garoa/Chuvisco";"Dupla";"Reta";"Sim";3;0;0;1;2;0;1;1;-27,59193546;-48,61824557;"SPRF-SC";"DEL01-SC";"UOP01-DEL01-SC"
506200;2023-02-19;"domingo";"20:05:00";"SC";470;3,9;"NAVEGANTES";"Acessar a via sem observar a presença dos outros veículos";"Colisão transversal";"Com Vítimas Feridas";"Plena Noite";"Decrescente";"Garoa/Chuvisco";"Dupla";"Não Informado";"Sim";6;0;1;0;4;1;1;2;-26,85912103;-48,68957162;"SPRF-SC";"DEL04-SC";"UOP04-DEL04-SC"
506201;2023-02-19;"domingo";"20:20:00";"RN";226;4;"NATAL";"Transitar na contramão";"Colisão frontal";"Com Vítimas Feridas";"Plena Noite";"Decrescente";"Céu Claro";"Simples";"Reta";"Sim";2;0;2;0;0;0;2;2;-5,819578;-35,25972;"SPRF-RN";"DEL01-RN";"UOP02-DEL01-RN"
506202;2023-02-19;"domingo";"20:50:00";"MG";381;498,5;"BETIM";"Ausência de reação do condutor";"Colisão traseira";"Sem Vítimas";"Plena Noite";"Decrescente";"Nublado";"Dupla";"Não Informado";"Sim";3;0;0;0;2;1;0;2;-19,98857416;-44,20462847;"SPRF-MG";"DEL01-MG";"UOP03-DEL01-MG"
506203;2023-02-19;"domingo";"19:20:00";"SC";101;380,5;"ICARA";"Transitar na contramão";"Colisão frontal";"Com Vítimas Feridas";"Plena Noite";"Crescente";"Céu Claro";"Simples";"Reta";"Sim";2;0;1;0;1;0;1;2;-28,75047313;-49,26872594;"SPRF-SC";"DEL02-SC";"UOP02-DEL02-SC"
506204;2023-02-19;"domingo";"19:00:00";"RN";406;103,5;"JOAO CAMARA";"Ingestão de álcool pelo condutor";"Colisão transversal";"Sem Vítimas";"Plena Noite";"Crescente";"Céu Claro";"Simples";"Reta";"Sim";2;0;0;0;1;1;0;2;-5,53714888;-35,81373986;"SPRF-RN";"DEL02-RN";"UOP01-DEL02-RN"
506205;2023-02-19;"domingo";"19:15:00";"PE";408;77,7;"PAUDALHO";"Reação tardia ou ineficiente do condutor";"Colisão com objeto";"Sem Vítimas";"Plena Noite";"Crescente";"Nublado";"Dupla";"Reta";"Não";1;0;0;0;0;1;0;1;-7,923083;-35,156473;"SPRF-PE";"DEL01-PE";"UOP01-DEL01-PE"
506206;2023-02-19;"domingo";"19:49:00";"PR";277;430;"VIRMOND";"Acessar a via sem observar a presença dos outros veículos";"Colisão transversal";"Sem Vítimas";"Plena Noite";"Crescente";"Nublado";"Simples";"Rotatória";"Sim";3;0;0;0;2;1;0;2;-25,3784;-52,202767;"SPRF-PR";"DEL04-PR";"UOP02-DEL04-PR"
506207;2023-02-19;"domingo";"20:30:00";"RS";386;168,4;"CARAZINHO";"Ausência de reação do condutor";"Saída de leito carroçável";"Com Vítimas Feridas";"Pleno dia";"Decrescente";"Céu Claro";"Simples";"Não Informado";"Não";1;0;1;0;0;0;1;1;-28,222359;-52,821266;"SPRF-RS";"DEL08-RS";"UOP01-DEL08-RS"
506208;2023-02-19;"domingo";"20:35:00";"BA";324;579;"CANDEIAS";"Ingestão de álcool pelo condutor";"Colisão traseira";"Sem Vítimas";"Plena Noite";"Crescente";"Céu Claro";"Dupla";"Reta";"Não";2;0;0;0;2;0;0;2;-12,60083901;-38,50767731;"SPRF-BA";"DEL01-BA";"UOP01-DEL01-BA"
506209;2023-02-19;"domingo";"20:35:00";"PR";373;179;"PONTA GROSSA";"Reação tardia ou ineficiente do condutor";"Colisão lateral mesmo sentido";"Sem Vítimas";"Plena Noite";"Crescente";"Nublado";"Simples";"Curva";"Sim";3;0;0;0;2;1;0;2;-25,04281018;-50,23950211;"SPRF-PR";"DEL03-PR";"UOP01-DEL03-PR"
506210;2023-02-19;"domingo";"20:50:00";"BA";324;599;"SIMOES FILHO";"Ingestão de álcool pelo condutor";"Colisão traseira";"Sem Vítimas";"Plena Noite";"Crescente";"Céu Claro";"Dupla";"Reta";"Não";2;0;0;0;2;0;0;2;-12,75127667;-38,43183517;"SPRF-BA";"DEL01-BA";"UOP01-DEL01-BA"
506212;2023-02-19;"domingo";"17:15:00";"SP";101;48,3;"UBATUBA";"Retorno proibido";"Colisão transversal";"Com Vítimas Feridas";"Pleno dia";"Decrescente";"Nublado";"Simples";"Reta";"Sim";2;0;1;0;1;0;1;2;-23,43696329;-45,08768768;"SPRF-SP";"DEL06-SP";"UOP01-DEL06-SP"
506213;2023-02-19;"domingo";"21:30:00";"SC";101;195;"BIGUACU";"Ausência de reação do condutor";"Colisão transversal";"Com Vítimas Feridas";"Plena Noite";"Crescente";"Nublado";"Dupla";"Reta";"Sim";2;0;1;0;1;0;1;2;-27,5047092;-48,65010819;"SPRF-SC";"DEL01-SC";"UOP01-DEL01-SC"
506214;2023-02-19;"domingo";"18:55:00";"SC";101;95,6;"BARRA VELHA";"Desrespeitar a preferência no cruzamento";"Colisão transversal";"Com Vítimas Feridas";"Plena Noite";"Decrescente";"Chuva";"Simples";"Não Informado";"Sim";2;0;1;0;1;0;1;2;-26,71514832;-48,70228529;"SPRF-SC";"DEL03-SC";"UOP02-DEL03-SC"
506218;2023-02-19;"domingo";"20:27:00";"PI";343;347,2;"TERESINA";"Ausência de reação do condutor";"Colisão traseira";"Com Vítimas Feridas";"Plena Noite";"Crescente";"Chuva";"Simples";"Ponte";"Sim";4;0;2;0;0;2;2;2;-5,114822;-42,778355;"SPRF-PI";"DEL01-PI";"UOP01-DEL01-PI"
506220;2023-02-19;"domingo";"20:20:00";"RJ";116;171;"RIO DE JANEIRO";"Manobra de mudança de faixa";"Colisão lateral mesmo sentido";"Sem Vítimas";"Plena Noite";"Crescente";"Garoa/Chuvisco";"Dupla";"Reta";"Sim";2;0;0;0;2;0;0;2;-22,8060415;-43,34289573;"SPRF-RJ";"DEL01-RJ";"UOP02-DEL01-RJ"