"id";"data_inversa";"dia_semana";"horario";"uf";"br";"km";"municipio";"causa_acidente";"tipo_acidente";"classificacao_acidente";"fase_dia";"sentido_via";"condicao_metereologica";"tipo_pista";"tracado_via";"uso_solo";"pessoas";"mortos";"feridos_leves";"feridos_graves";"ilesos";"ignorados";"feridos";"veiculos";"latitude";"longitude";"regional";"delegacia";"uop"
506221;2023-02-19;"domingo";"18:00:00";"CE";230;81;"VARZEA ALEGRE";"Acessar a via sem observar a presença dos outros veículos";"Atropelamento de Pedestre";"Com Vítimas Feridas";"Plena Noite";"Crescente";"Céu Claro";"Simples";"Reta";"Sim";2;0;2;0;0;0;2;1;-6,7922524;-39,3079452;"SPRF-CE";"DEL05-CE";"UOP01-DEL05-CE"
506222;2023-02-19;"domingo";"20:43:00";"TO";153;145;"ARAGUAINA";"Entrada inopinada do pedestre";"Atropelamento de Pedestre";"Com Vítimas Feridas";"Plena Noite";"Decrescente";"Ignorado";"Dupla";"Reta";"Sim";2;0;0;1;1;0;1;1;-7,20503614;-48,24035166;"SPRF-TO";"DEL02-TO";"UOP01-DEL02-TO"
506223;2023-02-19;"domingo";"21:30:00";"RJ";101;143,7;"MACAE";"Ausência de reação do condutor";"Colisão traseira";"Com Vítimas Feridas";"Plena Noite";"Crescente";"Nublado";"Dupla";"Curva";"Não";3;0;2;0;1;0;2;2;-22,20562678;-41,75124739;"SPRF-RJ";"DEL08-RJ";"UOP04-DEL08-RJ"
506224;2023-02-19;"domingo";"22:30:00";"PR";163;344;"GUAIRA";"Iluminação deficiente";"Queda de ocupante de veículo";"Com Vítimas Feridas";"Plena Noite";"Crescente";"Nublado";"Simples";"Rotatória";"Sim";2;0;2;0;0;0;2;1;-24,21375699;-54,19958751;"SPRF-PR";"DEL06-PR";"UOP01-DEL06-PR"
506226;2023-02-19;"domingo";"21:50:00";"MG";40;545,2;"NOVA LIMA";"Reação tardia ou ineficiente do condutor";"Colisão traseira";"Com Vítimas Feridas";"Plena Noite";"Decrescente";"Céu Claro";"Dupla";"Não Informado";"Não";5;0;1;0;4;0;1;2;-20,00998502;-43,96596199;"SPRF-MG";"DEL01-MG";"UOP02-DEL01-MG"
506227;2023-02-19;"domingo";"20:05:00";"SC";101;295,5;"LAGUNA";"Iluminação deficiente";"Colisão traseira";"Com Vítimas Feridas";"Plena Noite";"Decrescente";"Nublado";"Simples";"Reta";"Não";2;0;1;0;1;0;1;2;-28,29854333;-48,71633767;"SPRF-SC";"DEL02-SC";"UOP03-DEL02-SC"
506228;2023-02-19;"domingo";"22:30:00";"SC";101;158;"PORTO BELO";"Ingestão de álcool pelo condutor";"Colisão traseira";"Com Vítimas Feridas";"Plena Noite";"Decrescente";"Nublado";"Dupla";"Reta";"Não";3;0;1;0;2;0;1;2;-27,19096301;-48,61259017;"SPRF-SC";"DEL04-SC";"UOP03-DEL04-SC"
506229;2023-02-19;"domingo";"21:00:00";"PB";230;155;"CAMPINA GRANDE";"Ingestão de álcool pelo condutor";"Colisão transversal";"Com Vítimas Feridas";"Plena Noite";"Decrescente";"Céu Claro";"Simples";"Interseção de vias";"Sim";3;0;1;0;1;1;1;2;-7,26806;-35,915297;"SPRF-PB";"DEL02-PB";"UOP01-DEL02-PB"
506230;2023-02-19;"domingo";"20:30:00";"RS";386;42,5;"FREDERICO WESTPHALEN";"Ingestão de álcool pelo condutor";"Colisão frontal";"Sem Vítimas";"Plena Noite";"Decrescente";"Céu Claro";"Simples";"Curva";"Sim";4;0;0;0;4;0;0;2;-27,4241076;-53,4219861;"SPRF-RS";"DEL08-RS";"UOP02-DEL08-RS"
506231;2023-02-19;"domingo";"21:50:00";"MT";364;133;"PEDRA PRETA";"Chuva";"Saída de leito carroçável";"Sem Vítimas";"Plena Noite";"Crescente";"Chuva";"Simples";"Não Informado";"Não";1;0;0;0;0;1;0;1;-16,78303;-54,163987;"SPRF-MT";"DEL02-MT";"UOP01-DEL02-MT"
506233;2023-02-19;"domingo";"21:00:00";"PB";104;102;"SAO SEBASTIAO DE LAGOA DE  ROCA";"Transitar na contramão";"Colisão frontal";"Com Vítimas Fatais";"Plena Noite";"Decrescente";"Nublado";"Simples";"Reta";"Não";2;1;1;0;0;0;1;2;-7,06249;-35,85547;"SPRF-PB";"DEL02-PB";"UOP04-DEL02-PB"
506234;2023-02-10;"sexta-feira";"13:29:00";"MS";419;222,1;"AQUIDAUANA";"Reação tardia ou ineficiente do condutor";"Saída de leito carroçável";"Com Vítimas Feridas";"Pleno dia";"Crescente";"Chuva";"Simples";"Não Informado";"Não";4;0;4;0;0;0;4;1;-20,500391;-55,81333;"SPRF-MS";"DEL03-MS";"UOP01-DEL03-MS"
506235;2023-02-19;"domingo";"22:00:00";"MS";262;358,6;"CAMPO GRANDE";"Animais na Pista";"Atropelamento de Animal";"Com Vítimas Fatais";"Plena Noite";"Decrescente";"Chuva";"Simples";"Reta";"Não";1;1;0;0;0;0;0;1;-20,52581098;-54,70976798;"SPRF-MS";"DEL01-MS";"UOP03-DEL01-MS"
506236;2023-02-19;"domingo";"23:00:00";"PR";369;187;"ARAPONGAS";"Condutor usando celular";"Colisão traseira";"Sem Vítimas";"Plena Noite";"Crescente";"Céu Claro";"Simples";"Não Informado";"Sim";2;0;0;0;2;0;0;2;-23,42562;-51,42345;"SPRF-PR";"DEL07-PR";"UOP03-DEL07-PR"
506240;2023-02-19;"domingo";"23:10:00";"PI";343;8,5;"PARNAIBA";"Ingestão de álcool pelo condutor";"Colisão transversal";"Com Vítimas Feridas";"Plena Noite";"Decrescente";"Nublado";"Simples";"Interseção de vias";"Sim";5;0;4;0;1;0;4;2;-2,90012576;-41,72921441;"SPRF-PI";"DEL05-PI";"UOP01-DEL05-PI"
506241;2023-02-19;"domingo";"20:15:00";"MT";364;308;"JACIARA";"Chuva";"Saída de leito carroçável";"Sem Vítimas";"Plena Noite";"Decrescente";"Chuva";"Dupla";"Reta";"Não";1;0;0;0;1;0;0;1;-15,81860731;-55,22097308;"SPRF-MT";"DEL05-MT";"UOP02-DEL05-MT"
506242;2023-02-19;"domingo";"18:50:00";"MG";116;567,1;"MANHUACU";"Transitar na contramão";"Colisão lateral sentido oposto";"Com Vítimas Feridas";"Plena Noite";"Crescente";"Céu Claro";"Simples";"Curva";"Não";3;0;1;0;1;1;1;2;-20,08349985;-42,18405862;"SPRF-MG";"DEL06-MG";"UOP03-DEL06-MG"
506243;2023-02-19;"domingo";"20:40:00";"MS";463;94;"PONTA PORA";"Transitar na contramão";"Colisão frontal";"Sem Vítimas";"Plena Noite";"Crescente";"Céu Claro";"Simples";"Não Informado";"Não";2;0;0;0;2;0;0;2;-22,61318767;-55,56238326;"SPRF-MS";"DEL04-MS";"UOP03-DEL04-MS"
506245;2023-02-19;"domingo";"19:36:00";"MG";40;807,1;"MATIAS BARBOSA";"Condutor deixou de manter distância do veículo da frente";"Colisão traseira";"Com Vítimas Feridas";"Plena Noite";"Decrescente";"Nublado";"Dupla";"Curva";"Não";3;0;1;0;2;0;1;2;-21,86777978;-43,35237265;"SPRF-MG";"DEL05-MG";"UOP01-DEL05-MG"
506246;2023-02-19;"domingo";"23:15:00";"GO";153;288,1;"RIALMA";"Ultrapassagem Indevida";"Colisão frontal";"Com Vítimas Fatais";"Plena Noite";"Decrescente";"Nublado";"Simples";"Reta";"Não";5;1;4;0;0;0;4;2;-15,194673;-49,544918;"SPRF-GO";"DEL02-GO";"UOP02-DEL02-GO"
506247;2023-02-19;"domingo";"23:50:00";"MG";116;516,5;"UBAPORANGA";"Ingestão de álcool pelo condutor";"Saída de leito carroçável";"Com Vítimas Feridas";"Plena Noite";"Crescente";"Céu Claro";"Simples";"Curva";"Não";1;0;0;1;0;0;1;1;-19,70492713;-42,11720373;"SPRF-MG";"DEL06-MG";"UOP02-DEL06-MG"
506251;2023-02-19;"domingo";"21:50:00";"RR";174;438,2;"MUCAJAI";"Pedestre andava na pista";"Atropelamento de Pedestre";"Com Vítimas Fatais";"Pleno dia";"Crescente";"Céu Claro";"Simples";"Reta";"Não";3;1;0;0;2;0;0;1;2,351078;-60,911423;"SPRF-RR";"N/A";"UOP01-DEL01-RR"
506252;2023-02-20;"segunda-feira";"00:01:00";"RJ";101;507;"ANGRA DOS REIS";"Reação tardia ou ineficiente do condutor";"Colisão transversal";"Com Vítimas Feridas";"Plena Noite";"Decrescente";"Nublado";"Simples";"Reta";"Não";3;0;2;0;1;0;2;2;-22,93795948;-44,41352691;"SPRF-RJ";"DEL03-RJ";"UOP02-DEL03-RJ"
506253;2023-02-20;"segunda-feira";"00:45:00";"RN";304;30;"MOSSORO";"Ingestão de álcool pelo condutor";"Queda de ocupante de veículo";"Com Vítimas Feridas";"Plena Noite";"Decrescente";"Céu Claro";"Simples";"Reta";"Sim";1;0;0;1;0;0;1;1;-5,10820698;-37,33904209;"SPRF-RN";"DEL04-RN";"UOP02-DEL04-RN"
506254;2023-02-19;"domingo";"18:45:00";"RN";405;114;"ITAU";"Ausência de reação do condutor";"Colisão traseira";"Com Vítimas Feridas";"Plena Noite";"Decrescente";"Céu Claro";"Simples";"Reta";"Não";3;0;3;0;0;0;3;2;-5,86940814;-38,01985489;"SPRF-RN";"DEL04-RN";"UOP02-DEL04-RN"
506255;2023-02-19;"domingo";"21:30:00";"MA";10;228,8;"GOVERNADOR EDISON LOBAO";"Ingestão de álcool pelo condutor";"Colisão traseira";"Com Vítimas Feridas";"Plena Noite";"Crescente";"Chuva";"Simples";"Reta";"Não";4;0;1;2;1;0;3;2;-5,718728;-47,359982;"SPRF-MA";"DEL04-MA";"UOP01-DEL04-MA"
506256;2023-02-20;"segunda-feira";"01:00:00";"PR";116;131,3;"FAZENDA RIO GRANDE";"Reação tardia ou ineficiente do condutor";"Saída de leito carroçável";"Sem Vítimas";"Plena Noite";"Crescente";"Garoa/Chuvisco";"Dupla";"Reta";"Sim";1;0;0;0;1;0;0;1;-25,648307;-49,31251207;"SPRF-PR";"DEL01-PR";"UOP03-DEL01-PR"
506258;2023-02-19;"domingo";"18:20:00";"MS";463;107;"PONTA PORA";"Ausência de reação do condutor";"Colisão com objeto";"Com Vítimas Feridas";"Plena Noite";"Decrescente";"Céu Claro";"Simples";"Reta";"Sim";1;0;0;1;0;0;1;1;-22,59094101;-55,67301101;"SPRF-MS";"DEL04-MS";"UOP03-DEL04-MS"
506259;2023-02-20;"segunda-feira";"02:00:00";"RS";386;101;"SAO JOSE DAS MISSOES";"Ausência de reação do condutor";"Saída de leito carroçável";"Com Vítimas Feridas";"Plena Noite";"Crescente";"Céu Claro";"Simples";"Curva";"Não";1;0;1;0;0;0;1;1;-27,763994;-53,09584;"SPRF-RS";"DEL08-RS";"UOP01-DEL08-RS"
506260;2023-02-20;"segunda-feira";"01:45:00";"SC";101;322,8;"PESCARIA BRAVA";"Condutor Dormindo";"Saída de leito carroçável";"Com Vítimas Feridas";"Plena Noite";"Crescente";"Garoa/Chuvisco";"Dupla";"Não Informado";"Não";5;0;1;0;4;0;1;1;-28,42491971;-48,90238108;"SPRF-SC";"DEL02-SC";"UOP01-DEL02-SC"
506261;2023-02-20;"segunda-feira";"03:20:00";"RS";392;118;"CANGUCU";"Velocidade Incompatível";"Colisão com objeto";"Com Vítimas Feridas";"Plena Noite";"Decrescente";"Céu Claro";"Simples";"Rotatória";"Não";1;0;1;0;0;0;1;1;-31,407131;-52,68174198;"SPRF-RS";"DEL07-RS";"UOP01-DEL07-RS"
506262;2023-02-20;"segunda-feira";"02:00:00";"MA";222;669,9;"ACAILANDIA";"Acumulo de água sobre o pavimento";"Capotamento";"Com Vítimas Feridas";"Plena Noite";"Crescente";"Chuva";"Simples";"Reta";"Não";3;0;1;1;1;0;2;1;-4,9115858;-47,41511612;"SPRF-MA";"DEL04-MA";"UOP03-DEL04-MA"
506263;2023-02-20;"segunda-feira";"02:50:00";"RS";290;52;"GLORINHA";"Reação tardia ou ineficiente do condutor";"Queda de ocupante de veículo";"Com Vítimas Feridas";"Plena Noite";"Crescente";"Céu Claro";"Dupla";"Reta";"Não";2;0;1;1;0;0;2;1;-29,911516;-50,777485;"SPRF-RS";"DEL03-RS";"UOP01-DEL03-RS"
506264;2023-02-20;"segunda-feira";"03:40:00";"SP";116;449;"REGISTRO";"Condutor Dormindo";"Saída de leito carroçável";"Com Vítimas Feridas";"Plena Noite";"Crescente";"Céu Claro";"Dupla";"Reta";"Sim";2;0;1;0;1;0;1;1;-24,52913591;-47,85619324;"SPRF-SP";"DEL05-SP";"UOP01-DEL05-SP"
506265;2023-02-20;"segunda-feira";"01:00:00";"PA";308;193;"BRAGANCA";"Transitar na contramão";"Colisão lateral sentido oposto";"Com Vítimas Feridas";"Plena Noite";"Crescente";"Céu Claro";"Simples";"Reta";"Não";2;0;1;0;0;1;1;2;-1,07541058;-46,85633484;"SPRF-PA";"DEL01-PA";"UOP03-DEL01-PA"
506266;2023-02-20;"segunda-feira";"02:30:00";"PE";232;209,3;"PESQUEIRA";"Ingestão de álcool pelo condutor";"Colisão lateral sentido oposto";"Sem Vítimas";"Plena Noite";"Crescente";"Nublado";"Simples";"Reta";"Sim";2;0;0;0;2;0;0;2;-8,36666789;-36,68869898;"SPRF-PE";"DEL03-PE";"UOP02-DEL03-PE"
506269;2023-02-20;"segunda-feira";"05:00:00";"RN";101;63,1;"CEARA-MIRIM";"Ausência de reação do condutor";"Colisão traseira";"Com Vítimas Feridas";"Amanhecer";"Decrescente";"Céu Claro";"Simples";"Não Informado";"Não";2;0;1;0;1;0;1;2;-5,62285398;-35,24920089;"SPRF-RN";"DEL02-RN";"UOP01-DEL02-RN"
506271;2023-02-19;"domingo";"16:56:00";"MG";381;688,2;"LAVRAS";"Reação tardia ou ineficiente do condutor";"Colisão com objeto";"Com Vítimas Feridas";"Pleno dia";"Decrescente";"Chuva";"Dupla";"Não Informado";"Não";1;0;1;0;0;0;1;1;-21,21737985;-45,1265452;"SPRF-MG";"DEL04-MG";"UOP02-DEL04-MG"
506272;2023-02-20;"segunda-feira";"05:42:00";"RN";405;48,5;"GOVERNADOR DIX-SEPT ROSADO";"Condutor Dormindo";"Saída de leito carroçável";"Com Vítimas Fatais";"Amanhecer";"Decrescente";"Céu Claro";"Simples";"Reta";"Não";3;1;2;0;0;0;2;1;-5,448767;-37,667158;"SPRF-RN";"DEL04-RN";"UOP02-DEL04-RN"
506273;2023-02-20;"segunda-feira";"04:50:00";"GO";40;13,9;"LUZIANIA";"Reação tardia ou ineficiente do condutor";"Colisão traseira";"Com Vítimas Feridas";"Plena Noite";"Crescente";"Céu Claro";"Dupla";"Reta";"Sim";3;0;1;0;2;0;1;2;-16,151832;-47,939162;"SPRF-DF";"DEL01-DF";"UOP01-DEL01-DF"
506274;2023-02-20;"segunda-feira";"05:25:00";"PE";101;67;"RECIFE";"Pista Escorregadia";"Tombamento";"Com Vítimas Feridas";"Amanhecer";"Crescente";"Chuva";"Dupla";"Não Informado";"Sim";1;0;1;0;0;0;1;1;-8,042334;-34,943096;"SPRF-PE";"DEL01-PE";"UOP01-DEL01-PE"
506275;2023-02-20;"segunda-feira";"05:30:00";"MT";70;1;"BARRA DO GARCAS";"Acessar a via sem observar a presença dos outros veículos";"Colisão frontal";"Com Vítimas Feridas";"Amanhecer";"Crescente";"Céu Claro";"Simples";"Desvio Temporário";"Sim";2;0;0;1;0;1;1;2;-15,88924374;-52,26541758;"SPRF-MT";"DEL07-MT";"UOP01-DEL07-MT"
506279;2023-02-20;"segunda-feira";"05:40:00";"CE";222;22,3;"CAUCAIA";"Acesso irregular";"Atropelamento de Pedestre";"Com Vítimas Fatais";"Amanhecer";"Decrescente";"Chuva";"Múltipla";"Não Informado";"Sim";2;1;0;0;0;1;0;1;-3,73269444;-38,75581205;"SPRF-CE";"DEL01-CE";"UOP01-DEL01-CE"
506282;2023-02-20;"segunda-feira";"04:30:00";"MG";381;530,1;"RIO MANSO";"Velocidade Incompatível";"Saída de leito carroçável";"Sem Vítimas";"Amanhecer";"Decrescente";"Céu Claro";"Dupla";"Não Informado";"Não";1;0;0;0;1;0;0;1;-20,17327539;-44,37545454;"SPRF-MG";"DEL04-MG";"UOP03-DEL04-MG"
506283;2023-02-20;"segunda-feira";"06:40:00";"GO";60;389;"RIO VERDE";"Ausência de reação do condutor";"Colisão com objeto";"Sem Vítimas";"Amanhecer";"Decrescente";"Nublado";"Dupla";"Retorno Regulamentado";"Sim";1;0;0;0;0;1;0;1;-17,819;-50,943;"SPRF-GO";"DEL04-GO";"UOP02-DEL04-GO"
506285;2023-02-20;"segunda-feira";"07:09:00";"MG";381;857,8;"POUSO ALEGRE";"Ausência de reação do condutor";"Saída de leito carroçável";"Com Vítimas Feridas";"Pleno dia";"Decrescente";"Sol";"Dupla";"Não Informado";"Não";4;0;0;4;0;0;4;1;-22,3341773;-45,92156967;"SPRF-MG";"DEL16-MG";"UOP01-DEL16-MG"
506287;2023-02-20;"segunda-feira";"08:00:00";"SC";101;155;"PORTO BELO";"Reação tardia ou ineficiente do condutor";"Saída de leito carroçável";"Com Vítimas Feridas";"Amanhecer";"Decrescente";"Nublado";"Dupla";"Reta";"Sim";1;0;1;0;0;0;1;1;-27,16292;-48,61129;"SPRF-SC";"DEL04-SC";"UOP03-DEL04-SC"
506288;2023-02-20;"segunda-feira";"08:00:00";"SC";101;235;"PALHOCA";"Ingestão de álcool pelo condutor";"Colisão com objeto";"Com Vítimas Feridas";"Pleno dia";"Decrescente";"Chuva";"Dupla";"Reta";"Não";1;0;1;0;0;0;1;1;-27,8177775;-48,6315025;"SPRF-SC";"DEL01-SC";"UOP02-DEL01-SC"
506290;2023-02-20;"segunda-feira";"00:15:00";"RJ";393;256;"BARRA DO PIRAI";"Ausência de reação do condutor";"Colisão com objeto";"Sem Vítimas";"Plena Noite";"Decrescente";"Nublado";"Simples";"Reta";"Não";1;0;0;0;0;1;0;1;-22,4534484;-43,80778895;"SPRF-RJ";"DEL05-RJ";"UOP02-DEL05-RJ"
506291;2023-02-20;"segunda-feira";"06:55:00";"PI";316;41,7;"LAGOA DO PIAUI";"Ausência de reação do condutor";"Colisão traseira";"Sem Vítimas";"Amanhecer";"Decrescente";"Nublado";"Simples";"Não Informado";"Não";2;0;0;0;2;0;0;2;-5,41130487;-42,64513384;"SPRF-PI";"DEL01-PI";"UOP02-DEL01-PI"
506292;2023-02-20;"segunda-feira";"07:20:00";"GO";153;692,8;"ITUMBIARA";"Condutor Dormindo";"Saída de leito carroçável";"Com Vítimas Feridas";"Pleno dia";"Decrescente";"Céu Claro";"Dupla";"Reta";"Sim";7;0;6;0;1;0;6;1;-18,3259;-49,2276;"SPRF-GO";"DEL03-GO";"UOP02-DEL03-GO"
506293;2023-02-20;"segunda-feira";"03:00:00";"PA";316;263;"CACHOEIRA DO PIRIA";"Animais na Pista";"Atropelamento de Animal";"Sem Vítimas";"Pleno dia";"Crescente";"Céu Claro";"Simples";"Reta";"Não";1;0;0;0;0;1;0;1;-1,822716;-46,394403;"SPRF-PA";"DEL01-PA";"UOP04-DEL01-PA"
506294;2023-02-20;"segunda-feira";"07:50:00";"RJ";356;147;"CAMPOS DOS GOYTACAZES";"Ausência de reação do condutor";"Colisão traseira";"Com Vítimas Feridas";"Plena Noite";"Decrescente";"Céu Claro";"Simples";"Reta";"Sim";2;0;1;0;1;0;1;2;-21,78540158;-41,29978331;"SPRF-RJ";"DEL08-RJ";"UOP02-DEL08-RJ"
506296;2023-02-20;"segunda-feira";"08:35:00";"ES";101;322,5;"GUARAPARI";"Avarias e/ou desgaste excessivo no pneu";"Tombamento";"Com Vítimas Feridas";"Pleno dia";"Decrescente";"Céu Claro";"Dupla";"Não Informado";"Não";2;0;1;0;1;0;1;1;-20,52834469;-40,48236575;"SPRF-ES";"DEL03-ES";"UOP01-DEL03-ES"
506298;2023-02-20;"segunda-feira";"08:00:00";"MG";40;395,8;"CURVELO";"Desrespeitar a preferência no cruzamento";"Colisão transversal";"Com Vítimas Fatais";"Pleno dia";"Crescente";"Céu Claro";"Simples";"Reta";"Não";4;1;3;0;0;0;3;2;-18,98817201;-44,66225208;"SPRF-MG";"DEL02-MG";"UOP01-DEL02-MG"
506299;2023-02-20;"segunda-feira";"08:45:00";"PE";428;188;"PETROLINA";"Manobra de mudança de faixa";"Colisão lateral mesmo sentido";"Com Vítimas Feridas";"Pleno dia";"Crescente";"Céu Claro";"Dupla";"Rotatória";"Sim";3;0;2;0;1;0;2;2;-9,36400596;-40,48266808;"SPRF-PE";"DEL06-PE";"UOP01-DEL06-PE"
506300;2023-02-20;"segunda-feira";"09:00:00";"MG";40;546;"NOVA LIMA";"Velocidade Incompatível";"Queda de ocupante de veículo";"Com Vítimas Feridas";"Pleno dia";"Crescente";"Céu Claro";"Dupla";"Reta";"Não";2;0;1;1;0;0;2;1;-20,01444685;-43,96893823;"SPRF-MG";"DEL01-MG";"UOP02-DEL01-MG"
506301;2023-02-19;"domingo";"04:51:00";"RJ";393;182;"PARAIBA DO SUL";"Reação tardia ou ineficiente do condutor";"Colisão com objeto";"Sem Vítimas";"Amanhecer";"Decrescente";"Céu Claro";"Simples";"Rotatória";"Sim";1;0;0;0;1;0;0;1;-22,14087772;-43,25915397;"SPRF-RJ";"DEL05-RJ";"UOP01-DEL05-RJ"
506302;2023-02-20;"segunda-feira";"08:50:00";"SP";116;139,7;"SAO JOSE DOS CAMPOS";"Demais falhas na via";"Saída de leito carroçável";"Com Vítimas Feridas";"Pleno dia";"Decrescente";"Céu Claro";"Dupla";"Reta";"Sim";2;0;1;1;0;0;2;1;-23,16403545;-45,80715179;"SPRF-SP";"DEL02-SP";"UOP01-DEL02-SP"
506303;2023-02-18;"sábado";"21:30:00";"SP";153;162;"PROMISSAO";"Acessar a via sem observar a presença dos outros veículos";"Colisão transversal";"Sem Vítimas";"Plena Noite";"Decrescente";"Nublado";"Simples";"Interseção de vias";"Não";1;0;0;0;1;0;0;1;-21,52532797;-49,78132669;"SPRF-SP";"DEL07-SP";"UOP01-DEL07-SP"
506305;2023-02-20;"segunda-feira";"09:45:00";"PR";277;453,9;"LARANJEIRAS DO SUL";"Desrespeitar a preferência no cruzamento";"Colisão transversal";"Com Vítimas Feridas";"Pleno dia";"Decrescente";"Chuva";"Simples";"Não Informado";"Sim";2;0;0;1;1;0;1;2;-25,3857;-52,41112;"SPRF-PR";"DEL04-PR";"UOP02-DEL04-PR"
506306;2023-02-20;"segunda-feira";"10:05:00";"MG";116;643,8;"FERVEDOURO";"Transitar na contramão";"Colisão lateral sentido oposto";"Com Vítimas Feridas";"Pleno dia";"Decrescente";"Sol";"Simples";"Reta";"Não";4;0;2;0;2;0;2;2;-20,666712;-42,268036;"SPRF-MG";"DEL07-MG";"UOP02-DEL07-MG"
506308;2023-02-20;"segunda-feira";"10:30:00";"RS";101;81,5;"OSORIO";"Avarias e/ou desgaste excessivo no pneu";"Saída de leito carroçável";"Com Vítimas Feridas";"Pleno dia";"Crescente";"Chuva";"Dupla";"Reta";"Sim";4;0;1;0;3;0;1;1;-29,83475603;-50,24628662;"SPRF-RS";"DEL03-RS";"UOP01-DEL03-RS"
506309;2023-02-20;"segunda-feira";"10:10:00";"RJ";116;214;"SEROPEDICA";"Condutor Dormindo";"Saída de leito carroçável";"Com Vítimas Feridas";"Pleno dia";"Decrescente";"Céu Claro";"Dupla";"Reta";"Não";3;0;2;0;1;0;2;1;-22,713438;-43,734085;"SPRF-RJ";"DEL01-RJ";"UOP03-DEL01-RJ"
506310;2023-02-20;"segunda-feira";"05:30:00";"RN";405;60,5;"FELIPE GUERRA";"Condutor Dormindo";"Saída de leito carroçável";"Com Vítimas Feridas";"Amanhecer";"Decrescente";"Sol";"Simples";"Reta";"Não";1;0;1;0;0;0;1;1;-5,53322492;-37,72785311;"SPRF-RN";"DEL04-RN";"UOP02-DEL04-RN"
506311;2023-02-20;"segunda-feira";"08:02:00";"MT";163;720;"SORRISO";"Acumulo de água sobre o pavimento";"Saída de leito carroçável";"Com Vítimas Feridas";"Pleno dia";"Crescente";"Chuva";"Simples";"Reta";"Não";1;0;1;0;0;0;1;1;-12,92085315;-55,8558666;"SPRF-MT";"DEL06-MT";"UOP01-DEL06-MT"
506312;2023-02-20;"segunda-feira";"10:10:00";"ES";101;382;"RIO NOVO DO SUL";"Demais falhas mecânicas ou elétricas";"Incêndio";"Sem Vítimas";"Pleno dia";"Decrescente";"Céu Claro";"Simples";"Reta";"Não";1;0;0;0;1;0;0;1;-20,82072713;-40,84702482;"SPRF-ES";"DEL03-ES";"UOP01-DEL03-ES"
506313;2023-02-20;"segunda-feira";"11:10:00";"CE";116;12;"FORTALEZA";"Reação tardia ou ineficiente do condutor";"Queda de ocupante de veículo";"Com Vítimas Feridas";"Pleno dia";"Decrescente";"Céu Claro";"Dupla";"Curva";"Sim";2;0;1;0;1;0;1;1;-3,852077;-38,495525;"SPRF-CE";"DEL01-CE";"UOP02-DEL01-CE"
506314;2023-02-20;"segunda-feira";"09:35:00";"MS";267;482,5;"JARDIM";"Pedestre cruzava a pista fora da faixa";"Atropelamento de Pedestre";"Com Vítimas Feridas";"Pleno dia";"Crescente";"Nublado";"Simples";"Reta";"Sim";2;0;0;1;0;1;1;1;-21,481313;-56,154648;"SPRF-MS";"DEL05-MS";"UOP01-DEL05-MS"
506315;2023-02-20;"segunda-feira";"10:00:00";"RO";364;708;"PORTO VELHO";"Manobra de mudança de faixa";"Colisão lateral mesmo sentido";"Com Vítimas Feridas";"Pleno dia";"Crescente";"Chuva";"Dupla";"Reta";"Sim";2;0;1;0;1;0;1;2;-8,79554083;-63,84072487;"SPRF-RO";"DEL01-RO";"UOP01-DEL01-RO"
506316;2023-02-20;"segunda-feira";"11:10:00";"RS";386;248,3;"SOLEDADE";"Acessar a via sem observar a presença dos outros veículos";"Colisão transversal";"Com Vítimas Feridas";"Pleno dia";"Decrescente";"Chuva";"Simples";"Reta";"Sim";8;0;3;0;5;0;3;2;-28,81947917;-52,482301;"SPRF-RS";"DEL04-RS";"UOP03-DEL04-RS"
506317;2023-02-20;"segunda-feira";"07:14:00";"RS";392;15;"RIO GRANDE";"Mal súbito do condutor";"Colisão lateral mesmo sentido";"Com Vítimas Feridas";"Pleno dia";"Decrescente";"Nublado";"Dupla";"Reta";"Não";2;0;0;1;1;0;1;2;-32,11079503;-52,15933006;"SPRF-RS";"DEL07-RS";"UOP02-DEL07-RS"
506319;2023-02-20;"segunda-feira";"11:10:00";"ES";101;273;"SERRA";"Ausência de reação do condutor";"Colisão traseira";"Com Vítimas Feridas";"Pleno dia";"Decrescente";"Sol";"Dupla";"Interseção de vias";"Sim";5;0;3;0;2;0;3;2;-20,22029207;-40,29048811;"SPRF-ES";"DEL02-ES";"UOP01-DEL02-ES"
506320;2023-02-20;"segunda-feira";"09:45:00";"SP";116;228;"SAO PAULO";"Avarias e/ou desgaste excessivo no pneu";"Queda de ocupante de veículo";"Com Vítimas Feridas";"Pleno dia";"Crescente";"Nublado";"Múltipla";"Reta";"Sim";2;0;2;0;0;0;2;1;-23,5034348443;-46,5663871238;"SPRF-SP";"DEL01-SP";"UOP01-DEL01-SP"
506322;2023-02-20;"segunda-feira";"08:30:00";"MG";116;664;"SAO FRANCISCO DO GLORIA";"Ausência de reação do condutor";"Queda de ocupante de veículo";"Com Vítimas Feridas";"Pleno dia";"Crescente";"Céu Claro";"Simples";"Não Informado";"Não";1;0;1;0;0;0;1;1;-20,69576791;-42,27269707;"SPRF-MG";"DEL07-MG";"UOP02-DEL07-MG"
506323;2023-02-20;"segunda-feira";"11:00:00";"DF";70;17,5;"BRASILIA";"Avarias e/ou desgaste excessivo no pneu";"Queda de ocupante de veículo";"Com Vítimas Feridas";"Pleno dia";"Decrescente";"Céu Claro";"Dupla";"Reta";"Não";2;0;2;0;0;0;2;1;-15,794133;-48,202095;"SPRF-DF";"DEL01-DF";"UOP03-DEL01-DF"