"id";"data_inversa";"dia_semana";"horario";"uf";"br";"km";"municipio";"causa_acidente";"tipo_acidente";"classificacao_acidente";"fase_dia";"sentido_via";"condicao_metereologica";"tipo_pista";"tracado_via";"uso_solo";"pessoas";"mortos";"feridos_leves";"feridos_graves";"ilesos";"ignorados";"feridos";"veiculos";"latitude";"longitude";"regional";"delegacia";"uop"
506417;2023-02-21;"terça-feira";"01:10:00";"PR";376;664;"GUARATUBA";"Demais falhas mecânicas ou elétricas";"Incêndio";"Sem Vítimas";"Plena Noite";"Decrescente";"Céu Claro";"Simples";"Reta";"Não";2;0;0;0;2;0;0;1;-25,85371747;-48,95711124;"SPRF-PR";"DEL01-PR";"UOP04-DEL01-PR"
506418;2023-02-21;"terça-feira";"00:50:00";"SP";381;89,2;"GUARULHOS";"Reação tardia ou ineficiente do condutor";"Colisão traseira";"Sem Vítimas";"Plena Noite";"Decrescente";"Nublado";"Múltipla";"Reta";"Sim";2;0;0;0;2;0;0;2;-23,48469299;-46,55983288;"SPRF-SP";"DEL03-SP";"UOP01-DEL03-SP"
506421;2023-02-21;"terça-feira";"02:00:00";"MG";50;171;"UBERABA";"Avarias e/ou desgaste excessivo no pneu";"Saída de leito carroçável";"Sem Vítimas";"Plena Noite";"Decrescente";"Garoa/Chuvisco";"Dupla";"Não Informado";"Não";1;0;0;0;0;1;0;1;-19,74554892;-47,98382166;"SPRF-MG";"DEL13-MG";"UOP01-DEL13-MG"
506422;2023-02-20;"segunda-feira";"19:50:00";"CE";116;502;"BREJO SANTO";"Acessar a via sem observar a presença dos outros veículos";"Colisão transversal";"Com Vítimas Fatais";"Plena Noite";"Crescente";"Céu Claro";"Simples";"Não Informado";"Sim";4;1;0;2;1;0;2;2;-7,46246999;-38,97595702;"SPRF-CE";"DEL05-CE";"UOP03-DEL05-CE"
506424;2023-02-21;"terça-feira";"03:00:00";"RJ";101;225;"SILVA JARDIM";"Condutor Dormindo";"Saída de leito carroçável";"Com Vítimas Feridas";"Plena Noite";"Decrescente";"Céu Claro";"Dupla";"Reta";"Não";3;0;1;0;2;0;1;1;-22,53967107;-42,3461359;"SPRF-RJ";"DEL02-RJ";"UOP03-DEL02-RJ"
506425;2023-02-20;"segunda-feira";"09:45:00";"SC";101;410,8;"ARARANGUA";"Chuva";"Tombamento";"Com Vítimas Feridas";"Pleno dia";"Decrescente";"Chuva";"Múltipla";"Reta";"Não";2;0;1;0;1;0;1;1;-28,9225061;-49,4913107;"SPRF-SC";"DEL02-SC";"UOP02-DEL02-SC"
506428;2023-02-20;"segunda-feira";"23:36:00";"RJ";101;108;"CAMPOS DOS GOYTACAZES";"Condutor deixou de manter distância do veículo da frente";"Colisão traseira";"Com Vítimas Feridas";"Plena Noite";"Decrescente";"Nublado";"Dupla";"Reta";"Sim";2;0;1;0;0;1;1;2;-21,94060379;-41,63215332;"SPRF-RJ";"DEL08-RJ";"UOP02-DEL08-RJ"
506430;2023-02-21;"terça-feira";"05:20:00";"RS";116;253;"SAPUCAIA DO SUL";"Velocidade Incompatível";"Colisão com objeto";"Sem Vítimas";"Plena Noite";"Crescente";"Nublado";"Dupla";"Não Informado";"Sim";1;0;0;0;0;1;0;1;-29,81784209;-51,16996166;"SPRF-RS";"DEL01-RS";"UOP02-DEL01-RS"
506431;2023-02-21;"terça-feira";"04:45:00";"GO";60;11;"SANTO ANTONIO DO DESCOBERTO";"Velocidade Incompatível";"Saída de leito carroçável";"Com Vítimas Feridas";"Plena Noite";"Decrescente";"Céu Claro";"Dupla";"Reta";"Não";1;0;0;1;0;0;1;1;-16,115033;-48,3252;"SPRF-DF";"DEL01-DF";"UOP02-DEL01-DF"
506432;2023-02-21;"terça-feira";"02:50:00";"PB";361;78,2;"PIANCO";"Acessar a via sem observar a presença dos outros veículos";"Colisão frontal";"Com Vítimas Feridas";"Plena Noite";"Crescente";"Céu Claro";"Simples";"Não Informado";"Não";2;0;2;0;0;0;2;2;-7,18552414;-37,877191;"SPRF-PB";"DEL03-PB";"UOP01-DEL03-PB"
506433;2023-02-21;"terça-feira";"05:15:00";"RN";101;76,3;"NATAL";"Ingestão de álcool ou de substâncias psicoativas pelo pedestre";"Saída de leito carroçável";"Com Vítimas Feridas";"Amanhecer";"Decrescente";"Céu Claro";"Dupla";"Não Informado";"Não";1;0;0;1;0;0;1;1;-5,72603024;-35,28461489;"SPRF-RN";"DEL02-RN";"UOP01-DEL02-RN"
506435;2023-02-21;"terça-feira";"05:00:00";"RS";392;307;"SAO SEPE";"Ingestão de álcool pelo condutor";"Colisão lateral sentido oposto";"Com Vítimas Feridas";"Plena Noite";"Crescente";"Céu Claro";"Simples";"Reta";"Não";5;0;1;0;4;0;1;2;-30,08806254;-53,63698711;"SPRF-RS";"DEL09-RS";"UOP01-DEL09-RS"
506436;2023-02-21;"terça-feira";"06:50:00";"MG";381;486;"BETIM";"Acessar a via sem observar a presença dos outros veículos";"Colisão lateral mesmo sentido";"Com Vítimas Feridas";"Pleno dia";"Crescente";"Céu Claro";"Simples";"Viaduto";"Não";2;0;1;0;1;0;1;2;-19,95644414;-44,13611598;"SPRF-MG";"DEL01-MG";"UOP03-DEL01-MG"
506437;2023-02-21;"terça-feira";"06:59:00";"SP";381;51;"ATIBAIA";"Velocidade Incompatível";"Colisão com objeto";"Com Vítimas Feridas";"Amanhecer";"Decrescente";"Céu Claro";"Dupla";"Não Informado";"Não";1;0;1;0;0;0;1;1;-23,23381423;-46,60181522;"SPRF-SP";"DEL03-SP";"UOP01-DEL03-SP"
506439;2023-02-20;"segunda-feira";"15:20:00";"MG";40;258;"SAO GONCALO DO ABAETE";"Acumulo de água sobre o pavimento";"Saída de leito carroçável";"Com Vítimas Feridas";"Pleno dia";"Decrescente";"Garoa/Chuvisco";"Simples";"Não Informado";"Não";2;0;1;0;1;0;1;1;-18,13657095;-45,37279299;"SPRF-MG";"DEL14-MG";"UOP02-DEL14-MG"
506440;2023-02-21;"terça-feira";"06:00:00";"SP";116;37;"CACHOEIRA PAULISTA";"Chuva";"Colisão com objeto";"Com Vítimas Feridas";"Amanhecer";"Decrescente";"Chuva";"Dupla";"Curva";"Não";2;0;1;0;1;0;1;1;-22,66497021;-44,98430985;"SPRF-SP";"DEL08-SP";"UOP02-DEL08-SP"
506442;2023-02-21;"terça-feira";"04:00:00";"MG";381;781,3;"CAMPANHA";"Ausência de reação do condutor";"Saída de leito carroçável";"Com Vítimas Fatais";"Plena Noite";"Crescente";"Céu Claro";"Dupla";"Curva";"Não";1;1;0;0;0;0;0;1;-21,85166608;-45,52037769;"SPRF-MG";"DEL16-MG";"UOP02-DEL16-MG"
506443;2023-02-21;"terça-feira";"01:00:00";"SP";116;72;"APARECIDA";"Ausência de reação do condutor";"Saída de leito carroçável";"Sem Vítimas";"Plena Noite";"Decrescente";"Nublado";"Múltipla";"Curva";"Não";1;0;0;0;0;1;0;1;-22,86354218;-45,23746093;"SPRF-SP";"DEL08-SP";"UOP01-DEL08-SP"
506444;2023-02-21;"terça-feira";"07:30:00";"SC";101;205,2;"SAO JOSE";"Pista Escorregadia";"Saída de leito carroçável";"Com Vítimas Feridas";"Pleno dia";"Decrescente";"Garoa/Chuvisco";"Dupla";"Curva";"Não";1;0;1;0;0;0;1;1;-27,58313237;-48,61532885;"SPRF-SC";"DEL01-SC";"UOP01-DEL01-SC"
506445;2023-02-20;"segunda-feira";"14:45:00";"MG";153;239;"FRONTEIRA";"Pista esburacada";"Saída de leito carroçável";"Com Vítimas Feridas";"Pleno dia";"Decrescente";"Sol";"Simples";"Reta";"Não";1;0;0;1;0;0;1;1;-20,29847332;-49,20614844;"SPRF-MG";"DEL13-MG";"UOP02-DEL13-MG"
506446;2023-02-21;"terça-feira";"06:50:00";"PE";101;51;"PAULISTA";"Velocidade Incompatível";"Colisão com objeto";"Sem Vítimas";"Pleno dia";"Decrescente";"Nublado";"Dupla";"Reta";"Sim";3;0;0;0;0;3;0;1;-7,923063;-34,895515;"SPRF-PE";"DEL01-PE";"UOP02-DEL01-PE"
506448;2023-02-21;"terça-feira";"06:45:00";"SC";101;233;"PALHOCA";"Ingestão de álcool pelo condutor";"Capotamento";"Com Vítimas Feridas";"Amanhecer";"Crescente";"Chuva";"Dupla";"Curva";"Não";1;0;1;0;0;0;1;1;-27,80376397;-48,63826211;"SPRF-SC";"DEL01-SC";"UOP02-DEL01-SC"
506450;2023-02-21;"terça-feira";"07:52:00";"RJ";101;322;"NITEROI";"Manobra de mudança de faixa";"Colisão lateral mesmo sentido";"Sem Vítimas";"Pleno dia";"Decrescente";"Céu Claro";"Simples";"Não Informado";"Sim";4;0;0;0;3;1;0;2;-22,878923;-43,110676;"SPRF-RJ";"DEL02-RJ";"UOP01-DEL02-RJ"
506451;2023-02-21;"terça-feira";"05:11:00";"AP";156;818;"OIAPOQUE";"Velocidade Incompatível";"Saída de leito carroçável";"Sem Vítimas";"Amanhecer";"Decrescente";"Ignorado";"Simples";"Reta";"Sim";1;0;0;0;0;1;0;1;3,83584772;-51,8106705;"SPRF-AP";"N/A";"UOP03-DEL01-AP"
506454;2023-02-21;"terça-feira";"08:00:00";"MS";163;687;"RIO VERDE DE MATO GROSSO";"Avarias e/ou desgaste excessivo no pneu";"Saída de leito carroçável";"Sem Vítimas";"Pleno dia";"Crescente";"Garoa/Chuvisco";"Simples";"Não Informado";"Não";1;0;0;0;1;0;0;1;-18,86803903;-54,82781994;"SPRF-MS";"DEL06-MS";"UOP01-DEL06-MS"
506455;2023-02-21;"terça-feira";"09:20:00";"PA";316;62;"CASTANHAL";"Ausência de reação do condutor";"Colisão transversal";"Com Vítimas Feridas";"Pleno dia";"Crescente";"Céu Claro";"Dupla";"Não Informado";"Sim";3;0;0;1;1;1;1;2;-1,29786885;-47,93764104;"SPRF-PA";"DEL01-PA";"UOP01-DEL01-PA"
506456;2023-02-17;"sexta-feira";"17:00:00";"RJ";40;69;"PETROPOLIS";"Acumulo de areia ou detritos sobre o pavimento";"Colisão com objeto";"Com Vítimas Feridas";"Pleno dia";"Decrescente";"Chuva";"Dupla";"Reta";"Não";1;0;1;0;0;0;1;1;-22,44351715;-43,19229188;"SPRF-RJ";"DEL06-RJ";"UOP02-DEL06-RJ"
506458;2023-02-21;"terça-feira";"10:15:00";"GO";40;102,1;"CRISTALINA";"Reação tardia ou ineficiente do condutor";"Colisão frontal";"Com Vítimas Feridas";"Pleno dia";"Crescente";"Céu Claro";"Simples";"Reta";"Não";3;0;2;0;1;0;2;2;-16,800564;-47,567735;"SPRF-DF";"DEL01-DF";"UOP04-DEL01-DF"
506459;2023-02-21;"terça-feira";"10:45:00";"MG";40;433,1;"PARAOPEBA";"Entrada inopinada do pedestre";"Atropelamento de Pedestre";"Com Vítimas Feridas";"Pleno dia";"Decrescente";"Sol";"Dupla";"Reta";"Não";2;0;0;1;1;0;1;1;-19,2086243;-44,46506923;"SPRF-MG";"DEL02-MG";"UOP01-DEL02-MG"
506460;2023-02-21;"terça-feira";"09:40:00";"PA";10;16;"DOM ELISEU";"Ausência de reação do condutor";"Saída de leito carroçável";"Com Vítimas Feridas";"Pleno dia";"Crescente";"Céu Claro";"Simples";"Reta";"Sim";1;0;0;1;0;0;1;1;-4,310932;-47,55446699;"SPRF-PA";"DEL02-PA";"UOP02-DEL02-PA"
506462;2023-02-21;"terça-feira";"10:45:00";"DF";60;2,9;"BRASILIA";"Manobra de mudança de faixa";"Colisão traseira";"Com Vítimas Feridas";"Pleno dia";"Crescente";"Céu Claro";"Dupla";"Reta";"Sim";6;0;2;0;4;0;2;2;-15,890521;-48,086864;"SPRF-DF";"DEL01-DF";"UOP02-DEL01-DF"
506463;2023-02-21;"terça-feira";"10:45:00";"SC";280;165,3;"MAFRA";"Pista Escorregadia";"Queda de ocupante de veículo";"Com Vítimas Feridas";"Pleno dia";"Decrescente";"Garoa/Chuvisco";"Simples";"Não Informado";"Sim";1;0;1;0;0;0;1;1;-26,18505272;-49,8119696;"SPRF-SC";"DEL06-SC";"UOP01-DEL06-SC"
506464;2023-02-21;"terça-feira";"05:00:00";"RS";290;65,9;"GRAVATAI";"Ausência de sinalização";"Colisão traseira";"Com Vítimas Feridas";"Plena Noite";"Crescente";"Chuva";"Dupla";"Reta";"Não";2;0;0;1;0;1;1;2;-29,943108;-50,905231;"SPRF-RS";"DEL03-RS";"UOP01-DEL03-RS"
506465;2023-02-21;"terça-feira";"10:50:00";"RS";290;21;"SANTO ANTONIO DA PATRULHA";"Demais falhas mecânicas ou elétricas";"Saída de leito carroçável";"Com Vítimas Feridas";"Pleno dia";"Decrescente";"Céu Claro";"Dupla";"Reta";"Não";1;0;1;0;0;0;1;1;-29,889786;-50,464596;"SPRF-RS";"DEL03-RS";"UOP01-DEL03-RS"
506466;2023-02-21;"terça-feira";"11:15:00";"RN";304;149,1;"ANGICOS";"Acumulo de óleo sobre o pavimento";"Saída de leito carroçável";"Com Vítimas Feridas";"Pleno dia";"Decrescente";"Sol";"Simples";"Curva";"Não";2;0;2;0;0;0;2;1;-5,68190759;-36,6022717;"SPRF-RN";"DEL04-RN";"UOP01-DEL04-RN"
506467;2023-02-21;"terça-feira";"10:54:00";"PA";316;104;"SANTA MARIA DO PARA";"Frear bruscamente";"Engavetamento";"Com Vítimas Feridas";"Pleno dia";"Decrescente";"Sol";"Simples";"Não Informado";"Sim";10;0;2;0;8;0;2;4;-1,34122377;-47,56882496;"SPRF-PA";"DEL01-PA";"UOP02-DEL01-PA"
506469;2023-02-21;"terça-feira";"12:20:00";"ES";101;294,7;"CARIACICA";"Reação tardia ou ineficiente do condutor";"Colisão traseira";"Com Vítimas Feridas";"Pleno dia";"Crescente";"Sol";"Dupla";"Reta";"Sim";3;0;1;0;2;0;1;2;-20,32994637;-40,39895123;"SPRF-ES";"DEL01-ES";"UOP01-DEL01-ES"
506470;2023-02-21;"terça-feira";"12:00:00";"PE";232;27;"MORENO";"Manobra de mudança de faixa";"Colisão traseira";"Com Vítimas Feridas";"Pleno dia";"Decrescente";"Sol";"Dupla";"Não Informado";"Não";3;0;0;1;2;0;1;2;-8,113119;-35,134044;"SPRF-PE";"DEL01-PE";"UOP01-DEL01-PE"
506472;2023-02-21;"terça-feira";"13:00:00";"ES";101;67;"SAO MATEUS";"Reação tardia ou ineficiente do condutor";"Colisão transversal";"Com Vítimas Feridas";"Pleno dia";"Crescente";"Sol";"Dupla";"Interseção de vias";"Sim";2;0;0;1;1;0;1;2;-18,72054021;-39,8658931;"SPRF-ES";"DEL04-ES";"UOP02-DEL04-ES"
506474;2023-02-21;"terça-feira";"12:40:00";"ES";262;61;"MARECHAL FLORIANO";"Velocidade Incompatível";"Colisão traseira";"Sem Vítimas";"Pleno dia";"Crescente";"Céu Claro";"Simples";"Reta";"Não";3;0;0;0;3;0;0;3;-20,426486;-40,795839;"SPRF-ES";"DEL01-ES";"UOP02-DEL01-ES"
506476;2023-02-21;"terça-feira";"13:45:00";"MG";50;16,8;"ARAGUARI";"Objeto estático sobre o leito carroçável";"Colisão com objeto";"Com Vítimas Feridas";"Pleno dia";"Decrescente";"Céu Claro";"Dupla";"Não Informado";"Não";3;0;2;0;1;0;2;1;-18,56358502;-48,05639606;"SPRF-MG";"DEL15-MG";"UOP02-DEL15-MG"
506477;2023-02-21;"terça-feira";"13:00:00";"MG";262;607,6;"CAMPOS ALTOS";"Acumulo de água sobre o pavimento";"Saída de leito carroçável";"Com Vítimas Feridas";"Pleno dia";"Decrescente";"Chuva";"Simples";"Não Informado";"Não";2;0;2;0;0;0;2;1;-19,62457601;-46,26930901;"SPRF-MG";"DEL08-MG";"UOP02-DEL08-MG"
506478;2023-02-21;"terça-feira";"14:00:00";"GO";452;194;"ITUMBIARA";"Reação tardia ou ineficiente do condutor";"Colisão traseira";"Com Vítimas Feridas";"Pleno dia";"Crescente";"Chuva";"Simples";"Reta";"Não";4;0;1;0;3;0;1;3;-18,36621247;-49,24357987;"SPRF-GO";"DEL03-GO";"UOP02-DEL03-GO"
506479;2023-02-21;"terça-feira";"12:54:00";"SP";116;139,7;"SAO JOSE DOS CAMPOS";"Condutor deixou de manter distância do veículo da frente";"Engavetamento";"Com Vítimas Feridas";"Pleno dia";"Crescente";"Sol";"Dupla";"Reta";"Sim";9;0;1;0;7;1;1;3;-23,16153216;-45,80400592;"SPRF-SP";"DEL02-SP";"UOP01-DEL02-SP"
506481;2023-02-21;"terça-feira";"14:30:00";"ES";101;73;"SAO MATEUS";"Avarias e/ou desgaste excessivo no pneu";"Tombamento";"Com Vítimas Feridas";"Pleno dia";"Decrescente";"Céu Claro";"Simples";"Reta";"Não";2;0;2;0;0;0;2;1;-18,77024976;-39,86802529;"SPRF-ES";"DEL04-ES";"UOP02-DEL04-ES"
506482;2023-02-21;"terça-feira";"14:30:00";"MG";40;699,2;"BARBACENA";"Demais falhas mecânicas ou elétricas";"Tombamento";"Com Vítimas Feridas";"Pleno dia";"Crescente";"Céu Claro";"Dupla";"Curva";"Não";2;0;2;0;0;0;2;1;-21,16945;-43,756498;"SPRF-MG";"DEL05-MG";"UOP02-DEL05-MG"
506486;2023-02-21;"terça-feira";"15:00:00";"PE";101;3,7;"GOIANA";"Ausência de reação do condutor";"Capotamento";"Com Vítimas Feridas";"Pleno dia";"Crescente";"Sol";"Dupla";"Desvio Temporário";"Não";1;0;1;0;0;0;1;1;-7,52387351;-34,99333161;"SPRF-PE";"DEL01-PE";"UOP02-DEL01-PE"
506487;2023-02-21;"terça-feira";"15:20:00";"PE";101;151,8;"RIBEIRAO";"Reação tardia ou ineficiente do condutor";"Saída de leito carroçável";"Com Vítimas Feridas";"Pleno dia";"Decrescente";"Céu Claro";"Dupla";"Curva";"Não";2;0;2;0;0;0;2;1;-8,50224498;-35,38851271;"SPRF-PE";"DEL01-PE";"UOP03-DEL01-PE"
506489;2023-02-21;"terça-feira";"15:30:00";"RS";290;161;"BUTIA";"Acessar a via sem observar a presença dos outros veículos";"Colisão transversal";"Com Vítimas Feridas";"Pleno dia";"Decrescente";"Sol";"Simples";"Interseção de vias";"Não";5;0;2;0;3;0;2;2;-30,113115;-51,828625;"SPRF-RS";"DEL02-RS";"UOP01-DEL02-RS"
506490;2023-02-21;"terça-feira";"14:00:00";"MG";365;418;"PATOS DE MINAS";"Acesso irregular";"Colisão traseira";"Com Vítimas Feridas";"Pleno dia";"Decrescente";"Céu Claro";"Simples";"Não Informado";"Não";3;0;1;0;2;0;1;2;-18,69066567;-46,58673522;"SPRF-MG";"DEL10-MG";"UOP01-DEL10-MG"
506492;2023-02-10;"sexta-feira";"18:40:00";"DF";60;29;"BRASILIA";"Objeto estático sobre o leito carroçável";"Colisão com objeto";"Sem Vítimas";"Anoitecer";"Decrescente";"Chuva";"Dupla";"Não Informado";"Não";2;0;0;0;2;0;0;1;-16,029184;-48,25354;"SPRF-DF";"DEL01-DF";"UOP02-DEL01-DF"
506493;2023-02-21;"terça-feira";"15:46:00";"RN";101;41;"MAXARANGUAPE";"Acessar a via sem observar a presença dos outros veículos";"Colisão transversal";"Com Vítimas Feridas";"Pleno dia";"Crescente";"Céu Claro";"Simples";"Não Informado";"Não";4;0;2;0;2;0;2;2;-5,45833514;-35,33650517;"SPRF-RN";"DEL02-RN";"UOP01-DEL02-RN"
506494;2023-02-21;"terça-feira";"14:20:00";"MG";262;422,4;"IGARATINGA";"Acesso irregular";"Colisão traseira";"Com Vítimas Feridas";"Pleno dia";"Crescente";"Céu Claro";"Dupla";"Retorno Regulamentado";"Não";3;0;1;1;1;0;2;2;-19,88477767;-44,72993101;"SPRF-MG";"DEL08-MG";"UOP03-DEL08-MG"
506495;2023-02-21;"terça-feira";"14:30:00";"RJ";101;440;"MANGARATIBA";"Velocidade Incompatível";"Saída de leito carroçável";"Com Vítimas Feridas";"Pleno dia";"Decrescente";"Sol";"Simples";"Não Informado";"Não";3;0;3;0;0;0;3;1;-22,95929215;-44,08787867;"SPRF-RJ";"DEL03-RJ";"UOP01-DEL03-RJ"
506496;2023-02-21;"terça-feira";"15:40:00";"RJ";393;164;"TRES RIOS";"Ausência de reação do condutor";"Saída de leito carroçável";"Com Vítimas Feridas";"Pleno dia";"Crescente";"Céu Claro";"Simples";"Curva";"Não";4;0;1;0;3;0;1;1;-22,11074015;-43,11764107;"SPRF-RJ";"DEL06-RJ";"UOP01-DEL06-RJ"
506499;2023-02-21;"terça-feira";"16:30:00";"SE";235;55;"ITABAIANA";"Desrespeitar a preferência no cruzamento";"Colisão transversal";"Com Vítimas Feridas";"Pleno dia";"Crescente";"Nublado";"Simples";"Não Informado";"Não";6;0;6;0;0;0;6;2;-10,667386;-37,446014;"SPRF-SE";"DEL01-SE";"UOP02-DEL01-SE"
506501;2023-02-21;"terça-feira";"16:20:00";"RN";226;40;"MACAIBA";"Reação tardia ou ineficiente do condutor";"Colisão traseira";"Com Vítimas Feridas";"Pleno dia";"Crescente";"Sol";"Simples";"Reta";"Sim";2;0;0;1;0;1;1;2;-5,92839425;-35,54055377;"SPRF-RN";"DEL01-RN";"UOP02-DEL01-RN"
506503;2023-02-21;"terça-feira";"10:30:00";"RJ";393;143;"SAPUCAIA";"Frear bruscamente";"Tombamento";"Com Vítimas Feridas";"Pleno dia";"Decrescente";"Céu Claro";"Simples";"Reta";"Não";1;0;1;0;0;0;1;1;-22,02408891;-42,97247704;"SPRF-RJ";"DEL04-RJ";"UOP02-DEL04-RJ"
506504;2023-02-21;"terça-feira";"16:25:00";"SC";101;395,6;"MARACAJA";"Condutor deixou de manter distância do veículo da frente";"Colisão traseira";"Com Vítimas Feridas";"Pleno dia";"Crescente";"Nublado";"Dupla";"Não Informado";"Sim";5;0;2;0;3;0;2;3;-28,82459572;-49,40472033;"SPRF-SC";"DEL02-SC";"UOP02-DEL02-SC"
506505;2023-02-21;"terça-feira";"17:15:00";"PE";101;48;"ABREU E LIMA";"Ausência de reação do condutor";"Colisão traseira";"Com Vítimas Feridas";"Anoitecer";"Decrescente";"Nublado";"Múltipla";"Reta";"Sim";5;0;1;0;4;0;1;3;-7,89640531;-34,90259528;"SPRF-PE";"DEL01-PE";"UOP02-DEL01-PE"
506507;2023-02-21;"terça-feira";"16:00:00";"DF";20;18;"BRASILIA";"Avarias e/ou desgaste excessivo no pneu";"Saída de leito carroçável";"Sem Vítimas";"Pleno dia";"Crescente";"Chuva";"Dupla";"Não Informado";"Sim";1;0;0;0;1;0;0;1;-15,616901;-47,708927;"SPRF-DF";"DEL02-DF";"UOP01-DEL02-DF"
506508;2023-02-21;"terça-feira";"16:35:00";"MG";40;509,9;"RIBEIRAO DAS NEVES";"Ausência de reação do condutor";"Engavetamento";"Sem Vítimas";"Pleno dia";"Crescente";"Céu Claro";"Dupla";"Reta";"Sim";22;0;0;0;22;0;0;7;-19,76728744;-44,12855905;"SPRF-MG";"DEL01-MG";"UOP02-DEL01-MG"
506509;2023-02-21;"terça-feira";"16:20:00";"MG";381;706;"NEPOMUCENO";"Reação tardia ou ineficiente do condutor";"Capotamento";"Com Vítimas Feridas";"Pleno dia";"Decrescente";"Nublado";"Dupla";"Curva";"Não";2;0;1;0;1;0;1;1;-21,356461;-45,18478;"SPRF-MG";"DEL04-MG";"UOP02-DEL04-MG"
506511;2023-02-21;"terça-feira";"16:20:00";"MG";116;455,5;"ENGENHEIRO CALDAS";"Conversão proibida";"Colisão transversal";"Com Vítimas Feridas";"Pleno dia";"Crescente";"Céu Claro";"Simples";"Reta";"Sim";3;0;2;0;1;0;2;2;-19,192935;-42,043011;"SPRF-MG";"DEL06-MG";"UOP02-DEL06-MG"
506512;2023-02-21;"terça-feira";"18:30:00";"BA";101;263;"SANTO ANTONIO DE JESUS";"Reação tardia ou ineficiente do condutor";"Engavetamento";"Sem Vítimas";"Plena Noite";"Decrescente";"Céu Claro";"Simples";"Curva";"Sim";3;0;0;0;3;0;0;3;-12,97746407;-39,28189158;"SPRF-BA";"DEL01-BA";"UOP02-DEL01-BA"
506513;2023-02-21;"terça-feira";"18:45:00";"RS";386;29,3;"FREDERICO WESTPHALEN";"Animais na Pista";"Atropelamento de Animal";"Com Vítimas Feridas";"Anoitecer";"Crescente";"Céu Claro";"Simples";"Reta";"Não";1;0;0;1;0;0;1;1;-27,32423032;-53,37588966;"SPRF-RS";"DEL08-RS";"UOP02-DEL08-RS"
506514;2023-02-21;"terça-feira";"18:20:00";"SP";101;40;"UBATUBA";"Reação tardia ou ineficiente do condutor";"Engavetamento";"Sem Vítimas";"Plena Noite";"Crescente";"Chuva";"Simples";"Reta";"Não";3;0;0;0;3;0;0;3;-23,41495528;-45,03516778;"SPRF-SP";"DEL06-SP";"UOP01-DEL06-SP"
506515;2023-02-21;"terça-feira";"11:10:00";"RS";290;488,2;"ROSARIO DO SUL";"Ausência de reação do condutor";"Colisão frontal";"Com Vítimas Fatais";"Pleno dia";"Crescente";"Céu Claro";"Simples";"Reta";"Não";8;2;5;1;0;0;6;2;-30,239111;-55,002876;"SPRF-RS";"DEL11-RS";"UOP02-DEL11-RS"
506516;2023-02-21;"terça-feira";"18:20:00";"PE";424;94;"GARANHUNS";"Ingestão de álcool pelo condutor";"Saída de leito carroçável";"Sem Vítimas";"Plena Noite";"Crescente";"Céu Claro";"Simples";"Não Informado";"Não";1;0;0;0;1;0;0;1;-8,91590392;-36,48883344;"SPRF-PE";"DEL03-PE";"UOP01-DEL03-PE"
506517;2023-02-21;"terça-feira";"18:40:00";"RS";290;6;"OSORIO";"Ingestão de álcool pelo condutor";"Colisão lateral mesmo sentido";"Sem Vítimas";"Anoitecer";"Crescente";"Céu Claro";"Dupla";"Curva";"Não";3;0;0;0;3;0;0;2;-29,896193;-50,334114;"SPRF-RS";"DEL03-RS";"UOP01-DEL03-RS"
506518;2023-02-21;"terça-feira";"18:00:00";"SP";116;429;"REGISTRO";"Demais falhas mecânicas ou elétricas";"Tombamento";"Com Vítimas Feridas";"Pleno dia";"Decrescente";"Céu Claro";"Dupla";"Reta";"Não";2;0;2;0;0;0;2;1;-24,40226511;-47,7383829;"SPRF-SP";"DEL05-SP";"UOP01-DEL05-SP"
506519;2023-02-21;"terça-feira";"18:20:00";"DF";60;2;"BRASILIA";"Ausência de reação do condutor";"Saída de leito carroçável";"Com Vítimas Feridas";"Plena Noite";"Decrescente";"Chuva";"Dupla";"Reta";"Sim";1;0;1;0;0;0;1;1;-15,887383;-48,077988;"SPRF-DF";"DEL01-DF";"UOP02-DEL01-DF"
506520;2023-02-21;"terça-feira";"17:58:00";"RJ";101;308;"SAO GONCALO";"Animais na Pista";"Atropelamento de Animal";"Com Vítimas Feridas";"Pleno dia";"Decrescente";"Céu Claro";"Dupla";"Reta";"Não";3;0;0;1;2;0;1;2;-22,79309326;-43,02479595;"SPRF-RJ";"DEL02-RJ";"UOP02-DEL02-RJ"
506522;2023-02-21;"terça-feira";"18:20:00";"DF";80;25;"BRASILIA";"Desrespeitar a preferência no cruzamento";"Colisão transversal";"Com Vítimas Feridas";"Anoitecer";"Crescente";"Chuva";"Dupla";"Não Informado";"Sim";1;0;1;0;0;0;1;1;-15,612497;-48,198375;"SPRF-DF";"DEL01-DF";"UOP03-DEL01-DF"
506523;2023-02-21;"terça-feira";"17:45:00";"PR";476;151,2;"ARAUCARIA";"Reação tardia ou ineficiente do condutor";"Colisão traseira";"Com Vítimas Feridas";"Pleno dia";"Decrescente";"Nublado";"Dupla";"Não Informado";"Sim";8;0;3;1;4;0;4;3;-25,56555284;-49,3793875;"SPRF-PR";"DEL01-PR";"UAP06-DEL01-PR"