"id";"data_inversa";"dia_semana";"horario";"uf";"br";"km";"municipio";"causa_acidente";"tipo_acidente";"classificacao_acidente";"fase_dia";"sentido_via";"condicao_metereologica";"tipo_pista";"tracado_via";"uso_solo";"pessoas";"mortos";"feridos_leves";"feridos_graves";"ilesos";"ignorados";"feridos";"veiculos";"latitude";"longitude";"regional";"delegacia";"uop"
506524;2023-02-21;"terça-feira";"18:00:00";"PR";376;622;"SAO JOSE DOS PINHAIS";"Condutor deixou de manter distância do veículo da frente";"Colisão traseira";"Com Vítimas Feridas";"Anoitecer";"Decrescente";"Chuva";"Dupla";"Reta";"Não";5;0;1;0;4;0;1;2;-25,62623389;-49,16547575;"SPRF-PR";"DEL01-PR";"UOP04-DEL01-PR"
506525;2023-02-21;"terça-feira";"18:35:00";"ES";101;270,8;"SERRA";"Curva acentuada";"Tombamento";"Com Vítimas Feridas";"Anoitecer";"Crescente";"Ignorado";"Múltipla";"Não Informado";"Sim";2;0;2;0;0;0;2;1;-20,22662056;-40,27075088;"SPRF-ES";"DEL02-ES";"UOP01-DEL02-ES"
506526;2023-02-21;"terça-feira";"19:15:00";"RJ";465;5,5;"SEROPEDICA";"Acumulo de água sobre o pavimento";"Queda de ocupante de veículo";"Com Vítimas Feridas";"Plena Noite";"Crescente";"Chuva";"Simples";"Reta";"Sim";1;0;1;0;0;0;1;1;-22,747673;-43,699196;"SPRF-RJ";"DEL01-RJ";"UOP03-DEL01-RJ"
506528;2023-02-21;"terça-feira";"19:00:00";"PI";343;8,9;"PARNAIBA";"Acessar a via sem observar a presença dos outros veículos";"Colisão transversal";"Com Vítimas Feridas";"Plena Noite";"Crescente";"Céu Claro";"Simples";"Reta";"Sim";3;0;2;0;1;0;2;2;-2,899382;-41,723724;"SPRF-PI";"DEL05-PI";"UOP01-DEL05-PI"
506529;2023-02-21;"terça-feira";"19:30:00";"PR";376;109,7;"PARANAVAI";"Ingestão de álcool pelo condutor";"Capotamento";"Com Vítimas Feridas";"Plena Noite";"Decrescente";"Nublado";"Dupla";"Não Informado";"Sim";1;0;1;0;0;0;1;1;-23,08086594;-52,40984795;"SPRF-PR";"DEL09-PR";"UOP02-DEL09-PR"
506530;2023-02-21;"terça-feira";"19:30:00";"ES";101;289,5;"CARIACICA";"Demais falhas mecânicas ou elétricas";"Incêndio";"Sem Vítimas";"Plena Noite";"Crescente";"Céu Claro";"Dupla";"Não Informado";"Sim";1;0;0;0;1;0;0;1;-20,28029304;-40,39302931;"SPRF-ES";"DEL01-ES";"UOP01-DEL01-ES"
506532;2023-02-21;"terça-feira";"17:45:00";"SC";470;45;"GASPAR";"Desrespeitar a preferência no cruzamento";"Colisão transversal";"Com Vítimas Feridas";"Anoitecer";"Decrescente";"Garoa/Chuvisco";"Simples";"Interseção de vias";"Não";3;0;3;0;0;0;3;2;-26,867064;-49,031109;"SPRF-SC";"DEL04-SC";"UOP01-DEL04-SC"
506534;2023-02-21;"terça-feira";"18:00:00";"PE";407;124;"PETROLINA";"Demais falhas na via";"Saída de leito carroçável";"Com Vítimas Feridas";"Plena Noite";"Decrescente";"Céu Claro";"Dupla";"Reta";"Sim";2;0;2;0;0;0;2;1;-9,36929881;-40,54137139;"SPRF-PE";"DEL06-PE";"UOP01-DEL06-PE"
506535;2023-02-21;"terça-feira";"20:30:00";"RJ";101;322;"NITEROI";"Condutor deixou de manter distância do veículo da frente";"Colisão traseira";"Com Vítimas Feridas";"Plena Noite";"Crescente";"Céu Claro";"Dupla";"Reta";"Sim";4;0;1;0;3;0;1;4;-22,878923;-43,110676;"SPRF-RJ";"DEL02-RJ";"UOP01-DEL02-RJ"
506536;2023-02-21;"terça-feira";"18:50:00";"MG";40;627,5;"CONSELHEIRO LAFAIETE";"Acumulo de areia ou detritos sobre o pavimento";"Tombamento";"Com Vítimas Feridas";"Plena Noite";"Crescente";"Céu Claro";"Simples";"Reta";"Sim";1;0;1;0;0;0;1;1;-20,64527825;-43,81066561;"SPRF-MG";"DEL05-MG";"UOP02-DEL05-MG"
506537;2023-02-21;"terça-feira";"20:30:00";"PR";277;7;"PARANAGUA";"Ausência de reação do condutor";"Capotamento";"Com Vítimas Feridas";"Plena Noite";"Crescente";"Chuva";"Dupla";"Não Informado";"Não";3;0;2;1;0;0;3;1;-25,568198;-48,615292;"SPRF-PR";"DEL01-PR";"UOP05-DEL01-PR"
506539;2023-02-21;"terça-feira";"16:00:00";"PA";10;331;"SAO MIGUEL DO GUAMA";"Ausência de reação do condutor";"Capotamento";"Com Vítimas Feridas";"Pleno dia";"Crescente";"Garoa/Chuvisco";"Simples";"Não Informado";"Não";2;0;2;0;0;0;2;1;-1,54592096;-47,51292285;"SPRF-PA";"DEL01-PA";"UOP02-DEL01-PA"
506540;2023-02-21;"terça-feira";"20:50:00";"BA";101;881;"TEIXEIRA DE FREITAS";"Animais na Pista";"Atropelamento de Animal";"Com Vítimas Feridas";"Plena Noite";"Decrescente";"Céu Claro";"Simples";"Não Informado";"Não";1;0;1;0;0;0;1;1;-17,56810211;-39,73480225;"SPRF-BA";"DEL09-BA";"UOP02-DEL09-BA"
506542;2023-02-21;"terça-feira";"21:20:00";"PR";277;725;"FOZ DO IGUACU";"Desrespeitar a preferência no cruzamento";"Colisão frontal";"Com Vítimas Feridas";"Plena Noite";"Crescente";"Céu Claro";"Simples";"Não Informado";"Sim";2;0;0;1;1;0;1;2;-25,50823541;-54,54619865;"SPRF-PR";"DEL05-PR";"UOP03-DEL05-PR"
506543;2023-02-21;"terça-feira";"18:35:00";"RS";448;19;"CANOAS";"Ingestão de álcool pelo condutor";"Tombamento";"Com Vítimas Feridas";"Anoitecer";"Crescente";"Céu Claro";"Simples";"Não Informado";"Sim";1;0;0;1;0;0;1;1;-29,96224063;-51,2031442;"SPRF-RS";"DEL01-RS";"UOP01-DEL01-RS"
506544;2023-02-21;"terça-feira";"19:36:00";"MG";381;524,5;"BRUMADINHO";"Velocidade Incompatível";"Capotamento";"Com Vítimas Feridas";"Plena Noite";"Crescente";"Céu Claro";"Dupla";"Não Informado";"Não";1;0;1;0;0;0;1;1;-20,160736;-44,329843;"SPRF-MG";"DEL04-MG";"UOP03-DEL04-MG"
506545;2023-02-21;"terça-feira";"20:10:00";"ES";259;25;"COLATINA";"Transitar na contramão";"Colisão lateral sentido oposto";"Com Vítimas Feridas";"Plena Noite";"Crescente";"Céu Claro";"Simples";"Curva";"Não";2;0;0;1;1;0;1;2;-19,60620039;-40,496789;"SPRF-ES";"DEL02-ES";"UOP01-DEL02-ES"
506546;2023-02-21;"terça-feira";"19:40:00";"RO";319;63;"PORTO VELHO";"Entrada inopinada do pedestre";"Atropelamento de Pedestre";"Com Vítimas Feridas";"Plena Noite";"Decrescente";"Nublado";"Múltipla";"Reta";"Sim";3;0;1;0;1;1;1;1;-8,766685;-63,884052;"SPRF-RO";"DEL01-RO";"UOP01-DEL01-RO"
506549;2023-02-21;"terça-feira";"21:40:00";"SP";116;58;"GUARATINGUETA";"Pedestre andava na pista";"Atropelamento de Pedestre";"Com Vítimas Feridas";"Plena Noite";"Crescente";"Chuva";"Dupla";"Reta";"Sim";2;0;0;1;1;0;1;1;-22,78005511;-45,14572791;"SPRF-SP";"DEL08-SP";"UOP01-DEL08-SP"
506550;2023-02-21;"terça-feira";"19:25:00";"AL";316;265;"SATUBA";"Velocidade Incompatível";"Capotamento";"Com Vítimas Feridas";"Plena Noite";"Crescente";"Céu Claro";"Simples";"Não Informado";"Não";2;0;2;0;0;0;2;1;-9,5871392;-35,86110997;"SPRF-AL";"DEL02-AL";"UOP01-DEL02-AL"
506551;2023-02-21;"terça-feira";"23:00:00";"MG";40;529;"CONTAGEM";"Ingestão de álcool pelo condutor";"Saída de leito carroçável";"Sem Vítimas";"Plena Noite";"Crescente";"Céu Claro";"Dupla";"Não Informado";"Sim";2;0;0;0;2;0;0;1;-19,91635592;-44,03966566;"SPRF-MG";"DEL01-MG";"UOP02-DEL01-MG"
506552;2023-02-21;"terça-feira";"20:50:00";"SC";470;126;"LONTRAS";"Velocidade Incompatível";"Saída de leito carroçável";"Com Vítimas Feridas";"Plena Noite";"Crescente";"Chuva";"Simples";"Reta";"Não";1;0;1;0;0;0;1;1;-27,129;-49,538277;"SPRF-SC";"DEL04-SC";"UOP02-DEL04-SC"
506553;2023-02-21;"terça-feira";"20:45:00";"DF";70;3;"BRASILIA";"Ausência de reação do condutor";"Saída de leito carroçável";"Com Vítimas Feridas";"Plena Noite";"Crescente";"Chuva";"Dupla";"Curva";"Sim";9;0;3;2;4;0;5;3;-15,802453;-48,080387;"SPRF-DF";"DEL01-DF";"UOP03-DEL01-DF"
506556;2023-02-21;"terça-feira";"23:20:00";"PA";230;119;"MARABA";"Ausência de reação do condutor";"Colisão traseira";"Com Vítimas Feridas";"Plena Noite";"Crescente";"Céu Claro";"Dupla";"Reta";"Sim";2;0;1;0;1;0;1;2;-5,350407;-49,105981;"SPRF-PA";"DEL03-PA";"UOP01-DEL03-PA"
506557;2023-02-21;"terça-feira";"22:16:00";"MA";135;7;"SAO LUIS";"Acessar a via sem observar a presença dos outros veículos";"Colisão transversal";"Com Vítimas Feridas";"Plena Noite";"Decrescente";"Céu Claro";"Dupla";"Rotatória";"Sim";2;0;1;0;1;0;1;2;-2,63608835;-44,26848552;"SPRF-MA";"DEL01-MA";"UOP01-DEL01-MA"
506558;2023-02-21;"terça-feira";"22:10:00";"BA";324;582;"CANDEIAS";"Reação tardia ou ineficiente do condutor";"Capotamento";"Com Vítimas Feridas";"Plena Noite";"Decrescente";"Chuva";"Dupla";"Reta";"Não";1;0;1;0;0;0;1;1;-12,60856603;-38,49390902;"SPRF-BA";"DEL01-BA";"UOP01-DEL01-BA"
506559;2023-02-22;"quarta-feira";"00:20:00";"MG";40;45;"PARACATU";"Acessar a via sem observar a presença dos outros veículos";"Colisão transversal";"Com Vítimas Feridas";"Plena Noite";"Decrescente";"Céu Claro";"Simples";"Reta";"Não";2;0;1;0;1;0;1;2;-17,23557257;-46,84580984;"SPRF-MG";"DEL14-MG";"UOP01-DEL14-MG"
506560;2023-02-22;"quarta-feira";"00:45:00";"RS";290;175,9;"BUTIA";"Acesso irregular";"Colisão traseira";"Com Vítimas Fatais";"Plena Noite";"Crescente";"Céu Claro";"Simples";"Reta";"Não";2;1;0;0;1;0;0;2;-30,13280546;-51,98060989;"SPRF-RS";"DEL02-RS";"UOP03-DEL02-RS"
506564;2023-02-22;"quarta-feira";"02:15:00";"MG";40;784;"JUIZ DE FORA";"Reação tardia ou ineficiente do condutor";"Saída de leito carroçável";"Com Vítimas Feridas";"Plena Noite";"Crescente";"Céu Claro";"Dupla";"Retorno Regulamentado";"Sim";1;0;1;0;0;0;1;1;-21,72974118;-43,43692563;"SPRF-MG";"DEL05-MG";"UOP01-DEL05-MG"
506565;2023-02-22;"quarta-feira";"02:45:00";"SP";116;269;"TABOAO DA SERRA";"Condutor desrespeitou a iluminação vermelha do semáforo";"Colisão transversal";"Com Vítimas Feridas";"Plena Noite";"Crescente";"Céu Claro";"Dupla";"Reta";"Sim";2;0;1;0;1;0;1;2;-23,61593059;-46,78826044;"SPRF-SP";"DEL04-SP";"UOP01-DEL04-SP"
506566;2023-02-22;"quarta-feira";"04:00:00";"SP";116;562,1;"BARRA DO TURVO";"Reação tardia ou ineficiente do condutor";"Capotamento";"Com Vítimas Feridas";"Plena Noite";"Crescente";"Garoa/Chuvisco";"Dupla";"Curva";"Não";5;0;5;0;0;0;5;1;-25,02464023;-48,52213701;"SPRF-SP";"DEL05-SP";"UOP02-DEL05-SP"
506567;2023-02-22;"quarta-feira";"03:40:00";"PR";116;131,8;"FAZENDA RIO GRANDE";"Reação tardia ou ineficiente do condutor";"Colisão com objeto";"Sem Vítimas";"Plena Noite";"Decrescente";"Garoa/Chuvisco";"Simples";"Viaduto";"Não";1;0;0;0;0;1;0;1;-25,65733698;-49,31212612;"SPRF-PR";"DEL01-PR";"UOP03-DEL01-PR"
506569;2023-02-21;"terça-feira";"21:57:00";"TO";242;327;"PEIXE";"Animais na Pista";"Atropelamento de Animal";"Com Vítimas Feridas";"Plena Noite";"Decrescente";"Nublado";"Simples";"Reta";"Não";2;0;1;0;1;0;1;1;-11,95864;-48,675696;"SPRF-TO";"DEL01-TO";"UOP02-DEL01-TO"
506571;2023-02-22;"quarta-feira";"04:00:00";"RN";101;161,8;"CANGUARETAMA";"Acumulo de água sobre o pavimento";"Colisão com objeto";"Com Vítimas Feridas";"Amanhecer";"Crescente";"Chuva";"Múltipla";"Reta";"Não";1;0;1;0;0;0;1;1;-6,38070571;-35,14726996;"SPRF-RN";"DEL01-RN";"UOP01-DEL01-RN"
506572;2023-02-22;"quarta-feira";"05:40:00";"RN";101;161,8;"CANGUARETAMA";"Acumulo de água sobre o pavimento";"Tombamento";"Com Vítimas Feridas";"Amanhecer";"Crescente";"Chuva";"Múltipla";"Reta";"Não";1;0;1;0;0;0;1;1;-6,38071637;-35,14733434;"SPRF-RN";"DEL01-RN";"UOP01-DEL01-RN"
506574;2023-02-22;"quarta-feira";"06:15:00";"SP";116;160,4;"JACAREI";"Condutor deixou de manter distância do veículo da frente";"Colisão traseira";"Com Vítimas Feridas";"Pleno dia";"Crescente";"Nublado";"Dupla";"Reta";"Sim";2;0;1;0;0;1;1;2;-23,27617003;-45,97592098;"SPRF-SP";"DEL02-SP";"UOP01-DEL02-SP"
506575;2023-02-22;"quarta-feira";"06:00:00";"CE";116;26;"ITAITINGA";"Transitar na contramão";"Colisão frontal";"Com Vítimas Feridas";"Pleno dia";"Crescente";"Céu Claro";"Simples";"Viaduto";"Sim";3;0;2;1;0;0;3;2;-3,97922218;-38,51511061;"SPRF-CE";"DEL01-CE";"UOP02-DEL01-CE"
506576;2023-02-22;"quarta-feira";"04:00:00";"PE";232;128;"CARUARU";"Ingestão de álcool pelo condutor";"Saída de leito carroçável";"Sem Vítimas";"Plena Noite";"Crescente";"Nublado";"Dupla";"Reta";"Sim";1;0;0;0;1;0;0;1;-8,30399306;-35,97216301;"SPRF-PE";"DEL02-PE";"UOP01-DEL02-PE"
506577;2023-02-22;"quarta-feira";"06:40:00";"RS";386;267;"CANOAS";"Reação tardia ou ineficiente do condutor";"Colisão com objeto";"Sem Vítimas";"Pleno dia";"Decrescente";"Céu Claro";"Dupla";"Reta";"Sim";3;0;0;0;3;0;0;1;-29,946241;-51,1765967;"SPRF-RS";"DEL04-RS";"UOP03-DEL04-RS"
506578;2023-02-22;"quarta-feira";"06:50:00";"MG";262;373;"JUATUBA";"Ausência de reação do condutor";"Tombamento";"Com Vítimas Feridas";"Pleno dia";"Decrescente";"Céu Claro";"Dupla";"Reta";"Não";1;0;1;0;0;0;1;1;-19,97429522;-44,32712508;"SPRF-MG";"DEL01-MG";"UOP03-DEL01-MG"
506579;2023-02-22;"quarta-feira";"06:43:00";"ES";101;234;"FUNDAO";"Condutor Dormindo";"Colisão frontal";"Com Vítimas Feridas";"Pleno dia";"Crescente";"Céu Claro";"Simples";"Curva";"Não";7;0;3;2;1;1;5;3;-19,96973516;-40,40766379;"SPRF-ES";"DEL02-ES";"UOP01-DEL02-ES"
506580;2023-02-22;"quarta-feira";"04:15:00";"PR";163;147,1;"SANTA LUCIA";"Velocidade Incompatível";"Saída de leito carroçável";"Com Vítimas Fatais";"Plena Noite";"Decrescente";"Nublado";"Dupla";"Não Informado";"Não";1;1;0;0;0;0;0;1;-25,44415695;-53,57850109;"SPRF-PR";"DEL04-PR";"UOP04-DEL04-PR"
506581;2023-02-22;"quarta-feira";"05:50:00";"PR";376;538;"PALMEIRA";"Demais falhas mecânicas ou elétricas";"Incêndio";"Sem Vítimas";"Pleno dia";"Crescente";"Nublado";"Dupla";"Reta";"Não";1;0;0;0;1;0;0;1;-25,323629;-49,866734;"SPRF-PR";"DEL03-PR";"UOP03-DEL03-PR"
506582;2023-02-22;"quarta-feira";"06:30:00";"BA";116;818;"VITORIA DA CONQUISTA";"Acessar a via sem observar a presença dos outros veículos";"Colisão transversal";"Com Vítimas Feridas";"Pleno dia";"Crescente";"Céu Claro";"Simples";"Reta";"Sim";2;0;2;0;0;0;2;2;-14,78621813;-40,74705093;"SPRF-BA";"DEL08-BA";"UOP01-DEL08-BA"
506584;2023-02-22;"quarta-feira";"07:40:00";"PB";230;27,8;"JOAO PESSOA";"Condutor deixou de manter distância do veículo da frente";"Engavetamento";"Sem Vítimas";"Pleno dia";"Crescente";"Chuva";"Dupla";"Reta";"Não";4;0;0;0;3;1;0;4;-7,1677;-34,8855;"SPRF-PB";"DEL01-PB";"UOP01-DEL01-PB"
506586;2023-02-22;"quarta-feira";"07:50:00";"ES";101;148,4;"LINHARES";"Área urbana sem a presença de local apropriado para a travessia de pedestres";"Atropelamento de Pedestre";"Com Vítimas Fatais";"Pleno dia";"Decrescente";"Céu Claro";"Múltipla";"Curva";"Sim";2;1;0;0;1;0;0;1;-19,38787399;-40,06752766;"SPRF-ES";"DEL04-ES";"UOP01-DEL04-ES"
506587;2023-02-22;"quarta-feira";"05:00:00";"RJ";40;56,9;"PETROPOLIS";"Velocidade Incompatível";"Colisão com objeto";"Com Vítimas Feridas";"Amanhecer";"Crescente";"Ignorado";"Dupla";"Curva";"Sim";2;0;1;0;0;1;1;2;-22,36179383;-43,12627244;"SPRF-RJ";"DEL06-RJ";"UOP01-DEL06-RJ"
506588;2023-02-22;"quarta-feira";"07:50:00";"MG";116;751,7;"LEOPOLDINA";"Velocidade Incompatível";"Saída de leito carroçável";"Com Vítimas Feridas";"Pleno dia";"Crescente";"Céu Claro";"Simples";"Reta";"Não";1;0;1;0;0;0;1;1;-21,46220391;-42,55638215;"SPRF-MG";"DEL07-MG";"UOP01-DEL07-MG"
506589;2023-02-22;"quarta-feira";"04:10:00";"SE";101;112,1;"SAO CRISTOVAO";"Condutor Dormindo";"Colisão com objeto";"Sem Vítimas";"Amanhecer";"Decrescente";"Céu Claro";"Dupla";"Curva";"Não";4;0;0;0;4;0;0;1;-10,98417027;-37,29054761;"SPRF-SE";"DEL02-SE";"UOP01-DEL02-SE"
506590;2023-02-22;"quarta-feira";"05:30:00";"PR";277;211,8;"TEIXEIRA SOARES";"Reação tardia ou ineficiente do condutor";"Colisão lateral sentido oposto";"Com Vítimas Fatais";"Amanhecer";"Decrescente";"Garoa/Chuvisco";"Simples";"Curva";"Não";12;1;7;2;2;0;9;3;-25,47028722;-50,3049009;"SPRF-PR";"DEL08-PR";"UOP02-DEL08-PR"
506593;2023-02-22;"quarta-feira";"08:20:00";"CE";116;9;"FORTALEZA";"Acessar a via sem observar a presença dos outros veículos";"Colisão transversal";"Com Vítimas Feridas";"Pleno dia";"Decrescente";"Céu Claro";"Dupla";"Não Informado";"Não";2;0;1;0;1;0;1;2;-3,82779096;-38,50486117;"SPRF-CE";"DEL01-CE";"UOP02-DEL01-CE"
506594;2023-02-22;"quarta-feira";"08:45:00";"RS";101;33;"TRES CACHOEIRAS";"Acessar a via sem observar a presença dos outros veículos";"Colisão transversal";"Com Vítimas Feridas";"Pleno dia";"Decrescente";"Céu Claro";"Múltipla";"Não Informado";"Não";2;0;1;0;1;0;1;2;-29,5028698;-49,97956231;"SPRF-RS";"DEL03-RS";"UOP02-DEL03-RS"
506595;2023-02-22;"quarta-feira";"08:05:00";"SP";116;84;"ROSEIRA";"Manobra de mudança de faixa";"Queda de ocupante de veículo";"Com Vítimas Feridas";"Pleno dia";"Decrescente";"Nublado";"Dupla";"Reta";"Não";1;0;1;0;0;0;1;1;-22,91777173;-45,33596814;"SPRF-SP";"DEL08-SP";"UOP01-DEL08-SP"
506596;2023-02-22;"quarta-feira";"08:45:00";"SC";101;209,8;"SAO JOSE";"Avarias e/ou desgaste excessivo no pneu";"Tombamento";"Com Vítimas Feridas";"Pleno dia";"Decrescente";"Nublado";"Múltipla";"Reta";"Sim";2;0;0;2;0;0;2;1;-27,61000542;-48,63895057;"SPRF-SC";"DEL01-SC";"UOP01-DEL01-SC"
506598;2023-02-22;"quarta-feira";"08:45:00";"SC";280;51;"GUARAMIRIM";"Demais falhas mecânicas ou elétricas";"Queda de ocupante de veículo";"Com Vítimas Feridas";"Pleno dia";"Crescente";"Céu Claro";"Simples";"Reta";"Sim";2;0;2;0;0;0;2;1;-26,46538871;-48,95544449;"SPRF-SC";"DEL03-SC";"UOP03-DEL03-SC"
506599;2023-02-22;"quarta-feira";"09:30:00";"MG";381;517,1;"IGARAPE";"Demais falhas mecânicas ou elétricas";"Incêndio";"Sem Vítimas";"Pleno dia";"Crescente";"Céu Claro";"Dupla";"Não Informado";"Não";2;0;0;0;2;0;0;1;-20,11382303;-44,30720801;"SPRF-MG";"DEL04-MG";"UOP03-DEL04-MG"
506600;2023-02-22;"quarta-feira";"09:30:00";"SP";116;219;"GUARULHOS";"Demais falhas mecânicas ou elétricas";"Eventos atípicos";"Com Vítimas Feridas";"Pleno dia";"Crescente";"Céu Claro";"Múltipla";"Reta";"Sim";2;0;1;0;1;0;1;1;-23,46143954;-46,48885316;"SPRF-SP";"DEL01-SP";"UOP01-DEL01-SP"
506603;2023-02-22;"quarta-feira";"09:50:00";"PB";230;132;"MASSARANDUBA";"Velocidade Incompatível";"Saída de leito carroçável";"Com Vítimas Feridas";"Pleno dia";"Decrescente";"Chuva";"Dupla";"Curva";"Não";3;0;3;0;0;0;3;1;-7,277157;-35,745748;"SPRF-PB";"DEL02-PB";"UOP01-DEL02-PB"
506604;2023-02-22;"quarta-feira";"10:00:00";"RJ";101;420;"MANGARATIBA";"Reação tardia ou ineficiente do condutor";"Colisão traseira";"Com Vítimas Feridas";"Pleno dia";"Decrescente";"Céu Claro";"Múltipla";"Reta";"Não";4;0;1;0;3;0;1;3;-22,9189815;-43,92318002;"SPRF-RJ";"DEL03-RJ";"UOP01-DEL03-RJ"
506605;2023-02-22;"quarta-feira";"09:15:00";"CE";222;37;"CAUCAIA";"Condutor deixou de manter distância do veículo da frente";"Colisão traseira";"Com Vítimas Feridas";"Pleno dia";"Crescente";"Céu Claro";"Simples";"Reta";"Não";2;0;1;0;1;0;1;2;-3,69492726;-38,88168808;"SPRF-CE";"DEL01-CE";"UOP01-DEL01-CE"
506607;2023-02-22;"quarta-feira";"10:05:00";"PR";277;549,3;"CATANDUVAS";"Acessar a via sem observar a presença dos outros veículos";"Colisão transversal";"Com Vítimas Feridas";"Pleno dia";"Crescente";"Nublado";"Simples";"Não Informado";"Não";6;0;1;0;5;0;1;2;-25,10308056;-53,11970389;"SPRF-PR";"DEL04-PR";"UOP05-DEL04-PR"
506609;2023-02-22;"quarta-feira";"09:40:00";"SE";101;41;"CAPELA";"Avarias e/ou desgaste excessivo no pneu";"Colisão com objeto";"Com Vítimas Feridas";"Pleno dia";"Crescente";"Céu Claro";"Dupla";"Reta";"Não";5;0;1;0;4;0;1;1;-10,53265562;-36,96045454;"SPRF-SE";"DEL02-SE";"UOP02-DEL02-SE"
506611;2023-02-22;"quarta-feira";"06:30:00";"MT";158;648,8;"NOVA XAVANTINA";"Ultrapassagem Indevida";"Colisão frontal";"Com Vítimas Feridas";"Amanhecer";"Decrescente";"Nublado";"Simples";"Reta";"Não";3;0;2;0;1;0;2;2;-14,63331996;-52,3560216;"SPRF-MT";"DEL07-MT";"UOP02-DEL07-MT"
506612;2023-02-22;"quarta-feira";"10:38:00";"PB";101;89;"JOAO PESSOA";"Condutor deixou de manter distância do veículo da frente";"Colisão traseira";"Com Vítimas Feridas";"Pleno dia";"Crescente";"Céu Claro";"Dupla";"Não Informado";"Sim";2;0;0;1;1;0;1;2;-7,1710694;-34,89765372;"SPRF-PB";"DEL01-PB";"UOP02-DEL01-PB"
506613;2023-02-22;"quarta-feira";"10:00:00";"PB";230;315,9;"SAO MAMEDE";"Ausência de reação do condutor";"Engavetamento";"Com Vítimas Feridas";"Pleno dia";"Crescente";"Céu Claro";"Simples";"Reta";"Não";13;0;3;0;9;1;3;3;-6,950524;-37,116755;"SPRF-PB";"DEL03-PB";"UOP01-DEL03-PB"
506614;2023-02-22;"quarta-feira";"10:15:00";"SC";101;113;"ITAJAI";"Manobra de mudança de faixa";"Colisão lateral mesmo sentido";"Com Vítimas Feridas";"Pleno dia";"Decrescente";"Sol";"Dupla";"Reta";"Sim";2;0;0;1;1;0;1;2;-26,85311393;-48,72689927;"SPRF-SC";"DEL04-SC";"UOP04-DEL04-SC"
506615;2023-02-22;"quarta-feira";"10:50:00";"CE";222;2;"FORTALEZA";"Acessar a via sem observar a presença dos outros veículos";"Colisão transversal";"Com Vítimas Feridas";"Pleno dia";"Decrescente";"Céu Claro";"Dupla";"Reta";"Sim";2;0;1;0;1;0;1;2;-3,73911117;-38,58687498;"SPRF-CE";"DEL01-CE";"UOP01-DEL01-CE"
506616;2023-02-22;"quarta-feira";"11:30:00";"RN";101;23,8;"RIO DO FOGO";"Reação tardia ou ineficiente do condutor";"Capotamento";"Com Vítimas Feridas";"Pleno dia";"Crescente";"Céu Claro";"Simples";"Reta";"Não";2;0;1;0;1;0;1;1;-5,31803594;-35,41480794;"SPRF-RN";"DEL02-RN";"UOP01-DEL02-RN"
506617;2023-02-22;"quarta-feira";"11:20:00";"PB";230;121,4;"RIACHAO DO BACAMARTE";"Ausência de reação do condutor";"Saída de leito carroçável";"Com Vítimas Feridas";"Pleno dia";"Decrescente";"Chuva";"Dupla";"Curva";"Sim";2;0;2;0;0;0;2;1;-7,2452;-35,649;"SPRF-PB";"DEL02-PB";"UOP01-DEL02-PB"
506618;2023-02-22;"quarta-feira";"11:10:00";"TO";153;145;"ARAGUAINA";"Velocidade Incompatível";"Colisão frontal";"Com Vítimas Feridas";"Pleno dia";"Crescente";"Céu Claro";"Dupla";"Não Informado";"Sim";3;0;2;0;1;0;2;2;-7,20503614;-48,24035166;"SPRF-TO";"DEL02-TO";"UOP01-DEL02-TO"
506619;2023-02-22;"quarta-feira";"11:10:00";"BA";324;530;"FEIRA DE SANTANA";"Acumulo de água sobre o pavimento";"Capotamento";"Com Vítimas Feridas";"Pleno dia";"Decrescente";"Nublado";"Dupla";"Curva";"Sim";2;0;1;0;1;0;1;1;-12,32818491;-38,86174193;"SPRF-BA";"DEL01-BA";"UOP03-DEL01-BA"
506620;2023-02-22;"quarta-feira";"12:00:00";"PE";104;68;"CARUARU";"Reação tardia ou ineficiente do condutor";"Colisão traseira";"Com Vítimas Feridas";"Pleno dia";"Crescente";"Chuva";"Múltipla";"Reta";"Sim";2;0;1;0;1;0;1;2;-8,3107;-35,9904;"SPRF-PE";"DEL02-PE";"UOP01-DEL02-PE"
506621;2023-02-22;"quarta-feira";"10:46:00";"TO";10;453;"PALMAS";"Acessar a via sem observar a presença dos outros veículos";"Colisão traseira";"Com Vítimas Feridas";"Pleno dia";"Crescente";"Chuva";"Simples";"Rotatória";"Sim";3;0;1;0;2;0;1;2;-10,2241606;-48,1711112;"SPRF-TO";"DEL01-TO";"UOP03-DEL01-TO"
506622;2023-02-22;"quarta-feira";"06:10:00";"BA";420;248;"LAJE";"Reação tardia ou ineficiente do condutor";"Colisão lateral sentido oposto";"Com Vítimas Fatais";"Pleno dia";"Crescente";"Nublado";"Simples";"Não Informado";"Não";7;1;6;0;0;0;6;2;-13,19188715;-39,45803055;"SPRF-BA";"DEL01-BA";"UOP02-DEL01-BA"
506624;2023-02-22;"quarta-feira";"12:00:00";"MG";354;754,2;"ITAMONTE";"Ausência de reação do condutor";"Colisão transversal";"Com Vítimas Feridas";"Pleno dia";"Crescente";"Sol";"Simples";"Interseção de vias";"Não";4;0;1;0;3;0;1;2;-22,30480233;-44,85575196;"SPRF-MG";"DEL17-MG";"UOP01-DEL17-MG"