"id";"data_inversa";"dia_semana";"horario";"uf";"br";"km";"municipio";"causa_acidente";"tipo_acidente";"classificacao_acidente";"fase_dia";"sentido_via";"condicao_metereologica";"tipo_pista";"tracado_via";"uso_solo";"pessoas";"mortos";"feridos_leves";"feridos_graves";"ilesos";"ignorados";"feridos";"veiculos";"latitude";"longitude";"regional";"delegacia";"uop"
506726;2023-02-22;"quarta-feira";"17:05:00";"MT";364;2;"ALTO ARAGUAIA";"Desrespeitar a preferência no cruzamento";"Colisão transversal";"Com Vítimas Feridas";"Pleno dia";"Crescente";"Céu Claro";"Simples";"Não Informado";"Sim";2;0;1;0;0;1;1;2;-17,310339;-53,226654;"SPRF-MT";"DEL02-MT";"UOP02-DEL02-MT"
506727;2023-02-22;"quarta-feira";"22:15:00";"MG";381;4,2;"BETIM";"Demais falhas mecânicas ou elétricas";"Tombamento";"Com Vítimas Feridas";"Plena Noite";"Decrescente";"Céu Claro";"Dupla";"Reta";"Sim";1;0;1;0;0;0;1;1;-19,98702144;-44,17692661;"SPRF-MG";"DEL01-MG";"UOP03-DEL01-MG"
506729;2023-02-22;"quarta-feira";"17:40:00";"MT";70;263;"PRIMAVERA DO LESTE";"Pista Escorregadia";"Capotamento";"Com Vítimas Feridas";"Anoitecer";"Crescente";"Ignorado";"Simples";"Reta";"Não";2;0;1;0;1;0;1;1;-15,57954998;-54,19061952;"SPRF-MT";"DEL05-MT";"UOP01-DEL05-MT"
506730;2023-02-22;"quarta-feira";"13:30:00";"RJ";101;309;"SAO GONCALO";"Demais falhas mecânicas ou elétricas";"Incêndio";"Sem Vítimas";"Pleno dia";"Crescente";"Sol";"Dupla";"Reta";"Sim";1;0;0;0;1;0;0;1;-22,79498873;-43,03446105;"SPRF-RJ";"DEL02-RJ";"UOP02-DEL02-RJ"
506732;2023-02-22;"quarta-feira";"19:22:00";"SC";163;72,4;"SAO MIGUEL DO OESTE";"Reação tardia ou ineficiente do condutor";"Colisão com objeto";"Com Vítimas Feridas";"Anoitecer";"Crescente";"Nublado";"Dupla";"Reta";"Sim";1;0;1;0;0;0;1;1;-26,71908804;-53,5157791;"SPRF-SC";"DEL07-SC";"UOP03-DEL07-SC"
506738;2023-02-22;"quarta-feira";"21:30:00";"PI";230;189;"OEIRAS";"Ausência de reação do condutor";"Saída de leito carroçável";"Com Vítimas Fatais";"Plena Noite";"Decrescente";"Nublado";"Simples";"Curva";"Sim";3;1;0;0;0;2;0;1;-6,98161923;-42,06348989;"SPRF-PI";"DEL04-PI";"UOP01-DEL04-PI"
506739;2023-02-22;"quarta-feira";"20:40:00";"PR";373;416,3;"CANDOI";"Ausência de reação do condutor";"Colisão traseira";"Com Vítimas Fatais";"Plena Noite";"Decrescente";"Céu Claro";"Simples";"Reta";"Não";3;1;1;0;0;1;1;2;-25,67554429;-52,12920989;"SPRF-PR";"DEL08-PR";"UOP01-DEL08-PR"
506744;2023-02-23;"quinta-feira";"00:15:00";"MT";163;730,8;"SORRISO";"Pista esburacada";"Tombamento";"Com Vítimas Feridas";"Plena Noite";"Crescente";"Nublado";"Simples";"Reta";"Não";1;0;1;0;0;0;1;1;-12,73110758;-55,83011627;"SPRF-MT";"DEL06-MT";"UOP01-DEL06-MT"
506745;2023-02-23;"quinta-feira";"02:30:00";"PB";361;83,1;"PIANCO";"Animais na Pista";"Atropelamento de Animal";"Com Vítimas Fatais";"Plena Noite";"Crescente";"Céu Claro";"Simples";"Não Informado";"Sim";1;1;0;0;0;0;0;1;-7,1891707;-37,92068612;"SPRF-PB";"DEL03-PB";"UOP01-DEL03-PB"
506746;2023-02-23;"quinta-feira";"02:30:00";"MG";381;937,2;"EXTREMA";"Reação tardia ou ineficiente do condutor";"Saída de leito carroçável";"Sem Vítimas";"Plena Noite";"Crescente";"Céu Claro";"Dupla";"Não Informado";"Não";1;0;0;0;1;0;0;1;-22,83554657;-46,32086698;"SPRF-MG";"DEL16-MG";"UOP03-DEL16-MG"
506752;2023-02-22;"quarta-feira";"18:15:00";"MG";365;396;"PATOS DE MINAS";"Condutor deixou de manter distância do veículo da frente";"Colisão frontal";"Com Vítimas Feridas";"Anoitecer";"Crescente";"Chuva";"Simples";"Não Informado";"Não";5;0;2;0;3;0;2;3;-18,62670509;-46,38178104;"SPRF-MG";"DEL10-MG";"UOP01-DEL10-MG"
506753;2023-02-22;"quarta-feira";"19:40:00";"MG";116;701,9;"MURIAE";"Desrespeitar a preferência no cruzamento";"Colisão transversal";"Com Vítimas Feridas";"Plena Noite";"Decrescente";"Nublado";"Simples";"Retorno Regulamentado";"Sim";2;0;1;0;1;0;1;2;-21,11781146;-42,38010406;"SPRF-MG";"DEL07-MG";"UOP02-DEL07-MG"
506754;2023-02-23;"quinta-feira";"07:00:00";"MG";40;635;"CONSELHEIRO LAFAIETE";"Acessar a via sem observar a presença dos outros veículos";"Colisão transversal";"Com Vítimas Feridas";"Pleno dia";"Crescente";"Céu Claro";"Simples";"Não Informado";"Sim";2;0;2;0;0;0;2;2;-20,69796589;-43,79213914;"SPRF-MG";"DEL05-MG";"UOP02-DEL05-MG"
506755;2023-02-23;"quinta-feira";"07:05:00";"PR";376;671;"GUARATUBA";"Velocidade Incompatível";"Colisão com objeto";"Com Vítimas Feridas";"Pleno dia";"Crescente";"Chuva";"Dupla";"Não Informado";"Não";2;0;1;0;1;0;1;1;-25,885323;-48,935154;"SPRF-PR";"DEL01-PR";"UOP04-DEL01-PR"
506756;2023-02-23;"quinta-feira";"07:00:00";"RJ";101;307,8;"SAO GONCALO";"Condutor deixou de manter distância do veículo da frente";"Colisão lateral mesmo sentido";"Sem Vítimas";"Pleno dia";"Crescente";"Sol";"Dupla";"Reta";"Sim";2;0;0;0;2;0;0;2;-22,79115777;-43,01514205;"SPRF-RJ";"DEL02-RJ";"UOP02-DEL02-RJ"
506757;2023-02-23;"quinta-feira";"07:00:00";"RS";116;234;"NOVO HAMBURGO";"Ultrapassagem Indevida";"Colisão lateral mesmo sentido";"Com Vítimas Feridas";"Pleno dia";"Decrescente";"Céu Claro";"Simples";"Não Informado";"Sim";2;0;1;0;1;0;1;2;-29,65121313;-51,1444433;"SPRF-RS";"DEL01-RS";"UOP02-DEL01-RS"
506759;2023-02-23;"quinta-feira";"07:20:00";"MG";381;397;"BOM JESUS DO AMPARO";"Demais falhas na via";"Eventos atípicos";"Com Vítimas Feridas";"Pleno dia";"Crescente";"Céu Claro";"Dupla";"Reta";"Não";2;0;1;0;1;0;1;1;-19,744564;-43,496796;"SPRF-MG";"DEL01-MG";"UOP01-DEL01-MG"
506760;2023-02-23;"quinta-feira";"07:45:00";"SC";101;201;"SAO JOSE";"Acessar a via sem observar a presença dos outros veículos";"Colisão lateral mesmo sentido";"Com Vítimas Feridas";"Pleno dia";"Crescente";"Nublado";"Múltipla";"Reta";"Sim";2;0;0;1;1;0;1;2;-27,54836599;-48,61977975;"SPRF-SC";"DEL01-SC";"UOP01-DEL01-SC"
506761;2023-02-23;"quinta-feira";"07:15:00";"ES";101;295;"CARIACICA";"Animais na Pista";"Atropelamento de Animal";"Com Vítimas Feridas";"Pleno dia";"Crescente";"Céu Claro";"Dupla";"Não Informado";"Sim";1;0;1;0;0;0;1;1;-20,33223667;-40,40004683;"SPRF-ES";"DEL01-ES";"UOP01-DEL01-ES"
506762;2023-02-23;"quinta-feira";"07:00:00";"SP";116;81;"ROSEIRA";"Avarias e/ou desgaste excessivo no pneu";"Queda de ocupante de veículo";"Com Vítimas Feridas";"Pleno dia";"Decrescente";"Céu Claro";"Dupla";"Reta";"Não";2;0;1;0;1;0;1;1;-22,90482177;-45,31030655;"SPRF-SP";"DEL08-SP";"UOP01-DEL08-SP"
506763;2023-02-23;"quinta-feira";"07:00:00";"SC";470;129;"LONTRAS";"Velocidade Incompatível";"Saída de leito carroçável";"Com Vítimas Feridas";"Pleno dia";"Crescente";"Garoa/Chuvisco";"Simples";"Curva";"Não";1;0;1;0;0;0;1;1;-27,188492;-49,61232;"SPRF-SC";"DEL04-SC";"UOP02-DEL04-SC"
506766;2023-02-23;"quinta-feira";"08:10:00";"SP";116;279;"EMBU DAS ARTES";"Manobra de mudança de faixa";"Colisão traseira";"Com Vítimas Feridas";"Pleno dia";"Decrescente";"Céu Claro";"Dupla";"Reta";"Sim";2;0;1;0;1;0;1;2;-23,66233697;-46,85292907;"SPRF-SP";"DEL04-SP";"UOP01-DEL04-SP"
506767;2023-02-23;"quinta-feira";"08:00:00";"SC";101;210,9;"SAO JOSE";"Reação tardia ou ineficiente do condutor";"Engavetamento";"Com Vítimas Feridas";"Pleno dia";"Decrescente";"Nublado";"Múltipla";"Não Informado";"Sim";3;0;1;0;2;0;1;3;-27,6167305;-48,6457265;"SPRF-SC";"DEL01-SC";"UOP01-DEL01-SC"
506768;2023-02-23;"quinta-feira";"08:00:00";"PR";277;123;"BALSA NOVA";"Ausência de reação do condutor";"Saída de leito carroçável";"Com Vítimas Feridas";"Pleno dia";"Crescente";"Garoa/Chuvisco";"Simples";"Curva";"Não";1;0;1;0;0;0;1;1;-25,44771962;-49,57641385;"SPRF-PR";"DEL03-PR";"UOP03-DEL03-PR"
506769;2023-02-23;"quinta-feira";"07:30:00";"RJ";116;175;"SAO JOAO DE MERITI";"Reação tardia ou ineficiente do condutor";"Engavetamento";"Com Vítimas Feridas";"Pleno dia";"Decrescente";"Céu Claro";"Dupla";"Reta";"Sim";6;0;1;0;5;0;1;3;-22,78923555;-43,37275272;"SPRF-RJ";"DEL01-RJ";"UOP02-DEL01-RJ"
506770;2023-02-23;"quinta-feira";"07:40:00";"SP";381;57;"MAIRIPORA";"Ultrapassagem Indevida";"Colisão lateral mesmo sentido";"Com Vítimas Feridas";"Pleno dia";"Decrescente";"Sol";"Dupla";"Reta";"Não";2;0;1;0;1;0;1;2;-23,2658219;-46,5839857;"SPRF-SP";"DEL03-SP";"UOP01-DEL03-SP"
506771;2023-02-23;"quinta-feira";"07:30:00";"RJ";101;318;"SAO GONCALO";"Trafegar com motocicleta (ou similar) entre as faixas";"Colisão lateral mesmo sentido";"Com Vítimas Feridas";"Pleno dia";"Crescente";"Céu Claro";"Múltipla";"Reta";"Sim";2;0;1;0;1;0;1;2;-22,84562994;-43,09841211;"SPRF-RJ";"DEL02-RJ";"UOP02-DEL02-RJ"
506775;2023-02-23;"quinta-feira";"09:30:00";"SP";116;38,4;"CACHOEIRA PAULISTA";"Velocidade Incompatível";"Colisão traseira";"Com Vítimas Feridas";"Pleno dia";"Crescente";"Céu Claro";"Múltipla";"Curva";"Não";4;0;2;0;2;0;2;2;-22,67026579;-44,99183604;"SPRF-SP";"DEL08-SP";"UOP02-DEL08-SP"
506777;2023-02-23;"quinta-feira";"09:00:00";"GO";153;507,8;"APARECIDA DE GOIANIA";"Ultrapassagem Indevida";"Colisão traseira";"Com Vítimas Feridas";"Pleno dia";"Decrescente";"Nublado";"Dupla";"Não Informado";"Sim";2;0;1;0;1;0;1;2;-16,7715;-49,2387;"SPRF-GO";"DEL01-GO";"UOP03-DEL01-GO"
506778;2023-02-23;"quinta-feira";"08:30:00";"RJ";393;239,9;"VASSOURAS";"Mal súbito do condutor";"Colisão com objeto";"Com Vítimas Feridas";"Pleno dia";"Decrescente";"Céu Claro";"Simples";"Reta";"Não";1;0;1;0;0;0;1;1;-22,40800571;-43,67023264;"SPRF-RJ";"DEL05-RJ";"UOP02-DEL05-RJ"
506782;2023-02-23;"quinta-feira";"08:30:00";"PR";376;387,1;"IMBAU";"Ausência de reação do condutor";"Colisão traseira";"Com Vítimas Feridas";"Pleno dia";"Crescente";"Garoa/Chuvisco";"Dupla";"Reta";"Não";7;0;4;0;3;0;4;2;-24,50165014;-50,71899331;"SPRF-PR";"DEL03-PR";"UOP02-DEL03-PR"
506783;2023-02-23;"quinta-feira";"10:00:00";"GO";60;118;"GOIANAPOLIS";"Acessar a via sem observar a presença dos outros veículos";"Colisão transversal";"Com Vítimas Feridas";"Pleno dia";"Decrescente";"Céu Claro";"Dupla";"Reta";"Não";2;0;1;0;1;0;1;2;-16,4848;-49,0935;"SPRF-GO";"DEL01-GO";"UOP01-DEL01-GO"
506785;2023-02-23;"quinta-feira";"10:40:00";"MG";381;818,1;"CAREACU";"Condutor usando celular";"Colisão traseira";"Com Vítimas Feridas";"Pleno dia";"Decrescente";"Céu Claro";"Dupla";"Não Informado";"Não";2;0;1;0;1;0;1;2;-22,1028022;-45,72436987;"SPRF-MG";"DEL16-MG";"UOP02-DEL16-MG"
506787;2023-02-23;"quinta-feira";"09:15:00";"PR";277;255;"IRATI";"Acesso irregular";"Colisão frontal";"Com Vítimas Feridas";"Pleno dia";"Crescente";"Céu Claro";"Simples";"Reta";"Não";8;0;2;0;6;0;2;3;-25,44165997;-50,698329;"SPRF-PR";"DEL08-PR";"UOP02-DEL08-PR"
506789;2023-02-11;"sábado";"21:20:00";"PR";476;223;"LAPA";"Velocidade Incompatível";"Colisão lateral mesmo sentido";"Sem Vítimas";"Plena Noite";"Crescente";"Nublado";"Simples";"Reta";"Não";3;0;0;0;2;1;0;3;-25,841841;-49,934895;"SPRF-PR";"DEL01-PR";"UAP06-DEL01-PR"
506790;2023-02-23;"quinta-feira";"10:55:00";"SC";101;206,8;"SAO JOSE";"Acumulo de óleo sobre o pavimento";"Tombamento";"Com Vítimas Feridas";"Pleno dia";"Decrescente";"Chuva";"Dupla";"Reta";"Sim";1;0;1;0;0;0;1;1;-27,59193546;-48,61824557;"SPRF-SC";"DEL01-SC";"UOP01-DEL01-SC"
506791;2023-02-23;"quinta-feira";"04:30:00";"GO";452;181;"ITUMBIARA";"Reação tardia ou ineficiente do condutor";"Saída de leito carroçável";"Com Vítimas Feridas";"Plena Noite";"Crescente";"Céu Claro";"Dupla";"Interseção de vias";"Não";3;0;2;1;0;0;3;1;-18,38027813;-49,34810609;"SPRF-GO";"DEL03-GO";"UOP02-DEL03-GO"
506795;2023-02-23;"quinta-feira";"11:15:00";"PR";369;87;"CORNELIO PROCOPIO";"Velocidade Incompatível";"Saída de leito carroçável";"Com Vítimas Fatais";"Pleno dia";"Crescente";"Chuva";"Simples";"Não Informado";"Sim";1;1;0;0;0;0;0;1;-23,18278249;-50,63414633;"SPRF-PR";"DEL07-PR";"UOP05-DEL07-PR"
506796;2023-02-23;"quinta-feira";"10:25:00";"MG";40;510,5;"RIBEIRAO DAS NEVES";"Demais falhas mecânicas ou elétricas";"Incêndio";"Sem Vítimas";"Pleno dia";"Decrescente";"Céu Claro";"Dupla";"Reta";"Não";1;0;0;0;1;0;0;1;-19,77463885;-44,12321882;"SPRF-MG";"DEL01-MG";"UOP02-DEL01-MG"
506801;2023-02-23;"quinta-feira";"11:30:00";"SC";101;257;"PAULO LOPES";"Velocidade Incompatível";"Saída de leito carroçável";"Com Vítimas Feridas";"Pleno dia";"Decrescente";"Chuva";"Simples";"Não Informado";"Não";5;0;5;0;0;0;5;1;-27,99877808;-48,68887424;"SPRF-SC";"DEL02-SC";"UOP03-DEL02-SC"
506802;2023-02-23;"quinta-feira";"12:30:00";"RS";116;45,3;"VACARIA";"Chuva";"Saída de leito carroçável";"Sem Vítimas";"Pleno dia";"Decrescente";"Chuva";"Simples";"Não Informado";"Não";1;0;0;0;1;0;0;1;-28,54710586;-50,97549817;"SPRF-RS";"DEL05-RS";"UOP03-DEL05-RS"
506803;2023-02-23;"quinta-feira";"12:40:00";"RJ";101;306,7;"SAO GONCALO";"Reação tardia ou ineficiente do condutor";"Colisão traseira";"Com Vítimas Feridas";"Pleno dia";"Crescente";"Céu Claro";"Simples";"Reta";"Sim";2;0;0;1;1;0;1;2;-22,78913759;-43,00550909;"SPRF-RJ";"DEL02-RJ";"UOP02-DEL02-RJ"
506805;2023-02-23;"quinta-feira";"12:25:00";"MS";262;239,9;"RIBAS DO RIO PARDO";"Acessar a via sem observar a presença dos outros veículos";"Colisão transversal";"Com Vítimas Feridas";"Pleno dia";"Decrescente";"Céu Claro";"Simples";"Não Informado";"Sim";2;0;1;0;1;0;1;2;-20,457283;-53,760991;"SPRF-MS";"DEL01-MS";"UOP01-DEL01-MS"
506806;2023-02-23;"quinta-feira";"08:15:00";"MS";262;680,2;"CORUMBA";"Animais na Pista";"Atropelamento de Animal";"Sem Vítimas";"Pleno dia";"Decrescente";"Céu Claro";"Simples";"Reta";"Não";2;0;0;0;2;0;0;1;-19,56064879;-57,19982789;"SPRF-MS";"DEL03-MS";"UOP03-DEL03-MS"
506808;2023-02-23;"quinta-feira";"13:45:00";"RJ";116;308,9;"RESENDE";"Condutor Dormindo";"Colisão com objeto";"Com Vítimas Feridas";"Pleno dia";"Crescente";"Nublado";"Dupla";"Não Informado";"Sim";1;0;1;0;0;0;1;1;-22,45783299;-44,418685;"SPRF-RJ";"DEL07-RJ";"UOP02-DEL07-RJ"
506809;2023-02-23;"quinta-feira";"13:05:00";"BA";101;782;"ITABELA";"Reação tardia ou ineficiente do condutor";"Colisão traseira";"Com Vítimas Feridas";"Pleno dia";"Crescente";"Céu Claro";"Simples";"Reta";"Não";3;0;1;0;2;0;1;2;-16,835588;-39,486278;"SPRF-BA";"DEL09-BA";"UOP01-DEL09-BA"
506810;2023-02-23;"quinta-feira";"13:03:00";"PR";376;215,9;"JANDAIA DO SUL";"Reação tardia ou ineficiente do condutor";"Colisão traseira";"Sem Vítimas";"Pleno dia";"Decrescente";"Chuva";"Simples";"Não Informado";"Sim";2;0;0;0;2;0;0;2;-23,58945525;-51,64548397;"SPRF-PR";"DEL09-PR";"UOP01-DEL09-PR"
506811;2023-02-23;"quinta-feira";"09:15:00";"MT";163;839;"SINOP";"Reação tardia ou ineficiente do condutor";"Queda de ocupante de veículo";"Com Vítimas Feridas";"Pleno dia";"Crescente";"Céu Claro";"Simples";"Reta";"Sim";1;0;1;0;0;0;1;1;-11,951051;-55,516876;"SPRF-MT";"DEL06-MT";"UOP02-DEL06-MT"
506812;2023-02-23;"quinta-feira";"13:10:00";"SC";163;72;"SAO MIGUEL DO OESTE";"Condutor deixou de manter distância do veículo da frente";"Colisão traseira";"Com Vítimas Feridas";"Pleno dia";"Crescente";"Céu Claro";"Dupla";"Reta";"Sim";2;0;1;0;1;0;1;2;-26,71908804;-53,5157791;"SPRF-SC";"DEL07-SC";"UOP03-DEL07-SC"
506815;2023-02-23;"quinta-feira";"11:26:00";"PI";230;195;"OEIRAS";"Ultrapassagem Indevida";"Colisão frontal";"Com Vítimas Feridas";"Pleno dia";"Crescente";"Sol";"Simples";"Curva";"Sim";2;0;0;2;0;0;2;2;-6,99904236;-42,1126988;"SPRF-PI";"DEL04-PI";"UOP01-DEL04-PI"
506819;2023-02-23;"quinta-feira";"14:30:00";"BA";116;285;"TUCANO";"Animais na Pista";"Atropelamento de Animal";"Com Vítimas Feridas";"Pleno dia";"Decrescente";"Céu Claro";"Simples";"Não Informado";"Não";2;0;1;0;1;0;1;1;-11,04772005;-38,8380369;"SPRF-BA";"DEL02-BA";"UOP01-DEL02-BA"
506820;2023-02-23;"quinta-feira";"14:30:00";"SP";116;212,5;"GUARULHOS";"Reação tardia ou ineficiente do condutor";"Eventos atípicos";"Com Vítimas Feridas";"Pleno dia";"Decrescente";"Nublado";"Dupla";"Reta";"Sim";2;0;2;0;0;0;2;1;-23,43993906;-46,43543243;"SPRF-SP";"DEL01-SP";"UOP01-DEL01-SP"
506822;2023-02-23;"quinta-feira";"14:10:00";"GO";60;81,5;"ANAPOLIS";"Acumulo de água sobre o pavimento";"Saída de leito carroçável";"Com Vítimas Feridas";"Pleno dia";"Crescente";"Chuva";"Dupla";"Curva";"Não";2;0;2;0;0;0;2;1;-16,3053;-48,8208;"SPRF-GO";"DEL02-GO";"UOP01-DEL02-GO"
506823;2023-02-23;"quinta-feira";"14:30:00";"RS";471;174,3;"RIO PARDO";"Desrespeitar a preferência no cruzamento";"Colisão transversal";"Com Vítimas Feridas";"Pleno dia";"Crescente";"Céu Claro";"Múltipla";"Não Informado";"Sim";2;0;0;1;1;0;1;2;-29,98189485;-52,36953557;"SPRF-RS";"DEL02-RS";"UOP03-DEL02-RS"
506824;2023-02-15;"quarta-feira";"08:00:00";"PA";316;54;"CASTANHAL";"Manobra de mudança de faixa";"Colisão traseira";"Com Vítimas Feridas";"Pleno dia";"Crescente";"Sol";"Dupla";"Reta";"Sim";4;0;1;0;3;0;1;2;-1,30608532;-48,00803597;"SPRF-PA";"DEL01-PA";"UOP01-DEL01-PA"
506825;2023-02-23;"quinta-feira";"10:40:00";"SP";116;67,5;"GUARATINGUETA";"Reação tardia ou ineficiente do condutor";"Colisão traseira";"Com Vítimas Feridas";"Pleno dia";"Crescente";"Nublado";"Dupla";"Não Informado";"Sim";2;0;1;0;1;0;1;2;-22,82998471;-45,21234512;"SPRF-SP";"DEL08-SP";"UOP01-DEL08-SP"
506829;2023-02-23;"quinta-feira";"13:00:00";"BA";101;606;"MASCOTE";"Afundamento ou ondulação no pavimento";"Saída de leito carroçável";"Com Vítimas Feridas";"Pleno dia";"Crescente";"Céu Claro";"Simples";"Reta";"Não";4;0;1;0;3;0;1;1;-15,702968;-39,44775402;"SPRF-BA";"DEL05-BA";"UOP02-DEL05-BA"
506830;2023-02-23;"quinta-feira";"15:07:00";"GO";153;504;"APARECIDA DE GOIANIA";"Ausência de reação do condutor";"Colisão lateral mesmo sentido";"Com Vítimas Feridas";"Pleno dia";"Crescente";"Chuva";"Dupla";"Reta";"Sim";2;0;1;0;1;0;1;2;-16,7451;-49,2408;"SPRF-GO";"DEL01-GO";"UOP01-DEL01-GO"
506831;2023-02-23;"quinta-feira";"14:30:00";"RJ";493;17;"GUAPIMIRIM";"Demais falhas na via";"Capotamento";"Com Vítimas Feridas";"Pleno dia";"Decrescente";"Céu Claro";"Dupla";"Reta";"Não";2;0;1;0;1;0;1;1;-22,66791406;-43,00902598;"SPRF-RJ";"DEL02-RJ";"UOP04-DEL02-RJ"
506832;2023-02-23;"quinta-feira";"14:10:00";"SC";116;282,5;"CAPAO ALTO";"Avarias e/ou desgaste excessivo no pneu";"Saída de leito carroçável";"Com Vítimas Feridas";"Pleno dia";"Crescente";"Chuva";"Simples";"Não Informado";"Não";1;0;1;0;0;0;1;1;-28,05640401;-50,56866393;"SPRF-SC";"DEL05-SC";"UOP02-DEL05-SC"
506833;2023-02-23;"quinta-feira";"15:36:00";"MG";381;597;"CARMOPOLIS DE MINAS";"Reação tardia ou ineficiente do condutor";"Colisão com objeto";"Com Vítimas Feridas";"Pleno dia";"Decrescente";"Céu Claro";"Dupla";"Reta";"Sim";1;0;0;1;0;0;1;1;-20,60569501;-44,72419499;"SPRF-MG";"DEL04-MG";"UOP01-DEL04-MG"
506834;2023-02-23;"quinta-feira";"15:05:00";"PE";101;51;"ABREU E LIMA";"Reação tardia ou ineficiente do condutor";"Colisão transversal";"Com Vítimas Feridas";"Pleno dia";"Decrescente";"Céu Claro";"Múltipla";"Reta";"Sim";2;0;0;1;1;0;1;2;-7,9169968;-34,89689272;"SPRF-PE";"DEL01-PE";"UOP02-DEL01-PE"
506835;2023-02-21;"terça-feira";"11:30:00";"PA";163;647;"ITAITUBA";"Ausência de reação do condutor";"Tombamento";"Com Vítimas Feridas";"Pleno dia";"Crescente";"Chuva";"Simples";"Não Informado";"Não";1;0;1;0;0;0;1;1;-4,53888994;-55,90179704;"SPRF-PA";"DEL05-PA";"UOP02-DEL05-PA"
506838;2023-02-23;"quinta-feira";"16:30:00";"PE";101;42,5;"IGARASSU";"Reação tardia ou ineficiente do condutor";"Tombamento";"Com Vítimas Feridas";"Pleno dia";"Crescente";"Céu Claro";"Múltipla";"Reta";"Sim";1;0;1;0;0;0;1;1;-7,83887431;-34,91196739;"SPRF-PE";"DEL01-PE";"UOP02-DEL01-PE"
506840;2023-02-23;"quinta-feira";"16:20:00";"SC";280;22,3;"ARAQUARI";"Acessar a via sem observar a presença dos outros veículos";"Colisão traseira";"Com Vítimas Feridas";"Pleno dia";"Decrescente";"Nublado";"Simples";"Reta";"Sim";4;0;1;0;3;0;1;3;-26,37092616;-48,70204099;"SPRF-SC";"DEL03-SC";"UOP03-DEL03-SC"
506841;2023-02-23;"quinta-feira";"14:35:00";"MG";381;885;"ESTIVA";"Demais falhas mecânicas ou elétricas";"Queda de ocupante de veículo";"Com Vítimas Feridas";"Pleno dia";"Crescente";"Céu Claro";"Dupla";"Curva";"Não";2;0;2;0;0;0;2;1;-22,50105622;-46,01398051;"SPRF-MG";"DEL16-MG";"UOP03-DEL16-MG"
506842;2023-02-23;"quinta-feira";"15:35:00";"RN";101;101,5;"PARNAMIRIM";"Manobra de mudança de faixa";"Colisão traseira";"Com Vítimas Feridas";"Pleno dia";"Decrescente";"Céu Claro";"Dupla";"Reta";"Sim";2;0;2;0;0;0;2;2;-5,88681084;-35,23143404;"SPRF-RN";"DEL01-RN";"UOP01-DEL01-RN"
506843;2023-02-23;"quinta-feira";"17:15:00";"SC";101;204,5;"SAO JOSE";"Trafegar com motocicleta (ou similar) entre as faixas";"Colisão lateral mesmo sentido";"Com Vítimas Feridas";"Pleno dia";"Crescente";"Chuva";"Múltipla";"Reta";"Sim";2;0;1;0;1;0;1;2;-27,57413014;-48,61363083;"SPRF-SC";"DEL01-SC";"UOP01-DEL01-SC"
506844;2023-02-23;"quinta-feira";"17:25:00";"PR";163;180,6;"SANTA TEREZA DO OESTE";"Demais falhas mecânicas ou elétricas";"Incêndio";"Sem Vítimas";"Pleno dia";"Decrescente";"Chuva";"Dupla";"Não Informado";"Não";1;0;0;0;1;0;0;1;-25,17526492;-53,60316959;"SPRF-PR";"DEL04-PR";"UOP04-DEL04-PR"
506845;2023-02-23;"quinta-feira";"17:30:00";"PB";230;58;"CRUZ DO ESPIRITO SANTO";"Demais falhas mecânicas ou elétricas";"Colisão traseira";"Com Vítimas Feridas";"Anoitecer";"Decrescente";"Céu Claro";"Dupla";"Não Informado";"Não";3;0;1;0;2;0;1;2;-7,20458;-35,132466;"SPRF-PB";"DEL01-PB";"UOP03-DEL01-PB"
506846;2023-02-23;"quinta-feira";"17:59:00";"GO";80;408;"SAO MIGUEL DO ARAGUAIA";"Reação tardia ou ineficiente do condutor";"Colisão traseira";"Com Vítimas Feridas";"Pleno dia";"Crescente";"Céu Claro";"Simples";"Reta";"Não";6;0;1;1;4;0;2;2;-13;-50;"SPRF-GO";"DEL07-GO";"UOP01-DEL07-GO"
506847;2023-02-23;"quinta-feira";"18:15:00";"SP";381;71;"MAIRIPORA";"Chuva";"Colisão com objeto";"Com Vítimas Feridas";"Pleno dia";"Crescente";"Chuva";"Múltipla";"Curva";"Não";1;0;1;0;0;0;1;1;-23,35047979;-46,55267274;"SPRF-SP";"DEL03-SP";"UOP01-DEL03-SP"
506848;2023-02-23;"quinta-feira";"18:48:00";"CE";116;11;"FORTALEZA";"Ausência de reação do condutor";"Colisão traseira";"Com Vítimas Feridas";"Anoitecer";"Crescente";"Céu Claro";"Dupla";"Reta";"Não";3;0;1;0;2;0;1;3;-3,84394724;-38,49891546;"SPRF-CE";"DEL01-CE";"UOP02-DEL01-CE"
506850;2023-02-23;"quinta-feira";"17:00:00";"RJ";40;93,6;"PETROPOLIS";"Chuva";"Colisão com objeto";"Com Vítimas Feridas";"Pleno dia";"Decrescente";"Chuva";"Simples";"Curva";"Não";2;0;2;0;0;0;2;1;-22,5554282;-43,25829998;"SPRF-RJ";"DEL01-RJ";"UOP01-DEL01-RJ"
506851;2023-02-23;"quinta-feira";"18:24:00";"SP";381;35;"ATIBAIA";"Demais falhas mecânicas ou elétricas";"Tombamento";"Com Vítimas Feridas";"Anoitecer";"Decrescente";"Céu Claro";"Múltipla";"Não Informado";"Não";1;0;1;0;0;0;1;1;-23,088586;-46,571798;"SPRF-SP";"DEL03-SP";"UOP02-DEL03-SP"
506853;2023-02-23;"quinta-feira";"17:50:00";"BA";242;410;"SEABRA";"Condutor deixou de manter distância do veículo da frente";"Colisão traseira";"Com Vítimas Feridas";"Anoitecer";"Decrescente";"Céu Claro";"Simples";"Reta";"Não";2;0;1;0;0;1;1;2;-12,4520299;-41,75055052;"SPRF-BA";"DEL06-BA";"UOP01-DEL06-BA"