"id";"data_inversa";"dia_semana";"horario";"uf";"br";"km";"municipio";"causa_acidente";"tipo_acidente";"classificacao_acidente";"fase_dia";"sentido_via";"condicao_metereologica";"tipo_pista";"tracado_via";"uso_solo";"pessoas";"mortos";"feridos_leves";"feridos_graves";"ilesos";"ignorados";"feridos";"veiculos";"latitude";"longitude";"regional";"delegacia";"uop"
506855;2023-02-23;"quinta-feira";"16:00:00";"MG";50;26;"ARAGUARI";"Ausência de reação do condutor";"Saída de leito carroçável";"Com Vítimas Feridas";"Pleno dia";"Decrescente";"Nublado";"Dupla";"Reta";"Não";1;0;0;1;0;0;1;1;-18,61687235;-48,08496977;"SPRF-MG";"DEL15-MG";"UOP02-DEL15-MG"
506856;2023-02-23;"quinta-feira";"17:20:00";"SC";101;150;"ITAPEMA";"Retorno proibido";"Colisão transversal";"Com Vítimas Feridas";"Anoitecer";"Decrescente";"Chuva";"Simples";"Reta";"Não";2;0;0;1;1;0;1;2;-27,11744799;-48,60940987;"SPRF-SC";"DEL04-SC";"UOP03-DEL04-SC"
506857;2023-02-23;"quinta-feira";"19:40:00";"GO";60;107;"GOIANAPOLIS";"Ausência de reação do condutor";"Colisão com objeto";"Com Vítimas Feridas";"Plena Noite";"Crescente";"Ignorado";"Dupla";"Reta";"Não";1;0;1;0;0;0;1;1;-16,431;-49,018;"SPRF-GO";"DEL02-GO";"UOP01-DEL02-GO"
506859;2023-01-30;"segunda-feira";"14:20:00";"MG";40;533;"BELO HORIZONTE";"Reação tardia ou ineficiente do condutor";"Colisão traseira";"Com Vítimas Feridas";"Pleno dia";"Crescente";"Céu Claro";"Dupla";"Não Informado";"Sim";2;0;1;0;1;0;1;2;-19,92645048;-44,00674229;"SPRF-MG";"DEL01-MG";"UOP02-DEL01-MG"
506860;2023-02-23;"quinta-feira";"19:20:00";"PI";316;259;"IPIRANGA DO PIAUI";"Acessar a via sem observar a presença dos outros veículos";"Colisão transversal";"Com Vítimas Feridas";"Plena Noite";"Decrescente";"Céu Claro";"Simples";"Reta";"Sim";2;0;1;1;0;0;2;2;-6,81961598;-41,73781153;"SPRF-PI";"DEL04-PI";"UOP02-DEL04-PI"
506862;2023-02-23;"quinta-feira";"20:20:00";"SP";101;50,5;"UBATUBA";"Acessar a via sem observar a presença dos outros veículos";"Colisão transversal";"Com Vítimas Feridas";"Plena Noite";"Decrescente";"Nublado";"Simples";"Reta";"Não";2;0;1;0;1;0;1;2;-23,45018939;-45,07743735;"SPRF-SP";"DEL06-SP";"UOP01-DEL06-SP"
506863;2023-02-23;"quinta-feira";"18:45:00";"PE";428;61;"SANTA MARIA DA BOA VISTA";"Reação tardia ou ineficiente do condutor";"Colisão com objeto";"Com Vítimas Feridas";"Anoitecer";"Crescente";"Céu Claro";"Simples";"Não Informado";"Não";2;0;0;2;0;0;2;1;-8,63804949;-39,71583366;"SPRF-PE";"DEL06-PE";"UOP03-DEL06-PE"
506864;2023-02-23;"quinta-feira";"19:39:00";"PE";232;57;"POMBOS";"Transitar na contramão";"Colisão frontal";"Sem Vítimas";"Plena Noite";"Crescente";"Céu Claro";"Dupla";"Reta";"Não";2;0;0;0;2;0;0;2;-8,14008284;-35,3791523;"SPRF-PE";"DEL02-PE";"UOP02-DEL02PE"
506865;2023-02-23;"quinta-feira";"19:30:00";"RJ";493;19;"GUAPIMIRIM";"Pista Escorregadia";"Capotamento";"Com Vítimas Feridas";"Plena Noite";"Crescente";"Chuva";"Simples";"Reta";"Sim";3;0;2;0;1;0;2;1;-22,66364;-43,036495;"SPRF-RJ";"DEL02-RJ";"UOP04-DEL02-RJ"
506866;2023-02-23;"quinta-feira";"20:40:00";"RJ";40;62;"PETROPOLIS";"Acesso irregular";"Colisão frontal";"Com Vítimas Feridas";"Plena Noite";"Decrescente";"Céu Claro";"Dupla";"Curva";"Não";3;0;3;0;0;0;3;2;-22,40542358;-43,14664526;"SPRF-RJ";"DEL06-RJ";"UOP01-DEL06-RJ"
506867;2023-02-23;"quinta-feira";"20:35:00";"MG";381;413,5;"NOVA UNIAO";"Pedestre andava na pista";"Atropelamento de Pedestre";"Com Vítimas Feridas";"Plena Noite";"Crescente";"Nublado";"Dupla";"Reta";"Não";2;0;0;1;1;0;1;1;-19,74091908;-43,60699698;"SPRF-MG";"DEL01-MG";"UOP01-DEL01-MG"
506869;2023-02-23;"quinta-feira";"20:15:00";"PR";376;191,9;"MARIALVA";"Velocidade Incompatível";"Saída de leito carroçável";"Com Vítimas Feridas";"Plena Noite";"Crescente";"Céu Claro";"Dupla";"Reta";"Não";2;0;0;1;0;1;1;1;-23,48601813;-51,82004213;"SPRF-PR";"DEL09-PR";"UOP01-DEL09-PR"
506870;2023-02-23;"quinta-feira";"20:30:00";"GO";60;91,7;"ANAPOLIS";"Animais na Pista";"Atropelamento de Animal";"Com Vítimas Feridas";"Plena Noite";"Crescente";"Nublado";"Dupla";"Reta";"Sim";1;0;0;1;0;0;1;1;-16,349549;-48,910399;"SPRF-GO";"DEL02-GO";"UOP01-DEL02-GO"
506871;2023-02-19;"domingo";"21:00:00";"RJ";101;221;"SILVA JARDIM";"Velocidade Incompatível";"Capotamento";"Com Vítimas Feridas";"Plena Noite";"Crescente";"Nublado";"Dupla";"Reta";"Não";2;0;2;0;0;0;2;1;-22,51705995;-42,32715501;"SPRF-RJ";"DEL02-RJ";"UOP03-DEL02-RJ"
506872;2023-02-23;"quinta-feira";"19:20:00";"MS";267;297;"RIO BRILHANTE";"Chuva";"Saída de leito carroçável";"Com Vítimas Feridas";"Plena Noite";"Crescente";"Chuva";"Simples";"Reta";"Não";4;0;2;1;1;0;3;1;-21,76535542;-54,58520127;"SPRF-MS";"DEL02-MS";"UOP02-DEL02-MS"
506873;2023-02-23;"quinta-feira";"21:15:00";"MG";381;504,6;"BETIM";"Ausência de reação do condutor";"Tombamento";"Com Vítimas Feridas";"Plena Noite";"Crescente";"Nublado";"Dupla";"Não Informado";"Sim";1;0;0;1;0;0;1;1;-20,033148;-44,240686;"SPRF-MG";"DEL04-MG";"UOP03-DEL04-MG"
506874;2023-02-23;"quinta-feira";"18:25:00";"PE";232;5,8;"RECIFE";"Ausência de reação do condutor";"Colisão traseira";"Com Vítimas Feridas";"Plena Noite";"Decrescente";"Céu Claro";"Dupla";"Não Informado";"Sim";3;0;1;0;2;0;1;3;-8,06795766;-34,94535414;"SPRF-PE";"DEL01-PE";"UOP01-DEL01-PE"
506876;2023-02-23;"quinta-feira";"17:45:00";"RS";468;100,2;"TRES PASSOS";"Chuva";"Saída de leito carroçável";"Com Vítimas Feridas";"Anoitecer";"Crescente";"Chuva";"Simples";"Curva";"Não";1;0;1;0;0;0;1;1;-27,473793;-53,918228;"SPRF-RS";"DEL08-RS";"UOP02-DEL08-RS"
506877;2023-02-23;"quinta-feira";"20:00:00";"MS";163;159;"JUTI";"Chuva";"Saída de leito carroçável";"Com Vítimas Feridas";"Plena Noite";"Crescente";"Chuva";"Simples";"Não Informado";"Não";5;0;1;0;4;0;1;1;-22,92559705;-54,50382002;"SPRF-MS";"DEL09-MS";"UOP01-DEL09-MS"
506879;2023-02-23;"quinta-feira";"21:30:00";"PR";369;149,5;"LONDRINA";"Reação tardia ou ineficiente do condutor";"Colisão traseira";"Com Vítimas Feridas";"Plena Noite";"Crescente";"Garoa/Chuvisco";"Dupla";"Reta";"Sim";3;0;1;1;1;0;2;2;-23,29296258;-51,15263343;"SPRF-PR";"DEL07-PR";"UOP01-DEL07-PR"
506880;2023-02-23;"quinta-feira";"17:35:00";"SC";101;366,1;"SANGAO";"Ausência de reação do condutor";"Saída de leito carroçável";"Com Vítimas Feridas";"Pleno dia";"Crescente";"Garoa/Chuvisco";"Dupla";"Reta";"Não";1;0;1;0;0;0;1;1;-28,68718511;-49,15621795;"SPRF-SC";"DEL02-SC";"UOP01-DEL02-SC"
506881;2023-02-23;"quinta-feira";"18:30:00";"PB";230;163;"CAMPINA GRANDE";"Ausência de reação do condutor";"Tombamento";"Com Vítimas Feridas";"Plena Noite";"Crescente";"Céu Claro";"Simples";"Não Informado";"Não";2;0;1;1;0;0;2;2;-7,211365;-35,935961;"SPRF-PB";"DEL02-PB";"UOP01-DEL02-PB"
506882;2023-02-23;"quinta-feira";"21:10:00";"RJ";116;309;"RESENDE";"Velocidade Incompatível";"Colisão traseira";"Sem Vítimas";"Plena Noite";"Decrescente";"Chuva";"Dupla";"Reta";"Não";2;0;0;0;1;1;0;2;-22,45796579;-44,42052701;"SPRF-RJ";"DEL07-RJ";"UOP02-DEL07-RJ"
506884;2023-02-23;"quinta-feira";"22:45:00";"DF";70;16;"BRASILIA";"Curva acentuada";"Saída de leito carroçável";"Sem Vítimas";"Plena Noite";"Decrescente";"Nublado";"Dupla";"Não Informado";"Não";1;0;0;0;0;1;0;1;-15,796144;-48,194225;"SPRF-DF";"DEL01-DF";"UOP03-DEL01-DF"
506885;2023-02-23;"quinta-feira";"22:00:00";"PR";369;130,1;"IBIPORA";"Condutor Dormindo";"Saída de leito carroçável";"Com Vítimas Feridas";"Plena Noite";"Crescente";"Céu Claro";"Dupla";"Curva";"Sim";1;0;1;0;0;0;1;1;-23,25759143;-50,98231316;"SPRF-PR";"DEL07-PR";"UOP01-DEL07-PR"
506886;2023-02-23;"quinta-feira";"22:20:00";"PR";116;12;"COLOMBO";"Ausência de reação do condutor";"Colisão com objeto";"Com Vítimas Feridas";"Plena Noite";"Crescente";"Nublado";"Dupla";"Reta";"Não";1;0;0;1;0;0;1;1;-25,3755;-49,1496;"SPRF-PR";"DEL01-PR";"UOP02-DEL01-PR"
506888;2023-02-23;"quinta-feira";"21:30:00";"AC";364;137,1;"RIO BRANCO";"Desrespeitar a preferência no cruzamento";"Colisão transversal";"Com Vítimas Feridas";"Plena Noite";"Crescente";"Céu Claro";"Dupla";"Rotatória";"Sim";2;0;1;0;1;0;1;2;-9,96935404;-67,85264513;"SPRF-AC";"N/A";"UOP01-DEL01-AC"
506889;2023-02-23;"quinta-feira";"22:45:00";"AL";104;90;"RIO LARGO";"Acessar a via sem observar a presença dos outros veículos";"Colisão transversal";"Com Vítimas Feridas";"Plena Noite";"Crescente";"Céu Claro";"Dupla";"Interseção de vias";"Sim";2;0;1;0;1;0;1;2;-9,50059087;-35,81127569;"SPRF-AL";"DEL01-AL";"UOP01-DEL01-AL"
506890;2023-02-23;"quinta-feira";"19:00:00";"GO";153;565;"PROFESSOR JAMIL";"Acumulo de água sobre o pavimento";"Capotamento";"Com Vítimas Feridas";"Anoitecer";"Crescente";"Chuva";"Dupla";"Não Informado";"Sim";2;0;1;0;1;0;1;1;-17,2566;-49,2418;"SPRF-GO";"DEL03-GO";"UOP01-DEL03-GO"
506893;2023-02-23;"quinta-feira";"22:18:00";"MA";135;45;"BACABEIRA";"Ausência de reação do condutor";"Atropelamento de Animal";"Com Vítimas Feridas";"Plena Noite";"Decrescente";"Nublado";"Dupla";"Não Informado";"Não";2;0;2;0;0;0;2;1;-2,92373274;-44,34012671;"SPRF-MA";"DEL01-MA";"UOP01-DEL01-MA"
506895;2023-02-24;"sexta-feira";"02:00:00";"RJ";101;249;"SILVA JARDIM";"Animais na Pista";"Atropelamento de Animal";"Com Vítimas Feridas";"Plena Noite";"Decrescente";"Céu Claro";"Dupla";"Reta";"Sim";1;0;1;0;0;0;1;1;-22,66899692;-42,50868109;"SPRF-RJ";"DEL02-RJ";"UOP03-DEL02-RJ"
506897;2023-02-24;"sexta-feira";"02:30:00";"SP";153;153,3;"PROMISSAO";"Deficiência do Sistema de Iluminação/Sinalização";"Incêndio";"Sem Vítimas";"Plena Noite";"Decrescente";"Céu Claro";"Simples";"Não Informado";"Não";2;0;0;0;2;0;0;1;-21,44437099;-49,78452187;"SPRF-SP";"DEL07-SP";"UOP01-DEL07-SP"
506899;2023-02-24;"sexta-feira";"02:40:00";"MS";163;342,1;"RIO BRILHANTE";"Condutor deixou de manter distância do veículo da frente";"Colisão traseira";"Com Vítimas Feridas";"Plena Noite";"Crescente";"Chuva";"Simples";"Reta";"Sim";2;0;1;0;1;0;1;2;-21,657145;-54,429281;"SPRF-MS";"DEL02-MS";"UOP02-DEL02-MS"
506901;2023-02-24;"sexta-feira";"03:50:00";"PR";153;120;"IBAITI";"Avarias e/ou desgaste excessivo no pneu";"Saída de leito carroçável";"Com Vítimas Feridas";"Plena Noite";"Crescente";"Chuva";"Simples";"Não Informado";"Não";2;0;1;0;1;0;1;1;-23,93903221;-50,23779778;"SPRF-PR";"DEL07-PR";"UOP04-DEL07-PR"
506902;2023-02-24;"sexta-feira";"04:00:00";"SP";116;70;"APARECIDA";"Acessar a via sem observar a presença dos outros veículos";"Atropelamento de Pedestre";"Com Vítimas Fatais";"Plena Noite";"Decrescente";"Céu Claro";"Dupla";"Curva";"Não";2;1;0;0;1;0;0;1;-22,84852898;-45,22705084;"SPRF-SP";"DEL08-SP";"UOP01-DEL08-SP"
506903;2023-02-24;"sexta-feira";"04:40:00";"PA";10;268;"MAE DO RIO";"Neblina";"Colisão traseira";"Com Vítimas Fatais";"Plena Noite";"Crescente";"Nevoeiro/Neblina";"Simples";"Reta";"Não";2;1;0;0;1;0;0;2;-2,08714;-47,559826;"SPRF-PA";"DEL02-PA";"UOP01-DEL02-PA"
506907;2023-02-24;"sexta-feira";"05:15:00";"PA";10;14,2;"DOM ELISEU";"Animais na Pista";"Atropelamento de Animal";"Sem Vítimas";"Amanhecer";"Decrescente";"Nevoeiro/Neblina";"Simples";"Reta";"Não";1;0;0;0;1;0;0;1;-4,32541324;-47,54535722;"SPRF-PA";"DEL02-PA";"UOP02-DEL02-PA"
506908;2023-02-24;"sexta-feira";"05:45:00";"RS";287;275;"SAO PEDRO DO SUL";"Acessar a via sem observar a presença dos outros veículos";"Colisão traseira";"Com Vítimas Feridas";"Amanhecer";"Decrescente";"Chuva";"Simples";"Reta";"Não";3;0;1;0;2;0;1;2;-29,66188963;-54,12516993;"SPRF-RS";"DEL09-RS";"UOP01-DEL09-RS"
506909;2023-02-24;"sexta-feira";"01:35:00";"SP";116;390;"MIRACATU";"Objeto estático sobre o leito carroçável";"Colisão com objeto";"Sem Vítimas";"Plena Noite";"Decrescente";"Nublado";"Dupla";"Reta";"Não";2;0;0;0;2;0;0;1;-24,27643929;-47,41504088;"SPRF-SP";"DEL04-SP";"UOP02-DEL04-SP"
506910;2023-02-24;"sexta-feira";"06:23:00";"SC";101;88,2;"BARRA VELHA";"Condutor Dormindo";"Saída de leito carroçável";"Com Vítimas Feridas";"Amanhecer";"Crescente";"Nublado";"Múltipla";"Não Informado";"Sim";1;0;1;0;0;0;1;1;-26,64253985;-48,68950684;"SPRF-SC";"DEL03-SC";"UOP02-DEL03-SC"
506911;2023-02-23;"quinta-feira";"23:00:00";"RJ";116;174;"SAO JOAO DE MERITI";"Manobra de mudança de faixa";"Colisão traseira";"Com Vítimas Feridas";"Plena Noite";"Crescente";"Sol";"Dupla";"Reta";"Sim";5;0;1;0;4;0;1;2;-22,79423806;-43,36403759;"SPRF-RJ";"DEL01-RJ";"UOP02-DEL01-RJ"
506912;2023-02-23;"quinta-feira";"12:20:00";"RJ";116;173;"SAO JOAO DE MERITI";"Ausência de reação do condutor";"Colisão traseira";"Com Vítimas Feridas";"Pleno dia";"Crescente";"Céu Claro";"Dupla";"Reta";"Sim";2;0;1;0;1;0;1;2;-22,79810324;-43,35726614;"SPRF-RJ";"DEL01-RJ";"UOP02-DEL01-RJ"
506913;2023-02-24;"sexta-feira";"06:20:00";"PE";101;79,7;"JABOATAO DOS GUARARAPES";"Manobra de mudança de faixa";"Tombamento";"Com Vítimas Feridas";"Pleno dia";"Decrescente";"Céu Claro";"Dupla";"Reta";"Não";1;0;1;0;0;0;1;1;-8,14366112;-34,94723453;"SPRF-PE";"DEL01-PE";"UOP01-DEL01-PE"
506914;2023-02-24;"sexta-feira";"06:35:00";"PE";101;61;"RECIFE";"Acostamento em desnível";"Tombamento";"Com Vítimas Feridas";"Pleno dia";"Crescente";"Céu Claro";"Dupla";"Reta";"Sim";1;0;1;0;0;0;1;1;-7,998535;-34,939427;"SPRF-PE";"DEL01-PE";"UOP02-DEL01-PE"
506915;2023-02-24;"sexta-feira";"07:00:00";"ES";259;59;"COLATINA";"Condutor deixou de manter distância do veículo da frente";"Colisão traseira";"Com Vítimas Feridas";"Pleno dia";"Crescente";"Céu Claro";"Simples";"Não Informado";"Sim";3;0;1;0;0;2;1;2;-19,52125411;-40,66594194;"SPRF-ES";"DEL02-ES";"UOP01-DEL02-ES"
506916;2023-02-24;"sexta-feira";"06:54:00";"PB";101;84;"BAYEUX";"Trafegar com motocicleta (ou similar) entre as faixas";"Colisão lateral mesmo sentido";"Com Vítimas Feridas";"Pleno dia";"Crescente";"Sol";"Dupla";"Reta";"Sim";3;0;0;1;2;0;1;3;-7,13957906;-34,92312806;"SPRF-PB";"DEL01-PB";"UOP01-DEL01-PB"
506917;2023-02-24;"sexta-feira";"07:30:00";"SC";101;201;"SAO JOSE";"Condutor deixou de manter distância do veículo da frente";"Colisão traseira";"Sem Vítimas";"Pleno dia";"Crescente";"Sol";"Múltipla";"Reta";"Não";1;0;0;0;1;0;0;1;-27,54836599;-48,61977975;"SPRF-SC";"DEL01-SC";"UOP01-DEL01-SC"
506918;2023-02-24;"sexta-feira";"07:30:00";"SE";235;6;"NOSSA SENHORA DO SOCORRO";"Chuva";"Queda de ocupante de veículo";"Com Vítimas Feridas";"Pleno dia";"Decrescente";"Chuva";"Dupla";"Não Informado";"Sim";1;0;1;0;0;0;1;1;-10,903851;-37,128677;"SPRF-SE";"DEL01-SE";"UOP01-DEL01-SE"
506919;2023-02-24;"sexta-feira";"06:10:00";"BA";418;85,4;"NOVA VICOSA";"Manobra de mudança de faixa";"Colisão lateral mesmo sentido";"Com Vítimas Feridas";"Pleno dia";"Decrescente";"Céu Claro";"Simples";"Reta";"Sim";2;0;0;1;1;0;1;2;-17,89031983;-39,79951109;"SPRF-BA";"DEL09-BA";"UOP02-DEL09-BA"
506921;2023-02-24;"sexta-feira";"05:20:00";"RJ";116;187;"NOVA IGUACU";"Entrada inopinada do pedestre";"Atropelamento de Pedestre";"Com Vítimas Feridas";"Pleno dia";"Decrescente";"Céu Claro";"Dupla";"Reta";"Sim";2;0;0;1;0;1;1;1;-22,73883756;-43,47245197;"SPRF-RJ";"DEL01-RJ";"UOP02-DEL01-RJ"
506922;2023-02-24;"sexta-feira";"07:49:00";"CE";222;4;"FORTALEZA";"Manobra de mudança de faixa";"Colisão lateral mesmo sentido";"Com Vítimas Feridas";"Pleno dia";"Crescente";"Céu Claro";"Múltipla";"Reta";"Sim";3;0;3;0;0;0;3;2;-3,74216926;-38,60945648;"SPRF-CE";"DEL01-CE";"UOP01-DEL01-CE"
506926;2023-01-11;"quarta-feira";"16:20:00";"PE";428;140;"PETROLINA";"Acessar a via sem observar a presença dos outros veículos";"Colisão transversal";"Com Vítimas Feridas";"Pleno dia";"Crescente";"Céu Claro";"Simples";"Reta";"Sim";2;0;1;0;0;1;1;2;-8,992364;-40,270164;"SPRF-PE";"DEL06-PE";"UOP03-DEL06-PE"
506927;2023-02-24;"sexta-feira";"04:20:00";"SC";163;99;"SAO JOSE DO CEDRO";"Ingestão de álcool pelo condutor";"Colisão lateral sentido oposto";"Sem Vítimas";"Amanhecer";"Crescente";"Nublado";"Simples";"Curva";"Não";3;0;0;0;3;0;0;2;-26,48766413;-53,50450695;"SPRF-SC";"DEL07-SC";"UOP03-DEL07-SC"
506928;2023-02-24;"sexta-feira";"07:30:00";"MT";163;829;"SINOP";"Acessar a via sem observar a presença dos outros veículos";"Colisão transversal";"Com Vítimas Feridas";"Pleno dia";"Crescente";"Céu Claro";"Dupla";"Não Informado";"Sim";3;0;1;0;2;0;1;2;-11,91345;-55,508774;"SPRF-MT";"DEL06-MT";"UOP02-DEL06-MT"
506931;2023-02-24;"sexta-feira";"08:50:00";"SP";116;227;"SAO PAULO";"Velocidade Incompatível";"Colisão com objeto";"Com Vítimas Feridas";"Pleno dia";"Crescente";"Nublado";"Múltipla";"Reta";"Sim";4;0;2;0;2;0;2;4;-23,49659264;-46,55648754;"SPRF-SP";"DEL01-SP";"UOP01-DEL01-SP"
506932;2023-02-24;"sexta-feira";"09:05:00";"PB";230;55,9;"SAO MIGUEL DE TAIPU";"Afundamento ou ondulação no pavimento";"Saída de leito carroçável";"Com Vítimas Feridas";"Pleno dia";"Decrescente";"Céu Claro";"Dupla";"Não Informado";"Não";4;0;1;0;3;0;1;1;-7,1874;-35,1889;"SPRF-PB";"DEL01-PB";"UOP03-DEL01-PB"
506934;2023-02-24;"sexta-feira";"08:25:00";"RN";101;97;"NATAL";"Condutor deixou de manter distância do veículo da frente";"Engavetamento";"Com Vítimas Feridas";"Pleno dia";"Decrescente";"Nublado";"Múltipla";"Desvio Temporário";"Não";3;0;1;0;2;0;1;3;-5,85758898;-35,21271205;"SPRF-RN";"DEL01-RN";"UOP01-DEL01-RN"
506935;2023-02-18;"sábado";"21:20:00";"CE";116;214,7;"TABULEIRO DO NORTE";"Acessar a via sem observar a presença dos outros veículos";"Colisão transversal";"Com Vítimas Fatais";"Plena Noite";"Crescente";"Nublado";"Simples";"Não Informado";"Sim";3;2;1;0;0;0;1;2;-5,28913404;-38,17674415;"SPRF-CE";"DEL03-CE";"UOP01-DEL03-CE"
506937;2023-02-12;"domingo";"23:10:00";"MS";163;78;"ITAQUIRAI";"Ausência de reação do condutor";"Colisão com objeto";"Com Vítimas Feridas";"Plena Noite";"Decrescente";"Céu Claro";"Simples";"Reta";"Sim";1;0;0;1;0;0;1;1;-23,47441924;-54,18829399;"SPRF-MS";"DEL09-MS";"UOP01-DEL09-MS"
506938;2023-02-24;"sexta-feira";"10:30:00";"SC";101;111;"ITAJAI";"Ausência de reação do condutor";"Colisão traseira";"Com Vítimas Feridas";"Pleno dia";"Crescente";"Céu Claro";"Dupla";"Reta";"Não";2;0;0;1;0;1;1;2;-26,83955734;-48,71418074;"SPRF-SC";"DEL04-SC";"UOP04-DEL04-SC"
506939;2023-02-24;"sexta-feira";"08:45:00";"SP";381;88;"GUARULHOS";"Condutor deixou de manter distância do veículo da frente";"Colisão traseira";"Com Vítimas Feridas";"Pleno dia";"Crescente";"Nublado";"Múltipla";"Reta";"Não";5;0;1;0;4;0;1;4;-23,47469314;-46,56112919;"SPRF-SP";"DEL03-SP";"UOP01-DEL03-SP"
506940;2023-02-20;"segunda-feira";"17:00:00";"RJ";116;199;"QUEIMADOS";"Acessar a via sem observar a presença dos outros veículos";"Atropelamento de Pedestre";"Com Vítimas Feridas";"Pleno dia";"Decrescente";"Sol";"Dupla";"Reta";"Não";2;0;1;0;1;0;1;2;-22,72898648;-43,58452101;"SPRF-RJ";"DEL01-RJ";"UOP03-DEL01-RJ"
506943;2023-02-24;"sexta-feira";"10:40:00";"PB";230;26;"JOAO PESSOA";"Demais falhas mecânicas ou elétricas";"Incêndio";"Sem Vítimas";"Pleno dia";"Crescente";"Céu Claro";"Dupla";"Reta";"Sim";2;0;0;0;2;0;0;1;-7,1693;-34,8782;"SPRF-PB";"DEL01-PB";"UOP01-DEL01-PB"
506944;2023-02-24;"sexta-feira";"10:20:00";"RJ";40;25,6;"TRES RIOS";"Acessar a via sem observar a presença dos outros veículos";"Colisão lateral mesmo sentido";"Com Vítimas Feridas";"Pleno dia";"Decrescente";"Céu Claro";"Dupla";"Não Informado";"Não";4;0;1;0;3;0;1;2;-22,15356434;-43,15824509;"SPRF-RJ";"DEL06-RJ";"UOP01-DEL06-RJ"
506945;2023-02-24;"sexta-feira";"10:20:00";"PR";376;593;"CURITIBA";"Condutor deixou de manter distância do veículo da frente";"Colisão lateral mesmo sentido";"Com Vítimas Feridas";"Pleno dia";"Crescente";"Céu Claro";"Dupla";"Reta";"Sim";2;0;1;0;1;0;1;2;-25,47642706;-49,35092413;"SPRF-PR";"DEL01-PR";"UAP06-DEL01-PR"
506949;2023-02-17;"sexta-feira";"23:40:00";"MG";40;278;"TRES MARIAS";"Transitar na contramão";"Colisão lateral sentido oposto";"Sem Vítimas";"Plena Noite";"Decrescente";"Nublado";"Simples";"Não Informado";"Sim";6;0;0;0;6;0;0;2;-18,220313;-45,220762;"SPRF-MG";"DEL14-MG";"UOP02-DEL14-MG"
506950;2023-02-24;"sexta-feira";"11:50:00";"SP";116;148;"SAO JOSE DOS CAMPOS";"Acessar a via sem observar a presença dos outros veículos";"Atropelamento de Pedestre";"Com Vítimas Feridas";"Pleno dia";"Crescente";"Céu Claro";"Dupla";"Reta";"Sim";2;0;1;0;1;0;1;1;-23,20067421;-45,8795018;"SPRF-SP";"DEL02-SP";"UOP01-DEL02-SP"
506951;2023-02-24;"sexta-feira";"11:30:00";"MG";40;522,7;"CONTAGEM";"Demais falhas mecânicas ou elétricas";"Tombamento";"Com Vítimas Feridas";"Pleno dia";"Decrescente";"Céu Claro";"Dupla";"Reta";"Não";2;0;2;0;0;0;2;2;-19,8638731;-44,06749809;"SPRF-MG";"DEL01-MG";"UOP02-DEL01-MG"
506952;2023-02-24;"sexta-feira";"12:00:00";"RS";116;257;"SAPUCAIA DO SUL";"Manobra de mudança de faixa";"Colisão traseira";"Com Vítimas Feridas";"Pleno dia";"Decrescente";"Chuva";"Dupla";"Reta";"Sim";2;0;1;0;1;0;1;2;-29,85262195;-51,17968329;"SPRF-RS";"DEL01-RS";"UOP02-DEL01-RS"
506953;2023-02-24;"sexta-feira";"09:22:00";"MA";10;250;"IMPERATRIZ";"Conversão proibida";"Colisão lateral mesmo sentido";"Com Vítimas Feridas";"Pleno dia";"Crescente";"Céu Claro";"Simples";"Reta";"Sim";6;0;1;0;5;0;1;2;-5,541483;-47,465938;"SPRF-MA";"DEL04-MA";"UOP01-DEL04-MA"
506954;2023-02-24;"sexta-feira";"08:40:00";"MG";262;39,4;"MANHUACU";"Manobra de mudança de faixa";"Colisão lateral mesmo sentido";"Com Vítimas Feridas";"Pleno dia";"Crescente";"Garoa/Chuvisco";"Simples";"Reta";"Sim";3;0;2;0;0;1;2;2;-20,27165802;-42,03950458;"SPRF-MG";"DEL06-MG";"UOP03-DEL06-MG"
506955;2023-01-22;"domingo";"09:15:00";"MG";40;460;"SETE LAGOAS";"Condutor deixou de manter distância do veículo da frente";"Tombamento";"Com Vítimas Feridas";"Pleno dia";"Crescente";"Chuva";"Dupla";"Não Informado";"Não";3;0;2;0;0;1;2;1;-19,39770694;-44,33528916;"SPRF-MG";"DEL02-MG";"UOP01-DEL02-MG"
506956;2023-02-24;"sexta-feira";"11:00:00";"PR";163;320;"GUAIRA";"Reação tardia ou ineficiente do condutor";"Colisão traseira";"Sem Vítimas";"Pleno dia";"Crescente";"Céu Claro";"Simples";"Reta";"Não";2;0;0;0;2;0;0;2;-24,34461516;-54,15033631;"SPRF-PR";"DEL06-PR";"UOP01-DEL06-PR"
506957;2023-02-24;"sexta-feira";"09:00:00";"PA";155;316,5;"MARABA";"Ausência de reação do condutor";"Colisão lateral mesmo sentido";"Com Vítimas Feridas";"Pleno dia";"Decrescente";"Céu Claro";"Simples";"Reta";"Não";5;0;3;0;2;0;3;3;-5,60837295;-49,08531324;"SPRF-PA";"DEL03-PA";"UOP01-DEL03-PA"
506958;2023-02-24;"sexta-feira";"12:15:00";"PB";230;215,3;"SOLEDADE";"Pedestre andava na pista";"Atropelamento de Pedestre";"Com Vítimas Feridas";"Pleno dia";"Decrescente";"Céu Claro";"Simples";"Curva";"Sim";2;0;1;0;0;1;1;1;-7,05779344;-36,35985374;"SPRF-PB";"DEL02-PB";"UOP02-DEL02-PB"