"id";"data_inversa";"dia_semana";"horario";"uf";"br";"km";"municipio";"causa_acidente";"tipo_acidente";"classificacao_acidente";"fase_dia";"sentido_via";"condicao_metereologica";"tipo_pista";"tracado_via";"uso_solo";"pessoas";"mortos";"feridos_leves";"feridos_graves";"ilesos";"ignorados";"feridos";"veiculos";"latitude";"longitude";"regional";"delegacia";"uop"
506964;2023-02-24;"sexta-feira";"12:30:00";"BA";101;117;"ALAGOINHAS";"Acessar a via sem observar a presença dos outros veículos";"Colisão transversal";"Com Vítimas Feridas";"Pleno dia";"Crescente";"Céu Claro";"Simples";"Não Informado";"Não";5;0;1;1;3;0;2;2;-12,1587083;-38,53761097;"SPRF-BA";"DEL01-BA";"UOP04-DEL01-BA"
506965;2023-02-24;"sexta-feira";"12:55:00";"PR";116;189,8;"CAMPO DO TENENTE";"Reação tardia ou ineficiente do condutor";"Saída de leito carroçável";"Com Vítimas Feridas";"Pleno dia";"Crescente";"Céu Claro";"Simples";"Reta";"Não";1;0;1;0;0;0;1;1;-25,94704813;-49,64358785;"SPRF-PR";"DEL01-PR";"UOP03-DEL01-PR"
506966;2023-02-24;"sexta-feira";"12:20:00";"ES";262;33,7;"DOMINGOS MARTINS";"Condutor Dormindo";"Colisão traseira";"Com Vítimas Feridas";"Pleno dia";"Crescente";"Céu Claro";"Simples";"Não Informado";"Não";1;0;1;0;0;0;1;1;-20,37535106;-40,58433127;"SPRF-ES";"DEL01-ES";"UOP01-DEL01-ES"
506969;2023-02-24;"sexta-feira";"14:25:00";"PA";308;199;"BRAGANCA";"Conversão proibida";"Colisão transversal";"Com Vítimas Feridas";"Pleno dia";"Decrescente";"Céu Claro";"Simples";"Reta";"Não";2;0;2;0;0;0;2;2;-1,06393128;-46,80393098;"SPRF-PA";"DEL01-PA";"UOP03-DEL01-PA"
506970;2023-02-24;"sexta-feira";"13:20:00";"MT";163;736;"SORRISO";"Transitar na contramão";"Colisão frontal";"Com Vítimas Feridas";"Pleno dia";"Decrescente";"Céu Claro";"Simples";"Reta";"Não";2;0;1;0;1;0;1;2;-12,67654732;-55,7948184;"SPRF-MT";"DEL06-MT";"UOP01-DEL06-MT"
506971;2023-02-24;"sexta-feira";"14:45:00";"ES";101;125;"SOORETAMA";"Ausência de reação do condutor";"Colisão traseira";"Com Vítimas Feridas";"Pleno dia";"Crescente";"Céu Claro";"Simples";"Reta";"Sim";4;0;2;0;2;0;2;2;-19,18496498;-40,09429827;"SPRF-ES";"DEL04-ES";"UOP01-DEL04-ES"
506973;2023-02-24;"sexta-feira";"14:57:00";"PB";101;22;"MAMANGUAPE";"Reação tardia ou ineficiente do condutor";"Colisão com objeto";"Sem Vítimas";"Pleno dia";"Decrescente";"Nublado";"Dupla";"Reta";"Não";1;0;0;0;1;0;0;1;-6,68108401;-35,11407491;"SPRF-PB";"DEL01-PB";"UOP04-DEL01-PB"
506974;2023-02-24;"sexta-feira";"08:00:00";"MG";50;107,7;"UBERABA";"Avarias e/ou desgaste excessivo no pneu";"Capotamento";"Com Vítimas Feridas";"Pleno dia";"Decrescente";"Céu Claro";"Dupla";"Reta";"Não";2;0;0;1;1;0;1;1;-19,19728496;-48,15250484;"SPRF-MG";"DEL13-MG";"UOP01-DEL13-MG"
506975;2023-02-24;"sexta-feira";"13:00:00";"RJ";116;80;"TERESOPOLIS";"Ausência de reação do condutor";"Colisão traseira";"Com Vítimas Feridas";"Pleno dia";"Crescente";"Céu Claro";"Simples";"Não Informado";"Não";4;0;1;0;3;0;1;3;-22,39006974;-42,9533628;"SPRF-RJ";"DEL04-RJ";"UOP01-DEL04-RJ"
506976;2023-02-24;"sexta-feira";"15:25:00";"PI";343;3,4;"TERESINA";"Condutor deixou de manter distância do veículo da frente";"Engavetamento";"Com Vítimas Feridas";"Pleno dia";"Decrescente";"Céu Claro";"Múltipla";"Reta";"Sim";4;0;1;0;3;0;1;3;-5,089569;-42,802288;"SPRF-PI";"DEL01-PI";"UOP01-DEL01-PI"
506977;2023-02-24;"sexta-feira";"13:50:00";"MG";365;404;"PATOS DE MINAS";"Velocidade Incompatível";"Saída de leito carroçável";"Com Vítimas Feridas";"Pleno dia";"Crescente";"Chuva";"Simples";"Não Informado";"Não";1;0;0;1;0;0;1;1;-18,63229053;-46,47393998;"SPRF-MG";"DEL10-MG";"UOP01-DEL10-MG"
506978;2023-02-24;"sexta-feira";"15:01:00";"PB";230;25;"JOAO PESSOA";"Velocidade Incompatível";"Saída de leito carroçável";"Sem Vítimas";"Pleno dia";"Crescente";"Sol";"Múltipla";"Reta";"Não";1;0;0;0;0;1;0;1;-7,16921711;-34,87785816;"SPRF-PB";"DEL01-PB";"UOP01-DEL01-PB"
506979;2023-02-24;"sexta-feira";"15:20:00";"MG";459;88;"CONGONHAL";"Acessar a via sem observar a presença dos outros veículos";"Colisão transversal";"Com Vítimas Feridas";"Pleno dia";"Crescente";"Céu Claro";"Simples";"Curva";"Não";3;0;1;1;1;0;2;2;-22,157952;-46,006658;"SPRF-MG";"DEL09-MG";"UOP01-DEL09-MG"
506981;2023-02-24;"sexta-feira";"15:05:00";"GO";50;96;"IPAMERI";"Acessar a via sem observar a presença dos outros veículos";"Colisão transversal";"Com Vítimas Feridas";"Pleno dia";"Decrescente";"Céu Claro";"Simples";"Reta";"Sim";2;0;1;0;1;0;1;2;-16,9309;-47,7117;"SPRF-DF";"DEL01-DF";"UOP04-DEL01-DF"
506986;2023-02-24;"sexta-feira";"15:30:00";"SC";470;66,7;"INDAIAL";"Trafegar com motocicleta (ou similar) entre as faixas";"Colisão lateral sentido oposto";"Com Vítimas Feridas";"Pleno dia";"Decrescente";"Nublado";"Simples";"Ponte";"Não";2;0;1;0;1;0;1;2;-26,870407;-49,221844;"SPRF-SC";"DEL04-SC";"UOP01-DEL04-SC"
506988;2023-02-24;"sexta-feira";"15:00:00";"SP";116;330,9;"JUQUITIBA";"Afundamento ou ondulação no pavimento";"Capotamento";"Com Vítimas Feridas";"Pleno dia";"Decrescente";"Sol";"Dupla";"Curva";"Não";1;0;1;0;0;0;1;1;-23,9442931;-47,09668891;"SPRF-SP";"DEL04-SP";"UOP03-DEL04-SP"
506989;2023-02-24;"sexta-feira";"16:20:00";"SC";101;198;"SAO JOSE";"Manobra de mudança de faixa";"Colisão lateral mesmo sentido";"Com Vítimas Feridas";"Pleno dia";"Crescente";"Céu Claro";"Dupla";"Reta";"Sim";2;0;1;0;1;0;1;2;-27,52658712;-48,63506019;"SPRF-SC";"DEL01-SC";"UOP01-DEL01-SC"
506990;2023-02-24;"sexta-feira";"08:00:00";"SP";116;273;"TABOAO DA SERRA";"Ausência de reação do condutor";"Colisão traseira";"Com Vítimas Feridas";"Pleno dia";"Decrescente";"Céu Claro";"Dupla";"Reta";"Sim";2;0;1;0;1;0;1;2;-23,62809795;-46,81870306;"SPRF-SP";"DEL04-SP";"UOP01-DEL04-SP"
506993;2023-02-24;"sexta-feira";"15:10:00";"AP";210;2;"MACAPA";"Desrespeitar a preferência no cruzamento";"Colisão transversal";"Com Vítimas Feridas";"Pleno dia";"Decrescente";"Céu Claro";"Simples";"Reta";"Sim";4;0;1;0;3;0;1;2;0,08543688;-51,08315533;"SPRF-AP";"N/A";"UOP01-DEL01-AP"
506995;2023-02-24;"sexta-feira";"16:40:00";"BA";324;620;"SALVADOR";"Trafegar com motocicleta (ou similar) entre as faixas";"Queda de ocupante de veículo";"Com Vítimas Feridas";"Pleno dia";"Crescente";"Sol";"Múltipla";"Reta";"Sim";1;0;0;1;0;0;1;1;-12,90482172;-38,45556535;"SPRF-BA";"DEL01-BA";"UOP01-DEL01-BA"
506996;2023-02-24;"sexta-feira";"16:45:00";"PI";343;0,4;"TERESINA";"Manobra de mudança de faixa";"Colisão lateral mesmo sentido";"Com Vítimas Feridas";"Pleno dia";"Decrescente";"Céu Claro";"Múltipla";"Não Informado";"Sim";2;0;1;0;0;1;1;2;-5,079493;-42,754083;"SPRF-PI";"DEL01-PI";"UOP01-DEL01-PI"
506997;2023-02-24;"sexta-feira";"17:00:00";"PR";467;109;"CASCAVEL";"Mal súbito do condutor";"Saída de leito carroçável";"Com Vítimas Feridas";"Pleno dia";"Crescente";"Céu Claro";"Dupla";"Reta";"Sim";1;0;1;0;0;0;1;1;-24,9261;-53,4589;"SPRF-PR";"DEL04-PR";"UOP01-DEL04-PR"
506998;2023-02-08;"quarta-feira";"17:10:00";"MS";262;6,1;"TRES LAGOAS";"Acessar a via sem observar a presença dos outros veículos";"Colisão transversal";"Com Vítimas Feridas";"Anoitecer";"Crescente";"Nublado";"Dupla";"Não Informado";"Sim";2;0;1;0;1;0;1;2;-20,78237921;-51,67197438;"SPRF-MS";"DEL07-MS";"UOP01-DEL07-MS"
507000;2023-02-24;"sexta-feira";"16:40:00";"MS";163;838;"SONORA";"Acessar a via sem observar a presença dos outros veículos";"Colisão transversal";"Com Vítimas Feridas";"Anoitecer";"Decrescente";"Chuva";"Dupla";"Rotatória";"Sim";3;0;1;0;2;0;1;2;-17,591269;-54,74493;"SPRF-MS";"DEL06-MS";"UOP01-DEL06-MS"
507001;2023-02-24;"sexta-feira";"17:10:00";"RN";226;16;"MACAIBA";"Acessar a via sem observar a presença dos outros veículos";"Colisão transversal";"Com Vítimas Feridas";"Pleno dia";"Crescente";"Garoa/Chuvisco";"Simples";"Reta";"Sim";2;0;1;0;1;0;1;2;-5,862697;-35,34282913;"SPRF-RN";"DEL01-RN";"UOP02-DEL01-RN"
507002;2023-02-24;"sexta-feira";"17:30:00";"SP";116;144;"SAO JOSE DOS CAMPOS";"Ausência de reação do condutor";"Tombamento";"Com Vítimas Feridas";"Pleno dia";"Decrescente";"Garoa/Chuvisco";"Múltipla";"Reta";"Não";1;0;1;0;0;0;1;1;-23,18274416;-45,84633592;"SPRF-SP";"DEL02-SP";"UOP01-DEL02-SP"
507003;2023-02-24;"sexta-feira";"17:33:00";"RJ";116;199;"QUEIMADOS";"Reação tardia ou ineficiente do condutor";"Capotamento";"Sem Vítimas";"Pleno dia";"Crescente";"Céu Claro";"Dupla";"Reta";"Não";1;0;0;0;1;0;0;1;-22,72898648;-43,58452101;"SPRF-RJ";"DEL01-RJ";"UOP03-DEL01-RJ"
507005;2023-02-24;"sexta-feira";"17:30:00";"SP";381;54;"MAIRIPORA";"Ausência de reação do condutor";"Colisão traseira";"Com Vítimas Feridas";"Pleno dia";"Crescente";"Céu Claro";"Dupla";"Reta";"Não";1;0;1;0;0;0;1;1;-23,2449074;-46,59562343;"SPRF-SP";"DEL03-SP";"UOP01-DEL03-SP"
507008;2023-02-24;"sexta-feira";"18:10:00";"BA";110;348;"ALAGOINHAS";"Velocidade Incompatível";"Tombamento";"Sem Vítimas";"Anoitecer";"Crescente";"Céu Claro";"Simples";"Reta";"Não";1;0;0;0;0;1;0;1;-12,26960367;-38,37451672;"SPRF-BA";"DEL01-BA";"UOP04-DEL01-BA"
507009;2023-02-24;"sexta-feira";"18:10:00";"SP";101;51;"UBATUBA";"Acessar a via sem observar a presença dos outros veículos";"Colisão transversal";"Com Vítimas Feridas";"Anoitecer";"Decrescente";"Chuva";"Simples";"Reta";"Sim";2;0;1;0;1;0;1;2;-23,45627795;-45,07111896;"SPRF-SP";"DEL06-SP";"UOP01-DEL06-SP"
507010;2023-02-24;"sexta-feira";"16:36:00";"SP";116;546;"BARRA DO TURVO";"Reação tardia ou ineficiente do condutor";"Colisão com objeto";"Com Vítimas Feridas";"Anoitecer";"Crescente";"Garoa/Chuvisco";"Dupla";"Não Informado";"Não";5;0;1;1;3;0;2;1;-24,9470862;-48,43042095;"SPRF-SP";"DEL05-SP";"UOP02-DEL05-SP"
507011;2023-02-24;"sexta-feira";"17:30:00";"RJ";116;76;"TERESOPOLIS";"Ausência de reação do condutor";"Colisão transversal";"Sem Vítimas";"Anoitecer";"Crescente";"Céu Claro";"Simples";"Não Informado";"Não";3;0;0;0;3;0;0;2;-22,36124312;-42,94876288;"SPRF-RJ";"DEL04-RJ";"UOP01-DEL04-RJ"
507013;2023-02-24;"sexta-feira";"11:35:00";"SC";282;516;"XAXIM";"Velocidade Incompatível";"Saída de leito carroçável";"Com Vítimas Feridas";"Pleno dia";"Decrescente";"Nublado";"Simples";"Não Informado";"Não";1;0;1;0;0;0;1;1;-26,930862;-52,499157;"SPRF-SC";"DEL07-SC";"UOP01-DEL07-SC"
507014;2023-02-24;"sexta-feira";"18:05:00";"AL";316;253;"PILAR";"Conversão proibida";"Colisão transversal";"Com Vítimas Feridas";"Plena Noite";"Crescente";"Céu Claro";"Simples";"Reta";"Sim";2;0;0;1;0;1;1;2;-9,57899213;-35,96164121;"SPRF-AL";"DEL02-AL";"UOP01-DEL02-AL"
507015;2023-02-24;"sexta-feira";"18:30:00";"RS";158;327,7;"SANTA MARIA";"Trafegar com motocicleta (ou similar) entre as faixas";"Colisão traseira";"Sem Vítimas";"Pleno dia";"Crescente";"Céu Claro";"Dupla";"Reta";"Não";2;0;0;0;2;0;0;2;-29,714945;-53,81083;"SPRF-RS";"DEL09-RS";"UOP01-DEL09-RS"
507016;2023-02-24;"sexta-feira";"18:13:00";"DF";60;15,3;"BRASILIA";"Reação tardia ou ineficiente do condutor";"Saída de leito carroçável";"Com Vítimas Feridas";"Anoitecer";"Crescente";"Nublado";"Dupla";"Reta";"Não";2;0;2;0;0;0;2;1;-15,943619;-48,172115;"SPRF-DF";"DEL01-DF";"UOP02-DEL01-DF"
507017;2023-02-24;"sexta-feira";"18:30:00";"SC";101;144;"ITAPEMA";"Avarias e/ou desgaste excessivo no pneu";"Tombamento";"Com Vítimas Feridas";"Anoitecer";"Decrescente";"Céu Claro";"Dupla";"Reta";"Sim";2;0;2;0;0;0;2;1;-27,0732659;-48,59672716;"SPRF-SC";"DEL04-SC";"UOP03-DEL04-SC"
507018;2023-02-16;"quinta-feira";"19:40:00";"SC";101;102,6;"BALNEARIO PICARRAS";"Pedestre cruzava a pista fora da faixa";"Atropelamento de Pedestre";"Com Vítimas Fatais";"Plena Noite";"Decrescente";"Nublado";"Múltipla";"Não Informado";"Não";2;1;0;0;1;0;0;1;-26,7800295;-48,6843793;"SPRF-SC";"DEL03-SC";"UOP02-DEL03-SC"
507019;2023-02-24;"sexta-feira";"18:00:00";"MG";40;666,8;"CARANDAI";"Desrespeitar a preferência no cruzamento";"Colisão transversal";"Com Vítimas Feridas";"Pleno dia";"Crescente";"Céu Claro";"Dupla";"Não Informado";"Sim";2;0;2;0;0;0;2;2;-20,94471215;-43,8086221;"SPRF-MG";"DEL05-MG";"UOP02-DEL05-MG"
507020;2023-02-24;"sexta-feira";"15:30:00";"RS";NA;NA;"CAXIAS DO SUL";"Acessar a via sem observar a presença dos outros veículos";"Colisão frontal";"Sem Vítimas";"Pleno dia";"Não Informado";"Céu Claro";"Simples";"Não Informado";"Sim";2;0;0;0;2;0;0;2;-29,13757571;-51,13216465;"SPRF-RS";"DEL05-RS";"UOP01-DEL05-RS"
507024;2023-02-24;"sexta-feira";"18:20:00";"PE";423;94,9;"GARANHUNS";"Pedestre cruzava a pista fora da faixa";"Atropelamento de Pedestre";"Com Vítimas Feridas";"Plena Noite";"Crescente";"Céu Claro";"Simples";"Reta";"Sim";2;0;1;0;1;0;1;1;-8,878533;-36,477163;"SPRF-PE";"DEL03-PE";"UOP01-DEL03-PE"
507025;2023-02-24;"sexta-feira";"19:00:00";"PR";277;421,9;"CANTAGALO";"Desrespeitar a preferência no cruzamento";"Colisão transversal";"Com Vítimas Feridas";"Plena Noite";"Decrescente";"Nublado";"Simples";"Não Informado";"Sim";2;0;1;0;1;0;1;2;-25,40516876;-52,09591501;"SPRF-PR";"DEL04-PR";"UOP02-DEL04-PR"
507027;2023-02-24;"sexta-feira";"18:00:00";"RS";290;74,6;"GRAVATAI";"Acumulo de óleo sobre o pavimento";"Tombamento";"Com Vítimas Feridas";"Anoitecer";"Crescente";"Céu Claro";"Dupla";"Curva";"Não";1;0;1;0;0;0;1;1;-29,9536932;-51,0029831;"SPRF-RS";"DEL03-RS";"UOP01-DEL03-RS"
507028;2023-02-24;"sexta-feira";"19:10:00";"RS";392;351;"SANTA MARIA";"Acessar a via sem observar a presença dos outros veículos";"Colisão transversal";"Com Vítimas Feridas";"Anoitecer";"Decrescente";"Céu Claro";"Dupla";"Reta";"Sim";2;0;1;0;1;0;1;2;-29,7284269;-53,80323691;"SPRF-RS";"DEL09-RS";"UOP01-DEL09-RS"
507032;2023-02-24;"sexta-feira";"17:20:00";"SC";163;108,2;"SAO JOSE DO CEDRO";"Conversão proibida";"Colisão traseira";"Com Vítimas Feridas";"Pleno dia";"Decrescente";"Céu Claro";"Simples";"Não Informado";"Não";3;0;1;0;2;0;1;2;-26,42169886;-53,52568081;"SPRF-SC";"DEL07-SC";"UOP03-DEL07-SC"
507033;2023-02-24;"sexta-feira";"20:00:00";"RS";293;15;"CAPAO DO LEAO";"Desrespeitar a preferência no cruzamento";"Colisão transversal";"Com Vítimas Feridas";"Plena Noite";"Crescente";"Céu Claro";"Simples";"Não Informado";"Sim";2;0;2;0;0;0;2;2;-31,75031415;-52,47109583;"SPRF-RS";"DEL07-RS";"UOP01-DEL07-RS"
507034;2023-02-24;"sexta-feira";"19:15:00";"PR";277;75;"CURITIBA";"Iluminação deficiente";"Colisão transversal";"Com Vítimas Feridas";"Plena Noite";"Crescente";"Nublado";"Dupla";"Reta";"Sim";2;0;1;0;1;0;1;2;-25,49310947;-49,16964948;"SPRF-PR";"DEL01-PR";"UOP01-DEL01-PR"
507035;2023-02-24;"sexta-feira";"19:15:00";"GO";60;116,3;"TEREZOPOLIS DE GOIAS";"Frear bruscamente";"Colisão traseira";"Com Vítimas Feridas";"Plena Noite";"Crescente";"Céu Claro";"Dupla";"Não Informado";"Não";3;0;1;1;1;0;2;3;-16,4732;-49,0789;"SPRF-GO";"DEL01-GO";"UOP01-DEL01-GO"
507037;2023-02-24;"sexta-feira";"19:55:00";"RS";290;144;"ELDORADO DO SUL";"Acessar a via sem observar a presença dos outros veículos";"Colisão lateral mesmo sentido";"Com Vítimas Feridas";"Plena Noite";"Decrescente";"Céu Claro";"Simples";"Reta";"Não";4;0;0;1;3;0;1;2;-30,096939;-51,647282;"SPRF-RS";"DEL02-RS";"UOP01-DEL02-RS"
507038;2023-02-24;"sexta-feira";"18:50:00";"SC";470;1,3;"GASPAR";"Ausência de reação do condutor";"Colisão transversal";"Com Vítimas Feridas";"Plena Noite";"Crescente";"Chuva";"Simples";"Reta";"Não";3;0;0;2;1;0;2;2;-26,92556537;-48,95884395;"SPRF-SC";"DEL04-SC";"UOP01-DEL04-SC"
507039;2023-02-24;"sexta-feira";"20:40:00";"PR";376;547;"PALMEIRA";"Reação tardia ou ineficiente do condutor";"Saída de leito carroçável";"Com Vítimas Feridas";"Plena Noite";"Decrescente";"Céu Claro";"Dupla";"Reta";"Não";4;0;4;0;0;0;4;1;-25,405365;-49,783636;"SPRF-PR";"DEL03-PR";"UOP03-DEL03-PR"
507041;2023-02-24;"sexta-feira";"20:40:00";"RJ";101;417;"MANGARATIBA";"Transitar na contramão";"Colisão frontal";"Com Vítimas Fatais";"Plena Noite";"Crescente";"Chuva";"Simples";"Curva";"Não";4;1;3;0;0;0;3;2;-22,91293797;-43,89732384;"SPRF-RJ";"DEL03-RJ";"UOP01-DEL03-RJ"
507042;2023-02-24;"sexta-feira";"20:00:00";"GO";40;111,8;"CRISTALINA";"Objeto estático sobre o leito carroçável";"Colisão com objeto";"Com Vítimas Feridas";"Plena Noite";"Decrescente";"Nublado";"Dupla";"Reta";"Não";1;0;1;0;0;0;1;1;-16,849612;-47,495168;"SPRF-DF";"DEL01-DF";"UOP04-DEL01-DF"
507043;2023-02-24;"sexta-feira";"19:30:00";"PR";376;141;"NOVA ESPERANCA";"Pista esburacada";"Tombamento";"Com Vítimas Feridas";"Plena Noite";"Decrescente";"Céu Claro";"Dupla";"Reta";"Sim";2;0;2;0;0;0;2;1;-23,24847;-52,168648;"SPRF-PR";"DEL09-PR";"UOP02-DEL09-PR"
507044;2023-02-24;"sexta-feira";"16:15:00";"MG";381;188,6;"PERIQUITO";"Velocidade Incompatível";"Saída de leito carroçável";"Com Vítimas Feridas";"Pleno dia";"Decrescente";"Céu Claro";"Simples";"Não Informado";"Não";2;0;0;2;0;0;2;1;-19,09255133;-42,19074995;"SPRF-MG";"DEL06-MG";"UOP01-DEL06-MG"
507045;2023-02-24;"sexta-feira";"21:00:00";"PR";158;539,3;"PATO BRANCO";"Ingestão de álcool pelo condutor";"Colisão frontal";"Com Vítimas Feridas";"Plena Noite";"Crescente";"Céu Claro";"Simples";"Curva";"Não";3;0;0;3;0;0;3;2;-26,25603095;-52,70878155;"SPRF-PR";"DEL02-PR";"UOP01-DEL02-PR"
507047;2023-02-24;"sexta-feira";"20:28:00";"MG";116;564;"MANHUACU";"Acessar a via sem observar a presença dos outros veículos";"Colisão transversal";"Com Vítimas Feridas";"Plena Noite";"Decrescente";"Céu Claro";"Múltipla";"Não Informado";"Não";2;0;1;0;1;0;1;2;-20,06216515;-42,17191471;"SPRF-MG";"DEL06-MG";"UOP03-DEL06-MG"
507048;2023-02-24;"sexta-feira";"21:20:00";"PI";343;44,3;"LAGOA DO PIAUI";"Animais na Pista";"Atropelamento de Animal";"Sem Vítimas";"Plena Noite";"Decrescente";"Céu Claro";"Simples";"Não Informado";"Não";1;0;0;0;1;0;0;1;-5,451742;-42,634267;"SPRF-PI";"DEL05-PI";"UOP01-DEL05-PI"
507050;2023-02-24;"sexta-feira";"22:07:00";"GO";40;96;"CRISTALINA";"Acessar a via sem observar a presença dos outros veículos";"Colisão transversal";"Com Vítimas Feridas";"Plena Noite";"Crescente";"Céu Claro";"Simples";"Não Informado";"Sim";2;0;1;0;1;0;1;2;-16,75768;-47,601613;"SPRF-DF";"DEL01-DF";"UOP04-DEL01-DF"
507053;2023-02-24;"sexta-feira";"21:30:00";"RS";471;166,6;"RIO PARDO";"Manobra de mudança de faixa";"Colisão frontal";"Com Vítimas Fatais";"Plena Noite";"Decrescente";"Nublado";"Simples";"Reta";"Sim";3;1;1;0;1;0;1;2;-29,920001;-52,392586;"SPRF-RS";"DEL02-RS";"UOP03-DEL02-RS"
507054;2023-02-24;"sexta-feira";"21:30:00";"RS";470;161;"NOVA PRATA";"Ausência de reação do condutor";"Saída de leito carroçável";"Sem Vítimas";"Plena Noite";"Crescente";"Céu Claro";"Simples";"Não Informado";"Sim";1;0;0;0;1;0;0;1;-28,82301785;-51,58666589;"SPRF-RS";"DEL06-RS";"UOP02-DEL06-RS"
507055;2023-02-24;"sexta-feira";"22:03:00";"GO";70;10,5;"AGUAS LINDAS DE GOIAS";"Objeto estático sobre o leito carroçável";"Colisão traseira";"Com Vítimas Feridas";"Plena Noite";"Crescente";"Nublado";"Dupla";"Reta";"Sim";2;0;1;0;1;0;1;2;-15,73738129;-48,29228118;"SPRF-DF";"DEL01-DF";"UOP03-DEL01-DF"
507056;2023-02-24;"sexta-feira";"22:30:00";"PR";116;30;"CAMPINA GRANDE DO SUL";"Demais falhas mecânicas ou elétricas";"Incêndio";"Sem Vítimas";"Plena Noite";"Crescente";"Nublado";"Dupla";"Reta";"Não";1;0;0;0;1;0;0;1;-25,10003092;-48,82089801;"SPRF-PR";"DEL01-PR";"UOP02-DEL01-PR"
507057;2023-02-24;"sexta-feira";"22:40:00";"RS";386;220,9;"TIO HUGO";"Ausência de reação do condutor";"Colisão traseira";"Sem Vítimas";"Plena Noite";"Decrescente";"Nublado";"Simples";"Não Informado";"Não";2;0;0;0;2;0;0;2;-28,62834627;-52,61330545;"SPRF-RS";"DEL04-RS";"UOP03-DEL04-RS"
507060;2023-02-24;"sexta-feira";"23:00:00";"SC";101;214;"PALHOCA";"Acessar a via sem observar a presença dos outros veículos";"Colisão transversal";"Com Vítimas Feridas";"Plena Noite";"Decrescente";"Céu Claro";"Simples";"Interseção de vias";"Sim";2;0;1;0;1;0;1;2;-27,64443;-48,67057;"SPRF-SC";"DEL01-SC";"UOP02-DEL01-SC"
507061;2023-02-24;"sexta-feira";"23:15:00";"PE";101;46,9;"ABREU E LIMA";"Condutor Dormindo";"Colisão com objeto";"Com Vítimas Feridas";"Plena Noite";"Decrescente";"Chuva";"Múltipla";"Reta";"Sim";1;0;1;0;0;0;1;1;-7,87406004;-34,90588126;"SPRF-PE";"DEL01-PE";"UOP02-DEL01-PE"
507062;2023-02-24;"sexta-feira";"23:00:00";"SP";116;215;"GUARULHOS";"Ausência de sinalização";"Colisão com objeto";"Com Vítimas Feridas";"Plena Noite";"Crescente";"Céu Claro";"Simples";"Não Informado";"Sim";1;0;0;1;0;0;1;1;-23,44695693;-46,45394103;"SPRF-SP";"DEL01-SP";"UOP01-DEL01-SP"
507063;2023-02-24;"sexta-feira";"23:20:00";"PR";116;97;"SAO JOSE DOS PINHAIS";"Obstrução na via";"Colisão com objeto";"Com Vítimas Feridas";"Plena Noite";"Crescente";"Nublado";"Dupla";"Reta";"Não";3;0;3;0;0;0;3;1;-25,51232495;-49,12871007;"SPRF-PR";"DEL01-PR";"UOP07-DEL01-PR"
507065;2023-02-24;"sexta-feira";"22:53:00";"SP";116;225;"SAO PAULO";"Ausência de reação do condutor";"Colisão com objeto";"Sem Vítimas";"Plena Noite";"Decrescente";"Céu Claro";"Múltipla";"Reta";"Sim";1;0;0;0;0;1;0;1;-23,48586772;-46,54075317;"SPRF-SP";"DEL01-SP";"UOP01-DEL01-SP"
507067;2023-02-25;"sábado";"00:04:00";"RO";364;689;"CANDEIAS DO JAMARI";"Pedestre andava na pista";"Atropelamento de Pedestre";"Com Vítimas Feridas";"Plena Noite";"Crescente";"Céu Claro";"Simples";"Reta";"Não";4;0;0;1;3;0;1;1;-8,794285;-63,668926;"SPRF-RO";"DEL01-RO";"UOP01-DEL01-RO"
507068;2023-02-25;"sábado";"00:40:00";"RS";392;137,5;"CANGUCU";"Ausência de reação do condutor";"Tombamento";"Com Vítimas Feridas";"Pleno dia";"Decrescente";"Chuva";"Simples";"Reta";"Não";1;0;1;0;0;0;1;1;-31,27459794;-52,79233068;"SPRF-RS";"DEL07-RS";"UOP01-DEL07-RS"
507069;2023-02-24;"sexta-feira";"20:40:00";"RO";364;10;"VILHENA";"Transitar na contramão";"Colisão frontal";"Com Vítimas Feridas";"Plena Noite";"Crescente";"Nublado";"Simples";"Reta";"Sim";2;0;1;0;1;0;1;2;-12,75194006;-60,10600907;"SPRF-RO";"DEL04-RO";"UOP01-DEL04-RO"
507070;2023-02-25;"sábado";"01:35:00";"SC";101;198,6;"BIGUACU";"Ingestão de álcool pelo condutor";"Colisão com objeto";"Sem Vítimas";"Plena Noite";"Crescente";"Nublado";"Múltipla";"Interseção de vias";"Sim";2;0;0;0;2;0;0;1;-27,52658712;-48,63506019;"SPRF-SC";"DEL01-SC";"UOP01-DEL01-SC"
507071;2023-02-24;"sexta-feira";"22:00:00";"PI";343;592;"FLORIANO";"Ausência de reação do condutor";"Colisão frontal";"Com Vítimas Feridas";"Plena Noite";"Crescente";"Nublado";"Simples";"Não Informado";"Sim";2;0;1;0;1;0;1;2;-6,7788321;-43,03477052;"SPRF-PI";"DEL03-PI";"UOP01-DEL03-PI"
507073;2023-02-25;"sábado";"01:37:00";"PR";163;279;"QUATRO PONTES";"Ausência de reação do condutor";"Queda de ocupante de veículo";"Com Vítimas Feridas";"Plena Noite";"Decrescente";"Céu Claro";"Dupla";"Não Informado";"Não";1;0;1;0;0;0;1;1;-24,58328949;-53,98592234;"SPRF-PR";"DEL06-PR";"UOP02-DEL06-PR"