"id";"data_inversa";"dia_semana";"horario";"uf";"br";"km";"municipio";"causa_acidente";"tipo_acidente";"classificacao_acidente";"fase_dia";"sentido_via";"condicao_metereologica";"tipo_pista";"tracado_via";"uso_solo";"pessoas";"mortos";"feridos_leves";"feridos_graves";"ilesos";"ignorados";"feridos";"veiculos";"latitude";"longitude";"regional";"delegacia";"uop"
507074;2023-02-25;"sábado";"02:23:00";"SP";116;209;"GUARULHOS";"Ausência de reação do condutor";"Colisão com objeto";"Com Vítimas Feridas";"Plena Noite";"Crescente";"Ignorado";"Dupla";"Reta";"Não";1;0;0;1;0;0;1;1;-23,42511799;-46,40221101;"SPRF-SP";"DEL01-SP";"UOP01-DEL01-SP"
507075;2023-02-25;"sábado";"00:50:00";"RN";406;143,5;"CEARA-MIRIM";"Animais na Pista";"Atropelamento de Animal";"Sem Vítimas";"Plena Noite";"Decrescente";"Céu Claro";"Simples";"Reta";"Não";1;0;0;0;0;1;0;1;-5,64816875;-35,49487003;"SPRF-RN";"DEL02-RN";"UOP01-DEL02-RN"
507078;2023-02-25;"sábado";"02:20:00";"SC";280;48,5;"GUARAMIRIM";"Ausência de reação do condutor";"Colisão transversal";"Com Vítimas Feridas";"Plena Noite";"Decrescente";"Nublado";"Dupla";"Não Informado";"Não";2;0;1;0;1;0;1;2;-26,45506795;-48,92766502;"SPRF-SC";"DEL03-SC";"UOP03-DEL03-SC"
507080;2023-02-25;"sábado";"02:20:00";"SC";282;29;"SANTO AMARO DA IMPERATRIZ";"Ingestão de álcool e/ou substâncias psicoativas pelo pedestre";"Saída de leito carroçável";"Sem Vítimas";"Plena Noite";"Crescente";"Céu Claro";"Simples";"Curva";"Não";1;0;0;0;1;0;0;1;-27,679737;-48,786785;"SPRF-SC";"DEL01-SC";"UOP03-DEL01-SC"
507081;2023-02-25;"sábado";"03:30:00";"SC";101;430;"ARARANGUA";"Condutor Dormindo";"Saída de leito carroçável";"Com Vítimas Feridas";"Plena Noite";"Decrescente";"Céu Claro";"Dupla";"Reta";"Não";1;0;1;0;0;0;1;1;-29,05578387;-49,62209542;"SPRF-SC";"DEL02-SC";"UOP02-DEL02-SC"
507084;2023-02-25;"sábado";"05:20:00";"GO";60;96;"ANAPOLIS";"Reação tardia ou ineficiente do condutor";"Colisão lateral sentido oposto";"Com Vítimas Feridas";"Amanhecer";"Crescente";"Céu Claro";"Dupla";"Interseção de vias";"Sim";2;0;0;1;1;0;1;2;-16,371;-48,9422;"SPRF-GO";"DEL02-GO";"UOP01-DEL02-GO"
507085;2023-02-25;"sábado";"04:40:00";"RS";116;652;"JAGUARAO";"Animais na Pista";"Saída de leito carroçável";"Sem Vítimas";"Plena Noite";"Crescente";"Nublado";"Simples";"Reta";"Não";1;0;0;0;1;0;0;1;-32,53550668;-53,35921728;"SPRF-RS";"DEL07-RS";"UOP03-DEL07-RS"
507088;2023-02-25;"sábado";"05:30:00";"CE";116;495,5;"BREJO SANTO";"Pista esburacada";"Tombamento";"Com Vítimas Feridas";"Amanhecer";"Decrescente";"Nublado";"Simples";"Reta";"Não";1;0;0;1;0;0;1;1;-7,40167384;-38,96238817;"SPRF-CE";"DEL05-CE";"UOP03-DEL05-CE"
507091;2023-02-25;"sábado";"06:00:00";"RS";386;334,5;"MARQUES DE SOUZA";"Ausência de reação do condutor";"Saída de leito carroçável";"Sem Vítimas";"Amanhecer";"Crescente";"Céu Claro";"Simples";"Curva";"Não";3;0;0;0;3;0;0;1;-29,378033;-52,05743;"SPRF-RS";"DEL04-RS";"UOP01-DEL04-RS"
507092;2023-02-25;"sábado";"06:40:00";"SE";101;61;"ROSARIO DO CATETE";"Condutor Dormindo";"Saída de leito carroçável";"Com Vítimas Feridas";"Pleno dia";"Decrescente";"Céu Claro";"Simples";"Não Informado";"Não";2;0;1;0;0;1;1;1;-10,6767911;-37,03102283;"SPRF-SE";"DEL02-SE";"UOP02-DEL02-SE"
507096;2023-02-25;"sábado";"02:45:00";"PR";277;684;"SAO MIGUEL DO IGUACU";"Reação tardia ou ineficiente do condutor";"Colisão com objeto";"Com Vítimas Feridas";"Plena Noite";"Crescente";"Nublado";"Dupla";"Curva";"Não";4;0;1;0;3;0;1;1;-25,339105;-54,200379;"SPRF-PR";"DEL05-PR";"UOP01-DEL05-PR"
507098;2023-02-25;"sábado";"04:30:00";"RS";158;79,5;"BOA VISTA DAS MISSOES";"Transitar na contramão";"Colisão lateral sentido oposto";"Sem Vítimas";"Plena Noite";"Decrescente";"Nublado";"Simples";"Não Informado";"Não";2;0;0;0;1;1;0;2;-27,74064305;-53,3206475;"SPRF-RS";"DEL08-RS";"UOP02-DEL08-RS"
507100;2023-02-25;"sábado";"04:00:00";"MG";365;454,5;"PATROCINIO";"Animais na Pista";"Atropelamento de Animal";"Sem Vítimas";"Plena Noite";"Decrescente";"Ignorado";"Simples";"Reta";"Não";1;0;0;0;1;0;0;1;-18,84425723;-46,8637369;"SPRF-MG";"DEL10-MG";"UOP01-DEL10-MG"
507101;2023-02-25;"sábado";"06:00:00";"PB";230;256,6;"TENORIO";"Ingestão de álcool pelo condutor";"Colisão lateral mesmo sentido";"Sem Vítimas";"Pleno dia";"Decrescente";"Nublado";"Simples";"Reta";"Não";3;0;0;0;2;1;0;2;-7,015135;-36,676213;"SPRF-PB";"DEL03-PB";"UOP01-DEL03-PB"
507102;2023-02-25;"sábado";"06:00:00";"GO";70;338;"JUSSARA";"Ausência de reação do condutor";"Tombamento";"Sem Vítimas";"Amanhecer";"Crescente";"Garoa/Chuvisco";"Dupla";"Reta";"Não";1;0;0;0;0;1;0;1;-15,88467144;-51,06352156;"SPRF-GO";"DEL04-GO";"UOP02-DEL04-GO"
507103;2023-02-25;"sábado";"07:00:00";"PR";277;27,6;"PARANAGUA";"Ausência de reação do condutor";"Saída de leito carroçável";"Sem Vítimas";"Pleno dia";"Crescente";"Céu Claro";"Dupla";"Curva";"Não";1;0;0;0;0;1;0;1;-25,52935033;-48,72534598;"SPRF-PR";"DEL01-PR";"UOP05-DEL01-PR"
507104;2023-02-24;"sexta-feira";"21:00:00";"SP";116;367;"MIRACATU";"Velocidade Incompatível";"Tombamento";"Com Vítimas Feridas";"Plena Noite";"Crescente";"Chuva";"Dupla";"Curva";"Sim";1;0;1;0;0;0;1;1;-24,14628882;-47,29333804;"SPRF-SP";"DEL04-SP";"UOP02-DEL04-SP"
507105;2023-02-25;"sábado";"06:30:00";"SC";282;3;"SAO JOSE";"Condutor deixou de manter distância do veículo da frente";"Colisão traseira";"Sem Vítimas";"Pleno dia";"Crescente";"Céu Claro";"Múltipla";"Interseção de vias";"Sim";2;0;0;0;2;0;0;2;-27,600384;-48,599705;"SPRF-SC";"DEL01-SC";"UOP01-DEL01-SC"
507106;2023-02-25;"sábado";"08:54:00";"TO";153;779,9;"TALISMA";"Reação tardia ou ineficiente do condutor";"Saída de leito carroçável";"Com Vítimas Feridas";"Pleno dia";"Decrescente";"Chuva";"Simples";"Curva";"Não";1;0;0;1;0;0;1;1;-12,63114502;-49,07004223;"SPRF-TO";"DEL01-TO";"UOP02-DEL01-TO"
507107;2023-02-25;"sábado";"07:35:00";"MS";158;91;"PARANAIBA";"Demais falhas mecânicas ou elétricas";"Tombamento";"Com Vítimas Feridas";"Plena Noite";"Decrescente";"Céu Claro";"Dupla";"Reta";"Não";2;0;1;1;0;0;2;1;-19,664012;-51,204142;"SPRF-MS";"DEL08-MS";"UOP01-DEL08-MS"
507110;2023-02-25;"sábado";"09:45:00";"SC";470;49;"BLUMENAU";"Manobra de mudança de faixa";"Tombamento";"Com Vítimas Feridas";"Pleno dia";"Decrescente";"Céu Claro";"Simples";"Curva";"Sim";3;0;2;0;0;1;2;2;-26,86026456;-49,07258851;"SPRF-SC";"DEL04-SC";"UOP01-DEL04-SC"
507111;2023-02-25;"sábado";"10:00:00";"SC";101;216,2;"PALHOCA";"Manobra de mudança de faixa";"Colisão lateral mesmo sentido";"Com Vítimas Feridas";"Pleno dia";"Decrescente";"Céu Claro";"Dupla";"Reta";"Sim";2;0;1;0;1;0;1;2;-27,65981409;-48,67747798;"SPRF-SC";"DEL01-SC";"UOP02-DEL01-SC"
507112;2023-02-25;"sábado";"08:30:00";"SC";280;238;"CANOINHAS";"Acessar a via sem observar a presença dos outros veículos";"Colisão transversal";"Sem Vítimas";"Pleno dia";"Crescente";"Céu Claro";"Simples";"Reta";"Não";6;0;0;0;6;0;0;2;-26,20536399;-50,438846;"SPRF-SC";"DEL06-SC";"UOP04-DEL06-SC"
507113;2023-02-25;"sábado";"10:20:00";"PR";376;290;"MAUA DA SERRA";"Demais falhas na via";"Colisão com objeto";"Com Vítimas Feridas";"Pleno dia";"Decrescente";"Nublado";"Dupla";"Não Informado";"Sim";4;0;2;0;2;0;2;1;-23,9054437;-51,20205298;"SPRF-PR";"DEL07-PR";"UOP02-DEL07-PR"
507114;2023-02-25;"sábado";"11:07:00";"GO";40;4,6;"VALPARAISO DE GOIAS";"Manobra de mudança de faixa";"Colisão lateral mesmo sentido";"Com Vítimas Feridas";"Pleno dia";"Crescente";"Céu Claro";"Dupla";"Reta";"Sim";2;0;1;0;1;0;1;2;-16,085241;-47,986752;"SPRF-DF";"DEL01-DF";"UOP01-DEL01-DF"
507116;2023-02-25;"sábado";"09:15:00";"SP";381;46;"ATIBAIA";"Carga excessiva e/ou mal acondicionada";"Colisão com objeto";"Com Vítimas Feridas";"Pleno dia";"Decrescente";"Sol";"Dupla";"Reta";"Sim";4;0;1;0;3;0;1;2;-23,180897;-46,580777;"SPRF-SP";"DEL03-SP";"UOP01-DEL03-SP"
507119;2023-02-25;"sábado";"12:15:00";"PR";376;624;"SAO JOSE DOS PINHAIS";"Ausência de reação do condutor";"Colisão com objeto";"Com Vítimas Feridas";"Pleno dia";"Decrescente";"Sol";"Dupla";"Reta";"Não";1;0;1;0;0;0;1;1;-25,64336599;-49,15942795;"SPRF-PR";"DEL01-PR";"UOP04-DEL01-PR"
507120;2023-02-25;"sábado";"12:20:00";"SC";101;206;"SAO JOSE";"Condutor deixou de manter distância do veículo da frente";"Colisão traseira";"Com Vítimas Feridas";"Pleno dia";"Crescente";"Céu Claro";"Múltipla";"Reta";"Sim";5;0;3;0;2;0;3;3;-27,59193546;-48,61824557;"SPRF-SC";"DEL01-SC";"UOP01-DEL01-SC"
507122;2023-02-25;"sábado";"08:30:00";"PR";373;461,8;"CORONEL VIVIDA";"Reação tardia ou ineficiente do condutor";"Colisão traseira";"Com Vítimas Feridas";"Pleno dia";"Decrescente";"Céu Claro";"Simples";"Curva";"Não";2;0;2;0;0;0;2;2;-25,95835336;-52,41130829;"SPRF-PR";"DEL02-PR";"UOP01-DEL02-PR"
507123;2023-02-25;"sábado";"13:00:00";"SC";101;213,7;"PALHOCA";"Ausência de reação do condutor";"Colisão lateral mesmo sentido";"Com Vítimas Feridas";"Pleno dia";"Crescente";"Céu Claro";"Múltipla";"Reta";"Não";2;0;1;0;1;0;1;2;-27,63697369;-48,66514142;"SPRF-SC";"DEL01-SC";"UOP02-DEL01-SC"
507124;2023-02-22;"quarta-feira";"16:30:00";"GO";153;201;"URUACU";"Acessar a via sem observar a presença dos outros veículos";"Colisão transversal";"Sem Vítimas";"Pleno dia";"Decrescente";"Céu Claro";"Simples";"Não Informado";"Sim";5;0;0;0;5;0;0;2;-14,537633;-49,161839;"SPRF-GO";"DEL07-GO";"UOP02-DEL07-GO"
507125;2023-02-25;"sábado";"11:00:00";"SC";101;413;"ARARANGUA";"Condutor deixou de manter distância do veículo da frente";"Colisão traseira";"Com Vítimas Feridas";"Pleno dia";"Crescente";"Céu Claro";"Simples";"Reta";"Sim";3;0;1;0;2;0;1;2;-28,94605997;-49,50428402;"SPRF-SC";"DEL02-SC";"UOP02-DEL02-SC"
507126;2023-02-25;"sábado";"13:40:00";"ES";262;19,5;"VIANA";"Condutor deixou de manter distância do veículo da frente";"Colisão traseira";"Com Vítimas Feridas";"Pleno dia";"Crescente";"Céu Claro";"Simples";"Reta";"Sim";3;0;1;0;2;0;1;3;-20,3919143;-40,49002338;"SPRF-ES";"DEL01-ES";"UOP01-DEL01-ES"
507127;2023-02-25;"sábado";"09:30:00";"RO";364;372;"OURO PRETO DO OESTE";"Acessar a via sem observar a presença dos outros veículos";"Colisão transversal";"Com Vítimas Feridas";"Pleno dia";"Decrescente";"Sol";"Simples";"Não Informado";"Não";2;0;1;1;0;0;2;2;-10,75388889;-62,16275296;"SPRF-RO";"DEL02-RO";"UOP01-DEL02-RO"
507128;2023-02-25;"sábado";"11:00:00";"MG";381;290;"JAGUARACU";"Condutor deixou de manter distância do veículo da frente";"Colisão traseira";"Com Vítimas Feridas";"Pleno dia";"Decrescente";"Céu Claro";"Dupla";"Não Informado";"Não";2;0;1;0;1;0;1;2;-19,61881999;-42,79432297;"SPRF-MG";"DEL03-MG";"UOP02-DEL03-MG"
507130;2023-02-25;"sábado";"06:00:00";"MS";267;367,6;"MARACAJU";"Reação tardia ou ineficiente do condutor";"Saída de leito carroçável";"Sem Vítimas";"Pleno dia";"Decrescente";"Céu Claro";"Dupla";"Curva";"Não";1;0;0;0;0;1;0;1;-21,63617564;-55,16000985;"SPRF-MS";"DEL05-MS";"UOP01-DEL05-MS"
507133;2023-02-25;"sábado";"14:20:00";"SE";101;114,8;"ITAPORANGA DAJUDA";"Ingestão de álcool pelo condutor";"Colisão transversal";"Com Vítimas Feridas";"Pleno dia";"Decrescente";"Chuva";"Dupla";"Retorno Regulamentado";"Sim";2;0;1;0;1;0;1;2;-11,00347595;-37,30760694;"SPRF-SE";"DEL02-SE";"UOP01-DEL02-SE"
507134;2023-02-25;"sábado";"14:30:00";"GO";50;229;"CAMPO ALEGRE DE GOIAS";"Reação tardia ou ineficiente do condutor";"Saída de leito carroçável";"Com Vítimas Feridas";"Pleno dia";"Decrescente";"Céu Claro";"Dupla";"Reta";"Não";1;0;1;0;0;0;1;1;-17,7933;-47,7657;"SPRF-GO";"DEL06-GO";"UOP01-DEL06-GO"
507136;2023-02-25;"sábado";"14:20:00";"PR";369;200,3;"APUCARANA";"Ingestão de álcool pelo condutor";"Queda de ocupante de veículo";"Com Vítimas Feridas";"Pleno dia";"Decrescente";"Nublado";"Simples";"Reta";"Não";1;0;1;0;0;0;1;1;-23,53073;-51,45189;"SPRF-PR";"DEL07-PR";"UOP03-DEL07-PR"
507139;2023-02-25;"sábado";"14:40:00";"MG";40;620,1;"CONGONHAS";"Ausência de reação do condutor";"Tombamento";"Com Vítimas Feridas";"Pleno dia";"Crescente";"Céu Claro";"Simples";"Reta";"Não";1;0;1;0;0;0;1;1;-20,57784016;-43,80982006;"SPRF-MG";"DEL05-MG";"UOP02-DEL05-MG"
507140;2023-02-25;"sábado";"14:50:00";"RS";158;325;"SANTA MARIA";"Desrespeitar a preferência no cruzamento";"Colisão transversal";"Com Vítimas Feridas";"Pleno dia";"Crescente";"Céu Claro";"Dupla";"Interseção de vias";"Sim";3;0;1;0;0;2;1;2;-29,7091149;-53,80236626;"SPRF-RS";"DEL09-RS";"UOP01-DEL09-RS"
507141;2023-02-25;"sábado";"15:10:00";"RJ";101;324;"NITEROI";"Ausência de reação do condutor";"Colisão traseira";"Sem Vítimas";"Pleno dia";"Crescente";"Céu Claro";"Dupla";"Reta";"Não";2;0;0;0;2;0;0;2;-22,87381074;-43,12640997;"SPRF-RJ";"DEL02-RJ";"UOP01-DEL02-RJ"
507144;2023-02-25;"sábado";"15:00:00";"BA";101;876;"TEIXEIRA DE FREITAS";"Ausência de reação do condutor";"Colisão frontal";"Sem Vítimas";"Pleno dia";"Crescente";"Céu Claro";"Simples";"Reta";"Sim";6;0;0;0;6;0;0;2;-17,5356;-39,713;"SPRF-BA";"DEL09-BA";"UOP02-DEL09-BA"
507145;2023-02-25;"sábado";"15:20:00";"CE";222;1;"FORTALEZA";"Velocidade Incompatível";"Colisão traseira";"Com Vítimas Feridas";"Pleno dia";"Crescente";"Céu Claro";"Dupla";"Reta";"Sim";2;0;0;1;1;0;1;2;-3,737804;-38,578061;"SPRF-CE";"DEL01-CE";"UOP01-DEL01-CE"
507147;2023-02-25;"sábado";"14:20:00";"SP";116;64,2;"GUARATINGUETA";"Reação tardia ou ineficiente do condutor";"Saída de leito carroçável";"Com Vítimas Feridas";"Pleno dia";"Crescente";"Céu Claro";"Dupla";"Curva";"Não";1;0;1;0;0;0;1;1;-22,81942006;-45,18421298;"SPRF-SP";"DEL08-SP";"UOP01-DEL08-SP"
507148;2023-01-12;"quinta-feira";"15:00:00";"PR";376;630;"SAO JOSE DOS PINHAIS";"Ausência de reação do condutor";"Colisão com objeto";"Com Vítimas Feridas";"Pleno dia";"Crescente";"Sol";"Dupla";"Reta";"Não";5;0;4;0;1;0;4;2;-25,695757;-49,144882;"SPRF-PR";"DEL01-PR";"UOP04-DEL01-PR"
507149;2023-02-25;"sábado";"15:40:00";"RS";116;127;"SAO MARCOS";"Demais Fenômenos da natureza";"Eventos atípicos";"Com Vítimas Feridas";"Pleno dia";"Decrescente";"Chuva";"Simples";"Reta";"Não";4;0;2;0;2;0;2;1;-29,02646869;-51,11018528;"SPRF-RS";"DEL05-RS";"UOP01-DEL05-RS"
507150;2023-02-01;"quarta-feira";"07:10:00";"SP";116;514,8;"CAJATI";"Reação tardia ou ineficiente do condutor";"Capotamento";"Sem Vítimas";"Pleno dia";"Crescente";"Nublado";"Simples";"Curva";"Não";1;0;0;0;1;0;0;1;-24,85154994;-48,21762085;"SPRF-SP";"DEL05-SP";"UOP02-DEL05-SP"
507151;2023-02-25;"sábado";"15:30:00";"RJ";493;89;"SEROPEDICA";"Acessar a via sem observar a presença dos outros veículos";"Colisão transversal";"Com Vítimas Feridas";"Pleno dia";"Decrescente";"Céu Claro";"Dupla";"Reta";"Sim";2;0;1;0;1;0;1;2;-22,68013677;-43,6649769;"SPRF-RJ";"DEL01-RJ";"UOP04-DEL01-RJ"
507152;2023-02-25;"sábado";"15:50:00";"RS";116;258;"ESTEIO";"Ingestão de álcool pelo condutor";"Colisão com objeto";"Sem Vítimas";"Pleno dia";"Crescente";"Nublado";"Dupla";"Reta";"Sim";1;0;0;0;1;0;0;1;-29,86150502;-51,18091535;"SPRF-RS";"DEL01-RS";"UOP02-DEL01-RS"
507154;2023-02-25;"sábado";"16:40:00";"PE";101;70;"RECIFE";"Reação tardia ou ineficiente do condutor";"Queda de ocupante de veículo";"Com Vítimas Feridas";"Pleno dia";"Decrescente";"Nublado";"Simples";"Curva";"Sim";2;0;2;0;0;0;2;1;-8,06776119;-34,94265074;"SPRF-PE";"DEL01-PE";"UOP01-DEL01-PE"
507155;2023-02-25;"sábado";"16:30:00";"RS";290;195;"RIO PARDO";"Manobra de mudança de faixa";"Colisão lateral mesmo sentido";"Com Vítimas Feridas";"Pleno dia";"Crescente";"Nublado";"Simples";"Não Informado";"Não";3;0;2;0;1;0;2;2;-30,16731725;-52,17535973;"SPRF-RS";"DEL02-RS";"UOP03-DEL02-RS"
507156;2023-02-25;"sábado";"14:32:00";"BA";116;631,8;"JAGUAQUARA";"Acessar a via sem observar a presença dos outros veículos";"Colisão transversal";"Com Vítimas Feridas";"Pleno dia";"Decrescente";"Céu Claro";"Simples";"Não Informado";"Sim";5;0;1;0;4;0;1;2;-13,45971301;-40,03314998;"SPRF-BA";"DEL03-BA";"UOP01-DEL03-BA"
507157;2023-02-25;"sábado";"16:20:00";"MS";267;93,1;"ANAURILANDIA";"Conversão proibida";"Colisão transversal";"Com Vítimas Feridas";"Pleno dia";"Decrescente";"Nublado";"Simples";"Reta";"Não";3;0;1;0;2;0;1;2;-21,85857776;-52,98357395;"SPRF-MS";"DEL02-MS";"UOP04-DEL02-MS"
507159;2023-02-25;"sábado";"17:30:00";"SC";470;63;"INDAIAL";"Acessar a via sem observar a presença dos outros veículos";"Colisão transversal";"Com Vítimas Feridas";"Pleno dia";"Crescente";"Céu Claro";"Simples";"Reta";"Sim";2;0;1;0;1;0;1;2;-26,874521;-49,182938;"SPRF-SC";"DEL04-SC";"UOP01-DEL04-SC"
507160;2023-02-25;"sábado";"17:40:00";"RN";226;13,9;"MACAIBA";"Conversão proibida";"Colisão traseira";"Com Vítimas Feridas";"Anoitecer";"Crescente";"Céu Claro";"Simples";"Reta";"Não";2;0;0;1;1;0;1;2;-5,85297459;-35,31897913;"SPRF-RN";"DEL01-RN";"UOP02-DEL01-RN"
507161;2023-02-25;"sábado";"17:05:00";"RS";386;397,3;"TRIUNFO";"Acumulo de água sobre o pavimento";"Saída de leito carroçável";"Com Vítimas Feridas";"Pleno dia";"Crescente";"Nublado";"Dupla";"Curva";"Sim";1;0;1;0;0;0;1;1;-29,739659;-51,622297;"SPRF-RS";"DEL04-RS";"UOP04-DEL04-RS"
507163;2023-02-25;"sábado";"17:00:00";"PB";230;158,8;"CAMPINA GRANDE";"Desrespeitar a preferência no cruzamento";"Colisão transversal";"Com Vítimas Feridas";"Anoitecer";"Crescente";"Céu Claro";"Simples";"Interseção de vias";"Sim";2;0;0;1;1;0;1;2;-7,2582;-35,9267;"SPRF-PB";"DEL02-PB";"UOP01-DEL02-PB"
507165;2023-02-25;"sábado";"18:15:00";"MG";381;484;"BETIM";"Demais falhas mecânicas ou elétricas";"Tombamento";"Com Vítimas Feridas";"Anoitecer";"Decrescente";"Nublado";"Dupla";"Não Informado";"Sim";1;0;1;0;0;0;1;1;-19,95531717;-44,11722196;"SPRF-MG";"DEL01-MG";"UOP03-DEL01-MG"
507166;2023-02-25;"sábado";"16:30:00";"MG";146;487;"POCOS DE CALDAS";"Acumulo de água sobre o pavimento";"Colisão frontal";"Com Vítimas Feridas";"Pleno dia";"Crescente";"Chuva";"Simples";"Reta";"Não";3;0;3;0;0;0;3;2;-21,802046;-46,445544;"SPRF-MG";"DEL09-MG";"UOP01-DEL09-MG"
507169;2023-02-25;"sábado";"17:30:00";"SC";101;18;"JOINVILLE";"Avarias e/ou desgaste excessivo no pneu";"Tombamento";"Com Vítimas Feridas";"Pleno dia";"Crescente";"Céu Claro";"Dupla";"Reta";"Não";1;0;1;0;0;0;1;1;-26,128553;-48,888776;"SPRF-SC";"DEL03-SC";"UOP01-DEL03-SC"
507171;2023-02-19;"domingo";"08:40:00";"SC";282;570,7;"NOVA ERECHIM";"Ausência de reação do condutor";"Colisão lateral mesmo sentido";"Com Vítimas Feridas";"Pleno dia";"Crescente";"Céu Claro";"Simples";"Reta";"Não";3;0;1;0;2;0;1;2;-26,89006;-52,93306;"SPRF-SC";"DEL07-SC";"UOP02-DEL07-SC"
507172;2023-02-25;"sábado";"18:20:00";"SC";101;72;"ARAQUARI";"Avarias e/ou desgaste excessivo no pneu";"Queda de ocupante de veículo";"Com Vítimas Feridas";"Anoitecer";"Crescente";"Céu Claro";"Múltipla";"Reta";"Não";2;0;1;0;1;0;1;1;-26,52700004;-48,71551117;"SPRF-SC";"DEL03-SC";"UOP02-DEL03-SC"
507173;2023-02-25;"sábado";"16:45:00";"RO";364;342;"JI-PARANA";"Reação tardia ou ineficiente do condutor";"Colisão traseira";"Com Vítimas Feridas";"Pleno dia";"Decrescente";"Céu Claro";"Dupla";"Reta";"Sim";3;0;2;0;1;0;2;2;-10,88381227;-61,93741416;"SPRF-RO";"DEL02-RO";"UOP01-DEL02-RO"
507176;2023-02-25;"sábado";"15:45:00";"RS";290;297,8;"CACAPAVA DO SUL";"Condutor deixou de manter distância do veículo da frente";"Engavetamento";"Com Vítimas Feridas";"Pleno dia";"Crescente";"Céu Claro";"Simples";"Não Informado";"Não";10;0;1;0;9;0;1;3;-30,310987;-53,177296;"SPRF-RS";"DEL09-RS";"UOP02-DEL09-RS"
507178;2023-02-25;"sábado";"14:25:00";"SC";101;62,1;"ARAQUARI";"Ausência de reação do condutor";"Colisão lateral mesmo sentido";"Com Vítimas Feridas";"Pleno dia";"Crescente";"Sol";"Múltipla";"Viaduto";"Sim";3;0;1;0;2;0;1;2;-26,45504246;-48,76711901;"SPRF-SC";"DEL03-SC";"UOP02-DEL03-SC"
507179;2023-02-25;"sábado";"18:50:00";"RS";158;328;"SANTA MARIA";"Ingestão de álcool pelo condutor";"Saída de leito carroçável";"Sem Vítimas";"Pleno dia";"Decrescente";"Céu Claro";"Simples";"Não Informado";"Sim";1;0;0;0;1;0;0;1;-29,71112906;-53,81968204;"SPRF-RS";"DEL09-RS";"UOP01-DEL09-RS"
507183;2023-02-25;"sábado";"20:00:00";"SC";101;133;"BALNEARIO CAMBORIU";"Acessar a via sem observar a presença dos outros veículos";"Colisão transversal";"Com Vítimas Feridas";"Plena Noite";"Decrescente";"Céu Claro";"Múltipla";"Interseção de vias";"Sim";2;0;0;1;1;0;1;2;-26,99936;-48,64609;"SPRF-SC";"DEL04-SC";"UOP03-DEL04-SC"
507184;2023-01-01;"domingo";"13:40:00";"DF";60;2,9;"BRASILIA";"Ingestão de álcool pelo condutor";"Colisão traseira";"Sem Vítimas";"Pleno dia";"Decrescente";"Céu Claro";"Dupla";"Não Informado";"Sim";4;0;0;0;4;0;0;3;-15,89006925;-48,08558106;"SPRF-DF";"DEL01-DF";"UOP02-DEL01-DF"
507185;2023-02-25;"sábado";"19:40:00";"RS";290;83;"CACHOEIRINHA";"Ingestão de álcool pelo condutor";"Colisão com objeto";"Com Vítimas Feridas";"Plena Noite";"Crescente";"Céu Claro";"Múltipla";"Reta";"Sim";4;0;2;0;1;1;2;2;-29,959141;-51,088791;"SPRF-RS";"DEL01-RS";"UOP01-DEL01-RS"
507186;2023-02-25;"sábado";"19:00:00";"AL";424;102;"MARECHAL DEODORO";"Transitar na contramão";"Colisão frontal";"Com Vítimas Feridas";"Plena Noite";"Decrescente";"Ignorado";"Simples";"Reta";"Não";10;0;7;1;2;0;8;2;-9,66670281;-35,84489382;"SPRF-AL";"DEL02-AL";"UOP01-DEL02-AL"
507188;2023-02-25;"sábado";"19:45:00";"SC";280;58;"GUARAMIRIM";"Desvio temporário";"Queda de ocupante de veículo";"Com Vítimas Feridas";"Plena Noite";"Crescente";"Céu Claro";"Múltipla";"Reta";"Sim";1;0;0;1;0;0;1;1;-26,47415593;-49,021211;"SPRF-SC";"DEL03-SC";"UOP03-DEL03-SC"
507189;2023-02-25;"sábado";"19:30:00";"SC";101;43,6;"JOINVILLE";"Acessar a via sem observar a presença dos outros veículos";"Colisão transversal";"Com Vítimas Feridas";"Plena Noite";"Crescente";"Céu Claro";"Simples";"Reta";"Sim";3;0;1;0;2;0;1;2;-26,33581655;-48,86009574;"SPRF-SC";"DEL03-SC";"UOP01-DEL03-SC"
507190;2023-02-25;"sábado";"21:50:00";"CE";116;23,4;"ITAITINGA";"Ingestão de álcool pelo condutor";"Colisão com objeto";"Com Vítimas Feridas";"Plena Noite";"Decrescente";"Céu Claro";"Dupla";"Desvio Temporário";"Sim";1;0;0;1;0;0;1;1;-3,94905489;-38,51212845;"SPRF-CE";"DEL01-CE";"UOP02-DEL01-CE"
507192;2023-02-25;"sábado";"19:00:00";"RO";364;342;"JI-PARANA";"Reação tardia ou ineficiente do condutor";"Queda de ocupante de veículo";"Com Vítimas Feridas";"Anoitecer";"Decrescente";"Céu Claro";"Dupla";"Reta";"Sim";1;0;1;0;0;0;1;1;-10,88381227;-61,93741416;"SPRF-RO";"DEL02-RO";"UOP01-DEL02-RO"