"id";"data_inversa";"dia_semana";"horario";"uf";"br";"km";"municipio";"causa_acidente";"tipo_acidente";"classificacao_acidente";"fase_dia";"sentido_via";"condicao_metereologica";"tipo_pista";"tracado_via";"uso_solo";"pessoas";"mortos";"feridos_leves";"feridos_graves";"ilesos";"ignorados";"feridos";"veiculos";"latitude";"longitude";"regional";"delegacia";"uop"
507193;2023-02-25;"sábado";"20:00:00";"RJ";116;192;"NOVA IGUACU";"Pedestre cruzava a pista fora da faixa";"Atropelamento de Pedestre";"Com Vítimas Feridas";"Plena Noite";"Decrescente";"Céu Claro";"Dupla";"Reta";"Não";2;0;0;1;1;0;1;1;-22,74207737;-43,5192401;"SPRF-RJ";"DEL01-RJ";"UOP02-DEL01-RJ"
507194;2023-02-25;"sábado";"20:10:00";"SC";470;55,7;"BLUMENAU";"Conversão proibida";"Colisão transversal";"Com Vítimas Feridas";"Plena Noite";"Crescente";"Céu Claro";"Simples";"Reta";"Sim";2;0;1;0;1;0;1;2;-26,875601;-49,117992;"SPRF-SC";"DEL04-SC";"UOP01-DEL04-SC"
507195;2023-02-25;"sábado";"19:00:00";"MA";316;534,4;"CAXIAS";"Animais na Pista";"Atropelamento de Animal";"Com Vítimas Feridas";"Plena Noite";"Crescente";"Céu Claro";"Simples";"Não Informado";"Não";2;0;2;0;0;0;2;1;-4,83025713;-43,49510193;"SPRF-MA";"DEL03-MA";"UOP02-DEL03-MA"
507196;2023-02-25;"sábado";"21:20:00";"MG";381;292;"ANTONIO DIAS";"Transitar na contramão";"Colisão frontal";"Com Vítimas Feridas";"Plena Noite";"Decrescente";"Céu Claro";"Dupla";"Reta";"Não";2;0;0;1;1;0;1;2;-19,62595466;-42,80591011;"SPRF-MG";"DEL03-MG";"UOP02-DEL03-MG"
507199;2023-02-25;"sábado";"20:15:00";"PR";376;214;"MANDAGUARI";"Manobra de mudança de faixa";"Colisão traseira";"Com Vítimas Feridas";"Plena Noite";"Decrescente";"Céu Claro";"Dupla";"Não Informado";"Não";2;0;1;0;1;0;1;2;-23,588165;-51,64554;"SPRF-PR";"DEL09-PR";"UOP01-DEL09-PR"
507200;2023-02-25;"sábado";"21:16:00";"GO";40;4;"VALPARAISO DE GOIAS";"Reação tardia ou ineficiente do condutor";"Colisão lateral mesmo sentido";"Com Vítimas Feridas";"Plena Noite";"Crescente";"Céu Claro";"Dupla";"Reta";"Sim";3;0;1;0;2;0;1;3;-16,085241;-47,986752;"SPRF-DF";"DEL01-DF";"UOP01-DEL01-DF"
507201;2023-02-25;"sábado";"22:40:00";"CE";222;3;"CAUCAIA";"Manobra de mudança de faixa";"Colisão lateral mesmo sentido";"Com Vítimas Feridas";"Plena Noite";"Decrescente";"Céu Claro";"Dupla";"Não Informado";"Sim";2;0;1;0;1;0;1;2;-3,7403769;-38,59569202;"SPRF-CE";"DEL01-CE";"UOP01-DEL01-CE"
507204;2023-02-25;"sábado";"19:45:00";"RJ";101;505;"ANGRA DOS REIS";"Pedestre cruzava a pista fora da faixa";"Atropelamento de Pedestre";"Com Vítimas Feridas";"Plena Noite";"Crescente";"Nublado";"Simples";"Curva";"Não";2;0;1;0;1;0;1;1;-22,93561595;-44,39617909;"SPRF-RJ";"DEL03-RJ";"UOP02-DEL03-RJ"
507206;2023-02-25;"sábado";"22:00:00";"RS";290;371,7;"VILA NOVA DO SUL";"Acessar a via sem observar a presença dos outros veículos";"Colisão frontal";"Com Vítimas Feridas";"Plena Noite";"Crescente";"Céu Claro";"Simples";"Reta";"Sim";2;0;0;1;1;0;1;2;-30,34110228;-53,88298273;"SPRF-RS";"DEL09-RS";"UOP02-DEL09-RS"
507207;2023-02-25;"sábado";"22:35:00";"BA";324;622;"SALVADOR";"Demais falhas mecânicas ou elétricas";"Queda de ocupante de veículo";"Com Vítimas Feridas";"Plena Noite";"Decrescente";"Céu Claro";"Dupla";"Reta";"Não";2;0;1;0;1;0;1;1;-12,91888605;-38,46502095;"SPRF-BA";"DEL01-BA";"UOP01-DEL01-BA"
507208;2023-02-25;"sábado";"23:00:00";"ES";101;66,2;"SAO MATEUS";"Pedestre cruzava a pista fora da faixa";"Atropelamento de Pedestre";"Com Vítimas Feridas";"Plena Noite";"Crescente";"Céu Claro";"Dupla";"Interseção de vias";"Sim";2;0;1;0;1;0;1;1;-18,7165195;-39,87436378;"SPRF-ES";"DEL04-ES";"UOP02-DEL04-ES"
507209;2023-02-25;"sábado";"22:38:00";"PR";277;721;"FOZ DO IGUACU";"Ingestão de álcool pelo condutor";"Saída de leito carroçável";"Sem Vítimas";"Plena Noite";"Decrescente";"Céu Claro";"Dupla";"Não Informado";"Não";2;0;0;0;2;0;0;1;-25,4911505;-54,51185421;"SPRF-PR";"DEL05-PR";"UOP03-DEL05-PR"
507210;2023-02-25;"sábado";"19:00:00";"SP";381;64;"MAIRIPORA";"Ingestão de álcool pelo condutor";"Saída de leito carroçável";"Sem Vítimas";"Anoitecer";"Decrescente";"Céu Claro";"Dupla";"Desvio Temporário";"Não";1;0;0;0;1;0;0;1;-23,3089645;-46,57924651;"SPRF-SP";"DEL03-SP";"UOP01-DEL03-SP"
507214;2023-02-25;"sábado";"21:40:00";"MT";163;831,3;"SINOP";"Entrada inopinada do pedestre";"Atropelamento de Pedestre";"Com Vítimas Feridas";"Plena Noite";"Crescente";"Chuva";"Dupla";"Retorno Regulamentado";"Sim";2;0;1;0;1;0;1;1;-11,89459;-55,50393;"SPRF-MT";"DEL06-MT";"UOP02-DEL06-MT"
507215;2023-02-25;"sábado";"22:20:00";"MA";316;595,3;"TIMON";"Pedestre andava na pista";"Atropelamento de Pedestre";"Com Vítimas Fatais";"Plena Noite";"Decrescente";"Céu Claro";"Simples";"Reta";"Não";2;1;0;0;0;1;0;1;-5,01238285;-43,00547719;"SPRF-MA";"DEL03-MA";"UOP02-DEL03-MA"
507216;2023-02-25;"sábado";"23:30:00";"RJ";356;184;"SAO JOAO DA BARRA";"Condutor deixou de manter distância do veículo da frente";"Colisão transversal";"Com Vítimas Feridas";"Plena Noite";"Crescente";"Céu Claro";"Simples";"Reta";"Não";3;0;2;0;1;0;2;2;-21,63571996;-41,04558102;"SPRF-RJ";"DEL08-RJ";"UOP02-DEL08-RJ"
507218;2023-02-25;"sábado";"22:40:00";"PR";369;497,5;"CORBELIA";"Condutor deixou de manter distância do veículo da frente";"Colisão traseira";"Com Vítimas Feridas";"Plena Noite";"Crescente";"Nublado";"Simples";"Reta";"Não";4;0;1;0;3;0;1;2;-24,7566;-53,2895;"SPRF-PR";"DEL04-PR";"UOP03-DEL04-PR"
507219;2023-02-25;"sábado";"23:40:00";"MG";116;526,8;"CARATINGA";"Ausência de reação do condutor";"Queda de ocupante de veículo";"Com Vítimas Feridas";"Plena Noite";"Crescente";"Nublado";"Dupla";"Reta";"Sim";2;0;0;1;0;1;1;1;-19,77654011;-42,13327989;"SPRF-MG";"DEL06-MG";"UOP02-DEL06-MG"
507220;2023-02-25;"sábado";"23:20:00";"MG";116;762;"LEOPOLDINA";"Ausência de reação do condutor";"Colisão lateral mesmo sentido";"Sem Vítimas";"Plena Noite";"Crescente";"Céu Claro";"Simples";"Reta";"Sim";2;0;0;0;2;0;0;2;-21,52887723;-42,62360898;"SPRF-MG";"DEL07-MG";"UOP01-DEL07-MG"
507221;2023-02-26;"domingo";"00:21:00";"SC";101;351;"JAGUARUNA";"Transitar na contramão";"Colisão frontal";"Com Vítimas Feridas";"Plena Noite";"Decrescente";"Céu Claro";"Simples";"Não Informado";"Sim";6;0;0;1;5;0;1;2;-28,5977641;-49,04943589;"SPRF-SC";"DEL02-SC";"UOP01-DEL02-SC"
507222;2023-02-25;"sábado";"19:30:00";"PB";230;515,4;"BOM JESUS";"Transitar na contramão";"Colisão frontal";"Com Vítimas Feridas";"Plena Noite";"Decrescente";"Céu Claro";"Simples";"Não Informado";"Não";2;0;0;1;1;0;1;2;-6,8847;-38,6229;"SPRF-PB";"DEL03-PB";"UOP03-DEL03-PB"
507223;2023-02-26;"domingo";"00:30:00";"PI";230;306,9;"FLORIANO";"Ausência de reação do condutor";"Colisão com objeto";"Com Vítimas Feridas";"Plena Noite";"Crescente";"Céu Claro";"Simples";"Curva";"Sim";1;0;0;1;0;0;1;1;-6,78667452;-42,99358035;"SPRF-PI";"DEL03-PI";"UOP01-DEL03-PI"
507224;2023-02-26;"domingo";"01:40:00";"PE";316;142;"PARNAMIRIM";"Ausência de reação do condutor";"Colisão traseira";"Com Vítimas Fatais";"Plena Noite";"Decrescente";"Garoa/Chuvisco";"Simples";"Reta";"Não";1;1;0;0;0;0;0;1;-8,08687166;-39,60015985;"SPRF-PE";"DEL05-PE";"UOP02-DEL05-PE"
507226;2023-02-26;"domingo";"01:30:00";"RS";470;223;"GARIBALDI";"Transitar na contramão";"Colisão frontal";"Com Vítimas Feridas";"Plena Noite";"Crescente";"Nublado";"Simples";"Reta";"Não";6;0;4;1;1;0;5;2;-29,21249203;-51,51794436;"SPRF-RS";"DEL06-RS";"UOP01-DEL06-RS"
507227;2023-02-26;"domingo";"01:30:00";"PB";101;86,5;"JOAO PESSOA";"Transitar na contramão";"Atropelamento de Pedestre";"Com Vítimas Fatais";"Plena Noite";"Decrescente";"Céu Claro";"Dupla";"Reta";"Sim";8;1;2;0;2;3;2;1;-7,1622;-34,9031;"SPRF-PB";"DEL01-PB";"UOP01-DEL01-PB"
507228;2023-02-26;"domingo";"01:30:00";"SC";470;12;"NAVEGANTES";"Retorno proibido";"Colisão frontal";"Com Vítimas Feridas";"Plena Noite";"Crescente";"Céu Claro";"Dupla";"Reta";"Não";2;0;0;1;1;0;1;2;-26,835169;-48,757267;"SPRF-SC";"DEL04-SC";"UOP04-DEL04-SC"
507229;2023-02-26;"domingo";"02:40:00";"SC";101;184;"BIGUACU";"Ausência de reação do condutor";"Queda de ocupante de veículo";"Com Vítimas Feridas";"Plena Noite";"Decrescente";"Céu Claro";"Múltipla";"Reta";"Não";1;0;0;1;0;0;1;1;-27,41613807;-48,6266443;"SPRF-SC";"DEL01-SC";"UOP01-DEL01-SC"
507230;2023-02-25;"sábado";"23:30:00";"PR";376;602;"CURITIBA";"Reação tardia ou ineficiente do condutor";"Colisão lateral mesmo sentido";"Com Vítimas Feridas";"Plena Noite";"Decrescente";"Céu Claro";"Múltipla";"Interseção de vias";"Sim";4;0;1;0;3;0;1;2;-25,54329052;-49,30719981;"SPRF-PR";"DEL01-PR";"UAP06-DEL01-PR"
507231;2023-02-25;"sábado";"22:30:00";"PI";230;208;"OEIRAS";"Transitar na contramão";"Colisão traseira";"Sem Vítimas";"Plena Noite";"Decrescente";"Céu Claro";"Simples";"Reta";"Não";3;0;0;0;3;0;0;2;-7,04216017;-42,20611867;"SPRF-PI";"DEL03-PI";"UOP01-DEL03-PI"
507232;2023-02-26;"domingo";"03:45:00";"SC";101;134;"BALNEARIO CAMBORIU";"Ausência de reação do condutor";"Colisão com objeto";"Com Vítimas Feridas";"Plena Noite";"Crescente";"Céu Claro";"Dupla";"Reta";"Sim";1;0;1;0;0;0;1;1;-27,00218;-48,636433;"SPRF-SC";"DEL04-SC";"UOP03-DEL04-SC"
507235;2023-02-26;"domingo";"04:00:00";"PR";277;522,9;"GUARANIACU";"Transitar na contramão";"Colisão frontal";"Com Vítimas Fatais";"Plena Noite";"Crescente";"Nublado";"Simples";"Reta";"Não";2;1;0;0;1;0;0;2;-25,09900741;-52,89710999;"SPRF-PR";"DEL04-PR";"UOP05-DEL04-PR"
507236;2023-02-26;"domingo";"00:10:00";"MS";262;486,9;"ANASTACIO";"Reação tardia ou ineficiente do condutor";"Colisão com objeto";"Com Vítimas Fatais";"Plena Noite";"Crescente";"Céu Claro";"Simples";"Não Informado";"Não";2;1;1;0;0;0;1;1;-20,49912275;-55,78682249;"SPRF-MS";"DEL03-MS";"UOP01-DEL03-MS"
507237;2023-02-26;"domingo";"04:58:00";"PR";376;103,9;"PARANAVAI";"Condutor deixou de manter distância do veículo da frente";"Colisão traseira";"Sem Vítimas";"Plena Noite";"Crescente";"Céu Claro";"Dupla";"Reta";"Não";2;0;0;0;2;0;0;2;-23,0482793;-52,4557511;"SPRF-PR";"DEL09-PR";"UOP02-DEL09-PR"
507238;2023-02-19;"domingo";"16:45:00";"SC";101;284;"IMBITUBA";"Animais na Pista";"Colisão com objeto";"Com Vítimas Feridas";"Pleno dia";"Crescente";"Céu Claro";"Múltipla";"Desvio Temporário";"Não";4;0;2;1;1;0;3;1;-28,21285498;-48,69962617;"SPRF-SC";"DEL02-SC";"UOP03-DEL02-SC"
507239;2023-02-26;"domingo";"02:25:00";"MG";381;158,5;"GOVERNADOR VALADARES";"Ausência de reação do condutor";"Colisão frontal";"Com Vítimas Fatais";"Plena Noite";"Decrescente";"Céu Claro";"Simples";"Reta";"Não";3;1;1;0;1;0;1;2;-18,91795246;-42,01337465;"SPRF-MG";"DEL06-MG";"UOP01-DEL06-MG"
507240;2023-02-26;"domingo";"04:00:00";"MG";40;523,5;"CONTAGEM";"Ausência de reação do condutor";"Saída de leito carroçável";"Sem Vítimas";"Plena Noite";"Crescente";"Céu Claro";"Dupla";"Curva";"Não";1;0;0;0;0;1;0;1;-19,86874894;-44,05962197;"SPRF-MG";"DEL01-MG";"UOP02-DEL01-MG"
507241;2023-02-26;"domingo";"03:50:00";"SC";280;237,3;"CANOINHAS";"Ausência de reação do condutor";"Atropelamento de Pedestre";"Com Vítimas Feridas";"Plena Noite";"Crescente";"Céu Claro";"Simples";"Curva";"Não";3;0;0;1;1;1;1;1;-26,19844599;-50,43216601;"SPRF-SC";"DEL06-SC";"UOP04-DEL06-SC"
507242;2023-02-26;"domingo";"04:50:00";"PR";277;665;"MEDIANEIRA";"Chuva";"Saída de leito carroçável";"Sem Vítimas";"Plena Noite";"Crescente";"Chuva";"Dupla";"Não Informado";"Não";1;0;0;0;0;1;0;1;-25,2559960473;-54,0377259725;"SPRF-PR";"DEL05-PR";"UOP02-DEL05-PR"
507243;2023-02-26;"domingo";"04:40:00";"RJ";356;181;"SAO JOAO DA BARRA";"Velocidade Incompatível";"Colisão traseira";"Com Vítimas Feridas";"Amanhecer";"Decrescente";"Ignorado";"Simples";"Reta";"Não";4;0;2;0;1;1;2;2;-21,65632504;-41,05317881;"SPRF-RJ";"DEL08-RJ";"UOP02-DEL08-RJ"
507244;2023-02-26;"domingo";"04:55:00";"RS";116;257;"ESTEIO";"Reação tardia ou ineficiente do condutor";"Colisão traseira";"Sem Vítimas";"Plena Noite";"Crescente";"Nublado";"Dupla";"Reta";"Sim";3;0;0;0;3;0;0;2;-29,85262195;-51,17968329;"SPRF-RS";"DEL01-RS";"UOP02-DEL01-RS"
507245;2023-02-26;"domingo";"03:00:00";"RS";116;187;"NOVA PETROPOLIS";"Reação tardia ou ineficiente do condutor";"Colisão com objeto";"Com Vítimas Feridas";"Plena Noite";"Decrescente";"Céu Claro";"Simples";"Reta";"Não";2;0;2;0;0;0;2;1;-29,40515985;-51,12600998;"SPRF-RS";"DEL05-RS";"UOP02-DEL05-RS"
507246;2023-02-26;"domingo";"01:30:00";"SC";282;522;"XAXIM";"Velocidade Incompatível";"Saída de leito carroçável";"Com Vítimas Feridas";"Plena Noite";"Decrescente";"Céu Claro";"Simples";"Reta";"Não";1;0;1;0;0;0;1;1;-26,956238;-52,542637;"SPRF-SC";"DEL07-SC";"UOP01-DEL07-SC"
507248;2023-02-25;"sábado";"21:00:00";"MG";381;932,6;"EXTREMA";"Velocidade Incompatível";"Saída de leito carroçável";"Sem Vítimas";"Plena Noite";"Crescente";"Nublado";"Simples";"Reta";"Não";1;0;0;0;0;1;0;1;-22,81198015;-46,28431295;"SPRF-MG";"DEL16-MG";"UOP03-DEL16-MG"
507249;2023-02-26;"domingo";"05:20:00";"MG";381;940,2;"EXTREMA";"Condutor Dormindo";"Saída de leito carroçável";"Com Vítimas Feridas";"Amanhecer";"Decrescente";"Nublado";"Dupla";"Reta";"Sim";2;0;1;0;1;0;1;1;-22,85421396;-46,33740277;"SPRF-MG";"DEL16-MG";"UOP03-DEL16-MG"
507250;2023-02-26;"domingo";"06:12:00";"RJ";101;330;"RIO DE JANEIRO";"Ingestão de álcool pelo condutor";"Queda de ocupante de veículo";"Com Vítimas Feridas";"Pleno dia";"Decrescente";"Céu Claro";"Dupla";"Reta";"Não";1;0;1;0;0;0;1;1;-22,8684989;-43,18548699;"SPRF-RJ";"DEL02-RJ";"UOP01-DEL02-RJ"
507251;2023-02-26;"domingo";"06:50:00";"PR";373;176;"PONTA GROSSA";"Ausência de reação do condutor";"Capotamento";"Com Vítimas Feridas";"Pleno dia";"Crescente";"Ignorado";"Dupla";"Reta";"Sim";2;0;1;0;1;0;1;1;-25,06082803;-50,21845202;"SPRF-PR";"DEL03-PR";"UOP01-DEL03-PR"
507253;2023-02-26;"domingo";"05:30:00";"SC";163;80;"GUARACIABA";"Ingestão de álcool ou de substâncias psicoativas pelo pedestre";"Atropelamento de Pedestre";"Com Vítimas Feridas";"Amanhecer";"Crescente";"Céu Claro";"Simples";"Reta";"Não";2;0;0;1;0;1;1;1;-26,64435174;-53,51895332;"SPRF-SC";"DEL07-SC";"UOP03-DEL07-SC"
507255;2023-02-26;"domingo";"06:30:00";"SC";282;216;"LAGES";"Ausência de reação do condutor";"Saída de leito carroçável";"Sem Vítimas";"Amanhecer";"Crescente";"Céu Claro";"Simples";"Não Informado";"Sim";1;0;0;0;1;0;0;1;-27,79419279;-50,28471351;"SPRF-SC";"DEL05-SC";"UOP01-DEL05-SC"
507257;2023-02-26;"domingo";"06:30:00";"ES";262;31,5;"DOMINGOS MARTINS";"Velocidade Incompatível";"Queda de ocupante de veículo";"Com Vítimas Feridas";"Pleno dia";"Crescente";"Céu Claro";"Simples";"Não Informado";"Não";1;0;1;0;0;0;1;1;-20,37885575;-40,577728;"SPRF-ES";"DEL01-ES";"UOP01-DEL01-ES"
507258;2023-02-26;"domingo";"07:00:00";"MA";316;551;"CAXIAS";"Ausência de reação do condutor";"Colisão com objeto";"Sem Vítimas";"Pleno dia";"Crescente";"Céu Claro";"Dupla";"Reta";"Sim";2;0;0;0;1;1;0;1;-4,886332;-43,353386;"SPRF-MA";"DEL03-MA";"UOP02-DEL03-MA"
507259;2023-02-26;"domingo";"06:50:00";"PR";116;123;"FAZENDA RIO GRANDE";"Reação tardia ou ineficiente do condutor";"Saída de leito carroçável";"Sem Vítimas";"Pleno dia";"Crescente";"Céu Claro";"Dupla";"Reta";"Sim";1;0;0;0;1;0;0;1;-25,57736002;-49,31243589;"SPRF-PR";"DEL01-PR";"UOP03-DEL01-PR"
507260;2023-02-26;"domingo";"08:10:00";"BA";242;797;"BARREIRAS";"Velocidade Incompatível";"Capotamento";"Com Vítimas Feridas";"Pleno dia";"Crescente";"Nublado";"Simples";"Não Informado";"Não";4;0;2;1;1;0;3;1;-12,16482771;-44,8590841;"SPRF-BA";"DEL10-BA";"UOP01-DEL10-BA"
507261;2023-02-26;"domingo";"07:11:00";"GO";40;125;"CRISTALINA";"Condutor Dormindo";"Saída de leito carroçável";"Sem Vítimas";"Amanhecer";"Crescente";"Céu Claro";"Dupla";"Reta";"Não";2;0;0;0;2;0;0;1;-16,874138;-47,379037;"SPRF-DF";"DEL01-DF";"UOP04-DEL01-DF"
507262;2023-02-26;"domingo";"07:30:00";"RJ";116;176;"SAO JOAO DE MERITI";"Reação tardia ou ineficiente do condutor";"Colisão traseira";"Com Vítimas Feridas";"Pleno dia";"Crescente";"Céu Claro";"Dupla";"Curva";"Sim";2;0;1;0;1;0;1;2;-22,7839538;-43,38195488;"SPRF-RJ";"DEL01-RJ";"UOP02-DEL01-RJ"
507263;2023-02-26;"domingo";"08:30:00";"SC";101;140;"BALNEARIO CAMBORIU";"Demais falhas mecânicas ou elétricas";"Tombamento";"Com Vítimas Feridas";"Pleno dia";"Decrescente";"Céu Claro";"Múltipla";"Reta";"Sim";2;0;2;0;0;0;2;1;-27,03881189;-48,60025148;"SPRF-SC";"DEL04-SC";"UOP03-DEL04-SC"
507264;2023-02-26;"domingo";"07:55:00";"PR";376;189,1;"MARIALVA";"Reação tardia ou ineficiente do condutor";"Saída de leito carroçável";"Com Vítimas Feridas";"Pleno dia";"Decrescente";"Chuva";"Dupla";"Reta";"Sim";2;0;1;1;0;0;2;1;-23,46634923;-51,82808011;"SPRF-PR";"DEL09-PR";"UOP01-DEL09-PR"
507265;2023-02-26;"domingo";"05:30:00";"RJ";101;311;"SAO GONCALO";"Ausência de reação do condutor";"Colisão traseira";"Com Vítimas Feridas";"Amanhecer";"Decrescente";"Céu Claro";"Dupla";"Reta";"Sim";2;0;1;0;0;1;1;2;-22,80062246;-43,05318779;"SPRF-RJ";"DEL02-RJ";"UOP02-DEL02-RJ"
507266;2023-02-26;"domingo";"08:10:00";"PR";376;601;"CURITIBA";"Ausência de reação do condutor";"Saída de leito carroçável";"Com Vítimas Feridas";"Pleno dia";"Decrescente";"Céu Claro";"Dupla";"Reta";"Sim";4;0;3;0;1;0;3;1;-25,537054;-49,31404;"SPRF-PR";"DEL01-PR";"UAP06-DEL01-PR"
507267;2023-02-26;"domingo";"08:40:00";"PR";376;659;"TIJUCAS DO SUL";"Velocidade Incompatível";"Saída de leito carroçável";"Com Vítimas Feridas";"Pleno dia";"Crescente";"Sol";"Dupla";"Reta";"Não";1;0;1;0;0;0;1;1;-25,8497383;-49,01288607;"SPRF-PR";"DEL01-PR";"UOP04-DEL01-PR"
507268;2023-02-26;"domingo";"08:45:00";"SC";101;120,1;"ITAJAI";"Avarias e/ou desgaste excessivo no pneu";"Queda de ocupante de veículo";"Com Vítimas Feridas";"Pleno dia";"Decrescente";"Céu Claro";"Dupla";"Reta";"Não";2;0;1;1;0;0;2;1;-26,912758;-48,711998;"SPRF-SC";"DEL04-SC";"UOP04-DEL04-SC"
507269;2023-02-26;"domingo";"09:00:00";"RJ";116;40;"SAO JOSE DO VALE DO RIO PRETO";"Condutor Dormindo";"Colisão com objeto";"Com Vítimas Feridas";"Pleno dia";"Crescente";"Céu Claro";"Simples";"Não Informado";"Não";1;0;1;0;0;0;1;1;-22,133512;-42,7799278;"SPRF-RJ";"DEL04-RJ";"UOP01-DEL04-RJ"
507270;2023-02-26;"domingo";"09:25:00";"GO";70;0;"AGUAS LINDAS DE GOIAS";"Velocidade Incompatível";"Colisão frontal";"Sem Vítimas";"Pleno dia";"Crescente";"Céu Claro";"Dupla";"Curva";"Não";1;0;0;0;0;1;0;1;-15,783543;-48,2326;"SPRF-DF";"DEL01-DF";"UOP03-DEL01-DF"
507271;2023-02-26;"domingo";"08:50:00";"RJ";116;183;"NOVA IGUACU";"Manobra de mudança de faixa";"Colisão lateral mesmo sentido";"Com Vítimas Feridas";"Pleno dia";"Crescente";"Céu Claro";"Múltipla";"Reta";"Sim";2;0;1;0;1;0;1;2;-22,7516014;-43,43849831;"SPRF-RJ";"DEL01-RJ";"UOP02-DEL01-RJ"
507272;2023-02-26;"domingo";"07:15:00";"PR";376;522;"PONTA GROSSA";"Demais falhas mecânicas ou elétricas";"Tombamento";"Com Vítimas Feridas";"Pleno dia";"Decrescente";"Nublado";"Dupla";"Não Informado";"Não";1;0;1;0;0;0;1;1;-25,29555894;-49,89661593;"SPRF-PR";"DEL03-PR";"UOP04-DEL03-PR"
507273;2023-02-26;"domingo";"08:00:00";"PR";277;553;"CATANDUVAS";"Ingestão de álcool pelo condutor";"Capotamento";"Sem Vítimas";"Pleno dia";"Decrescente";"Garoa/Chuvisco";"Simples";"Reta";"Não";1;0;0;0;1;0;0;1;-25,08323773;-53,15057793;"SPRF-PR";"DEL04-PR";"UOP05-DEL04-PR"
507274;2023-02-26;"domingo";"09:20:00";"GO";60;19,5;"ALEXANIA";"Reação tardia ou ineficiente do condutor";"Saída de leito carroçável";"Com Vítimas Feridas";"Pleno dia";"Crescente";"Céu Claro";"Dupla";"Não Informado";"Não";2;0;1;1;0;0;2;1;-16,0963;-48,5202;"SPRF-DF";"DEL01-DF";"UOP02-DEL01-DF"
507275;2023-02-26;"domingo";"09:00:00";"SP";116;229;"SAO PAULO";"Ingestão de álcool pelo condutor";"Colisão com objeto";"Com Vítimas Feridas";"Pleno dia";"Decrescente";"Céu Claro";"Múltipla";"Reta";"Sim";1;0;1;0;0;0;1;1;-23,51291902;-46,57604698;"SPRF-SP";"DEL01-SP";"UOP01-DEL01-SP"
507276;2023-02-26;"domingo";"08:51:00";"PE";101;51;"ABREU E LIMA";"Desrespeitar a preferência no cruzamento";"Colisão transversal";"Com Vítimas Feridas";"Pleno dia";"Decrescente";"Sol";"Múltipla";"Não Informado";"Sim";3;0;1;0;2;0;1;2;-7,9169968;-34,89689272;"SPRF-PE";"DEL01-PE";"UOP02-DEL01-PE"
507278;2023-02-26;"domingo";"09:49:00";"RN";101;163;"CANGUARETAMA";"Condutor deixou de manter distância do veículo da frente";"Colisão traseira";"Com Vítimas Fatais";"Pleno dia";"Crescente";"Céu Claro";"Dupla";"Reta";"Sim";3;1;1;0;1;0;1;2;-6,393516;-35,13976;"SPRF-RN";"DEL01-RN";"UOP01-DEL01-RN"
507279;2023-02-26;"domingo";"10:25:00";"MG";381;484,9;"BETIM";"Pista esburacada";"Eventos atípicos";"Com Vítimas Feridas";"Pleno dia";"Crescente";"Sol";"Múltipla";"Reta";"Sim";2;0;2;0;0;0;2;1;-19,95721434;-44,09332752;"SPRF-MG";"DEL01-MG";"UOP03-DEL01-MG"
507280;2023-02-26;"domingo";"11:40:00";"MG";381;2,4;"BETIM";"Pista esburacada";"Colisão com objeto";"Com Vítimas Feridas";"Pleno dia";"Decrescente";"Sol";"Múltipla";"Curva";"Sim";1;0;1;0;0;0;1;1;-19,96825;-44,198708;"SPRF-MG";"DEL01-MG";"UOP03-DEL01-MG"
507281;2023-02-26;"domingo";"10:15:00";"GO";20;148,9;"ALVORADA DO NORTE";"Demais falhas mecânicas ou elétricas";"Incêndio";"Sem Vítimas";"Pleno dia";"Crescente";"Céu Claro";"Simples";"Reta";"Não";1;0;0;0;1;0;0;1;-14,716324;-46,650913;"SPRF-DF";"DEL02-DF";"UOP03-DEL02-DF"
507282;2023-02-26;"domingo";"10:40:00";"SC";101;87;"BARRA VELHA";"Avarias e/ou desgaste excessivo no pneu";"Queda de ocupante de veículo";"Com Vítimas Feridas";"Pleno dia";"Decrescente";"Sol";"Dupla";"Curva";"Sim";2;0;2;0;0;0;2;1;-26,63713377;-48,69651057;"SPRF-SC";"DEL03-SC";"UOP02-DEL03-SC"
507283;2023-02-22;"quarta-feira";"18:50:00";"SP";381;86,3;"SAO PAULO";"Reação tardia ou ineficiente do condutor";"Tombamento";"Com Vítimas Feridas";"Plena Noite";"Decrescente";"Céu Claro";"Múltipla";"Reta";"Sim";1;0;1;0;0;0;1;1;-23,45930499;-46,57161179;"SPRF-SP";"DEL03-SP";"UOP01-DEL03-SP"
507284;2023-02-26;"domingo";"11:50:00";"MG";381;493,1;"BETIM";"Manobra de mudança de faixa";"Colisão lateral mesmo sentido";"Com Vítimas Feridas";"Pleno dia";"Decrescente";"Sol";"Múltipla";"Reta";"Sim";2;0;1;0;1;0;1;2;-19,96374899;-44,16787148;"SPRF-MG";"DEL01-MG";"UOP03-DEL01-MG"
507286;2023-02-26;"domingo";"11:50:00";"AL";101;215,9;"IGREJA NOVA";"Velocidade Incompatível";"Saída de leito carroçável";"Com Vítimas Feridas";"Pleno dia";"Decrescente";"Céu Claro";"Dupla";"Não Informado";"Não";2;0;1;0;1;0;1;1;-10,03540287;-36,64050113;"SPRF-AL";"DEL02-AL";"UOP02-DEL02-AL"
507287;2023-02-26;"domingo";"10:40:00";"BA";407;216;"CAPIM GROSSO";"Condutor deixou de manter distância do veículo da frente";"Colisão traseira";"Com Vítimas Feridas";"Pleno dia";"Decrescente";"Nublado";"Simples";"Não Informado";"Não";3;0;1;1;1;0;2;2;-11,23743497;-40,02599967;"SPRF-BA";"DEL04-BA";"UOP02-DEL04-BA"