"id";"data_inversa";"dia_semana";"horario";"uf";"br";"km";"municipio";"causa_acidente";"tipo_acidente";"classificacao_acidente";"fase_dia";"sentido_via";"condicao_metereologica";"tipo_pista";"tracado_via";"uso_solo";"pessoas";"mortos";"feridos_leves";"feridos_graves";"ilesos";"ignorados";"feridos";"veiculos";"latitude";"longitude";"regional";"delegacia";"uop"
507290;2023-02-26;"domingo";"12:20:00";"PE";101;69;"RECIFE";"Reação tardia ou ineficiente do condutor";"Colisão traseira";"Com Vítimas Feridas";"Pleno dia";"Decrescente";"Sol";"Múltipla";"Reta";"Sim";2;0;2;0;0;0;2;2;-8,05985638;-34,94569659;"SPRF-PE";"DEL01-PE";"UOP01-DEL01-PE"
507291;2023-02-26;"domingo";"11:00:00";"RJ";101;422;"MANGARATIBA";"Ultrapassagem Indevida";"Colisão frontal";"Com Vítimas Feridas";"Pleno dia";"Crescente";"Sol";"Simples";"Curva";"Sim";3;0;0;2;1;0;2;2;-22,91608393;-43,94022903;"SPRF-RJ";"DEL03-RJ";"UOP01-DEL03-RJ"
507292;2023-02-26;"domingo";"09:30:00";"MG";381;275;"JAGUARACU";"Mal súbito do condutor";"Saída de leito carroçável";"Com Vítimas Feridas";"Pleno dia";"Decrescente";"Céu Claro";"Simples";"Reta";"Não";1;0;1;0;0;0;1;1;-19,58019666;-42,72533823;"SPRF-MG";"DEL03-MG";"UOP02-DEL03-MG"
507293;2023-02-26;"domingo";"11:00:00";"PA";316;55;"CASTANHAL";"Ausência de reação do condutor";"Colisão traseira";"Com Vítimas Feridas";"Pleno dia";"Decrescente";"Céu Claro";"Dupla";"Curva";"Sim";2;0;1;0;1;0;1;2;-1,30561339;-47,99919919;"SPRF-PA";"DEL01-PA";"UOP01-DEL01-PA"
507299;2023-02-26;"domingo";"10:50:00";"BA";330;804;"JEQUIE";"Curva acentuada";"Saída de leito carroçável";"Com Vítimas Feridas";"Pleno dia";"Crescente";"Nublado";"Simples";"Curva";"Não";2;0;1;1;0;0;2;1;-13,9747696;-39,95416081;"SPRF-BA";"DEL03-BA";"UOP01-DEL03-BA"
507300;2023-02-25;"sábado";"20:00:00";"SC";282;541,2;"CHAPECO";"Acessar a via sem observar a presença dos outros veículos";"Colisão transversal";"Com Vítimas Feridas";"Plena Noite";"Crescente";"Nublado";"Simples";"Reta";"Não";2;0;0;1;1;0;1;2;-26,997713;-52,699165;"SPRF-SC";"DEL07-SC";"UOP01-DEL07-SC"
507301;2023-02-26;"domingo";"12:30:00";"RJ";101;471;"ANGRA DOS REIS";"Conversão proibida";"Colisão lateral mesmo sentido";"Com Vítimas Feridas";"Pleno dia";"Decrescente";"Céu Claro";"Simples";"Reta";"Não";2;0;1;0;1;0;1;2;-22,99649604;-44,22906307;"SPRF-RJ";"DEL03-RJ";"UOP02-DEL03-RJ"
507302;2023-02-26;"domingo";"11:40:00";"BA";415;62;"ITABUNA";"Acumulo de óleo sobre o pavimento";"Queda de ocupante de veículo";"Com Vítimas Feridas";"Pleno dia";"Decrescente";"Garoa/Chuvisco";"Múltipla";"Não Informado";"Não";2;0;0;1;1;0;1;1;-14,85702358;-39,4115461;"SPRF-BA";"DEL05-BA";"UOP01-DEL05-BA"
507303;2023-02-26;"domingo";"13:50:00";"RS";101;72,1;"OSORIO";"Reação tardia ou ineficiente do condutor";"Saída de leito carroçável";"Com Vítimas Feridas";"Pleno dia";"Decrescente";"Céu Claro";"Dupla";"Reta";"Sim";5;0;3;0;2;0;3;1;-29,763866;-50,217799;"SPRF-RS";"DEL03-RS";"UOP01-DEL03-RS"
507304;2023-02-26;"domingo";"11:30:00";"BA";415;20;"ILHEUS";"Conversão proibida";"Colisão transversal";"Com Vítimas Feridas";"Pleno dia";"Crescente";"Chuva";"Simples";"Curva";"Não";2;0;1;0;1;0;1;2;-14,8482;-39,281986;"SPRF-BA";"DEL05-BA";"UOP01-DEL05-BA"
507305;2023-02-26;"domingo";"13:50:00";"RS";285;538,2;"CAIBATE";"Desrespeitar a preferência no cruzamento";"Colisão transversal";"Com Vítimas Feridas";"Pleno dia";"Crescente";"Céu Claro";"Simples";"Interseção de vias";"Não";3;0;2;0;1;0;2;2;-28,40106483;-54,65114594;"SPRF-RS";"DEL10-RS";"UOP01-DEL10-RS"
507307;2023-02-26;"domingo";"14:15:00";"MG";352;70;"UBERLANDIA";"Afundamento ou ondulação no pavimento";"Tombamento";"Com Vítimas Feridas";"Pleno dia";"Crescente";"Céu Claro";"Dupla";"Desvio Temporário";"Sim";1;0;1;0;0;0;1;1;-18,88453265;-48,26563776;"SPRF-MG";"DEL10-MG";"UOP01-DEL10-MG"
507309;2023-02-26;"domingo";"13:30:00";"MG";40;561;"NOVA LIMA";"Reação tardia ou ineficiente do condutor";"Saída de leito carroçável";"Com Vítimas Feridas";"Pleno dia";"Decrescente";"Céu Claro";"Dupla";"Reta";"Não";2;0;0;2;0;0;2;1;-20,13588082;-43,96237943;"SPRF-MG";"DEL01-MG";"UOP02-DEL01-MG"
507310;2023-02-26;"domingo";"13:35:00";"PB";101;73,3;"SANTA RITA";"Manobra de mudança de faixa";"Colisão traseira";"Com Vítimas Feridas";"Pleno dia";"Crescente";"Sol";"Dupla";"Reta";"Não";4;0;0;2;1;1;2;2;-7,080043;-34,985863;"SPRF-PB";"DEL01-PB";"UOP04-DEL01-PB"
507311;2023-02-26;"domingo";"14:10:00";"DF";60;23,6;"BRASILIA";"Velocidade Incompatível";"Saída de leito carroçável";"Com Vítimas Feridas";"Pleno dia";"Decrescente";"Céu Claro";"Dupla";"Não Informado";"Não";1;0;1;0;0;0;1;1;-15,989598;-48,228995;"SPRF-DF";"DEL01-DF";"UOP02-DEL01-DF"
507312;2023-02-26;"domingo";"12:30:00";"RJ";40;62;"PETROPOLIS";"Conversão proibida";"Colisão transversal";"Com Vítimas Feridas";"Pleno dia";"Decrescente";"Céu Claro";"Simples";"Reta";"Sim";5;0;1;0;4;0;1;4;-22,40542358;-43,14664526;"SPRF-RJ";"DEL06-RJ";"UOP01-DEL06-RJ"
507315;2023-02-26;"domingo";"14:45:00";"RJ";40;102;"DUQUE DE CAXIAS";"Ingestão de álcool pelo condutor";"Atropelamento de Pedestre";"Com Vítimas Feridas";"Pleno dia";"Decrescente";"Céu Claro";"Múltipla";"Reta";"Sim";3;0;0;1;2;0;1;2;-22,61089297;-43,28656077;"SPRF-RJ";"DEL01-RJ";"UOP01-DEL01-RJ"
507317;2023-02-26;"domingo";"15:10:00";"PR";116;50,9;"CAMPINA GRANDE DO SUL";"Reação tardia ou ineficiente do condutor";"Saída de leito carroçável";"Com Vítimas Feridas";"Pleno dia";"Crescente";"Chuva";"Dupla";"Curva";"Não";4;0;1;0;3;0;1;1;-25,23481696;-48,90807771;"SPRF-PR";"DEL01-PR";"UOP02-DEL01-PR"
507320;2023-02-26;"domingo";"11:15:00";"RJ";101;283;"ITABORAI";"Acessar a via sem observar a presença dos outros veículos";"Queda de ocupante de veículo";"Com Vítimas Feridas";"Pleno dia";"Decrescente";"Céu Claro";"Dupla";"Curva";"Sim";2;0;0;2;0;0;2;1;-22,73591014;-42,80592689;"SPRF-RJ";"DEL02-RJ";"UOP02-DEL02-RJ"
507321;2023-02-26;"domingo";"14:30:00";"CE";116;6;"FORTALEZA";"Ingestão de álcool e/ou substâncias psicoativas pelo pedestre";"Colisão traseira";"Com Vítimas Feridas";"Pleno dia";"Decrescente";"Céu Claro";"Múltipla";"Reta";"Sim";2;0;1;0;1;0;1;2;-3,802624;-38,50400499;"SPRF-CE";"DEL01-CE";"UOP02-DEL01-CE"
507322;2023-02-26;"domingo";"15:35:00";"RS";386;248,3;"SOLEDADE";"Desrespeitar a preferência no cruzamento";"Colisão transversal";"Com Vítimas Feridas";"Pleno dia";"Decrescente";"Céu Claro";"Simples";"Interseção de vias";"Sim";7;0;2;0;4;1;2;2;-28,817902;-52,484734;"SPRF-RS";"DEL04-RS";"UOP03-DEL04-RS"
507323;2023-02-26;"domingo";"14:12:00";"MS";163;249;"DOURADOS";"Ultrapassagem Indevida";"Saída de leito carroçável";"Com Vítimas Feridas";"Pleno dia";"Decrescente";"Sol";"Simples";"Reta";"Não";1;0;1;0;0;0;1;1;-22,31490301;-54,8198581;"SPRF-MS";"DEL04-MS";"UOP02-DEL04-MS"
507324;2023-02-26;"domingo";"15:50:00";"SC";101;54,9;"JOINVILLE";"Velocidade Incompatível";"Colisão com objeto";"Com Vítimas Feridas";"Pleno dia";"Crescente";"Chuva";"Dupla";"Curva";"Não";2;0;1;0;1;0;1;1;-26,41319508;-48,83617332;"SPRF-SC";"DEL03-SC";"UOP01-DEL03-SC"
507326;2023-02-26;"domingo";"11:30:00";"PI";NA;NA;"FLORIANO";"Manobra de mudança de faixa";"Colisão lateral mesmo sentido";"Sem Vítimas";"Pleno dia";"Não Informado";"Céu Claro";"Simples";"Reta";"Sim";6;0;0;0;6;0;0;2;-6,76670589;-43,01724672;"SPRF-PI";"DEL03-PI";"UOP01-DEL03-PI"
507328;2023-02-26;"domingo";"16:20:00";"SC";101;182,3;"BIGUACU";"Reação tardia ou ineficiente do condutor";"Colisão lateral mesmo sentido";"Com Vítimas Feridas";"Pleno dia";"Crescente";"Chuva";"Múltipla";"Não Informado";"Sim";3;0;2;0;1;0;2;2;-27,39798985;-48,6303592;"SPRF-SC";"DEL01-SC";"UOP01-DEL01-SC"
507329;2023-02-26;"domingo";"15:30:00";"GO";153;686;"ITUMBIARA";"Demais falhas mecânicas ou elétricas";"Incêndio";"Sem Vítimas";"Pleno dia";"Decrescente";"Céu Claro";"Múltipla";"Reta";"Não";1;0;0;0;1;0;0;1;-18,2744;-49,2442;"SPRF-GO";"DEL03-GO";"UOP02-DEL03-GO"
507331;2023-02-26;"domingo";"16:00:00";"MT";163;829;"SINOP";"Velocidade Incompatível";"Colisão transversal";"Com Vítimas Feridas";"Pleno dia";"Decrescente";"Céu Claro";"Simples";"Retorno Regulamentado";"Sim";3;0;1;1;1;0;2;3;-12,040704;-55,51732275;"SPRF-MT";"DEL06-MT";"UOP02-DEL06-MT"
507332;2023-02-26;"domingo";"16:00:00";"RJ";101;190;"CASIMIRO DE ABREU";"Conversão proibida";"Colisão transversal";"Com Vítimas Feridas";"Pleno dia";"Crescente";"Céu Claro";"Simples";"Reta";"Não";3;0;1;0;2;0;1;2;-22,46340846;-42,0658817;"SPRF-RJ";"DEL08-RJ";"UOP04-DEL08-RJ"
507333;2023-02-26;"domingo";"15:20:00";"BA";324;517;"FEIRA DE SANTANA";"Condutor desrespeitou a iluminação vermelha do semáforo";"Colisão transversal";"Com Vítimas Feridas";"Pleno dia";"Decrescente";"Garoa/Chuvisco";"Simples";"Interseção de vias";"Sim";2;0;0;1;1;0;1;2;-12,24953308;-38,93362525;"SPRF-BA";"DEL02-BA";"UOP01-DEL02-BA"
507334;2023-02-26;"domingo";"17:19:00";"RN";101;72;"NATAL";"Ultrapassagem Indevida";"Colisão frontal";"Com Vítimas Feridas";"Anoitecer";"Decrescente";"Nublado";"Simples";"Não Informado";"Não";3;0;0;3;0;0;3;2;-5,69866248;-35,26316835;"SPRF-RN";"DEL02-RN";"UOP01-DEL02-RN"
507335;2023-02-26;"domingo";"17:10:00";"CE";222;4,7;"CAUCAIA";"Acessar a via sem observar a presença dos outros veículos";"Colisão transversal";"Com Vítimas Feridas";"Pleno dia";"Decrescente";"Sol";"Múltipla";"Reta";"Sim";3;0;2;0;0;1;2;2;-3,74164754;-38,60449792;"SPRF-CE";"DEL01-CE";"UOP01-DEL01-CE"
507337;2023-02-26;"domingo";"17:20:00";"CE";222;4,6;"CAUCAIA";"Manobra de mudança de faixa";"Colisão lateral mesmo sentido";"Com Vítimas Feridas";"Pleno dia";"Crescente";"Céu Claro";"Múltipla";"Não Informado";"Sim";3;0;1;1;1;0;2;2;-3,74164754;-38,60449792;"SPRF-CE";"DEL01-CE";"UOP01-DEL01-CE"
507338;2023-02-26;"domingo";"17:25:00";"DF";70;11;"BRASILIA";"Ausência de reação do condutor";"Colisão traseira";"Com Vítimas Feridas";"Pleno dia";"Decrescente";"Sol";"Dupla";"Reta";"Sim";2;0;1;0;1;0;1;2;-15,789762;-48,148727;"SPRF-DF";"DEL01-DF";"UOP03-DEL01-DF"
507340;2023-02-26;"domingo";"16:30:00";"CE";304;48,9;"ARACATI";"Manobra de mudança de faixa";"Colisão lateral mesmo sentido";"Com Vítimas Feridas";"Pleno dia";"Decrescente";"Nublado";"Dupla";"Curva";"Não";3;0;0;1;2;0;1;2;-4,58039263;-37,77321696;"SPRF-CE";"DEL03-CE";"UOP03-DEL03-CE"
507341;2023-02-26;"domingo";"13:35:00";"MG";116;588,3;"MANHUACU";"Condutor deixou de manter distância do veículo da frente";"Colisão traseira";"Sem Vítimas";"Pleno dia";"Crescente";"Céu Claro";"Simples";"Reta";"Sim";3;0;0;0;3;0;0;2;-20,24647197;-42,153177;"SPRF-MG";"DEL06-MG";"UOP03-DEL06-MG"
507342;2023-02-26;"domingo";"15:30:00";"SC";282;494,4;"XANXERE";"Ingestão de álcool pelo condutor";"Colisão traseira";"Sem Vítimas";"Pleno dia";"Crescente";"Céu Claro";"Dupla";"Reta";"Não";8;0;0;0;8;0;0;2;-26,87149;-52,318768;"SPRF-SC";"DEL07-SC";"UOP01-DEL07-SC"
507345;2023-02-26;"domingo";"15:50:00";"PR";277;33;"MORRETES";"Velocidade Incompatível";"Colisão com objeto";"Com Vítimas Feridas";"Pleno dia";"Crescente";"Garoa/Chuvisco";"Dupla";"Curva";"Não";1;0;0;1;0;0;1;1;-25,566723;-48,810918;"SPRF-PR";"DEL01-PR";"UOP05-DEL01-PR"
507346;2023-02-26;"domingo";"18:00:00";"RS";290;35;"SANTO ANTONIO DA PATRULHA";"Ausência de reação do condutor";"Colisão com objeto";"Com Vítimas Feridas";"Pleno dia";"Decrescente";"Céu Claro";"Dupla";"Reta";"Não";1;0;1;0;0;0;1;1;-29,88512478;-50,61315536;"SPRF-RS";"DEL03-RS";"UOP01-DEL03-RS"
507347;2023-02-26;"domingo";"18:10:00";"SC";101;404,5;"MARACAJA";"Ingestão de álcool pelo condutor";"Colisão traseira";"Sem Vítimas";"Pleno dia";"Decrescente";"Nublado";"Múltipla";"Reta";"Não";4;0;0;0;4;0;0;2;-28,87801417;-49,45745479;"SPRF-SC";"DEL02-SC";"UOP02-DEL02-SC"
507348;2023-02-26;"domingo";"17:20:00";"SC";101;339;"TUBARAO";"Reação tardia ou ineficiente do condutor";"Saída de leito carroçável";"Sem Vítimas";"Anoitecer";"Decrescente";"Chuva";"Simples";"Não Informado";"Não";1;0;0;0;0;1;0;1;-28,49351117;-49,04178985;"SPRF-SC";"DEL02-SC";"UOP01-DEL02-SC"
507349;2023-02-26;"domingo";"18:25:00";"ES";101;230,4;"FUNDAO";"Ingestão de álcool pelo condutor";"Colisão lateral mesmo sentido";"Com Vítimas Feridas";"Plena Noite";"Decrescente";"Céu Claro";"Simples";"Curva";"Não";5;0;1;0;2;2;1;2;-19,94561669;-40,40819764;"SPRF-ES";"DEL02-ES";"UOP01-DEL02-ES"
507350;2023-02-26;"domingo";"18:30:00";"DF";40;5;"BRASILIA";"Trafegar com motocicleta (ou similar) entre as faixas";"Colisão traseira";"Com Vítimas Feridas";"Anoitecer";"Crescente";"Céu Claro";"Dupla";"Reta";"Sim";2;0;1;0;1;0;1;2;-16,020903;-47,980541;"SPRF-DF";"DEL01-DF";"UOP01-DEL01-DF"
507351;2023-02-26;"domingo";"17:00:00";"ES";101;19,4;"PEDRO CANARIO";"Condutor deixou de manter distância do veículo da frente";"Colisão traseira";"Sem Vítimas";"Anoitecer";"Crescente";"Céu Claro";"Simples";"Reta";"Não";2;0;0;0;2;0;0;2;-18,31846928;-39,95435579;"SPRF-ES";"DEL04-ES";"UOP02-DEL04-ES"
507352;2023-02-26;"domingo";"16:45:00";"RS";116;52;"VACARIA";"Velocidade Incompatível";"Saída de leito carroçável";"Com Vítimas Feridas";"Pleno dia";"Crescente";"Céu Claro";"Simples";"Curva";"Não";1;0;0;1;0;0;1;1;-28,58391;-51,027973;"SPRF-RS";"DEL05-RS";"UOP03-DEL05-RS"
507353;2023-02-26;"domingo";"17:30:00";"MG";381;423,8;"CAETE";"Avarias e/ou desgaste excessivo no pneu";"Queda de ocupante de veículo";"Com Vítimas Feridas";"Pleno dia";"Crescente";"Céu Claro";"Dupla";"Não Informado";"Não";2;0;2;0;0;0;2;1;-19,78973406;-43,67222724;"SPRF-MG";"DEL01-MG";"UOP01-DEL01-MG"
507354;2023-02-26;"domingo";"18:44:00";"RN";101;72;"NATAL";"Reação tardia ou ineficiente do condutor";"Colisão traseira";"Sem Vítimas";"Plena Noite";"Crescente";"Céu Claro";"Simples";"Desvio Temporário";"Não";2;0;0;0;2;0;0;2;-5,69866248;-35,26316835;"SPRF-RN";"DEL02-RN";"UOP01-DEL02-RN"
507355;2023-02-26;"domingo";"18:20:00";"ES";259;90;"BAIXO GUANDU";"Ausência de reação do condutor";"Colisão traseira";"Com Vítimas Feridas";"Anoitecer";"Crescente";"Céu Claro";"Simples";"Reta";"Não";4;0;2;0;1;1;2;3;-19,51143698;-40,90961107;"SPRF-ES";"DEL02-ES";"UOP01-DEL02-ES"
507356;2023-02-26;"domingo";"17:40:00";"ES";101;281,7;"SERRA";"Condutor deixou de manter distância do veículo da frente";"Colisão traseira";"Com Vítimas Feridas";"Anoitecer";"Crescente";"Céu Claro";"Dupla";"Ponte";"Não";3;0;1;0;2;0;1;2;-20,22112792;-40,35720552;"SPRF-ES";"DEL02-ES";"UOP01-DEL02-ES"
507357;2023-02-26;"domingo";"19:20:00";"PR";376;600;"CURITIBA";"Ingestão de álcool pelo condutor";"Colisão transversal";"Com Vítimas Feridas";"Plena Noite";"Decrescente";"Céu Claro";"Dupla";"Reta";"Sim";2;0;1;0;1;0;1;2;-25,52037812;-49,33439612;"SPRF-PR";"DEL01-PR";"UAP06-DEL01-PR"
507358;2023-02-26;"domingo";"17:15:00";"MG";381;933;"EXTREMA";"Ingestão de álcool pelo condutor";"Colisão com objeto";"Sem Vítimas";"Pleno dia";"Decrescente";"Nublado";"Simples";"Retorno Regulamentado";"Não";1;0;0;0;1;0;0;1;-22,79654816;-46,25401026;"SPRF-MG";"DEL16-MG";"UOP03-DEL16-MG"
507360;2023-02-26;"domingo";"06:00:00";"BA";101;331;"PRESIDENTE TANCREDO NEVES";"Manobra de mudança de faixa";"Colisão lateral mesmo sentido";"Com Vítimas Feridas";"Amanhecer";"Decrescente";"Céu Claro";"Simples";"Não Informado";"Não";15;0;12;1;2;0;13;2;-13,48047;-39,42112;"SPRF-BA";"DEL05-BA";"UOP03-DEL05-BA"
507361;2023-02-26;"domingo";"18:50:00";"PI";316;54,5;"MONSENHOR GIL";"Demais falhas na via";"Tombamento";"Com Vítimas Feridas";"Plena Noite";"Crescente";"Nublado";"Simples";"Reta";"Não";2;0;2;0;0;0;2;1;-5,52853582;-42,6350258;"SPRF-PI";"DEL01-PI";"UOP02-DEL01-PI"
507362;2023-02-26;"domingo";"19:00:00";"AL";101;135;"SAO MIGUEL DOS CAMPOS";"Ingestão de álcool e/ou substâncias psicoativas pelo pedestre";"Colisão transversal";"Sem Vítimas";"Plena Noite";"Crescente";"Céu Claro";"Simples";"Não Informado";"Sim";2;0;0;0;2;0;0;2;-9,78834902;-36,10509283;"SPRF-AL";"DEL02-AL";"UOP01-DEL02-AL"
507363;2023-02-26;"domingo";"19:43:00";"PE";101;31,9;"IGARASSU";"Animais na Pista";"Atropelamento de Animal";"Com Vítimas Feridas";"Plena Noite";"Crescente";"Céu Claro";"Dupla";"Reta";"Não";3;0;2;1;0;0;3;1;-7,74443874;-34,93872764;"SPRF-PE";"DEL01-PE";"UOP02-DEL01-PE"
507364;2023-02-26;"domingo";"20:00:00";"MG";381;935,5;"EXTREMA";"Reação tardia ou ineficiente do condutor";"Engavetamento";"Com Vítimas Feridas";"Plena Noite";"Crescente";"Céu Claro";"Dupla";"Não Informado";"Sim";3;0;1;0;2;0;1;3;-22,80401874;-46,2727983;"SPRF-MG";"DEL16-MG";"UOP03-DEL16-MG"
507365;2023-02-26;"domingo";"20:25:00";"MG";381;935,5;"EXTREMA";"Ingestão de álcool e/ou substâncias psicoativas pelo pedestre";"Engavetamento";"Com Vítimas Feridas";"Plena Noite";"Crescente";"Céu Claro";"Simples";"Desvio Temporário";"Não";9;0;4;0;5;0;4;3;-22,82329661;-46,30805019;"SPRF-MG";"DEL16-MG";"UOP03-DEL16-MG"
507366;2023-02-26;"domingo";"19:25:00";"PE";116;8;"SALGUEIRO";"Transitar na contramão";"Tombamento";"Com Vítimas Feridas";"Plena Noite";"Decrescente";"Nublado";"Simples";"Reta";"Não";1;0;0;1;0;0;1;1;-7,926006;-39,119897;"SPRF-PE";"DEL05-PE";"UOP01-DEL05-PE"
507367;2023-02-26;"domingo";"17:40:00";"PR";153;461;"UNIAO DA VITORIA";"Ingestão de álcool pelo condutor";"Saída de leito carroçável";"Com Vítimas Feridas";"Pleno dia";"Decrescente";"Céu Claro";"Simples";"Curva";"Não";3;0;3;0;0;0;3;1;-26,30818854;-51,21276855;"SPRF-PR";"DEL02-PR";"UOP03-DEL02-PR"
507368;2023-02-26;"domingo";"17:50:00";"MG";40;824,1;"SIMAO PEREIRA";"Reação tardia ou ineficiente do condutor";"Saída de leito carroçável";"Com Vítimas Feridas";"Anoitecer";"Crescente";"Céu Claro";"Dupla";"Não Informado";"Não";2;0;1;0;1;0;1;1;-21,96689732;-43,29126511;"SPRF-MG";"DEL05-MG";"UOP01-DEL05-MG"
507371;2023-02-26;"domingo";"20:00:00";"RJ";116;37;"SAPUCAIA";"Conversão proibida";"Colisão transversal";"Com Vítimas Feridas";"Plena Noite";"Crescente";"Céu Claro";"Simples";"Reta";"Não";6;0;5;0;1;0;5;2;-22,10884271;-42,78535659;"SPRF-RJ";"DEL04-RJ";"UOP02-DEL04-RJ"
507372;2023-02-26;"domingo";"13:00:00";"SC";280;26;"ARAQUARI";"Ingestão de substâncias psicoativas pelo condutor";"Colisão lateral sentido oposto";"Sem Vítimas";"Pleno dia";"Crescente";"Céu Claro";"Simples";"Reta";"Não";2;0;0;0;2;0;0;2;-26,38972308;-48,73411593;"SPRF-SC";"DEL03-SC";"UOP03-DEL03-SC"
507373;2023-02-26;"domingo";"20:00:00";"PE";232;255;"ARCOVERDE";"Acessar a via sem observar a presença dos outros veículos";"Colisão traseira";"Com Vítimas Feridas";"Plena Noite";"Crescente";"Céu Claro";"Simples";"Não Informado";"Sim";2;0;1;0;1;0;1;2;-8,4124021;-37,08493608;"SPRF-PE";"DEL04-PE";"UOP02-DEL04-PE"
507374;2023-02-26;"domingo";"19:40:00";"PI";343;306;"ALTOS";"Acessar a via sem observar a presença dos outros veículos";"Colisão transversal";"Com Vítimas Feridas";"Plena Noite";"Decrescente";"Garoa/Chuvisco";"Simples";"Reta";"Sim";2;0;1;0;1;0;1;2;-5,038756;-42,450893;"SPRF-PI";"DEL01-PI";"UOP01-DEL01-PI"
507375;2023-02-26;"domingo";"20:30:00";"SP";116;230;"SAO PAULO";"Condutor deixou de manter distância do veículo da frente";"Colisão traseira";"Com Vítimas Feridas";"Plena Noite";"Decrescente";"Nublado";"Múltipla";"Reta";"Sim";2;0;1;0;1;0;1;2;-23,52251783;-46,5855702;"SPRF-SP";"DEL01-SP";"UOP01-DEL01-SP"
507377;2023-02-26;"domingo";"18:21:00";"MG";153;89;"PRATA";"Pista esburacada";"Tombamento";"Com Vítimas Feridas";"Anoitecer";"Decrescente";"Céu Claro";"Simples";"Reta";"Não";2;0;2;0;0;0;2;1;-19,13488186;-48,96609844;"SPRF-MG";"DEL15-MG";"UOP03-DEL15-MG"
507381;2023-02-26;"domingo";"21:30:00";"SP";116;218;"GUARULHOS";"Condutor deixou de manter distância do veículo da frente";"Colisão traseira";"Com Vítimas Feridas";"Plena Noite";"Crescente";"Céu Claro";"Múltipla";"Reta";"Sim";1;0;1;0;0;0;1;1;-23,457972;-46,479927;"SPRF-SP";"DEL01-SP";"UOP01-DEL01-SP"
507382;2023-02-26;"domingo";"20:21:00";"MG";381;713,2;"CARMO DA CACHOEIRA";"Manobra de mudança de faixa";"Capotamento";"Com Vítimas Feridas";"Plena Noite";"Crescente";"Céu Claro";"Dupla";"Reta";"Não";4;0;1;0;3;0;1;1;-21,40375992;-45,21090213;"SPRF-MG";"DEL04-MG";"UOP02-DEL04-MG"
507383;2023-02-26;"domingo";"21:10:00";"AL";104;83,3;"RIO LARGO";"Pedestre andava na pista";"Atropelamento de Pedestre";"Com Vítimas Feridas";"Plena Noite";"Crescente";"Céu Claro";"Simples";"Viaduto";"Não";2;0;0;1;1;0;1;1;-9,44165773;-35,83538341;"SPRF-AL";"DEL01-AL";"UOP01-DEL01-AL"
507384;2023-02-26;"domingo";"21:30:00";"RJ";116;172;"SAO JOAO DE MERITI";"Ausência de reação do condutor";"Tombamento";"Com Vítimas Feridas";"Plena Noite";"Crescente";"Céu Claro";"Múltipla";"Reta";"Sim";1;0;1;0;0;0;1;1;-22,80188151;-43,35043673;"SPRF-RJ";"DEL01-RJ";"UOP02-DEL01-RJ"
507385;2023-02-26;"domingo";"19:40:00";"MA";10;301;"CIDELANDIA";"Reação tardia ou ineficiente do condutor";"Atropelamento de Pedestre";"Com Vítimas Feridas";"Pleno dia";"Decrescente";"Céu Claro";"Simples";"Reta";"Sim";3;0;1;1;1;0;2;1;-5,113793;-47,549877;"SPRF-MA";"DEL04-MA";"UOP03-DEL04-MA"
507386;2023-02-26;"domingo";"20:30:00";"RJ";40;115;"DUQUE DE CAXIAS";"Manobra de mudança de faixa";"Saída de leito carroçável";"Com Vítimas Feridas";"Plena Noite";"Decrescente";"Céu Claro";"Dupla";"Reta";"Não";1;0;1;0;0;0;1;1;-22,73700259;-43,28827858;"SPRF-RJ";"DEL01-RJ";"UOP01-DEL01-RJ"
507388;2023-02-26;"domingo";"21:13:00";"ES";101;268;"SERRA";"Velocidade Incompatível";"Colisão traseira";"Com Vítimas Feridas";"Plena Noite";"Decrescente";"Céu Claro";"Dupla";"Reta";"Sim";4;0;0;2;2;0;2;2;-20,20842;-40,269405;"SPRF-ES";"DEL02-ES";"UOP01-DEL02-ES"
507389;2023-02-26;"domingo";"19:15:00";"CE";230;38,7;"LAVRAS DA MANGABEIRA";"Retorno proibido";"Colisão transversal";"Com Vítimas Feridas";"Plena Noite";"Crescente";"Céu Claro";"Simples";"Reta";"Sim";2;0;0;1;1;0;1;2;-6,75756862;-38,95159192;"SPRF-CE";"DEL05-CE";"UOP01-DEL05-CE"
507391;2023-02-26;"domingo";"21:00:00";"PE";232;99,6;"BEZERROS";"Ingestão de álcool pelo condutor";"Colisão lateral sentido oposto";"Sem Vítimas";"Plena Noite";"Crescente";"Céu Claro";"Simples";"Reta";"Sim";2;0;0;0;2;0;0;2;-8,23791176;-35,74297705;"SPRF-PE";"DEL02-PE";"UOP02-DEL02PE"
507392;2023-02-26;"domingo";"09:28:00";"SC";101;186;"BIGUACU";"Reação tardia ou ineficiente do condutor";"Tombamento";"Com Vítimas Feridas";"Plena Noite";"Crescente";"Céu Claro";"Múltipla";"Curva";"Não";1;0;0;1;0;0;1;1;-27,4341098;-48,62567129;"SPRF-SC";"DEL01-SC";"UOP01-DEL01-SC"
507393;2023-02-26;"domingo";"16:30:00";"PR";373;171,9;"PONTA GROSSA";"Reação tardia ou ineficiente do condutor";"Colisão com objeto";"Com Vítimas Feridas";"Pleno dia";"Decrescente";"Céu Claro";"Múltipla";"Não Informado";"Sim";1;0;0;1;0;0;1;1;-25,08168006;-50,19046605;"SPRF-PR";"DEL03-PR";"UOP01-DEL03-PR"