"id";"data_inversa";"dia_semana";"horario";"uf";"br";"km";"municipio";"causa_acidente";"tipo_acidente";"classificacao_acidente";"fase_dia";"sentido_via";"condicao_metereologica";"tipo_pista";"tracado_via";"uso_solo";"pessoas";"mortos";"feridos_leves";"feridos_graves";"ilesos";"ignorados";"feridos";"veiculos";"latitude";"longitude";"regional";"delegacia";"uop"
507394;2023-02-26;"domingo";"22:45:00";"GO";60;101;"ANAPOLIS";"Ingestão de álcool e/ou substâncias psicoativas pelo pedestre";"Colisão transversal";"Com Vítimas Feridas";"Pleno dia";"Crescente";"Céu Claro";"Dupla";"Não Informado";"Sim";2;0;1;0;1;0;1;2;-16,4022;-48,9745;"SPRF-GO";"DEL02-GO";"UOP01-DEL02-GO"
507396;2023-02-26;"domingo";"20:10:00";"RS";287;249;"SANTA MARIA";"Acesso irregular";"Colisão transversal";"Com Vítimas Feridas";"Plena Noite";"Decrescente";"Céu Claro";"Simples";"Não Informado";"Não";2;0;1;0;0;1;1;2;-29,69400654;-53,86100019;"SPRF-RS";"DEL09-RS";"UOP01-DEL09-RS"
507397;2023-02-26;"domingo";"18:20:00";"GO";40;142;"CRISTALINA";"Ausência de reação do condutor";"Colisão com objeto";"Com Vítimas Feridas";"Anoitecer";"Decrescente";"Nublado";"Simples";"Ponte";"Não";2;0;0;1;0;1;1;1;-16,97089394;-47,26468563;"SPRF-DF";"DEL01-DF";"UOP04-DEL01-DF"
507399;2023-02-26;"domingo";"19:00:00";"PB";361;21,6;"SANTA TERESINHA";"Animais na Pista";"Tombamento";"Com Vítimas Feridas";"Plena Noite";"Crescente";"Céu Claro";"Simples";"Reta";"Não";1;0;0;1;0;0;1;1;-7,082199;-37,427622;"SPRF-PB";"DEL03-PB";"UOP01-DEL03-PB"
507400;2023-02-26;"domingo";"23:00:00";"PR";376;664;"GUARATUBA";"Demais falhas mecânicas ou elétricas";"Incêndio";"Sem Vítimas";"Plena Noite";"Decrescente";"Nublado";"Dupla";"Curva";"Não";3;0;0;0;3;0;0;1;-25,85321576;-48,96608688;"SPRF-PR";"DEL01-PR";"UOP04-DEL01-PR"
507401;2023-02-26;"domingo";"22:30:00";"PR";376;96,2;"PARANAVAI";"Demais falhas mecânicas ou elétricas";"Incêndio";"Sem Vítimas";"Plena Noite";"Crescente";"Céu Claro";"Simples";"Reta";"Não";2;0;0;0;2;0;0;1;-23,014547;-52,520109;"SPRF-PR";"DEL09-PR";"UOP02-DEL09-PR"
507404;2023-02-26;"domingo";"22:20:00";"MG";50;176;"UBERABA";"Pista esburacada";"Colisão com objeto";"Sem Vítimas";"Plena Noite";"Decrescente";"Céu Claro";"Dupla";"Reta";"Sim";2;0;0;0;2;0;0;1;-19,77919981;-47,960032;"SPRF-MG";"DEL13-MG";"UOP01-DEL13-MG"
507407;2023-02-26;"domingo";"22:56:00";"AP";210;5;"MACAPA";"Acumulo de areia ou detritos sobre o pavimento";"Colisão com objeto";"Sem Vítimas";"Plena Noite";"Crescente";"Nevoeiro/Neblina";"Dupla";"Reta";"Sim";1;0;0;0;0;1;0;1;0,09055062;-51,10349413;"SPRF-AP";"N/A";"UOP01-DEL01-AP"
507408;2023-02-26;"domingo";"20:50:00";"SP";116;395;"MIRACATU";"Reação tardia ou ineficiente do condutor";"Queda de ocupante de veículo";"Com Vítimas Feridas";"Plena Noite";"Crescente";"Garoa/Chuvisco";"Dupla";"Não Informado";"Sim";1;0;1;0;0;0;1;1;-24,28894933;-47,46080025;"SPRF-SP";"DEL04-SP";"UOP02-DEL04-SP"
507409;2023-02-26;"domingo";"23:10:00";"PR";277;80;"CURITIBA";"Ausência de reação do condutor";"Colisão com objeto";"Sem Vítimas";"Plena Noite";"Decrescente";"Céu Claro";"Dupla";"Reta";"Sim";1;0;0;0;1;0;0;1;-25,47105909;-49,21303836;"SPRF-PR";"DEL01-PR";"UOP01-DEL01-PR"
507410;2023-02-26;"domingo";"23:19:00";"PE";408;87;"SAO LOURENCO DA MATA";"Animais na Pista";"Atropelamento de Animal";"Com Vítimas Feridas";"Plena Noite";"Decrescente";"Céu Claro";"Dupla";"Reta";"Não";1;0;0;1;0;0;1;1;-7,96765405;-35,0914341;"SPRF-PE";"DEL01-PE";"UOP01-DEL01-PE"
507411;2023-02-26;"domingo";"21:10:00";"SP";381;37,7;"ATIBAIA";"Ingestão de álcool pelo condutor";"Colisão lateral mesmo sentido";"Sem Vítimas";"Plena Noite";"Crescente";"Nublado";"Dupla";"Reta";"Sim";2;0;0;0;2;0;0;2;-23,11114463;-46,57103419;"SPRF-SP";"DEL03-SP";"UOP01-DEL03-SP"
507412;2023-02-26;"domingo";"19:45:00";"GO";364;317,8;"PORTELANDIA";"Pedestre andava na pista";"Atropelamento de Pedestre";"Com Vítimas Fatais";"Plena Noite";"Crescente";"Céu Claro";"Simples";"Não Informado";"Não";6;1;0;0;5;0;0;1;-17,446447;-52,598991;"SPRF-GO";"DEL05-GO";"UOP01-DEL05-GO"
507413;2023-02-26;"domingo";"23:30:00";"RJ";40;118;"DUQUE DE CAXIAS";"Ausência de reação do condutor";"Queda de ocupante de veículo";"Com Vítimas Feridas";"Plena Noite";"Crescente";"Céu Claro";"Múltipla";"Reta";"Não";1;0;0;1;0;0;1;1;-22,75470802;-43,28737838;"SPRF-RJ";"DEL01-RJ";"UOP01-DEL01-RJ"
507415;2023-02-27;"segunda-feira";"00:30:00";"DF";251;39,3;"BRASILIA";"Velocidade Incompatível";"Saída de leito carroçável";"Com Vítimas Feridas";"Plena Noite";"Crescente";"Céu Claro";"Simples";"Não Informado";"Não";1;0;1;0;0;0;1;1;-15,938301;-47,759799;"SPRF-DF";"DEL01-DF";"UOP01-DEL01-DF"
507417;2023-02-26;"domingo";"22:30:00";"MT";163;569;"NOVA MUTUM";"Condutor Dormindo";"Saída de leito carroçável";"Com Vítimas Feridas";"Plena Noite";"Crescente";"Céu Claro";"Simples";"Reta";"Não";3;0;1;0;2;0;1;1;-14,17081206;-56,08949419;"SPRF-MT";"DEL01-MT";"UOP01-DEL01-MT"
507418;2023-02-27;"segunda-feira";"02:00:00";"MG";381;939,6;"EXTREMA";"Problema com o freio";"Saída de leito carroçável";"Com Vítimas Feridas";"Plena Noite";"Decrescente";"Nublado";"Dupla";"Curva";"Não";2;0;2;0;0;0;2;1;-22,821872;-46,30048;"SPRF-MG";"DEL16-MG";"UOP03-DEL16-MG"
507419;2023-02-27;"segunda-feira";"02:23:00";"SP";116;55,8;"LORENA";"Reação tardia ou ineficiente do condutor";"Saída de leito carroçável";"Com Vítimas Feridas";"Plena Noite";"Decrescente";"Nublado";"Dupla";"Reta";"Não";8;0;8;0;0;0;8;1;-22,76356421;-45,12272385;"SPRF-SP";"DEL08-SP";"UOP02-DEL08-SP"
507421;2023-02-26;"domingo";"16:11:00";"PI";343;605;"FLORIANO";"Reação tardia ou ineficiente do condutor";"Saída de leito carroçável";"Sem Vítimas";"Pleno dia";"Decrescente";"Sol";"Simples";"Reta";"Não";2;0;0;0;1;1;0;1;-6,860668;-43,103661;"SPRF-PI";"DEL03-PI";"UOP01-DEL03-PI"
507422;2023-02-27;"segunda-feira";"04:50:00";"SC";101;434;"SOMBRIO";"Transitar na contramão";"Tombamento";"Com Vítimas Feridas";"Plena Noite";"Decrescente";"Céu Claro";"Múltipla";"Reta";"Sim";1;0;0;1;0;0;1;1;-29,09705206;-49,63391304;"SPRF-SC";"DEL02-SC";"UOP02-DEL02-SC"
507423;2023-02-27;"segunda-feira";"05:36:00";"RN";304;282;"MACAIBA";"Acessar a via sem observar a presença dos outros veículos";"Atropelamento de Pedestre";"Com Vítimas Feridas";"Pleno dia";"Crescente";"Céu Claro";"Dupla";"Reta";"Não";2;0;1;1;0;0;2;1;-5,88438109;-35,47231297;"SPRF-RN";"DEL01-RN";"UOP02-DEL01-RN"
507424;2023-02-27;"segunda-feira";"05:10:00";"PB";101;127;"CAAPORA";"Reação tardia ou ineficiente do condutor";"Tombamento";"Com Vítimas Feridas";"Pleno dia";"Decrescente";"Céu Claro";"Dupla";"Reta";"Não";2;0;0;1;1;0;1;1;-7,49352627;-34,98332893;"SPRF-PB";"DEL01-PB";"UOP02-DEL01-PB"
507426;2023-02-27;"segunda-feira";"06:45:00";"SC";101;205,7;"SAO JOSE";"Trafegar com motocicleta (ou similar) entre as faixas";"Colisão lateral mesmo sentido";"Com Vítimas Feridas";"Pleno dia";"Decrescente";"Céu Claro";"Dupla";"Reta";"Sim";3;0;1;0;2;0;1;3;-27,58313237;-48,61532885;"SPRF-SC";"DEL01-SC";"UOP01-DEL01-SC"
507427;2023-02-27;"segunda-feira";"00:10:00";"BA";324;348;"CAPIM GROSSO";"Conversão proibida";"Colisão frontal";"Com Vítimas Feridas";"Plena Noite";"Crescente";"Chuva";"Simples";"Reta";"Não";6;0;2;1;1;2;3;2;-11,35988498;-40,06370544;"SPRF-BA";"DEL04-BA";"UOP02-DEL04-BA"
507428;2023-02-26;"domingo";"16:30:00";"GO";50;101;"CRISTALINA";"Avarias e/ou desgaste excessivo no pneu";"Saída de leito carroçável";"Com Vítimas Feridas";"Pleno dia";"Decrescente";"Céu Claro";"Simples";"Reta";"Sim";1;0;0;1;0;0;1;1;-16,78530729;-47,63496291;"SPRF-DF";"DEL01-DF";"UOP04-DEL01-DF"
507429;2023-02-27;"segunda-feira";"07:07:00";"CE";116;16;"EUSEBIO";"Ausência de reação do condutor";"Atropelamento de Pedestre";"Com Vítimas Feridas";"Pleno dia";"Decrescente";"Céu Claro";"Dupla";"Reta";"Sim";3;0;2;1;0;0;3;1;-3,88732794;-38,50185439;"SPRF-CE";"DEL01-CE";"UOP02-DEL01-CE"
507430;2023-02-27;"segunda-feira";"07:25:00";"ES";101;269,9;"SERRA";"Manobra de mudança de faixa";"Colisão traseira";"Com Vítimas Feridas";"Pleno dia";"Crescente";"Céu Claro";"Múltipla";"Reta";"Não";2;0;1;0;1;0;1;2;-20,21740496;-40,26990578;"SPRF-ES";"DEL02-ES";"UOP01-DEL02-ES"
507431;2023-02-27;"segunda-feira";"03:30:00";"MG";381;579,6;"CARMOPOLIS DE MINAS";"Condutor Dormindo";"Saída de leito carroçável";"Com Vítimas Feridas";"Plena Noite";"Decrescente";"Céu Claro";"Dupla";"Reta";"Não";1;0;1;0;0;0;1;1;-20,49967704;-44,60847254;"SPRF-MG";"DEL04-MG";"UOP01-DEL04-MG"
507433;2023-02-27;"segunda-feira";"07:25:00";"PR";369;133;"IBIPORA";"Desrespeitar a preferência no cruzamento";"Colisão transversal";"Sem Vítimas";"Pleno dia";"Crescente";"Nublado";"Dupla";"Não Informado";"Não";2;0;0;0;2;0;0;2;-23,26063428;-51,01269186;"SPRF-PR";"DEL07-PR";"UOP01-DEL07-PR"
507434;2023-02-27;"segunda-feira";"06:30:00";"PR";277;284;"PRUDENTOPOLIS";"Manobra de mudança de faixa";"Colisão com objeto";"Com Vítimas Feridas";"Pleno dia";"Decrescente";"Nublado";"Simples";"Reta";"Não";2;0;0;1;1;0;1;1;-25,34688486;-50,9324159;"SPRF-PR";"DEL08-PR";"UOP02-DEL08-PR"
507435;2023-02-27;"segunda-feira";"07:15:00";"SP";153;61;"SAO JOSE DO RIO PRETO";"Reação tardia ou ineficiente do condutor";"Colisão traseira";"Com Vítimas Feridas";"Pleno dia";"Crescente";"Céu Claro";"Dupla";"Não Informado";"Não";2;0;0;1;0;1;1;2;-20,80502876;-49,35574909;"SPRF-SP";"DEL09-SP";"UOP01-DEL09-SP"
507436;2023-02-27;"segunda-feira";"05:00:00";"RJ";40;117;"DUQUE DE CAXIAS";"Animais na Pista";"Atropelamento de Animal";"Com Vítimas Feridas";"Amanhecer";"Decrescente";"Céu Claro";"Múltipla";"Reta";"Sim";1;0;1;0;0;0;1;1;-22,745676;-43,2881;"SPRF-RJ";"DEL01-RJ";"UOP01-DEL01-RJ"
507437;2023-02-27;"segunda-feira";"07:15:00";"SC";101;208;"SAO JOSE";"Reação tardia ou ineficiente do condutor";"Colisão traseira";"Sem Vítimas";"Pleno dia";"Decrescente";"Céu Claro";"Simples";"Reta";"Sim";2;0;0;0;2;0;0;2;-27,60327979;-48,63201818;"SPRF-SC";"DEL01-SC";"UOP01-DEL01-SC"
507438;2023-02-27;"segunda-feira";"07:33:00";"DF";40;5;"BRASILIA";"Condutor Dormindo";"Colisão transversal";"Com Vítimas Feridas";"Pleno dia";"Decrescente";"Céu Claro";"Dupla";"Reta";"Sim";2;0;0;1;1;0;1;2;-16,020903;-47,980541;"SPRF-DF";"DEL01-DF";"UOP01-DEL01-DF"
507439;2023-02-27;"segunda-feira";"07:00:00";"PR";277;75,5;"SAO JOSE DOS PINHAIS";"Reação tardia ou ineficiente do condutor";"Colisão traseira";"Com Vítimas Feridas";"Pleno dia";"Crescente";"Céu Claro";"Múltipla";"Reta";"Sim";4;0;1;0;3;0;1;3;-25,491881;-49,172051;"SPRF-PR";"DEL01-PR";"UOP01-DEL01-PR"
507440;2023-02-27;"segunda-feira";"07:15:00";"PR";277;725,2;"FOZ DO IGUACU";"Condutor deixou de manter distância do veículo da frente";"Colisão traseira";"Com Vítimas Feridas";"Pleno dia";"Crescente";"Céu Claro";"Dupla";"Não Informado";"Sim";3;0;1;0;2;0;1;2;-25,50823541;-54,54619865;"SPRF-PR";"DEL05-PR";"UOP03-DEL05-PR"
507441;2023-02-27;"segunda-feira";"07:15:00";"BA";324;621;"SALVADOR";"Manobra de mudança de faixa";"Colisão lateral mesmo sentido";"Com Vítimas Feridas";"Pleno dia";"Crescente";"Céu Claro";"Dupla";"Reta";"Não";3;0;1;0;1;1;1;2;-12,91233708;-38,45956983;"SPRF-BA";"DEL01-BA";"UOP01-DEL01-BA"
507442;2023-02-27;"segunda-feira";"07:40:00";"GO";70;0;"AGUAS LINDAS DE GOIAS";"Manobra de mudança de faixa";"Colisão traseira";"Com Vítimas Feridas";"Pleno dia";"Decrescente";"Céu Claro";"Dupla";"Não Informado";"Não";2;0;0;1;1;0;1;2;-15,783543;-48,2326;"SPRF-DF";"DEL01-DF";"UOP03-DEL01-DF"
507443;2023-02-27;"segunda-feira";"07:20:00";"RJ";101;316,5;"SAO GONCALO";"Condutor deixou de manter distância do veículo da frente";"Colisão traseira";"Com Vítimas Feridas";"Pleno dia";"Crescente";"Sol";"Dupla";"Reta";"Sim";3;0;2;0;1;0;2;2;-22,82835879;-43,09208739;"SPRF-RJ";"DEL02-RJ";"UOP02-DEL02-RJ"
507444;2023-02-27;"segunda-feira";"08:00:00";"RS";290;79;"PORTO ALEGRE";"Manobra de mudança de faixa";"Tombamento";"Com Vítimas Feridas";"Pleno dia";"Decrescente";"Nublado";"Dupla";"Reta";"Sim";1;0;1;0;0;0;1;1;-29,952908;-51,048054;"SPRF-RS";"DEL01-RS";"UOP01-DEL01-RS"
507445;2023-02-27;"segunda-feira";"07:10:00";"SC";470;147,9;"RIO DO SUL";"Acessar a via sem observar a presença dos outros veículos";"Colisão transversal";"Com Vítimas Feridas";"Pleno dia";"Decrescente";"Céu Claro";"Simples";"Reta";"Não";2;0;1;1;0;0;2;2;-27,243439;-49,690025;"SPRF-SC";"DEL04-SC";"UOP02-DEL04-SC"
507446;2023-02-27;"segunda-feira";"07:57:00";"SP";116;164,4;"JACAREI";"Afundamento ou ondulação no pavimento";"Queda de ocupante de veículo";"Com Vítimas Feridas";"Pleno dia";"Decrescente";"Céu Claro";"Dupla";"Reta";"Não";1;0;0;1;0;0;1;1;-23,29166028;-46,00002382;"SPRF-SP";"DEL02-SP";"UOP01-DEL02-SP"
507448;2023-02-10;"sexta-feira";"03:10:00";"PA";163;410;"ITAITUBA";"Ausência de reação do condutor";"Saída de leito carroçável";"Com Vítimas Fatais";"Plena Noite";"Decrescente";"Nublado";"Simples";"Reta";"Sim";3;1;0;0;0;2;0;1;-6,22176;-55,626835;"SPRF-PA";"DEL05-PA";"UOP02-DEL05-PA"
507449;2023-02-27;"segunda-feira";"06:30:00";"RJ";356;183;"SAO JOAO DA BARRA";"Entrada inopinada do pedestre";"Atropelamento de Pedestre";"Com Vítimas Feridas";"Pleno dia";"Crescente";"Céu Claro";"Simples";"Reta";"Sim";2;0;0;1;1;0;1;1;-21,639017;-41,048191;"SPRF-RJ";"DEL08-RJ";"UOP02-DEL08-RJ"
507450;2023-02-27;"segunda-feira";"09:00:00";"PB";230;23;"JOAO PESSOA";"Manobra de mudança de faixa";"Colisão lateral mesmo sentido";"Com Vítimas Feridas";"Pleno dia";"Decrescente";"Céu Claro";"Dupla";"Não Informado";"Sim";3;0;0;1;2;0;1;2;-7,16606619;-34,8630631;"SPRF-PB";"DEL01-PB";"UOP01-DEL01-PB"
507452;2023-02-27;"segunda-feira";"07:55:00";"GO";153;198;"URUACU";"Mal súbito do condutor";"Saída de leito carroçável";"Com Vítimas Feridas";"Pleno dia";"Decrescente";"Céu Claro";"Múltipla";"Não Informado";"Não";2;0;2;0;0;0;2;1;-14,49657;-49,151176;"SPRF-GO";"DEL07-GO";"UOP02-DEL07-GO"
507453;2023-02-27;"segunda-feira";"06:45:00";"RJ";116;183;"NOVA IGUACU";"Reação tardia ou ineficiente do condutor";"Engavetamento";"Com Vítimas Feridas";"Pleno dia";"Crescente";"Céu Claro";"Múltipla";"Reta";"Sim";5;0;2;0;3;0;2;5;-22,74647215;-43,44594311;"SPRF-RJ";"DEL01-RJ";"UOP02-DEL01-RJ"
507455;2023-02-27;"segunda-feira";"09:05:00";"SC";101;207;"SAO JOSE";"Condutor deixou de manter distância do veículo da frente";"Colisão traseira";"Com Vítimas Feridas";"Pleno dia";"Crescente";"Céu Claro";"Múltipla";"Reta";"Sim";2;0;1;0;1;0;1;2;-27,60001226;-48,6226467;"SPRF-SC";"DEL01-SC";"UOP01-DEL01-SC"
507456;2023-02-27;"segunda-feira";"08:30:00";"GO";40;2,3;"VALPARAISO DE GOIAS";"Manobra de mudança de faixa";"Colisão lateral mesmo sentido";"Com Vítimas Feridas";"Pleno dia";"Crescente";"Sol";"Dupla";"Reta";"Sim";2;0;1;0;1;0;1;2;-16,06925589;-47,98469966;"SPRF-DF";"DEL01-DF";"UOP01-DEL01-DF"
507457;2023-02-27;"segunda-feira";"05:40:00";"PR";163;100;"CAPANEMA";"Ausência de reação do condutor";"Colisão com objeto";"Com Vítimas Fatais";"Pleno dia";"Decrescente";"Céu Claro";"Simples";"Reta";"Sim";1;1;0;0;0;0;0;1;-25,61294339;-53,78415976;"SPRF-PR";"DEL02-PR";"UOP02-DEL02-PR"
507458;2023-02-27;"segunda-feira";"09:30:00";"PE";232;408;"SERRA TALHADA";"Transitar na contramão";"Colisão frontal";"Com Vítimas Feridas";"Pleno dia";"Decrescente";"Céu Claro";"Simples";"Não Informado";"Sim";2;0;2;0;0;0;2;2;-7,98371447;-38,28047709;"SPRF-PE";"DEL04-PE";"UOP01-DEL04-PE"
507459;2023-02-27;"segunda-feira";"07:30:00";"GO";153;393,5;"SAO FRANCISCO DE GOIAS";"Ultrapassagem Indevida";"Colisão traseira";"Com Vítimas Feridas";"Pleno dia";"Crescente";"Céu Claro";"Simples";"Reta";"Não";5;0;4;0;1;0;4;2;-15,987192;-49,155126;"SPRF-GO";"DEL02-GO";"UOP02-DEL02-GO"
507460;2023-02-27;"segunda-feira";"07:30:00";"PE";101;135,9;"ESCADA";"Acessar a via sem observar a presença dos outros veículos";"Colisão traseira";"Com Vítimas Feridas";"Pleno dia";"Crescente";"Céu Claro";"Dupla";"Não Informado";"Não";3;0;1;0;2;0;1;3;-8,41464003;-35,30456543;"SPRF-PE";"DEL01-PE";"UOP03-DEL01-PE"
507461;2023-02-27;"segunda-feira";"09:20:00";"MA";135;3;"SAO LUIS";"Entrada inopinada do pedestre";"Atropelamento de Pedestre";"Com Vítimas Feridas";"Pleno dia";"Decrescente";"Céu Claro";"Dupla";"Reta";"Sim";3;0;3;0;0;0;3;1;-2,606802;-44,247512;"SPRF-MA";"DEL01-MA";"UOP01-DEL01-MA"
507464;2023-02-03;"sexta-feira";"11:07:00";"BA";324;514;"FEIRA DE SANTANA";"Acessar a via sem observar a presença dos outros veículos";"Colisão transversal";"Com Vítimas Feridas";"Pleno dia";"Crescente";"Sol";"Simples";"Reta";"Sim";3;0;1;0;2;0;1;2;-12,232602;-38,950472;"SPRF-BA";"DEL02-BA";"UOP01-DEL02-BA"
507466;2023-02-27;"segunda-feira";"10:25:00";"PR";376;490,9;"PONTA GROSSA";"Condutor deixou de manter distância do veículo da frente";"Colisão traseira";"Com Vítimas Feridas";"Pleno dia";"Decrescente";"Nublado";"Dupla";"Reta";"Não";2;0;1;0;1;0;1;2;-25,14692309;-50,15072006;"SPRF-PR";"DEL03-PR";"UOP04-DEL03-PR"
507467;2023-02-27;"segunda-feira";"08:00:00";"PI";343;549;"FRANCISCO AYRES";"Chuva";"Saída de leito carroçável";"Com Vítimas Feridas";"Pleno dia";"Decrescente";"Chuva";"Simples";"Não Informado";"Não";2;0;1;1;0;0;2;1;-6,603868;-42,812386;"SPRF-PI";"DEL03-PI";"UOP01-DEL03-PI"
507468;2023-02-27;"segunda-feira";"07:10:00";"MG";40;516,8;"RIBEIRAO DAS NEVES";"Ausência de reação do condutor";"Colisão lateral mesmo sentido";"Sem Vítimas";"Pleno dia";"Crescente";"Céu Claro";"Dupla";"Curva";"Sim";2;0;0;0;1;1;0;2;-19,82180162;-44,08500195;"SPRF-MG";"DEL01-MG";"UOP02-DEL01-MG"
507469;2023-02-27;"segunda-feira";"10:40:00";"RS";116;217,2;"MORRO REUTER";"Ultrapassagem Indevida";"Colisão lateral sentido oposto";"Com Vítimas Feridas";"Pleno dia";"Decrescente";"Céu Claro";"Simples";"Curva";"Não";2;0;1;0;1;0;1;2;-29,54396389;-51,08555876;"SPRF-RS";"DEL05-RS";"UOP02-DEL05-RS"
507470;2023-02-27;"segunda-feira";"10:40:00";"RS";290;167;"BUTIA";"Acessar a via sem observar a presença dos outros veículos";"Colisão transversal";"Com Vítimas Feridas";"Pleno dia";"Crescente";"Céu Claro";"Simples";"Reta";"Não";2;0;2;0;0;0;2;2;-30,123198;-51,878967;"SPRF-RS";"DEL02-RS";"UOP03-DEL02-RS"
507472;2023-01-02;"segunda-feira";"11:00:00";"PA";10;354;"SANTA MARIA DO PARA";"Condutor deixou de manter distância do veículo da frente";"Colisão traseira";"Sem Vítimas";"Pleno dia";"Crescente";"Céu Claro";"Simples";"Reta";"Sim";2;0;0;0;2;0;0;2;-1,34759789;-47,57735696;"SPRF-PA";"DEL01-PA";"UOP02-DEL01-PA"
507473;2023-02-27;"segunda-feira";"09:05:00";"SP";116;101,8;"PINDAMONHANGABA";"Avarias e/ou desgaste excessivo no pneu";"Queda de ocupante de veículo";"Com Vítimas Feridas";"Pleno dia";"Crescente";"Céu Claro";"Dupla";"Desvio Temporário";"Não";2;0;2;0;0;0;2;1;-22,99178017;-45,48365593;"SPRF-SP";"DEL08-SP";"UOP01-DEL08-SP"
507474;2023-02-27;"segunda-feira";"11:00:00";"SP";116;130;"CACAPAVA";"Reação tardia ou ineficiente do condutor";"Capotamento";"Com Vítimas Feridas";"Pleno dia";"Decrescente";"Céu Claro";"Dupla";"Reta";"Não";2;0;0;1;1;0;1;1;-23,12313858;-45,72792271;"SPRF-SP";"DEL02-SP";"UOP02-DEL02-SP"
507478;2023-02-27;"segunda-feira";"08:45:00";"MT";163;1041;"MATUPA";"Retorno proibido";"Colisão transversal";"Com Vítimas Feridas";"Pleno dia";"Crescente";"Céu Claro";"Dupla";"Não Informado";"Não";4;0;2;0;1;1;2;2;-10,1555817;-54,9328597;"SPRF-MT";"DEL06-MT";"UOP03-DEL06-MT"
507479;2023-02-27;"segunda-feira";"07:50:00";"SC";282;572;"NOVA ERECHIM";"Reação tardia ou ineficiente do condutor";"Capotamento";"Com Vítimas Feridas";"Pleno dia";"Crescente";"Nevoeiro/Neblina";"Simples";"Não Informado";"Não";2;0;2;0;0;0;2;1;-26,879332;-52,949421;"SPRF-SC";"DEL07-SC";"UOP02-DEL07-SC"
507480;2023-02-27;"segunda-feira";"10:00:00";"MS";163;479;"CAMPO GRANDE";"Demais falhas mecânicas ou elétricas";"Tombamento";"Com Vítimas Feridas";"Pleno dia";"Crescente";"Céu Claro";"Simples";"Curva";"Sim";1;0;1;0;0;0;1;1;-20,487322;-54,55929095;"SPRF-MS";"DEL01-MS";"UOP01-DEL01-MS"
507481;2023-02-27;"segunda-feira";"11:35:00";"MG";381;508;"SAO JOAQUIM DE BICAS";"Reação tardia ou ineficiente do condutor";"Queda de ocupante de veículo";"Com Vítimas Feridas";"Pleno dia";"Crescente";"Céu Claro";"Dupla";"Curva";"Sim";2;0;2;0;0;0;2;1;-20,06277698;-44,29329002;"SPRF-MG";"DEL04-MG";"UOP03-DEL04-MG"
507484;2023-02-27;"segunda-feira";"11:55:00";"SC";101;213,2;"PALHOCA";"Reação tardia ou ineficiente do condutor";"Colisão traseira";"Com Vítimas Feridas";"Pleno dia";"Crescente";"Céu Claro";"Dupla";"Reta";"Sim";2;0;1;0;1;0;1;2;-27,63697369;-48,66514142;"SPRF-SC";"DEL01-SC";"UOP02-DEL01-SC"
507485;2023-02-26;"domingo";"23:00:00";"MG";116;448;"ENGENHEIRO CALDAS";"Ausência de reação do condutor";"Saída de leito carroçável";"Com Vítimas Feridas";"Plena Noite";"Crescente";"Céu Claro";"Simples";"Curva";"Não";1;0;0;1;0;0;1;1;-19,13583301;-42,01738139;"SPRF-MG";"DEL06-MG";"UOP02-DEL06-MG"
507486;2023-02-27;"segunda-feira";"12:30:00";"RJ";101;66;"CAMPOS DOS GOYTACAZES";"Acesso irregular";"Colisão transversal";"Com Vítimas Feridas";"Pleno dia";"Crescente";"Céu Claro";"Simples";"Reta";"Sim";2;0;1;0;1;0;1;2;-21,76090387;-41,34788959;"SPRF-RJ";"DEL08-RJ";"UOP02-DEL08-RJ"
507487;2023-02-27;"segunda-feira";"08:30:00";"RS";285;122,8;"VACARIA";"Desrespeitar a preferência no cruzamento";"Colisão transversal";"Sem Vítimas";"Pleno dia";"Crescente";"Sol";"Simples";"Interseção de vias";"Sim";2;0;0;0;2;0;0;2;-28,505535;-50,944073;"SPRF-RS";"DEL05-RS";"UOP03-DEL05-RS"
507488;2023-02-27;"segunda-feira";"12:15:00";"SC";282;531,5;"CORDILHEIRA ALTA";"Acessar a via sem observar a presença dos outros veículos";"Colisão transversal";"Com Vítimas Feridas";"Pleno dia";"Decrescente";"Céu Claro";"Simples";"Interseção de vias";"Sim";5;0;1;0;4;0;1;3;-26,993975;-52,611163;"SPRF-SC";"DEL07-SC";"UOP01-DEL07-SC"
507490;2023-02-27;"segunda-feira";"11:30:00";"MA";135;3,7;"SAO LUIS";"Reação tardia ou ineficiente do condutor";"Colisão lateral sentido oposto";"Sem Vítimas";"Pleno dia";"Decrescente";"Céu Claro";"Dupla";"Reta";"Sim";2;0;0;0;2;0;0;2;-2,606802;-44,247512;"SPRF-MA";"DEL01-MA";"UOP01-DEL01-MA"
507491;2023-02-26;"domingo";"23:00:00";"BA";116;244,8;"QUIJINGUE";"Reação tardia ou ineficiente do condutor";"Saída de leito carroçável";"Com Vítimas Fatais";"Plena Noite";"Decrescente";"Céu Claro";"Simples";"Reta";"Não";1;1;0;0;0;0;0;1;-10,736725;-38,912897;"SPRF-BA";"DEL07-BA";"UOP02-DEL07-BA"