"id";"data_inversa";"dia_semana";"horario";"uf";"br";"km";"municipio";"causa_acidente";"tipo_acidente";"classificacao_acidente";"fase_dia";"sentido_via";"condicao_metereologica";"tipo_pista";"tracado_via";"uso_solo";"pessoas";"mortos";"feridos_leves";"feridos_graves";"ilesos";"ignorados";"feridos";"veiculos";"latitude";"longitude";"regional";"delegacia";"uop"
507492;2023-02-27;"segunda-feira";"12:30:00";"SC";101;219;"PALHOCA";"Acessar a via sem observar a presença dos outros veículos";"Colisão transversal";"Com Vítimas Feridas";"Pleno dia";"Crescente";"Sol";"Múltipla";"Interseção de vias";"Sim";2;0;1;0;1;0;1;2;-27,68392194;-48,66710085;"SPRF-SC";"DEL01-SC";"UOP02-DEL01-SC"
507493;2023-02-27;"segunda-feira";"12:30:00";"MG";365;425,9;"PATOS DE MINAS";"Demais falhas mecânicas ou elétricas";"Incêndio";"Sem Vítimas";"Pleno dia";"Crescente";"Céu Claro";"Simples";"Reta";"Não";1;0;0;0;1;0;0;1;-18,74513579;-46,63283911;"SPRF-MG";"DEL10-MG";"UOP01-DEL10-MG"
507494;2023-02-27;"segunda-feira";"12:10:00";"MS";262;10;"TRES LAGOAS";"Ausência de reação do condutor";"Tombamento";"Com Vítimas Feridas";"Pleno dia";"Decrescente";"Céu Claro";"Simples";"Reta";"Sim";1;0;1;0;0;0;1;1;-20,81201065;-51,69252359;"SPRF-MS";"DEL07-MS";"UOP01-DEL07-MS"
507497;2023-02-04;"sábado";"20:00:00";"PA";316;224;"VISEU";"Reação tardia ou ineficiente do condutor";"Colisão traseira";"Com Vítimas Feridas";"Plena Noite";"Decrescente";"Ignorado";"Simples";"Reta";"Sim";5;0;0;2;1;2;2;2;-1,685249;-46,707072;"SPRF-PA";"DEL01-PA";"UOP03-DEL01-PA"
507499;2023-02-27;"segunda-feira";"13:05:00";"RN";101;105;"PARNAMIRIM";"Condutor deixou de manter distância do veículo da frente";"Colisão traseira";"Com Vítimas Feridas";"Pleno dia";"Decrescente";"Céu Claro";"Dupla";"Interseção de vias";"Sim";4;0;3;0;1;0;3;3;-5,90165196;-35,25928517;"SPRF-RN";"DEL01-RN";"UOP01-DEL01-RN"
507502;2023-02-27;"segunda-feira";"14:30:00";"ES";262;31;"DOMINGOS MARTINS";"Reação tardia ou ineficiente do condutor";"Colisão frontal";"Com Vítimas Feridas";"Pleno dia";"Decrescente";"Céu Claro";"Simples";"Reta";"Não";4;0;2;0;2;0;2;3;-20,3805123;-40,56830627;"SPRF-ES";"DEL01-ES";"UOP01-DEL01-ES"
507504;2023-01-07;"sábado";"09:10:00";"BA";116;319;"ARACI";"Transitar na contramão";"Saída de leito carroçável";"Com Vítimas Feridas";"Pleno dia";"Decrescente";"Céu Claro";"Simples";"Reta";"Não";1;0;0;1;0;0;1;1;-11,3191949;-38,9475717;"SPRF-BA";"DEL02-BA";"UOP01-DEL02-BA"
507505;2023-02-27;"segunda-feira";"13:10:00";"MS";376;0,2;"DOURADOS";"Condutor deixou de manter distância do veículo da frente";"Colisão traseira";"Sem Vítimas";"Pleno dia";"Crescente";"Céu Claro";"Simples";"Reta";"Não";3;0;0;0;3;0;0;2;-22,195822;-54,6922;"SPRF-MS";"DEL04-MS";"UOP01-DEL04-MS"
507507;2023-02-27;"segunda-feira";"13:30:00";"PR";116;206,4;"RIO NEGRO";"Condutor deixou de manter distância do veículo da frente";"Colisão traseira";"Com Vítimas Feridas";"Pleno dia";"Crescente";"Céu Claro";"Simples";"Interseção de vias";"Não";2;0;1;0;1;0;1;2;-26,06427183;-49,73114671;"SPRF-SC";"DEL06-SC";"UOP01-DEL06-SC"
507509;2023-02-04;"sábado";"14:30:00";"SC";101;215;"PALHOCA";"Ingestão de álcool pelo condutor";"Colisão com objeto";"Com Vítimas Feridas";"Pleno dia";"Decrescente";"Sol";"Múltipla";"Reta";"Sim";1;0;0;1;0;0;1;1;-27,65184843;-48,67604941;"SPRF-SC";"DEL01-SC";"UOP02-DEL01-SC"
507513;2023-02-27;"segunda-feira";"15:30:00";"PR";277;597,8;"CASCAVEL";"Chuva";"Colisão com objeto";"Com Vítimas Feridas";"Pleno dia";"Crescente";"Chuva";"Simples";"Não Informado";"Sim";1;0;0;1;0;0;1;1;-24,99513602;-53,51418998;"SPRF-PR";"DEL04-PR";"UOP01-DEL04-PR"
507516;2023-02-27;"segunda-feira";"15:45:00";"PA";155;109;"MARABA";"Ingestão de álcool pelo condutor";"Colisão traseira";"Com Vítimas Feridas";"Pleno dia";"Crescente";"Céu Claro";"Simples";"Reta";"Não";2;0;2;0;0;0;2;2;-5,37556868;-49,02202606;"SPRF-PA";"DEL03-PA";"UOP01-DEL03-PA"
507519;2023-02-27;"segunda-feira";"16:25:00";"PE";232;9;"RECIFE";"Avarias e/ou desgaste excessivo no pneu";"Queda de ocupante de veículo";"Com Vítimas Feridas";"Pleno dia";"Decrescente";"Céu Claro";"Dupla";"Não Informado";"Sim";1;0;1;0;0;0;1;1;-8,07764447;-34,97863609;"SPRF-PE";"DEL01-PE";"UOP01-DEL01-PE"
507522;2023-02-27;"segunda-feira";"15:50:00";"PI";316;312,9;"PICOS";"Reação tardia ou ineficiente do condutor";"Colisão traseira";"Com Vítimas Feridas";"Pleno dia";"Decrescente";"Nublado";"Simples";"Reta";"Sim";2;0;1;0;1;0;1;2;-7,08092534;-41,4582602;"SPRF-PI";"DEL04-PI";"UOP01-DEL04-PI"
507523;2023-02-27;"segunda-feira";"16:00:00";"SC";101;214,3;"PALHOCA";"Desrespeitar a preferência no cruzamento";"Colisão transversal";"Com Vítimas Feridas";"Pleno dia";"Decrescente";"Céu Claro";"Dupla";"Reta";"Não";2;0;1;0;1;0;1;2;-27,64443;-48,67057;"SPRF-SC";"DEL01-SC";"UOP02-DEL01-SC"
507524;2023-02-27;"segunda-feira";"16:06:00";"SC";470;140,9;"RIO DO SUL";"Acessar a via sem observar a presença dos outros veículos";"Colisão traseira";"Com Vítimas Feridas";"Pleno dia";"Decrescente";"Céu Claro";"Simples";"Não Informado";"Sim";2;0;1;0;1;0;1;2;-27,207214;-49,648476;"SPRF-SC";"DEL04-SC";"UOP02-DEL04-SC"
507525;2023-02-27;"segunda-feira";"10:45:00";"GO";20;106;"FLORES DE GOIAS";"Objeto estático sobre o leito carroçável";"Colisão com objeto";"Sem Vítimas";"Pleno dia";"Crescente";"Céu Claro";"Simples";"Reta";"Não";2;0;0;0;2;0;0;1;-14,914956;-46,94873;"SPRF-DF";"DEL02-DF";"UOP03-DEL02-DF"
507526;2023-02-27;"segunda-feira";"16:50:00";"MG";40;619;"CONSELHEIRO LAFAIETE";"Pedestre cruzava a pista fora da faixa";"Atropelamento de Pedestre";"Com Vítimas Feridas";"Pleno dia";"Decrescente";"Céu Claro";"Simples";"Curva";"Sim";2;0;1;0;1;0;1;1;-20,575527;-43,812986;"SPRF-MG";"DEL05-MG";"UOP02-DEL05-MG"
507527;2023-02-07;"terça-feira";"19:00:00";"SC";470;136;"RIO DO SUL";"Frear bruscamente";"Colisão traseira";"Com Vítimas Feridas";"Anoitecer";"Crescente";"Nublado";"Múltipla";"Rotatória";"Sim";3;0;1;0;2;0;1;2;-27,222485;-49,662827;"SPRF-SC";"DEL04-SC";"UOP02-DEL04-SC"
507530;2023-02-18;"sábado";"00:30:00";"MT";70;0;"PONTAL DO ARAGUAIA";"Manobra de mudança de faixa";"Colisão lateral mesmo sentido";"Com Vítimas Feridas";"Plena Noite";"Decrescente";"Nublado";"Dupla";"Reta";"Sim";3;0;1;0;2;0;1;2;-15,895538;-52,25599;"SPRF-MT";"DEL07-MT";"UOP01-DEL07-MT"
507531;2023-02-27;"segunda-feira";"15:35:00";"MT";163;730;"SORRISO";"Demais falhas mecânicas ou elétricas";"Saída de leito carroçável";"Com Vítimas Feridas";"Pleno dia";"Crescente";"Chuva";"Simples";"Reta";"Não";2;0;1;1;0;0;2;1;-12,83712601;-55,82383988;"SPRF-MT";"DEL06-MT";"UOP01-DEL06-MT"
507532;2023-02-27;"segunda-feira";"11:20:00";"GO";60;220;"CEZARINA";"Velocidade Incompatível";"Saída de leito carroçável";"Com Vítimas Feridas";"Pleno dia";"Crescente";"Céu Claro";"Simples";"Interseção de vias";"Não";1;0;0;1;0;0;1;1;-16,9809;-49,7475;"SPRF-GO";"DEL01-GO";"UOP02-DEL01-GO"
507533;2023-02-27;"segunda-feira";"14:30:00";"SC";163;70,8;"SAO MIGUEL DO OESTE";"Desrespeitar a preferência no cruzamento";"Colisão transversal";"Sem Vítimas";"Pleno dia";"Decrescente";"Nublado";"Simples";"Não Informado";"Sim";2;0;0;0;2;0;0;2;-26,72963774;-53,5115397;"SPRF-SC";"DEL07-SC";"UOP03-DEL07-SC"
507534;2023-02-27;"segunda-feira";"18:00:00";"CE";116;483,5;"MILAGRES";"Pista esburacada";"Tombamento";"Com Vítimas Feridas";"Plena Noite";"Decrescente";"Céu Claro";"Simples";"Reta";"Não";1;0;0;1;0;0;1;1;-7,33024;-38,937247;"SPRF-CE";"DEL05-CE";"UOP03-DEL05-CE"
507535;2023-02-27;"segunda-feira";"12:00:00";"GO";60;183;"ABADIA DE GOIAS";"Avarias e/ou desgaste excessivo no pneu";"Queda de ocupante de veículo";"Com Vítimas Feridas";"Pleno dia";"Decrescente";"Sol";"Dupla";"Não Informado";"Não";2;0;0;2;0;0;2;1;-16,7848;-49,4946;"SPRF-GO";"DEL01-GO";"UOP02-DEL01-GO"
507536;2023-02-27;"segunda-feira";"17:50:00";"RS";285;288;"PASSO FUNDO";"Manobra de mudança de faixa";"Colisão transversal";"Sem Vítimas";"Pleno dia";"Decrescente";"Céu Claro";"Simples";"Reta";"Não";2;0;0;0;2;0;0;2;-28,236942;-52,326725;"SPRF-RS";"DEL08-RS";"UOP03-DEL08-RS"
507538;2023-02-27;"segunda-feira";"18:00:00";"SC";101;139,2;"BALNEARIO CAMBORIU";"Manobra de mudança de faixa";"Colisão lateral mesmo sentido";"Com Vítimas Feridas";"Pleno dia";"Crescente";"Sol";"Dupla";"Reta";"Não";2;0;0;1;1;0;1;2;-27,02982303;-48,60115006;"SPRF-SC";"DEL04-SC";"UOP03-DEL04-SC"
507540;2023-02-27;"segunda-feira";"18:15:00";"ES";101;140,9;"LINHARES";"Pedestre andava na pista";"Atropelamento de Pedestre";"Com Vítimas Feridas";"Pleno dia";"Crescente";"Céu Claro";"Múltipla";"Reta";"Sim";2;0;1;0;1;0;1;1;-19,32655693;-40,07192387;"SPRF-ES";"DEL04-ES";"UOP01-DEL04-ES"
507541;2023-02-27;"segunda-feira";"17:45:00";"MG";262;362;"JUATUBA";"Pista esburacada";"Colisão com objeto";"Com Vítimas Feridas";"Plena Noite";"Crescente";"Céu Claro";"Simples";"Reta";"Sim";1;0;1;0;0;0;1;1;-19,98332997;-44,23572401;"SPRF-MG";"DEL01-MG";"UOP03-DEL01-MG"
507542;2023-02-27;"segunda-feira";"18:15:00";"MG";40;523;"CONTAGEM";"Ausência de reação do condutor";"Colisão com objeto";"Com Vítimas Feridas";"Anoitecer";"Decrescente";"Céu Claro";"Dupla";"Reta";"Sim";2;0;1;0;1;0;1;1;-19,86874894;-44,05962197;"SPRF-MG";"DEL01-MG";"UOP02-DEL01-MG"
507544;2023-02-27;"segunda-feira";"18:30:00";"ES";101;70,8;"SAO MATEUS";"Acessar a via sem observar a presença dos outros veículos";"Colisão transversal";"Com Vítimas Feridas";"Plena Noite";"Crescente";"Céu Claro";"Simples";"Reta";"Não";2;0;1;0;1;0;1;2;-18,753513;-39,862598;"SPRF-ES";"DEL04-ES";"UOP02-DEL04-ES"
507545;2023-02-27;"segunda-feira";"17:50:00";"RO";364;338,5;"JI-PARANA";"Acessar a via sem observar a presença dos outros veículos";"Colisão lateral sentido oposto";"Com Vítimas Feridas";"Anoitecer";"Decrescente";"Céu Claro";"Simples";"Reta";"Sim";3;0;2;0;1;0;2;2;-10,91683399;-61,9298606;"SPRF-RO";"DEL02-RO";"UOP01-DEL02-RO"
507546;2023-02-27;"segunda-feira";"19:27:00";"GO";40;20;"LUZIANIA";"Velocidade Incompatível";"Colisão frontal";"Com Vítimas Feridas";"Plena Noite";"Decrescente";"Céu Claro";"Dupla";"Reta";"Não";2;0;2;0;0;0;2;2;-16,21849;-47,915478;"SPRF-DF";"DEL01-DF";"UOP01-DEL01-DF"
507547;2023-02-27;"segunda-feira";"16:50:00";"MS";262;356;"CAMPO GRANDE";"Acumulo de óleo sobre o pavimento";"Tombamento";"Com Vítimas Feridas";"Pleno dia";"Crescente";"Céu Claro";"Simples";"Reta";"Sim";2;0;1;0;0;1;1;1;-20,54745913;-54,68046404;"SPRF-MS";"DEL01-MS";"UOP03-DEL01-MS"
507549;2023-02-27;"segunda-feira";"09:00:00";"BA";101;83;"ALAGOINHAS";"Ausência de reação do condutor";"Saída de leito carroçável";"Com Vítimas Feridas";"Pleno dia";"Decrescente";"Chuva";"Simples";"Reta";"Não";2;0;1;0;1;0;1;1;-12,0360429;-38,29621809;"SPRF-BA";"DEL01-BA";"UOP04-DEL01-BA"
507550;2023-02-27;"segunda-feira";"18:40:00";"RS";116;264;"CANOAS";"Demais falhas mecânicas ou elétricas";"Queda de ocupante de veículo";"Com Vítimas Feridas";"Plena Noite";"Crescente";"Céu Claro";"Dupla";"Reta";"Sim";2;0;1;0;0;1;1;1;-29,914435;-51,17754495;"SPRF-RS";"DEL01-RS";"UOP01-DEL01-RS"
507551;2023-02-27;"segunda-feira";"19:10:00";"SC";470;18;"ILHOTA";"Conversão proibida";"Colisão transversal";"Com Vítimas Feridas";"Plena Noite";"Crescente";"Céu Claro";"Simples";"Reta";"Não";3;0;1;0;2;0;1;2;-26,855534;-48,808922;"SPRF-SC";"DEL04-SC";"UOP04-DEL04-SC"
507552;2023-02-27;"segunda-feira";"17:46:00";"PE";101;75,3;"RECIFE";"Ausência de reação do condutor";"Engavetamento";"Com Vítimas Fatais";"Anoitecer";"Crescente";"Nublado";"Dupla";"Reta";"Sim";5;1;0;0;3;1;0;4;-8,1142;-34,945195;"SPRF-PE";"DEL01-PE";"UOP01-DEL01-PE"
507553;2023-02-27;"segunda-feira";"18:50:00";"RJ";101;389,8;"RIO DE JANEIRO";"Reação tardia ou ineficiente do condutor";"Colisão traseira";"Com Vítimas Feridas";"Anoitecer";"Decrescente";"Céu Claro";"Simples";"Não Informado";"Sim";2;0;1;0;1;0;1;2;-22,89077885;-43,66684705;"SPRF-RJ";"DEL01-RJ";"UOP04-DEL01-RJ"
507555;2023-02-27;"segunda-feira";"19:10:00";"MS";262;374;"TERENOS";"Pedestre cruzava a pista fora da faixa";"Atropelamento de Pedestre";"Com Vítimas Feridas";"Plena Noite";"Decrescente";"Céu Claro";"Simples";"Reta";"Não";2;0;1;0;1;0;1;1;-20,48772428;-54,81319021;"SPRF-MS";"DEL01-MS";"UOP03-DEL01-MS"
507556;2023-02-27;"segunda-feira";"19:40:00";"PB";230;151,7;"CAMPINA GRANDE";"Objeto estático sobre o leito carroçável";"Colisão traseira";"Com Vítimas Feridas";"Plena Noite";"Decrescente";"Nublado";"Simples";"Não Informado";"Não";3;0;3;0;0;0;3;2;-7,2587;-35,8778;"SPRF-PB";"DEL02-PB";"UOP01-DEL02-PB"
507557;2023-02-27;"segunda-feira";"20:02:00";"DF";20;10;"BRASILIA";"Acumulo de óleo sobre o pavimento";"Saída de leito carroçável";"Com Vítimas Feridas";"Plena Noite";"Crescente";"Céu Claro";"Dupla";"Não Informado";"Sim";2;0;1;0;0;1;1;1;-15,642812;-47,757786;"SPRF-DF";"DEL02-DF";"UOP01-DEL02-DF"
507558;2023-02-27;"segunda-feira";"20:15:00";"RS";101;9;"TORRES";"Acessar a via sem observar a presença dos outros veículos";"Colisão frontal";"Com Vítimas Feridas";"Plena Noite";"Crescente";"Céu Claro";"Simples";"Reta";"Sim";2;0;0;1;1;0;1;2;-29,36685801;-49,81514399;"SPRF-RS";"DEL03-RS";"UOP02-DEL03-RS"
507560;2023-02-27;"segunda-feira";"20:20:00";"DF";60;3;"BRASILIA";"Reação tardia ou ineficiente do condutor";"Saída de leito carroçável";"Com Vítimas Feridas";"Plena Noite";"Crescente";"Céu Claro";"Dupla";"Não Informado";"Sim";1;0;1;0;0;0;1;1;-15,890521;-48,086864;"SPRF-DF";"DEL01-DF";"UOP02-DEL01-DF"
507561;2023-02-27;"segunda-feira";"18:20:00";"PB";101;91;"JOAO PESSOA";"Reação tardia ou ineficiente do condutor";"Colisão com objeto";"Com Vítimas Feridas";"Plena Noite";"Decrescente";"Chuva";"Dupla";"Reta";"Sim";1;0;0;1;0;0;1;1;-7,19235866;-34,90450859;"SPRF-PB";"DEL01-PB";"UOP02-DEL01-PB"
507562;2023-02-23;"quinta-feira";"08:18:00";"SC";280;33;"ARAQUARI";"Acesso irregular";"Colisão lateral mesmo sentido";"Com Vítimas Feridas";"Pleno dia";"Crescente";"Chuva";"Simples";"Interseção de vias";"Não";2;0;1;0;1;0;1;2;-26,42576441;-48,78741376;"SPRF-SC";"DEL03-SC";"UOP03-DEL03-SC"
507564;2023-02-27;"segunda-feira";"20:00:00";"RJ";116;310;"RESENDE";"Ausência de reação do condutor";"Colisão traseira";"Sem Vítimas";"Plena Noite";"Decrescente";"Céu Claro";"Simples";"Rotatória";"Não";2;0;0;0;2;0;0;2;-22,46084029;-44,44061995;"SPRF-RJ";"DEL07-RJ";"UOP02-DEL07-RJ"
507565;2023-02-27;"segunda-feira";"20:50:00";"RS";116;234;"NOVO HAMBURGO";"Mal súbito do condutor";"Colisão com objeto";"Sem Vítimas";"Plena Noite";"Crescente";"Céu Claro";"Múltipla";"Não Informado";"Sim";1;0;0;0;1;0;0;1;-29,64996192;-51,14424348;"SPRF-RS";"DEL01-RS";"UOP02-DEL01-RS"
507566;2023-02-27;"segunda-feira";"18:20:00";"BA";420;330;"ITAQUARA";"Ingestão de álcool pelo condutor";"Queda de ocupante de veículo";"Com Vítimas Feridas";"Plena Noite";"Decrescente";"Céu Claro";"Simples";"Reta";"Não";1;0;0;1;0;0;1;1;-13,46105457;-39,94005459;"SPRF-BA";"DEL03-BA";"UOP01-DEL03-BA"
507567;2023-02-27;"segunda-feira";"20:55:00";"SC";101;208,9;"SAO JOSE";"Entrada inopinada do pedestre";"Atropelamento de Pedestre";"Com Vítimas Feridas";"Plena Noite";"Decrescente";"Nublado";"Múltipla";"Reta";"Não";3;0;1;0;1;1;1;1;-27,60327979;-48,63201818;"SPRF-SC";"DEL01-SC";"UOP01-DEL01-SC"
507568;2023-02-27;"segunda-feira";"16:30:00";"PA";230;499;"ANAPU";"Ultrapassagem Indevida";"Colisão frontal";"Com Vítimas Feridas";"Pleno dia";"Decrescente";"Sol";"Simples";"Reta";"Sim";2;0;0;1;1;0;1;2;-3,45287423;-51,21547631;"SPRF-PA";"DEL04-PA";"UOP01-DEL04-PA"
507571;2023-02-27;"segunda-feira";"21:45:00";"ES";101;174;"ARACRUZ";"Acessar a via sem observar a presença dos outros veículos";"Colisão transversal";"Com Vítimas Feridas";"Plena Noite";"Crescente";"Céu Claro";"Simples";"Não Informado";"Não";7;0;4;0;3;0;4;2;-19,58047007;-40,18782185;"SPRF-ES";"DEL04-ES";"UOP01-DEL04-ES"
507573;2023-02-27;"segunda-feira";"22:15:00";"ES";101;81;"SAO MATEUS";"Ausência de reação do condutor";"Capotamento";"Com Vítimas Feridas";"Plena Noite";"Decrescente";"Céu Claro";"Simples";"Não Informado";"Não";1;0;0;1;0;0;1;1;-18,82882736;-39,91225653;"SPRF-ES";"DEL04-ES";"UOP02-DEL04-ES"
507574;2023-02-27;"segunda-feira";"19:00:00";"SC";101;144;"ITAPEMA";"Reação tardia ou ineficiente do condutor";"Colisão traseira";"Sem Vítimas";"Plena Noite";"Crescente";"Nublado";"Dupla";"Reta";"Sim";2;0;0;0;2;0;0;2;-27,0732659;-48,59672716;"SPRF-SC";"DEL04-SC";"UOP03-DEL04-SC"
507575;2023-02-27;"segunda-feira";"22:15:00";"PE";101;74;"RECIFE";"Condutor deixou de manter distância do veículo da frente";"Colisão traseira";"Com Vítimas Feridas";"Plena Noite";"Crescente";"Céu Claro";"Dupla";"Reta";"Sim";2;0;1;0;1;0;1;2;-8,10146485;-34,94901577;"SPRF-PE";"DEL01-PE";"UOP01-DEL01-PE"
507576;2023-02-27;"segunda-feira";"21:30:00";"PE";232;76,1;"GRAVATA";"Demais falhas mecânicas ou elétricas";"Capotamento";"Com Vítimas Feridas";"Plena Noite";"Crescente";"Céu Claro";"Dupla";"Reta";"Não";1;0;1;0;0;0;1;1;-8,19541469;-35,53424693;"SPRF-PE";"DEL02-PE";"UOP02-DEL02PE"
507577;2023-02-27;"segunda-feira";"19:30:00";"PE";316;59,5;"TRINDADE";"Acessar a via sem observar a presença dos outros veículos";"Colisão frontal";"Com Vítimas Feridas";"Plena Noite";"Decrescente";"Céu Claro";"Simples";"Reta";"Não";2;0;1;0;1;0;1;2;-7,76160912;-40,26138334;"SPRF-PE";"DEL05-PE";"UOP02-DEL05-PE"
507578;2023-02-27;"segunda-feira";"22:00:00";"RJ";40;108;"DUQUE DE CAXIAS";"Manobra de mudança de faixa";"Colisão lateral mesmo sentido";"Com Vítimas Feridas";"Plena Noite";"Decrescente";"Céu Claro";"Simples";"Curva";"Sim";2;0;1;0;1;0;1;2;-22,66476979;-43,28495144;"SPRF-RJ";"DEL01-RJ";"UOP01-DEL01-RJ"
507579;2023-02-27;"segunda-feira";"19:43:00";"PE";407;122;"PETROLINA";"Ingestão de álcool pelo condutor";"Colisão lateral mesmo sentido";"Com Vítimas Feridas";"Plena Noite";"Decrescente";"Céu Claro";"Simples";"Não Informado";"Sim";2;0;1;0;1;0;1;2;-9,35368726;-40,55051642;"SPRF-PE";"DEL06-PE";"UOP01-DEL06-PE"
507581;2023-02-27;"segunda-feira";"22:10:00";"SP";116;269,5;"TABOAO DA SERRA";"Mal súbito do condutor";"Engavetamento";"Com Vítimas Feridas";"Plena Noite";"Crescente";"Nublado";"Dupla";"Reta";"Sim";4;0;1;0;3;0;1;3;-23,61593059;-46,78826044;"SPRF-SP";"DEL04-SP";"UOP01-DEL04-SP"
507585;2023-02-27;"segunda-feira";"23:20:00";"SC";101;202,1;"SAO JOSE";"Reação tardia ou ineficiente do condutor";"Colisão lateral mesmo sentido";"Com Vítimas Feridas";"Plena Noite";"Crescente";"Céu Claro";"Dupla";"Reta";"Sim";2;0;1;0;1;0;1;2;-27,55711595;-48,61897889;"SPRF-SC";"DEL01-SC";"UOP01-DEL01-SC"
507586;2023-02-27;"segunda-feira";"18:30:00";"MA";230;511;"RIACHAO";"Entrada inopinada do pedestre";"Atropelamento de Pedestre";"Com Vítimas Fatais";"Anoitecer";"Crescente";"Nublado";"Simples";"Reta";"Sim";3;1;0;0;2;0;0;1;-7,409394;-46,922602;"SPRF-MA";"DEL05-MA";"UOP01-DEL05-MA"
507587;2023-02-28;"terça-feira";"23:00:00";"PR";469;13,6;"FOZ DO IGUACU";"Acessar a via sem observar a presença dos outros veículos";"Colisão transversal";"Sem Vítimas";"Plena Noite";"Decrescente";"Nublado";"Simples";"Reta";"Sim";2;0;0;0;2;0;0;2;-25,5754;-54,5489;"SPRF-PR";"DEL05-PR";"UOP04-DEL05-PR"
507589;2023-02-27;"segunda-feira";"21:00:00";"MS";163;264,1;"DOURADOS";"Acumulo de areia ou detritos sobre o pavimento";"Tombamento";"Com Vítimas Feridas";"Plena Noite";"Crescente";"Chuva";"Dupla";"Reta";"Sim";2;0;1;1;0;0;2;1;-22,22762363;-54,73924041;"SPRF-MS";"DEL04-MS";"UOP01-DEL04-MS"
507590;2023-02-27;"segunda-feira";"21:00:00";"MT";163;1025;"TERRA NOVA DO NORTE";"Reação tardia ou ineficiente do condutor";"Atropelamento de Animal";"Com Vítimas Feridas";"Plena Noite";"Crescente";"Nublado";"Simples";"Reta";"Não";1;0;1;0;0;0;1;1;-10,40452201;-55,05355394;"SPRF-MT";"DEL06-MT";"UOP03-DEL06-MT"
507591;2023-02-13;"segunda-feira";"15:35:00";"MS";267;475,6;"GUIA LOPES DA LAGUNA";"Ausência de reação do condutor";"Colisão transversal";"Com Vítimas Feridas";"Pleno dia";"Decrescente";"Nublado";"Dupla";"Reta";"Sim";3;0;1;1;1;0;2;2;-21,4444852;-56,09780106;"SPRF-MS";"DEL05-MS";"UOP01-DEL05-MS"
507592;2023-02-27;"segunda-feira";"23:59:00";"SC";101;207,5;"SAO JOSE";"Reação tardia ou ineficiente do condutor";"Colisão lateral mesmo sentido";"Com Vítimas Feridas";"Plena Noite";"Decrescente";"Nublado";"Múltipla";"Desvio Temporário";"Sim";1;0;1;0;0;0;1;1;-27,60001226;-48,6226467;"SPRF-SC";"DEL01-SC";"UOP01-DEL01-SC"
507595;2023-02-28;"terça-feira";"02:01:00";"MG";381;646,1;"SANTO ANTONIO DO AMPARO";"Condutor Dormindo";"Saída de leito carroçável";"Com Vítimas Feridas";"Plena Noite";"Decrescente";"Céu Claro";"Dupla";"Curva";"Não";2;0;1;0;1;0;1;1;-20,95720609;-44,90296563;"SPRF-MG";"DEL04-MG";"UOP02-DEL04-MG"
507597;2023-02-28;"terça-feira";"04:50:00";"PR";116;144;"MANDIRITUBA";"Animais na Pista";"Atropelamento de Animal";"Com Vítimas Feridas";"Amanhecer";"Crescente";"Nublado";"Dupla";"Reta";"Não";1;0;0;1;0;0;1;1;-25,76405694;-49,32116324;"SPRF-PR";"DEL01-PR";"UOP03-DEL01-PR"
507598;2023-02-28;"terça-feira";"03:20:00";"PR";476;286,3;"SAO MATEUS DO SUL";"Transitar na contramão";"Colisão frontal";"Com Vítimas Fatais";"Plena Noite";"Crescente";"Nublado";"Simples";"Reta";"Não";2;1;1;0;0;0;1;2;-25,92254037;-50,4574585;"SPRF-PR";"DEL02-PR";"UOP03-DEL02-PR"
507600;2023-02-28;"terça-feira";"05:10:00";"RS";290;86;"PORTO ALEGRE";"Ausência de reação do condutor";"Tombamento";"Com Vítimas Feridas";"Plena Noite";"Crescente";"Céu Claro";"Dupla";"Reta";"Sim";1;0;1;0;0;0;1;1;-29,96835919;-51,11510765;"SPRF-RS";"DEL01-RS";"UOP01-DEL01-RS"
507601;2023-02-28;"terça-feira";"02:00:00";"AP";156;437;"TARTARUGALZINHO";"Avarias e/ou desgaste excessivo no pneu";"Saída de leito carroçável";"Com Vítimas Fatais";"Plena Noite";"Decrescente";"Nublado";"Simples";"Reta";"Não";3;1;2;0;0;0;2;1;1,25878888;-50,97522379;"SPRF-AP";"N/A";"UOP02-DEL01-AP"
507603;2023-02-28;"terça-feira";"06:30:00";"SP";116;133;"SAO JOSE DOS CAMPOS";"Ausência de reação do condutor";"Tombamento";"Com Vítimas Feridas";"Pleno dia";"Decrescente";"Céu Claro";"Dupla";"Reta";"Sim";1;0;0;1;0;0;1;1;-23,1359564;-45,7532708;"SPRF-SP";"DEL02-SP";"UOP02-DEL02-SP"
507604;2023-02-28;"terça-feira";"06:40:00";"SP";116;220;"GUARULHOS";"Condutor deixou de manter distância do veículo da frente";"Queda de ocupante de veículo";"Com Vítimas Feridas";"Pleno dia";"Crescente";"Nublado";"Múltipla";"Reta";"Não";2;0;2;0;0;0;2;1;-23,46472809;-46,49793962;"SPRF-SP";"DEL01-SP";"UOP01-DEL01-SP"
507607;2023-02-28;"terça-feira";"06:40:00";"MG";40;520;"CONTAGEM";"Reação tardia ou ineficiente do condutor";"Colisão traseira";"Com Vítimas Feridas";"Pleno dia";"Crescente";"Céu Claro";"Dupla";"Não Informado";"Sim";2;0;1;0;1;0;1;2;-19,84761911;-44,07276144;"SPRF-MG";"DEL01-MG";"UOP02-DEL01-MG"