"id";"data_inversa";"dia_semana";"horario";"uf";"br";"km";"municipio";"causa_acidente";"tipo_acidente";"classificacao_acidente";"fase_dia";"sentido_via";"condicao_metereologica";"tipo_pista";"tracado_via";"uso_solo";"pessoas";"mortos";"feridos_leves";"feridos_graves";"ilesos";"ignorados";"feridos";"veiculos";"latitude";"longitude";"regional";"delegacia";"uop"
507608;2023-02-28;"terça-feira";"07:24:00";"TO";10;455;"PALMAS";"Condutor deixou de manter distância do veículo da frente";"Colisão traseira";"Com Vítimas Feridas";"Pleno dia";"Crescente";"Céu Claro";"Múltipla";"Retorno Regulamentado";"Sim";2;0;1;0;1;0;1;2;-10,30073245;-48,29736829;"SPRF-TO";"DEL01-TO";"UOP03-DEL01-TO"
507611;2023-02-28;"terça-feira";"07:23:00";"DF";20;2,5;"BRASILIA";"Curva acentuada";"Tombamento";"Com Vítimas Feridas";"Pleno dia";"Crescente";"Céu Claro";"Simples";"Rotatória";"Sim";2;0;1;0;1;0;1;1;-15,682896;-47,840729;"SPRF-DF";"DEL02-DF";"UOP01-DEL02-DF"
507612;2023-02-28;"terça-feira";"07:10:00";"PR";277;81;"CURITIBA";"Manobra de mudança de faixa";"Colisão lateral mesmo sentido";"Com Vítimas Feridas";"Pleno dia";"Crescente";"Nublado";"Dupla";"Reta";"Sim";2;0;1;0;1;0;1;2;-25,46327536;-49,21779689;"SPRF-PR";"DEL01-PR";"UOP01-DEL01-PR"
507613;2023-02-28;"terça-feira";"07:00:00";"SP";116;220;"GUARULHOS";"Trafegar com motocicleta (ou similar) entre as faixas";"Colisão lateral mesmo sentido";"Com Vítimas Feridas";"Pleno dia";"Crescente";"Céu Claro";"Múltipla";"Reta";"Não";3;0;2;0;1;0;2;3;-23,46472809;-46,49793962;"SPRF-SP";"DEL01-SP";"UOP01-DEL01-SP"
507615;2023-02-28;"terça-feira";"08:00:00";"PR";277;81,9;"CURITIBA";"Trafegar com motocicleta (ou similar) entre as faixas";"Colisão lateral mesmo sentido";"Com Vítimas Feridas";"Pleno dia";"Crescente";"Céu Claro";"Dupla";"Reta";"Não";2;0;1;0;1;0;1;2;-25,457478;-49,222412;"SPRF-PR";"DEL01-PR";"UOP01-DEL01-PR"
507616;2023-02-28;"terça-feira";"07:50:00";"RS";287;248,3;"SANTA MARIA";"Condutor deixou de manter distância do veículo da frente";"Colisão traseira";"Com Vítimas Feridas";"Pleno dia";"Crescente";"Céu Claro";"Múltipla";"Reta";"Sim";3;0;2;0;1;0;2;3;-29,69623306;-53,84934247;"SPRF-RS";"DEL09-RS";"UOP01-DEL09-RS"
507617;2023-02-28;"terça-feira";"07:25:00";"RS";116;309;"GUAIBA";"Ultrapassagem Indevida";"Colisão frontal";"Com Vítimas Fatais";"Pleno dia";"Crescente";"Céu Claro";"Simples";"Reta";"Não";3;1;1;0;1;0;1;2;-30,19187406;-51,39787181;"SPRF-RS";"DEL02-RS";"UOP01-DEL02-RS"
507618;2023-02-28;"terça-feira";"06:40:00";"RO";364;13;"VILHENA";"Ausência de reação do condutor";"Colisão traseira";"Sem Vítimas";"Pleno dia";"Decrescente";"Céu Claro";"Dupla";"Rotatória";"Sim";2;0;0;0;2;0;0;2;-12,74140004;-60,13026401;"SPRF-RO";"DEL04-RO";"UOP01-DEL04-RO"
507619;2023-02-28;"terça-feira";"08:00:00";"MG";40;552;"NOVA LIMA";"Ultrapassagem Indevida";"Colisão lateral mesmo sentido";"Com Vítimas Feridas";"Pleno dia";"Crescente";"Céu Claro";"Simples";"Não Informado";"Sim";2;0;1;0;1;0;1;2;-20,06084086;-43,97716423;"SPRF-MG";"DEL01-MG";"UOP02-DEL01-MG"
507620;2023-02-28;"terça-feira";"08:00:00";"RJ";101;319;"SAO GONCALO";"Manobra de mudança de faixa";"Colisão lateral mesmo sentido";"Com Vítimas Feridas";"Pleno dia";"Crescente";"Nublado";"Dupla";"Reta";"Sim";2;0;1;0;1;0;1;2;-22,85411774;-43,1018014;"SPRF-RJ";"DEL02-RJ";"UOP02-DEL02-RJ"
507621;2023-02-28;"terça-feira";"06:40:00";"MG";40;628;"CONSELHEIRO LAFAIETE";"Condutor deixou de manter distância do veículo da frente";"Colisão traseira";"Com Vítimas Feridas";"Pleno dia";"Decrescente";"Céu Claro";"Dupla";"Reta";"Sim";2;0;1;0;1;0;1;2;-20,64778278;-43,80963656;"SPRF-MG";"DEL05-MG";"UOP02-DEL05-MG"
507622;2023-02-20;"segunda-feira";"07:00:00";"SC";101;376;"ICARA";"Reação tardia ou ineficiente do condutor";"Saída de leito carroçável";"Com Vítimas Feridas";"Amanhecer";"Crescente";"Chuva";"Dupla";"Reta";"Sim";4;0;4;0;0;0;4;1;-28,72736111;-49,24066084;"SPRF-SC";"DEL02-SC";"UOP01-DEL02-SC"
507625;2023-02-28;"terça-feira";"08:20:00";"RJ";40;106;"DUQUE DE CAXIAS";"Manobra de mudança de faixa";"Colisão frontal";"Com Vítimas Feridas";"Pleno dia";"Crescente";"Céu Claro";"Múltipla";"Reta";"Não";2;0;1;0;1;0;1;2;-22,64679;-43,283726;"SPRF-RJ";"DEL01-RJ";"UOP01-DEL01-RJ"
507626;2023-02-28;"terça-feira";"08:05:00";"MT";70;3,5;"BARRA DO GARCAS";"Condutor deixou de manter distância do veículo da frente";"Colisão traseira";"Com Vítimas Feridas";"Pleno dia";"Decrescente";"Sol";"Dupla";"Rotatória";"Não";2;0;1;0;1;0;1;2;-15,88252843;-52,27574027;"SPRF-MT";"DEL07-MT";"UOP01-DEL07-MT"
507628;2023-02-21;"terça-feira";"05:54:00";"MG";365;119;"JEQUITAI";"Reação tardia ou ineficiente do condutor";"Saída de leito carroçável";"Com Vítimas Feridas";"Amanhecer";"Crescente";"Céu Claro";"Simples";"Reta";"Não";6;0;5;0;0;1;5;1;-17,16367894;-44,68655393;"SPRF-MG";"DEL12-MG";"UOP01-DEL12-MG"
507629;2023-02-28;"terça-feira";"07:15:00";"MG";365;622;"UBERLANDIA";"Animais na Pista";"Tombamento";"Com Vítimas Feridas";"Pleno dia";"Decrescente";"Sol";"Múltipla";"Reta";"Sim";1;0;0;1;0;0;1;1;-18,90751667;-48,29937209;"SPRF-MG";"DEL15-MG";"UOP01-DEL15-MG"
507635;2023-02-28;"terça-feira";"09:50:00";"SE";101;114,1;"ITAPORANGA DAJUDA";"Ausência de reação do condutor";"Colisão com objeto";"Com Vítimas Feridas";"Pleno dia";"Crescente";"Céu Claro";"Dupla";"Reta";"Sim";5;0;4;0;1;0;4;2;-10,997623;-37,302944;"SPRF-SE";"DEL02-SE";"UOP01-DEL02-SE"
507636;2023-02-17;"sexta-feira";"16:31:00";"PB";230;42;"SANTA RITA";"Condutor deixou de manter distância do veículo da frente";"Colisão traseira";"Com Vítimas Feridas";"Pleno dia";"Crescente";"Céu Claro";"Dupla";"Reta";"Não";3;0;2;0;1;0;2;2;-7,1426;-34,9956;"SPRF-PB";"DEL01-PB";"UOP03-DEL01-PB"
507637;2023-02-28;"terça-feira";"10:20:00";"PR";369;177;"ROLANDIA";"Reação tardia ou ineficiente do condutor";"Saída de leito carroçável";"Sem Vítimas";"Pleno dia";"Crescente";"Céu Claro";"Dupla";"Reta";"Sim";1;0;0;0;1;0;0;1;-23,34024627;-51,3876915;"SPRF-PR";"DEL07-PR";"UOP01-DEL07-PR"
507638;2023-02-28;"terça-feira";"10:20:00";"RJ";393;280;"BARRA DO PIRAI";"Transitar na contramão";"Colisão transversal";"Com Vítimas Feridas";"Pleno dia";"Decrescente";"Céu Claro";"Simples";"Reta";"Sim";2;0;1;0;1;0;1;2;-22,47750785;-44,01954402;"SPRF-RJ";"DEL05-RJ";"UOP02-DEL05-RJ"
507639;2023-02-20;"segunda-feira";"18:20:00";"MS";376;158;"NOVA ANDRADINA";"Demais falhas mecânicas ou elétricas";"Saída de leito carroçável";"Com Vítimas Feridas";"Plena Noite";"Decrescente";"Céu Claro";"Simples";"Reta";"Não";2;0;2;0;0;0;2;1;-22,34373289;-53,49807212;"SPRF-MS";"DEL04-MS";"UOP04-DEL04-MS"
507641;2023-02-28;"terça-feira";"11:45:00";"RS";290;1;"PORTO ALEGRE";"Demais falhas mecânicas ou elétricas";"Colisão traseira";"Sem Vítimas";"Pleno dia";"Crescente";"Céu Claro";"Dupla";"Ponte";"Sim";3;0;0;0;3;0;0;2;-29,9920565;-51,2077329;"SPRF-RS";"DEL03-RS";"UOP01-DEL03-RS"
507643;2023-02-28;"terça-feira";"12:15:00";"PB";230;241,5;"JUAZEIRINHO";"Acessar a via sem observar a presença dos outros veículos";"Colisão frontal";"Com Vítimas Feridas";"Pleno dia";"Crescente";"Céu Claro";"Simples";"Reta";"Sim";2;0;0;1;1;0;1;2;-7,0688;-36,5739;"SPRF-PB";"DEL02-PB";"UOP02-DEL02-PB"
507645;2023-02-28;"terça-feira";"09:30:00";"RJ";101;311;"SAO GONCALO";"Avarias e/ou desgaste excessivo no pneu";"Queda de ocupante de veículo";"Com Vítimas Feridas";"Pleno dia";"Crescente";"Céu Claro";"Dupla";"Reta";"Não";2;0;2;0;0;0;2;1;-22,80062246;-43,05318779;"SPRF-RJ";"DEL02-RJ";"UOP02-DEL02-RJ"
507647;2023-02-28;"terça-feira";"10:20:00";"ES";101;221,5;"IBIRACU";"Ausência de reação do condutor";"Saída de leito carroçável";"Com Vítimas Feridas";"Pleno dia";"Crescente";"Céu Claro";"Simples";"Curva";"Sim";2;0;1;1;0;0;2;1;-19,86695538;-40,40056491;"SPRF-ES";"DEL02-ES";"UOP01-DEL02-ES"
507648;2023-02-28;"terça-feira";"06:45:00";"MG";262;11,3;"MARTINS SOARES";"Acessar a via sem observar a presença dos outros veículos";"Colisão transversal";"Com Vítimas Feridas";"Pleno dia";"Decrescente";"Céu Claro";"Simples";"Não Informado";"Não";2;0;2;0;0;0;2;2;-20,246508;-41,846962;"SPRF-MG";"DEL06-MG";"UOP03-DEL06-MG"
507649;2023-02-28;"terça-feira";"12:50:00";"SC";282;17,5;"PALHOCA";"Desrespeitar a preferência no cruzamento";"Colisão transversal";"Com Vítimas Feridas";"Pleno dia";"Crescente";"Céu Claro";"Simples";"Reta";"Não";2;0;1;0;1;0;1;2;-27,665707;-48,688065;"SPRF-SC";"DEL01-SC";"UOP02-DEL01-SC"
507650;2023-02-28;"terça-feira";"11:00:00";"ES";101;260;"SERRA";"Trafegar com motocicleta (ou similar) entre as faixas";"Colisão lateral mesmo sentido";"Com Vítimas Feridas";"Pleno dia";"Decrescente";"Céu Claro";"Dupla";"Não Informado";"Sim";3;0;1;0;1;1;1;2;-20,14616415;-40,28836206;"SPRF-ES";"DEL02-ES";"UOP01-DEL02-ES"
507651;2023-02-28;"terça-feira";"12:20:00";"SC";101;132;"BALNEARIO CAMBORIU";"Pista esburacada";"Queda de ocupante de veículo";"Com Vítimas Feridas";"Pleno dia";"Crescente";"Céu Claro";"Múltipla";"Não Informado";"Sim";1;0;1;0;0;0;1;1;-26,99654133;-48,65564711;"SPRF-SC";"DEL04-SC";"UOP03-DEL04-SC"
507652;2023-02-24;"sexta-feira";"06:52:00";"PR";376;5;"MANDAGUARI";"Condutor deixou de manter distância do veículo da frente";"Colisão traseira";"Com Vítimas Feridas";"Pleno dia";"Crescente";"Garoa/Chuvisco";"Simples";"Não Informado";"Sim";2;0;1;0;1;0;1;2;-23,51636129;-51,68998718;"SPRF-PR";"DEL09-PR";"UOP01-DEL09-PR"
507653;2023-02-28;"terça-feira";"13:30:00";"MG";40;747;"SANTOS DUMONT";"Acessar a via sem observar a presença dos outros veículos";"Colisão transversal";"Com Vítimas Feridas";"Pleno dia";"Crescente";"Céu Claro";"Simples";"Não Informado";"Sim";2;0;1;0;1;0;1;2;-21,43633195;-43,553195;"SPRF-MG";"DEL05-MG";"UOP01-DEL05-MG"
507655;2023-02-28;"terça-feira";"12:00:00";"MG";262;378;"JUATUBA";"Reação tardia ou ineficiente do condutor";"Saída de leito carroçável";"Com Vítimas Feridas";"Pleno dia";"Crescente";"Céu Claro";"Dupla";"Não Informado";"Não";1;0;1;0;0;0;1;1;-19,95652262;-44,3648278;"SPRF-MG";"DEL01-MG";"UOP03-DEL01-MG"
507656;2023-02-28;"terça-feira";"12:00:00";"MG";262;368;"JUATUBA";"Ausência de reação do condutor";"Colisão transversal";"Com Vítimas Feridas";"Pleno dia";"Decrescente";"Céu Claro";"Dupla";"Reta";"Sim";2;0;1;1;0;0;2;2;-19,97239513;-44,28042402;"SPRF-MG";"DEL01-MG";"UOP03-DEL01-MG"
507658;2023-02-28;"terça-feira";"13:50:00";"TO";153;700;"CARIRI DO TOCANTINS";"Condutor deixou de manter distância do veículo da frente";"Colisão traseira";"Com Vítimas Feridas";"Pleno dia";"Decrescente";"Chuva";"Simples";"Reta";"Não";2;0;0;2;0;0;2;2;-11,95274294;-49,19557211;"SPRF-TO";"DEL01-TO";"UOP02-DEL01-TO"
507659;2023-02-06;"segunda-feira";"20:45:00";"SC";101;45,5;"JOINVILLE";"Entrada inopinada do pedestre";"Atropelamento de Pedestre";"Com Vítimas Fatais";"Plena Noite";"Crescente";"Céu Claro";"Dupla";"Não Informado";"Sim";4;1;0;0;3;0;0;1;-26,35345909;-48,85867862;"SPRF-SC";"DEL03-SC";"UOP01-DEL03-SC"
507660;2023-02-28;"terça-feira";"12:40:00";"RS";287;247,4;"SANTA MARIA";"Condutor deixou de manter distância do veículo da frente";"Colisão traseira";"Com Vítimas Feridas";"Pleno dia";"Decrescente";"Céu Claro";"Dupla";"Não Informado";"Sim";2;0;1;0;1;0;1;2;-29,69991534;-53,84176017;"SPRF-RS";"DEL09-RS";"UOP01-DEL09-RS"
507661;2023-02-11;"sábado";"20:30:00";"PR";369;166;"ROLANDIA";"Reação tardia ou ineficiente do condutor";"Queda de ocupante de veículo";"Com Vítimas Feridas";"Plena Noite";"Decrescente";"Céu Claro";"Dupla";"Reta";"Sim";1;0;0;1;0;0;1;1;-23,30667024;-51,32988453;"SPRF-PR";"DEL07-PR";"UOP01-DEL07-PR"
507662;2023-02-28;"terça-feira";"10:00:00";"PR";277;484;"NOVA LARANJEIRAS";"Velocidade Incompatível";"Capotamento";"Com Vítimas Feridas";"Pleno dia";"Decrescente";"Céu Claro";"Simples";"Não Informado";"Não";1;0;0;1;0;0;1;1;-25,27011524;-52,61299706;"SPRF-PR";"DEL04-PR";"UOP02-DEL04-PR"
507663;2023-02-28;"terça-feira";"05:40:00";"PE";232;6,3;"RECIFE";"Condutor Dormindo";"Saída de leito carroçável";"Sem Vítimas";"Amanhecer";"Crescente";"Nublado";"Múltipla";"Reta";"Não";1;0;0;0;0;1;0;1;-8,071685;-34,957395;"SPRF-PE";"DEL01-PE";"UOP01-DEL01-PE"
507664;2023-02-28;"terça-feira";"12:45:00";"MG";251;493,6;"FRANCISCO SA";"Reação tardia ou ineficiente do condutor";"Capotamento";"Com Vítimas Feridas";"Pleno dia";"Crescente";"Sol";"Simples";"Reta";"Não";1;0;1;0;0;0;1;1;-16,54433804;-43,59543496;"SPRF-MG";"DEL12-MG";"UOP01-DEL12-MG"
507666;2023-02-17;"sexta-feira";"05:40:00";"MS";463;89;"PONTA PORA";"Pista Escorregadia";"Saída de leito carroçável";"Com Vítimas Feridas";"Amanhecer";"Crescente";"Nublado";"Simples";"Curva";"Não";1;0;1;0;0;0;1;1;-22,59047838;-55,52108717;"SPRF-MS";"DEL04-MS";"UOP03-DEL04-MS"
507668;2023-02-28;"terça-feira";"10:20:00";"PA";222;222;"MARABA";"Acesso irregular";"Colisão transversal";"Com Vítimas Feridas";"Pleno dia";"Crescente";"Céu Claro";"Simples";"Reta";"Não";4;0;3;1;0;0;4;2;-5,194547;-49,011433;"SPRF-PA";"DEL03-PA";"UOP01-DEL03-PA"
507670;2023-02-24;"sexta-feira";"18:15:00";"PR";376;1;"SAO JOSE DOS PINHAIS";"Reação tardia ou ineficiente do condutor";"Colisão traseira";"Com Vítimas Feridas";"Plena Noite";"Decrescente";"Céu Claro";"Simples";"Reta";"Sim";2;0;1;0;1;0;1;2;-25,5307;-49,1958;"SPRF-PR";"DEL01-PR";"UOP04-DEL01-PR"
507672;2023-02-28;"terça-feira";"13:45:00";"RJ";116;311;"RESENDE";"Animais na Pista";"Atropelamento de Animal";"Com Vítimas Feridas";"Pleno dia";"Decrescente";"Céu Claro";"Dupla";"Reta";"Não";1;0;0;1;0;0;1;1;-22,46086624;-44,44296321;"SPRF-RJ";"DEL07-RJ";"UOP02-DEL07-RJ"
507675;2023-02-28;"terça-feira";"14:40:00";"MG";40;139;"JOAO PINHEIRO";"Ultrapassagem Indevida";"Saída de leito carroçável";"Com Vítimas Feridas";"Pleno dia";"Decrescente";"Céu Claro";"Simples";"Curva";"Não";2;0;1;1;0;0;2;1;-17,73570757;-46,21099068;"SPRF-MG";"DEL14-MG";"UOP01-DEL14-MG"
507677;2023-02-28;"terça-feira";"14:50:00";"SC";101;215,5;"PALHOCA";"Acesso irregular";"Colisão transversal";"Com Vítimas Feridas";"Pleno dia";"Decrescente";"Sol";"Múltipla";"Reta";"Sim";2;0;0;1;0;1;1;2;-27,65184843;-48,67604941;"SPRF-SC";"DEL01-SC";"UOP02-DEL01-SC"
507679;2023-02-28;"terça-feira";"15:05:00";"PB";101;110;"ALHANDRA";"Ausência de reação do condutor";"Saída de leito carroçável";"Com Vítimas Feridas";"Pleno dia";"Crescente";"Céu Claro";"Múltipla";"Retorno Regulamentado";"Não";1;0;1;0;0;0;1;1;-7,38485366;-34,95695114;"SPRF-PB";"DEL01-PB";"UOP02-DEL01-PB"
507681;2023-02-28;"terça-feira";"14:30:00";"PR";153;330;"IRATI";"Acessar a via sem observar a presença dos outros veículos";"Colisão transversal";"Com Vítimas Feridas";"Pleno dia";"Decrescente";"Céu Claro";"Simples";"Reta";"Sim";2;0;1;0;1;0;1;2;-25,45471011;-50,6196247;"SPRF-PR";"DEL08-PR";"UOP02-DEL08-PR"
507682;2023-02-28;"terça-feira";"08:50:00";"RO";364;792;"PORTO VELHO";"Acessar a via sem observar a presença dos outros veículos";"Colisão transversal";"Com Vítimas Feridas";"Pleno dia";"Decrescente";"Céu Claro";"Simples";"Reta";"Não";3;0;1;0;2;0;1;2;-9,21816524;-64,34148778;"SPRF-RO";"DEL01-RO";"UOP02-DEL01-RO"
507683;2023-02-28;"terça-feira";"15:20:00";"PA";316;203;"SANTA LUZIA DO PARA";"Ausência de reação do condutor";"Saída de leito carroçável";"Sem Vítimas";"Pleno dia";"Decrescente";"Nublado";"Simples";"Não Informado";"Não";2;0;0;0;0;2;0;1;-1,55935023;-46,86744615;"SPRF-PA";"DEL01-PA";"UOP03-DEL01-PA"
507685;2023-02-28;"terça-feira";"15:20:00";"RS";386;270,6;"FONTOURA XAVIER";"Acessar a via sem observar a presença dos outros veículos";"Colisão transversal";"Sem Vítimas";"Pleno dia";"Crescente";"Céu Claro";"Simples";"Reta";"Sim";4;0;0;0;4;0;0;2;-28,97822331;-52,36777067;"SPRF-RS";"DEL04-RS";"UOP03-DEL04-RS"
507686;2023-02-28;"terça-feira";"14:00:00";"SC";101;149,6;"ITAPEMA";"Demais falhas mecânicas ou elétricas";"Tombamento";"Com Vítimas Feridas";"Pleno dia";"Crescente";"Céu Claro";"Dupla";"Interseção de vias";"Sim";1;0;1;0;0;0;1;1;-27,1089649;-48,61277586;"SPRF-SC";"DEL04-SC";"UOP03-DEL04-SC"
507687;2023-02-28;"terça-feira";"15:25:00";"SP";116;59;"GUARATINGUETA";"Reação tardia ou ineficiente do condutor";"Colisão traseira";"Com Vítimas Feridas";"Pleno dia";"Crescente";"Nublado";"Dupla";"Não Informado";"Não";2;0;1;0;0;1;1;2;-22,78555649;-45,15339465;"SPRF-SP";"DEL08-SP";"UOP01-DEL08-SP"
507689;2023-02-28;"terça-feira";"15:00:00";"RS";116;267,8;"CANOAS";"Condutor Dormindo";"Colisão com objeto";"Com Vítimas Feridas";"Pleno dia";"Decrescente";"Céu Claro";"Dupla";"Reta";"Sim";3;0;1;0;2;0;1;1;-29,94142398;-51,17697062;"SPRF-RS";"DEL01-RS";"UOP01-DEL01-RS"
507692;2023-02-28;"terça-feira";"15:30:00";"RJ";101;59;"CAMPOS DOS GOYTACAZES";"Ausência de reação do condutor";"Engavetamento";"Com Vítimas Feridas";"Pleno dia";"Crescente";"Sol";"Simples";"Reta";"Não";4;0;2;0;2;0;2;3;-21,71684583;-41,31053567;"SPRF-RJ";"DEL08-RJ";"UOP01-DEL08-RJ"
507693;2023-02-28;"terça-feira";"15:00:00";"RJ";356;61;"ITAPERUNA";"Ausência de reação do condutor";"Saída de leito carroçável";"Com Vítimas Feridas";"Amanhecer";"Crescente";"Céu Claro";"Simples";"Desvio Temporário";"Não";1;0;1;0;0;0;1;1;-21,31606803;-41,70737964;"SPRF-RJ";"DEL08-RJ";"UOP03-DEL08-RJ"
507694;2023-02-28;"terça-feira";"16:00:00";"RJ";101;321;"NITEROI";"Pedestre cruzava a pista fora da faixa";"Atropelamento de Pedestre";"Com Vítimas Feridas";"Pleno dia";"Decrescente";"Sol";"Dupla";"Reta";"Sim";4;0;0;1;3;0;1;3;-22,86981096;-43,11046465;"SPRF-RJ";"DEL02-RJ";"UOP01-DEL02-RJ"
507696;2023-01-13;"sexta-feira";"21:30:00";"RN";405;169;"JOSE DA PENHA";"Ingestão de álcool pelo condutor";"Colisão frontal";"Com Vítimas Feridas";"Plena Noite";"Crescente";"Céu Claro";"Simples";"Reta";"Não";3;0;1;1;0;1;2;2;-6,26369196;-38,24973809;"SPRF-RN";"DEL04-RN";"UOP02-DEL04-RN"
507697;2023-02-20;"segunda-feira";"22:45:00";"MG";153;12;"ARAPORA";"Ausência de reação do condutor";"Saída de leito carroçável";"Com Vítimas Feridas";"Plena Noite";"Decrescente";"Chuva";"Dupla";"Reta";"Não";3;0;2;0;1;0;2;1;-18,52415703;-49,19080383;"SPRF-MG";"DEL15-MG";"UOP03-DEL15-MG"
507698;2023-02-28;"terça-feira";"14:15:00";"PE";101;200,1;"XEXEU";"Condutor Dormindo";"Saída de leito carroçável";"Com Vítimas Feridas";"Pleno dia";"Decrescente";"Céu Claro";"Dupla";"Curva";"Não";4;0;1;0;3;0;1;1;-8,77234132;-35,6185606;"SPRF-PE";"DEL01-PE";"UOP03-DEL01-PE"
507700;2023-02-28;"terça-feira";"17:15:00";"MG";381;481;"BETIM";"Reação tardia ou ineficiente do condutor";"Colisão lateral mesmo sentido";"Com Vítimas Feridas";"Anoitecer";"Decrescente";"Céu Claro";"Dupla";"Não Informado";"Sim";2;0;1;0;1;0;1;2;-19,95991697;-44,0837574;"SPRF-MG";"DEL01-MG";"UOP03-DEL01-MG"
507703;2023-02-28;"terça-feira";"17:20:00";"DF";20;9,8;"BRASILIA";"Ausência de reação do condutor";"Queda de ocupante de veículo";"Com Vítimas Feridas";"Pleno dia";"Decrescente";"Chuva";"Dupla";"Reta";"Sim";2;0;1;0;1;0;1;2;-15,654671;-47,782917;"SPRF-DF";"DEL02-DF";"UOP01-DEL02-DF"
507704;2023-02-28;"terça-feira";"17:40:00";"RJ";116;310;"RESENDE";"Reação tardia ou ineficiente do condutor";"Colisão traseira";"Com Vítimas Feridas";"Anoitecer";"Decrescente";"Nublado";"Dupla";"Reta";"Sim";5;0;3;1;1;0;4;2;-22,45923593;-44,434776;"SPRF-RJ";"DEL07-RJ";"UOP02-DEL07-RJ"
507706;2023-02-28;"terça-feira";"18:10:00";"RS";386;373,9;"TAQUARI";"Reação tardia ou ineficiente do condutor";"Colisão traseira";"Com Vítimas Feridas";"Pleno dia";"Crescente";"Céu Claro";"Dupla";"Não Informado";"Não";2;0;1;0;1;0;1;2;-29,61583013;-51,79393888;"SPRF-RS";"DEL04-RS";"UOP04-DEL04-RS"
507708;2023-02-28;"terça-feira";"16:30:00";"PE";408;84;"PAUDALHO";"Manobra de mudança de faixa";"Colisão lateral mesmo sentido";"Com Vítimas Feridas";"Pleno dia";"Decrescente";"Céu Claro";"Múltipla";"Não Informado";"Não";2;0;1;0;0;1;1;2;-7,95123498;-35,10915987;"SPRF-PE";"DEL01-PE";"UOP01-DEL01-PE"
507709;2023-02-28;"terça-feira";"16:52:00";"SC";282;17;"PALHOCA";"Acessar a via sem observar a presença dos outros veículos";"Colisão transversal";"Com Vítimas Feridas";"Pleno dia";"Crescente";"Céu Claro";"Simples";"Reta";"Sim";2;0;0;1;1;0;1;2;-27,665707;-48,688065;"SPRF-SC";"DEL01-SC";"UOP02-DEL01-SC"
507710;2023-02-28;"terça-feira";"12:30:00";"BA";324;517;"FEIRA DE SANTANA";"Condutor deixou de manter distância do veículo da frente";"Colisão lateral mesmo sentido";"Com Vítimas Feridas";"Pleno dia";"Crescente";"Céu Claro";"Simples";"Reta";"Sim";3;0;2;0;1;0;2;2;-12,24953308;-38,93362525;"SPRF-BA";"DEL02-BA";"UOP01-DEL02-BA"
507713;2023-02-28;"terça-feira";"17:50:00";"RJ";493;70;"NOVA IGUACU";"Ausência de reação do condutor";"Saída de leito carroçável";"Com Vítimas Feridas";"Anoitecer";"Crescente";"Nublado";"Dupla";"Curva";"Não";1;0;1;0;0;0;1;1;-22,68704309;-43,50448608;"SPRF-RJ";"DEL01-RJ";"UOP03-DEL01-RJ"
507715;2023-02-28;"terça-feira";"18:20:00";"SP";116;154;"SAO JOSE DOS CAMPOS";"Pista Escorregadia";"Tombamento";"Com Vítimas Feridas";"Anoitecer";"Crescente";"Chuva";"Dupla";"Reta";"Sim";2;0;1;0;0;1;1;2;-23,23903999;-45,92061901;"SPRF-SP";"DEL02-SP";"UOP01-DEL02-SP"
507716;2023-02-28;"terça-feira";"17:50:00";"PR";376;599;"CURITIBA";"Manobra de mudança de faixa";"Colisão lateral mesmo sentido";"Com Vítimas Feridas";"Pleno dia";"Crescente";"Céu Claro";"Dupla";"Reta";"Não";2;0;1;0;1;0;1;2;-25,52629711;-49,32958412;"SPRF-PR";"DEL01-PR";"UAP06-DEL01-PR"
507717;2023-02-28;"terça-feira";"16:00:00";"PI";343;624;"FLORIANO";"Reação tardia ou ineficiente do condutor";"Saída de leito carroçável";"Com Vítimas Fatais";"Pleno dia";"Decrescente";"Nublado";"Simples";"Reta";"Não";3;1;1;1;0;0;2;1;-6,965058;-43,238613;"SPRF-PI";"DEL03-PI";"UOP01-DEL03-PI"
507718;2023-02-28;"terça-feira";"18:20:00";"SP";116;289,2;"ITAPECERICA DA SERRA";"Pista esburacada";"Tombamento";"Com Vítimas Feridas";"Anoitecer";"Crescente";"Céu Claro";"Dupla";"Reta";"Não";2;0;1;1;0;0;2;1;-23,72290969;-46,89096614;"SPRF-SP";"DEL04-SP";"UOP01-DEL04-SP"
507719;2023-02-28;"terça-feira";"17:30:00";"RJ";40;121;"DUQUE DE CAXIAS";"Avarias e/ou desgaste excessivo no pneu";"Queda de ocupante de veículo";"Com Vítimas Feridas";"Anoitecer";"Decrescente";"Nublado";"Múltipla";"Reta";"Sim";1;0;0;1;0;0;1;1;-22,78185499;-43,28571273;"SPRF-RJ";"DEL01-RJ";"UOP01-DEL01-RJ"
507720;2023-02-28;"terça-feira";"17:45:00";"RO";364;343,1;"JI-PARANA";"Desrespeitar a preferência no cruzamento";"Colisão lateral mesmo sentido";"Com Vítimas Feridas";"Pleno dia";"Decrescente";"Chuva";"Dupla";"Interseção de vias";"Sim";2;0;1;0;1;0;1;2;-10,87878519;-61,94499012;"SPRF-RO";"DEL02-RO";"UOP01-DEL02-RO"