"id";"data_inversa";"dia_semana";"horario";"uf";"br";"km";"municipio";"causa_acidente";"tipo_acidente";"classificacao_acidente";"fase_dia";"sentido_via";"condicao_metereologica";"tipo_pista";"tracado_via";"uso_solo";"pessoas";"mortos";"feridos_leves";"feridos_graves";"ilesos";"ignorados";"feridos";"veiculos";"latitude";"longitude";"regional";"delegacia";"uop"
507722;2023-02-28;"terça-feira";"19:10:00";"SP";116;123;"CACAPAVA";"Pedestre andava na pista";"Colisão lateral mesmo sentido";"Com Vítimas Feridas";"Plena Noite";"Decrescente";"Chuva";"Dupla";"Reta";"Sim";3;0;1;0;2;0;1;3;-23,08754228;-45,66969781;"SPRF-SP";"DEL02-SP";"UOP02-DEL02-SP"
507725;2023-02-28;"terça-feira";"19:15:00";"BA";116;425;"FEIRA DE SANTANA";"Reação tardia ou ineficiente do condutor";"Colisão traseira";"Com Vítimas Feridas";"Plena Noite";"Decrescente";"Céu Claro";"Simples";"Reta";"Sim";2;0;1;0;1;0;1;2;-12,23736613;-38,97999588;"SPRF-BA";"DEL02-BA";"UOP01-DEL02-BA"
507727;2023-02-28;"terça-feira";"19:35:00";"CE";116;17;"ITAITINGA";"Manobra de mudança de faixa";"Colisão traseira";"Com Vítimas Feridas";"Plena Noite";"Crescente";"Céu Claro";"Dupla";"Reta";"Sim";3;0;2;0;1;0;2;2;-3,89617918;-38,50336042;"SPRF-CE";"DEL01-CE";"UOP02-DEL01-CE"
507728;2023-02-28;"terça-feira";"20:10:00";"SP";101;49,5;"UBATUBA";"Acumulo de água sobre o pavimento";"Tombamento";"Com Vítimas Feridas";"Plena Noite";"Crescente";"Chuva";"Simples";"Reta";"Sim";2;0;2;0;0;0;2;1;-23,45018939;-45,07743735;"SPRF-SP";"DEL06-SP";"UOP01-DEL06-SP"
507731;2023-02-28;"terça-feira";"14:50:00";"BA";110;133;"CICERO DANTAS";"Curva acentuada";"Saída de leito carroçável";"Com Vítimas Fatais";"Pleno dia";"Decrescente";"Céu Claro";"Simples";"Não Informado";"Não";6;1;0;5;0;0;5;1;-10,55946026;-38,32811529;"SPRF-BA";"DEL07-BA";"UOP02-DEL07-BA"
507734;2023-02-28;"terça-feira";"20:00:00";"SC";282;19;"PALHOCA";"Condutor deixou de manter distância do veículo da frente";"Colisão traseira";"Com Vítimas Feridas";"Plena Noite";"Decrescente";"Céu Claro";"Simples";"Reta";"Sim";3;0;3;0;0;0;3;2;-27,678635;-48,70192;"SPRF-SC";"DEL01-SC";"UOP02-DEL01-SC"
507735;2023-02-28;"terça-feira";"19:50:00";"PR";376;180;"MARINGA";"Pista esburacada";"Queda de ocupante de veículo";"Com Vítimas Feridas";"Plena Noite";"Decrescente";"Chuva";"Múltipla";"Reta";"Sim";1;0;1;0;0;0;1;1;-23,42725352;-51,89512271;"SPRF-PR";"DEL09-PR";"UOP01-DEL09-PR"
507736;2023-02-28;"terça-feira";"18:45:00";"RJ";493;19;"MAGE";"Desvio temporário";"Colisão transversal";"Com Vítimas Feridas";"Plena Noite";"Decrescente";"Nublado";"Dupla";"Não Informado";"Sim";2;0;1;0;1;0;1;2;-22,6663848;-43,02770248;"SPRF-RJ";"DEL02-RJ";"UOP04-DEL02-RJ"
507737;2023-02-28;"terça-feira";"18:20:00";"BA";101;49;"ITABUNA";"Acessar a via sem observar a presença dos outros veículos";"Colisão transversal";"Com Vítimas Feridas";"Anoitecer";"Crescente";"Céu Claro";"Simples";"Reta";"Sim";3;0;2;0;1;0;2;2;-14,82204;-39,309575;"SPRF-BA";"DEL01-BA";"UOP04-DEL01-BA"
507738;2023-02-28;"terça-feira";"20:15:00";"DF";20;12;"BRASILIA";"Manobra de mudança de faixa";"Colisão lateral mesmo sentido";"Com Vítimas Feridas";"Plena Noite";"Crescente";"Nublado";"Dupla";"Reta";"Não";2;0;1;0;1;0;1;2;-15,642812;-47,757786;"SPRF-DF";"DEL02-DF";"UOP01-DEL02-DF"
507740;2023-02-28;"terça-feira";"17:50:00";"RS";392;28;"RIO GRANDE";"Reação tardia ou ineficiente do condutor";"Colisão com objeto";"Sem Vítimas";"Pleno dia";"Decrescente";"Céu Claro";"Dupla";"Reta";"Sim";2;0;0;0;2;0;0;1;-32,06592409;-52,26686814;"SPRF-RS";"DEL07-RS";"UOP02-DEL07-RS"
507742;2023-02-28;"terça-feira";"20:30:00";"MA";316;229,4;"BOM JARDIM";"Transitar na contramão";"Colisão frontal";"Com Vítimas Feridas";"Plena Noite";"Decrescente";"Ignorado";"Simples";"Reta";"Sim";3;0;0;3;0;0;3;2;-3,538001;-45,614196;"SPRF-MA";"DEL02-MA";"UOP01-DEL02-MA"
507743;2023-02-28;"terça-feira";"17:40:00";"MS";163;18,2;"MUNDO NOVO";"Acessar a via sem observar a presença dos outros veículos";"Colisão transversal";"Com Vítimas Feridas";"Plena Noite";"Decrescente";"Garoa/Chuvisco";"Simples";"Reta";"Sim";2;0;1;0;1;0;1;2;-23,94186304;-54,28068144;"SPRF-MS";"DEL09-MS";"UOP02-DEL09-MS"
507744;2023-02-28;"terça-feira";"20:17:00";"MS";163;316;"RIO BRILHANTE";"Ausência de reação do condutor";"Tombamento";"Com Vítimas Feridas";"Plena Noite";"Crescente";"Chuva";"Dupla";"Rotatória";"Não";1;0;1;0;0;0;1;1;-21,84371195;-54,53746389;"SPRF-MS";"DEL02-MS";"UOP02-DEL02-MS"
507746;2023-02-28;"terça-feira";"19:00:00";"PR";163;198,9;"CASCAVEL";"Ausência de reação do condutor";"Colisão transversal";"Com Vítimas Feridas";"Plena Noite";"Crescente";"Chuva";"Simples";"Reta";"Não";2;0;0;1;1;0;1;2;-25,03995614;-53,55709566;"SPRF-PR";"DEL04-PR";"UOP04-DEL04-PR"
507747;2023-02-28;"terça-feira";"20:40:00";"MG";116;532,2;"SANTA RITA DE MINAS";"Ingestão de álcool pelo condutor";"Tombamento";"Com Vítimas Feridas";"Plena Noite";"Crescente";"Céu Claro";"Simples";"Curva";"Não";2;0;2;0;0;0;2;1;-19,82774609;-42,13965431;"SPRF-MG";"DEL06-MG";"UOP02-DEL06-MG"
507749;2023-01-22;"domingo";"09:30:00";"PR";277;336;"GUARAPUAVA";"Ingestão de álcool pelo condutor";"Colisão com objeto";"Com Vítimas Feridas";"Pleno dia";"Decrescente";"Céu Claro";"Dupla";"Curva";"Não";4;0;3;0;1;0;3;2;-25,35620267;-51,36067277;"SPRF-PR";"DEL08-PR";"UOP01-DEL08-PR"
507750;2023-02-28;"terça-feira";"17:30:00";"BA";242;690;"CRISTOPOLIS";"Acumulo de água sobre o pavimento";"Saída de leito carroçável";"Com Vítimas Feridas";"Pleno dia";"Decrescente";"Chuva";"Simples";"Reta";"Não";42;0;31;6;0;5;37;1;-12,22258881;-44,07371521;"SPRF-BA";"DEL10-BA";"UOP02-DEL10-BA"
507752;2023-02-28;"terça-feira";"19:50:00";"ES";101;82,4;"SAO MATEUS";"Reação tardia ou ineficiente do condutor";"Queda de ocupante de veículo";"Com Vítimas Feridas";"Plena Noite";"Crescente";"Céu Claro";"Simples";"Não Informado";"Não";1;0;1;0;0;0;1;1;-18,83616999;-39,91775501;"SPRF-ES";"DEL04-ES";"UOP02-DEL04-ES"
507753;2023-02-28;"terça-feira";"21:30:00";"SE";101;36;"CAPELA";"Demais falhas mecânicas ou elétricas";"Tombamento";"Com Vítimas Feridas";"Plena Noite";"Decrescente";"Céu Claro";"Dupla";"Reta";"Não";1;0;1;0;0;0;1;1;-10,49230498;-36,94471029;"SPRF-SE";"DEL02-SE";"UOP02-DEL02-SE"
507754;2023-02-28;"terça-feira";"22:00:00";"MG";381;455,6;"BELO HORIZONTE";"Ausência de reação do condutor";"Colisão frontal";"Com Vítimas Feridas";"Plena Noite";"Decrescente";"Céu Claro";"Simples";"Não Informado";"Não";2;0;0;1;1;0;1;2;-19,838044;-43,882776;"SPRF-MG";"DEL01-MG";"UOP01-DEL01-MG"
507755;2023-02-28;"terça-feira";"22:00:00";"PE";104;61;"CARUARU";"Ingestão de álcool pelo condutor";"Queda de ocupante de veículo";"Com Vítimas Feridas";"Plena Noite";"Crescente";"Céu Claro";"Dupla";"Não Informado";"Não";1;0;1;0;0;0;1;1;-8,2529;-35,9751;"SPRF-PE";"DEL02-PE";"UOP01-DEL02-PE"
507756;2023-02-28;"terça-feira";"22:00:00";"GO";60;248,5;"INDIARA";"Acumulo de areia ou detritos sobre o pavimento";"Saída de leito carroçável";"Com Vítimas Feridas";"Plena Noite";"Crescente";"Céu Claro";"Dupla";"Reta";"Não";3;0;2;0;1;0;2;1;-17,1134;-49,9449;"SPRF-GO";"DEL01-GO";"UOP02-DEL01-GO"
507758;2023-01-19;"quinta-feira";"08:30:00";"ES";101;405;"ITAPEMIRIM";"Transitar na contramão";"Colisão frontal";"Com Vítimas Feridas";"Pleno dia";"Crescente";"Céu Claro";"Simples";"Reta";"Não";2;0;0;1;1;0;1;2;-20,90045516;-41,01499799;"SPRF-ES";"DEL03-ES";"UOP02-DEL03-ES"
507760;2023-02-28;"terça-feira";"16:40:00";"RJ";40;120;"DUQUE DE CAXIAS";"Manobra de mudança de faixa";"Colisão com objeto";"Com Vítimas Feridas";"Pleno dia";"Decrescente";"Céu Claro";"Múltipla";"Não Informado";"Sim";2;0;1;0;1;0;1;2;-22,772526;-43,28603;"SPRF-RJ";"DEL01-RJ";"UOP01-DEL01-RJ"
507761;2023-02-28;"terça-feira";"08:00:00";"MA";10;251,5;"IMPERATRIZ";"Acessar a via sem observar a presença dos outros veículos";"Colisão transversal";"Com Vítimas Feridas";"Pleno dia";"Crescente";"Céu Claro";"Simples";"Reta";"Sim";2;0;1;0;1;0;1;2;-5,543249;-47,464447;"SPRF-MA";"DEL04-MA";"UOP01-DEL04-MA"
507762;2023-02-28;"terça-feira";"22:30:00";"RS";470;217;"BENTO GONCALVES";"Animais na Pista";"Atropelamento de Animal";"Com Vítimas Feridas";"Plena Noite";"Decrescente";"Céu Claro";"Simples";"Curva";"Sim";1;0;1;0;0;0;1;1;-29,17777572;-51,51848307;"SPRF-RS";"DEL06-RS";"UOP01-DEL06-RS"
507768;2023-02-28;"terça-feira";"23:20:00";"RJ";393;137;"SAPUCAIA";"Reação tardia ou ineficiente do condutor";"Queda de ocupante de veículo";"Com Vítimas Feridas";"Plena Noite";"Decrescente";"Céu Claro";"Simples";"Reta";"Sim";1;0;1;0;0;0;1;1;-21,99811503;-42,92231799;"SPRF-RJ";"DEL04-RJ";"UOP02-DEL04-RJ"
507770;2023-02-28;"terça-feira";"22:40:00";"RO";364;695;"CANDEIAS DO JAMARI";"Manobra de mudança de faixa";"Colisão transversal";"Com Vítimas Feridas";"Plena Noite";"Crescente";"Céu Claro";"Dupla";"Reta";"Não";3;0;3;0;0;0;3;2;-8,80046896;-63,725947;"SPRF-RO";"DEL01-RO";"UOP01-DEL01-RO"
507771;2023-02-28;"terça-feira";"23:00:00";"PB";104;129,6;"CAMPINA GRANDE";"Acessar a via sem observar a presença dos outros veículos";"Colisão frontal";"Com Vítimas Feridas";"Plena Noite";"Decrescente";"Céu Claro";"Simples";"Não Informado";"Não";2;0;0;2;0;0;2;2;-7,28120589;-35,88915693;"SPRF-PB";"DEL02-PB";"UOP03-DEL02-PB"
507774;2023-01-07;"sábado";"04:40:00";"BA";324;622;"SALVADOR";"Pedestre andava na pista";"Atropelamento de Pedestre";"Com Vítimas Fatais";"Amanhecer";"Decrescente";"Nublado";"Múltipla";"Reta";"Não";3;1;0;0;1;1;0;1;-12,91888605;-38,46502095;"SPRF-BA";"DEL01-BA";"UOP01-DEL01-BA"
507776;2023-02-28;"terça-feira";"21:00:00";"MS";262;120;"AGUA CLARA";"Transitar na contramão";"Saída de leito carroçável";"Com Vítimas Feridas";"Plena Noite";"Decrescente";"Nublado";"Simples";"Reta";"Não";2;0;1;0;0;1;1;2;-20,50642214;-52,67299202;"SPRF-MS";"DEL07-MS";"UOP02-DEL07-MS"
507782;2023-02-28;"terça-feira";"07:57:00";"PE";407;126;"PETROLINA";"Acessar a via sem observar a presença dos outros veículos";"Colisão transversal";"Com Vítimas Feridas";"Pleno dia";"Decrescente";"Céu Claro";"Simples";"Reta";"Sim";2;0;1;0;0;1;1;2;-9,38491309;-40,52809509;"SPRF-PE";"DEL06-PE";"UOP01-DEL06-PE"
507783;2023-02-28;"terça-feira";"18:30:00";"BA";324;410;"NOVA FATIMA";"Ultrapassagem Indevida";"Colisão frontal";"Com Vítimas Feridas";"Plena Noite";"Crescente";"Céu Claro";"Simples";"Reta";"Não";3;0;3;0;0;0;3;2;-11,6433977;-39,59174072;"SPRF-BA";"DEL04-BA";"UOP02-DEL04-BA"
507785;2023-02-28;"terça-feira";"22:30:00";"RJ";116;68;"TERESOPOLIS";"Ingestão de álcool ou de substâncias psicoativas pelo pedestre";"Atropelamento de Pedestre";"Com Vítimas Feridas";"Plena Noite";"Decrescente";"Céu Claro";"Simples";"Reta";"Não";2;0;1;0;1;0;1;1;-22,30203301;-42,93608798;"SPRF-RJ";"DEL04-RJ";"UOP01-DEL04-RJ"
507787;2023-02-13;"segunda-feira";"14:15:00";"PR";467;80;"TOLEDO";"Reação tardia ou ineficiente do condutor";"Capotamento";"Com Vítimas Feridas";"Pleno dia";"Crescente";"Nublado";"Dupla";"Curva";"Não";4;0;3;0;1;0;3;1;-24,7875;-53,6778;"SPRF-PR";"DEL04-PR";"UOP01-DEL04-PR"
507788;2023-02-28;"terça-feira";"17:00:00";"RJ";393;284;"VOLTA REDONDA";"Acessar a via sem observar a presença dos outros veículos";"Colisão transversal";"Com Vítimas Feridas";"Pleno dia";"Decrescente";"Céu Claro";"Simples";"Interseção de vias";"Não";2;0;1;0;0;1;1;2;-22,47341979;-44,05990606;"SPRF-RJ";"DEL05-RJ";"UOP02-DEL05-RJ"
507791;2023-02-28;"terça-feira";"20:00:00";"MT";163;872;"SINOP";"Acumulo de água sobre o pavimento";"Saída de leito carroçável";"Com Vítimas Feridas";"Plena Noite";"Crescente";"Chuva";"Simples";"Não Informado";"Não";1;0;1;0;0;0;1;1;-11,66415007;-55,44397073;"SPRF-MT";"DEL06-MT";"UOP02-DEL06-MT"
507794;2023-02-28;"terça-feira";"18:45:00";"RO";364;13;"VILHENA";"Acessar a via sem observar a presença dos outros veículos";"Colisão transversal";"Com Vítimas Feridas";"Plena Noite";"Crescente";"Céu Claro";"Dupla";"Reta";"Sim";2;0;0;1;0;1;1;2;-12,74140004;-60,13026401;"SPRF-RO";"DEL04-RO";"UOP01-DEL04-RO"
507809;2023-02-28;"terça-feira";"10:00:00";"BA";367;25;"PORTO SEGURO";"Conversão proibida";"Colisão lateral mesmo sentido";"Com Vítimas Feridas";"Pleno dia";"Decrescente";"Céu Claro";"Simples";"Reta";"Sim";2;0;1;0;1;0;1;2;-16,435942;-39,093975;"SPRF-BA";"DEL09-BA";"UOP03-DEL09-BA"
507810;2023-02-26;"domingo";"15:27:00";"ES";101;173;"ARACRUZ";"Acessar a via sem observar a presença dos outros veículos";"Colisão transversal";"Com Vítimas Feridas";"Pleno dia";"Decrescente";"Céu Claro";"Simples";"Interseção de vias";"Sim";2;0;1;0;1;0;1;2;-19,57221883;-40,18397327;"SPRF-ES";"DEL04-ES";"UOP01-DEL04-ES"
507820;2023-02-01;"quarta-feira";"08:25:00";"PR";376;176;"MARINGA";"Manobra de mudança de faixa";"Colisão lateral mesmo sentido";"Com Vítimas Feridas";"Pleno dia";"Crescente";"Céu Claro";"Múltipla";"Reta";"Sim";3;0;1;0;1;1;1;3;-23,41269173;-51,93158327;"SPRF-PR";"DEL09-PR";"UOP01-DEL09-PR"
507825;2023-02-27;"segunda-feira";"12:00:00";"BA";235;470;"CASA NOVA";"Animais na Pista";"Capotamento";"Com Vítimas Feridas";"Pleno dia";"Crescente";"Céu Claro";"Simples";"Reta";"Não";1;0;1;0;0;0;1;1;-9,31347828;-41,70285297;"SPRF-BA";"DEL04-BA";"UOP01-DEL04-BA"
507841;2023-02-07;"terça-feira";"07:04:00";"RN";226;12,9;"MACAIBA";"Ultrapassagem Indevida";"Colisão transversal";"Com Vítimas Feridas";"Pleno dia";"Decrescente";"Céu Claro";"Simples";"Não Informado";"Não";3;0;2;0;1;0;2;2;-5,84748382;-35,31212402;"SPRF-RN";"DEL01-RN";"UOP02-DEL01-RN"
507851;2023-02-26;"domingo";"07:00:00";"RN";405;157;"RAFAEL FERNANDES";"Animais na Pista";"Atropelamento de Animal";"Sem Vítimas";"Pleno dia";"Crescente";"Sol";"Simples";"Reta";"Não";1;0;0;0;1;0;0;1;-6,16743001;-38,20962396;"SPRF-RN";"DEL04-RN";"UOP02-DEL04-RN"
507854;2023-02-14;"terça-feira";"20:45:00";"MS";163;659,9;"RIO VERDE DE MATO GROSSO";"Animais na Pista";"Atropelamento de Animal";"Sem Vítimas";"Plena Noite";"Decrescente";"Nublado";"Simples";"Desvio Temporário";"Não";1;0;0;0;1;0;0;1;-19,08794709;-54,77892912;"SPRF-MS";"DEL06-MS";"UOP02-DEL06-MS"
507856;2023-02-24;"sexta-feira";"15:30:00";"RS";470;167,5;"VILA FLORES";"Acessar a via sem observar a presença dos outros veículos";"Colisão transversal";"Com Vítimas Feridas";"Pleno dia";"Decrescente";"Sol";"Simples";"Não Informado";"Sim";2;0;0;1;1;0;1;2;-28,859196;-51,555248;"SPRF-RS";"DEL06-RS";"UOP02-DEL06-RS"
507878;2023-02-19;"domingo";"20:30:00";"MS";376;38,5;"VICENTINA";"Transitar na contramão";"Colisão frontal";"Com Vítimas Feridas";"Plena Noite";"Crescente";"Nublado";"Simples";"Reta";"Não";5;0;0;5;0;0;5;2;-22,40949914;-54,43474966;"SPRF-MS";"DEL04-MS";"UOP01-DEL04-MS"
507911;2023-02-28;"terça-feira";"22:17:00";"RJ";101;294;"ITABORAI";"Reação tardia ou ineficiente do condutor";"Colisão traseira";"Com Vítimas Feridas";"Plena Noite";"Crescente";"Céu Claro";"Dupla";"Reta";"Sim";2;0;1;0;1;0;1;2;-22,7584434;-42,89502344;"SPRF-RJ";"DEL02-RJ";"UOP02-DEL02-RJ"
507916;2023-01-12;"quinta-feira";"06:00:00";"RJ";40;120,8;"DUQUE DE CAXIAS";"Trafegar com motocicleta (ou similar) entre as faixas";"Colisão traseira";"Com Vítimas Feridas";"Pleno dia";"Crescente";"Nublado";"Múltipla";"Reta";"Sim";2;0;1;0;1;0;1;2;-22,77280597;-43,28626763;"SPRF-RJ";"DEL01-RJ";"UOP01-DEL01-RJ"
507952;2023-02-22;"quarta-feira";"23:00:00";"SC";101;334,1;"TUBARAO";"Ausência de reação do condutor";"Atropelamento de Pedestre";"Com Vítimas Feridas";"Plena Noite";"Crescente";"Céu Claro";"Simples";"Reta";"Sim";3;0;2;0;0;1;2;1;-28,46730446;-49,00604302;"SPRF-SC";"DEL02-SC";"UOP01-DEL02-SC"
507954;2023-02-15;"quarta-feira";"13:30:00";"PR";277;5,4;"PARANAGUA";"Objeto estático sobre o leito carroçável";"Colisão com objeto";"Com Vítimas Feridas";"Pleno dia";"Crescente";"Nublado";"Dupla";"Viaduto";"Sim";2;0;2;0;0;0;2;1;-25,5205;-48,5095;"SPRF-PR";"DEL01-PR";"UOP05-DEL01-PR"
507964;2023-01-21;"sábado";"20:30:00";"SE";101;195;"CRISTINAPOLIS";"Reação tardia ou ineficiente do condutor";"Tombamento";"Com Vítimas Feridas";"Plena Noite";"Crescente";"Céu Claro";"Simples";"Não Informado";"Não";2;0;1;0;0;1;1;1;-11,45909602;-37,73504396;"SPRF-SE";"DEL02-SE";"UOP03-DEL02-SE"
507980;2023-01-21;"sábado";"17:34:00";"SC";280;28;"ARAQUARI";"Reação tardia ou ineficiente do condutor";"Queda de ocupante de veículo";"Com Vítimas Feridas";"Anoitecer";"Crescente";"Céu Claro";"Simples";"Reta";"Sim";1;0;1;0;0;0;1;1;-26,40450077;-48,74561031;"SPRF-SC";"DEL03-SC";"UOP03-DEL03-SC"
507986;2023-01-25;"quarta-feira";"20:30:00";"SP";116;209;"GUARULHOS";"Manobra de mudança de faixa";"Colisão lateral mesmo sentido";"Com Vítimas Feridas";"Plena Noite";"Decrescente";"Céu Claro";"Múltipla";"Reta";"Sim";3;0;2;0;1;0;2;2;-23,42511799;-46,40221101;"SPRF-SP";"DEL01-SP";"UOP01-DEL01-SP"
507999;2023-01-21;"sábado";"22:00:00";"SC";101;132;"BALNEARIO CAMBORIU";"Acesso irregular";"Colisão transversal";"Com Vítimas Feridas";"Plena Noite";"Crescente";"Céu Claro";"Dupla";"Reta";"Sim";3;0;1;1;1;0;2;2;-26,99654133;-48,65564711;"SPRF-SC";"DEL04-SC";"UOP03-DEL04-SC"
508014;2023-02-18;"sábado";"17:55:00";"MS";60;59;"PARAISO DAS AGUAS";"Reação tardia ou ineficiente do condutor";"Tombamento";"Com Vítimas Feridas";"Pleno dia";"Crescente";"Céu Claro";"Simples";"Reta";"Não";2;0;2;0;0;0;2;1;-19,00991325;-52,99155075;"SPRF-MS";"DEL08-MS";"UOP01-DEL08-MS"
508019;2023-02-28;"terça-feira";"21:20:00";"RJ";101;297;"ITABORAI";"Acessar a via sem observar a presença dos outros veículos";"Queda de ocupante de veículo";"Com Vítimas Fatais";"Plena Noite";"Decrescente";"Nublado";"Dupla";"Reta";"Sim";5;1;0;0;4;0;0;2;-22,77119572;-42,92907715;"SPRF-RJ";"DEL02-RJ";"UOP02-DEL02-RJ"
508023;2023-02-14;"terça-feira";"10:10:00";"ES";101;19,9;"CONCEICAO DA BARRA";"Velocidade Incompatível";"Colisão traseira";"Com Vítimas Feridas";"Pleno dia";"Crescente";"Céu Claro";"Simples";"Curva";"Não";4;0;0;1;1;2;1;2;-18,31846928;-39,95435579;"SPRF-ES";"DEL04-ES";"UOP02-DEL04-ES"
508124;2023-02-27;"segunda-feira";"09:20:00";"RJ";101;306;"SAO GONCALO";"Ausência de reação do condutor";"Colisão lateral mesmo sentido";"Com Vítimas Feridas";"Pleno dia";"Crescente";"Céu Claro";"Dupla";"Reta";"Sim";2;0;1;0;1;0;1;2;-22,78913759;-43,00550909;"SPRF-RJ";"DEL02-RJ";"UOP02-DEL02-RJ"
508135;2023-02-27;"segunda-feira";"22:40:00";"RS";285;285;"PASSO FUNDO";"Avarias e/ou desgaste excessivo no pneu";"Saída de leito carroçável";"Com Vítimas Feridas";"Plena Noite";"Crescente";"Céu Claro";"Simples";"Curva";"Não";1;0;1;0;0;0;1;1;-28,24577;-52,299809;"SPRF-RS";"DEL08-RS";"UOP03-DEL08-RS"
508151;2023-01-22;"domingo";"18:30:00";"BA";415;50;"ITABUNA";"Velocidade Incompatível";"Tombamento";"Com Vítimas Feridas";"Anoitecer";"Decrescente";"Céu Claro";"Simples";"Reta";"Sim";1;0;0;1;0;0;1;1;-14,81574494;-39,29612388;"SPRF-BA";"DEL05-BA";"UOP01-DEL05-BA"
508166;2023-02-04;"sábado";"05:30:00";"PR";116;16;"COLOMBO";"Chuva";"Tombamento";"Com Vítimas Fatais";"Amanhecer";"Decrescente";"Garoa/Chuvisco";"Dupla";"Reta";"Não";1;1;0;0;0;0;0;1;-25,3874;-49,1774;"SPRF-PR";"DEL01-PR";"UOP02-DEL01-PR"
508188;2023-02-21;"terça-feira";"13:20:00";"RS";392;1;"PELOTAS";"Reação tardia ou ineficiente do condutor";"Colisão lateral mesmo sentido";"Sem Vítimas";"Pleno dia";"Crescente";"Céu Claro";"Simples";"Reta";"Não";2;0;0;0;2;0;0;2;-31,7610494;-52,40272522;"SPRF-RS";"DEL07-RS";"UOP02-DEL07-RS"
508198;2023-01-14;"sábado";"10:40:00";"MS";163;725;"COXIM";"Ultrapassagem Indevida";"Colisão transversal";"Com Vítimas Feridas";"Pleno dia";"Decrescente";"Céu Claro";"Simples";"Reta";"Sim";2;0;1;0;1;0;1;2;-18,55245685;-54,75080527;"SPRF-MS";"DEL06-MS";"UOP01-DEL06-MS"
508206;2023-02-28;"terça-feira";"07:15:00";"BA";110;2;"PAULO AFONSO";"Acessar a via sem observar a presença dos outros veículos";"Colisão transversal";"Com Vítimas Feridas";"Pleno dia";"Crescente";"Céu Claro";"Simples";"Reta";"Sim";2;0;1;0;1;0;1;2;-9,47099311;-38,20719886;"SPRF-BA";"DEL07-BA";"UOP01-DEL07-BA"
508214;2023-02-22;"quarta-feira";"09:50:00";"BA";242;524;"OLIVEIRA DOS BREJINHOS";"Ausência de reação do condutor";"Saída de leito carroçável";"Com Vítimas Feridas";"Pleno dia";"Crescente";"Céu Claro";"Simples";"Reta";"Não";4;0;0;2;2;0;2;1;-12,29182589;-42,65698696;"SPRF-BA";"DEL06-BA";"UOP01-DEL06-BA"
508232;2023-02-18;"sábado";"20:40:00";"PA";230;650;"ALTAMIRA";"Ingestão de substâncias psicoativas pelo condutor";"Saída de leito carroçável";"Sem Vítimas";"Plena Noite";"Crescente";"Ignorado";"Simples";"Reta";"Não";2;0;0;0;0;2;0;1;-3,22792823;-52,29938507;"SPRF-PA";"DEL04-PA";"UOP01-DEL04-PA"
508233;2023-02-13;"segunda-feira";"06:41:00";"ES";101;147,3;"LINHARES";"Acessar a via sem observar a presença dos outros veículos";"Colisão transversal";"Com Vítimas Feridas";"Pleno dia";"Crescente";"Céu Claro";"Dupla";"Interseção de vias";"Sim";3;0;0;2;1;0;2;2;-19,37887202;-40,06657892;"SPRF-ES";"DEL04-ES";"UOP01-DEL04-ES"
508296;2023-02-16;"quinta-feira";"17:30:00";"GO";364;194,8;"JATAI";"Pedestre andava na pista";"Atropelamento de Pedestre";"Com Vítimas Feridas";"Anoitecer";"Crescente";"Céu Claro";"Dupla";"Não Informado";"Sim";2;0;0;2;0;0;2;1;-17,922171;-51,704082;"SPRF-GO";"DEL05-GO";"UOP01-DEL05-GO"
508408;2023-02-05;"domingo";"20:00:00";"PR";277;569,4;"CASCAVEL";"Reação tardia ou ineficiente do condutor";"Colisão transversal";"Com Vítimas Feridas";"Plena Noite";"Crescente";"Céu Claro";"Simples";"Reta";"Não";9;0;1;1;5;2;2;2;-25,02498709;-53,27677113;"SPRF-PR";"DEL04-PR";"UOP01-DEL04-PR"
508434;2023-02-12;"domingo";"04:30:00";"PE";423;172,2;"AGUAS BELAS";"Animais na Pista";"Atropelamento de Animal";"Sem Vítimas";"Amanhecer";"Crescente";"Céu Claro";"Simples";"Reta";"Não";2;0;0;0;0;2;0;1;-9,12811042;-37,06924697;"SPRF-AL";"DEL03-AL";"UOP02-DEL03-AL"
508615;2023-01-24;"terça-feira";"17:35:00";"PE";232;180,9;"BELO JARDIM";"Acesso irregular";"Colisão transversal";"Com Vítimas Feridas";"Anoitecer";"Crescente";"Céu Claro";"Simples";"Reta";"Sim";2;0;0;1;1;0;1;2;-8,34449745;-36,4288801;"SPRF-PE";"DEL03-PE";"UOP02-DEL03-PE"
508813;2023-02-15;"quarta-feira";"20:20:00";"MG";365;541;"ROMARIA";"Avarias e/ou desgaste excessivo no pneu";"Capotamento";"Com Vítimas Feridas";"Plena Noite";"Crescente";"Céu Claro";"Dupla";"Não Informado";"Não";2;0;1;0;0;1;1;1;-18,93214935;-47,60038505;"SPRF-MG";"DEL10-MG";"UOP01-DEL10-MG"
508839;2023-01-23;"segunda-feira";"18:20:00";"PR";277;7;"PARANAGUA";"Acumulo de água sobre o pavimento";"Capotamento";"Com Vítimas Feridas";"Anoitecer";"Crescente";"Chuva";"Simples";"Não Informado";"Não";5;0;2;3;0;0;5;1;-25,568198;-48,615292;"SPRF-PR";"DEL01-PR";"UOP05-DEL01-PR"