"id";"data_inversa";"dia_semana";"horario";"uf";"br";"km";"municipio";"causa_acidente";"tipo_acidente";"classificacao_acidente";"fase_dia";"sentido_via";"condicao_metereologica";"tipo_pista";"tracado_via";"uso_solo";"pessoas";"mortos";"feridos_leves";"feridos_graves";"ilesos";"ignorados";"feridos";"veiculos";"latitude";"longitude";"regional";"delegacia";"uop"
508853;2023-02-12;"domingo";"21:10:00";"MA";222;520,9;"BURITICUPU";"Ultrapassagem Indevida";"Colisão traseira";"Sem Vítimas";"Plena Noite";"Crescente";"Céu Claro";"Simples";"Não Informado";"Sim";4;0;0;0;0;4;0;4;-4,3262;-46,438995;"SPRF-MA";"DEL02-MA";"UOP01-DEL02-MA"
508907;2023-02-26;"domingo";"14:20:00";"PR";376;256,9;"CALIFORNIA";"Condutor deixou de manter distância do veículo da frente";"Colisão traseira";"Com Vítimas Feridas";"Pleno dia";"Decrescente";"Céu Claro";"Simples";"Reta";"Sim";6;0;1;0;5;0;1;2;-23,6622894;-51,36670053;"SPRF-PR";"DEL07-PR";"UOP03-DEL07-PR"
508923;2023-02-14;"terça-feira";"08:50:00";"ES";101;258,4;"SERRA";"Acessar a via sem observar a presença dos outros veículos";"Queda de ocupante de veículo";"Com Vítimas Feridas";"Pleno dia";"Decrescente";"Céu Claro";"Dupla";"Retorno Regulamentado";"Não";1;0;0;1;0;0;1;1;-20,12776952;-40,29944127;"SPRF-ES";"DEL02-ES";"UOP01-DEL02-ES"
508946;2023-02-10;"sexta-feira";"06:50:00";"AM";174;954;"MANAUS";"Reação tardia ou ineficiente do condutor";"Saída de leito carroçável";"Com Vítimas Feridas";"Amanhecer";"Crescente";"Nublado";"Simples";"Reta";"Não";1;0;0;1;0;0;1;1;-2,36386195;-60,04188351;"SPRF-AM";"N/A";"UOP01-DEL01-AM"
508948;2023-02-18;"sábado";"03:50:00";"RJ";356;175;"SAO JOAO DA BARRA";"Ultrapassagem Indevida";"Colisão transversal";"Com Vítimas Feridas";"Amanhecer";"Decrescente";"Céu Claro";"Simples";"Reta";"Não";4;0;4;0;0;0;4;2;-21,700266;-41,0569;"SPRF-RJ";"DEL08-RJ";"UOP02-DEL08-RJ"
508986;2023-01-25;"quarta-feira";"15:00:00";"PR";153;335;"IRATI";"Acessar a via sem observar a presença dos outros veículos";"Colisão transversal";"Com Vítimas Feridas";"Pleno dia";"Crescente";"Céu Claro";"Simples";"Reta";"Sim";2;0;1;0;1;0;1;2;-25,493478;-50,646672;"SPRF-PR";"DEL08-PR";"UOP02-DEL08-PR"
509003;2023-02-27;"segunda-feira";"22:25:00";"SC";280;75;"JARAGUA DO SUL";"Acessar a via sem observar a presença dos outros veículos";"Colisão traseira";"Com Vítimas Feridas";"Plena Noite";"Decrescente";"Chuva";"Simples";"Reta";"Sim";2;0;1;0;1;0;1;2;-26,457142;-49,184509;"SPRF-SC";"DEL03-SC";"UOP03-DEL03-SC"
509008;2023-01-24;"terça-feira";"21:30:00";"MG";381;338;"NOVA ERA";"Animais na Pista";"Atropelamento de Animal";"Com Vítimas Feridas";"Plena Noite";"Decrescente";"Ignorado";"Simples";"Curva";"Não";1;0;0;1;0;0;1;1;-19,82924241;-43,0894489;"SPRF-MG";"DEL03-MG";"UOP01-DEL03-MG"
509028;2023-02-15;"quarta-feira";"23:10:00";"MA";135;7;"SAO LUIS";"Reação tardia ou ineficiente do condutor";"Colisão traseira";"Sem Vítimas";"Plena Noite";"Decrescente";"Céu Claro";"Dupla";"Curva";"Sim";2;0;0;0;1;1;0;2;-2,63608835;-44,26848552;"SPRF-MA";"DEL01-MA";"UOP01-DEL01-MA"
509038;2023-02-26;"domingo";"18:30:00";"PR";476;274;"SAO MATEUS DO SUL";"Reação tardia ou ineficiente do condutor";"Colisão com objeto";"Com Vítimas Feridas";"Anoitecer";"Crescente";"Ignorado";"Simples";"Curva";"Não";1;0;0;1;0;0;1;1;-25,893393;-50,377842;"SPRF-PR";"DEL02-PR";"UOP03-DEL02-PR"
509039;2023-02-04;"sábado";"01:00:00";"MG";40;523,5;"CONTAGEM";"Ingestão de álcool pelo condutor";"Colisão frontal";"Com Vítimas Feridas";"Plena Noite";"Decrescente";"Ignorado";"Dupla";"Curva";"Sim";3;0;0;1;1;1;1;2;-19,86874894;-44,05962197;"SPRF-MG";"DEL01-MG";"UOP02-DEL01-MG"
509053;2023-02-11;"sábado";"19:20:00";"MA";135;47;"BACABEIRA";"Ausência de reação do condutor";"Colisão traseira";"Sem Vítimas";"Plena Noite";"Decrescente";"Céu Claro";"Dupla";"Reta";"Sim";5;0;0;0;4;1;0;2;-2,93871687;-44,33065366;"SPRF-MA";"DEL01-MA";"UOP01-DEL01-MA"
509069;2023-02-03;"sexta-feira";"20:39:00";"RJ";40;124;"DUQUE DE CAXIAS";"Reação tardia ou ineficiente do condutor";"Colisão traseira";"Com Vítimas Feridas";"Plena Noite";"Decrescente";"Ignorado";"Múltipla";"Reta";"Sim";2;0;1;0;1;0;1;1;-22,807953;-43,289124;"SPRF-RJ";"DEL01-RJ";"UOP01-DEL01-RJ"
509075;2023-02-19;"domingo";"12:15:00";"PA";163;992;"SANTAREM";"Manobra de mudança de faixa";"Colisão transversal";"Com Vítimas Feridas";"Pleno dia";"Crescente";"Chuva";"Simples";"Reta";"Sim";4;0;0;1;2;1;1;2;-2,538837;-54,722717;"SPRF-PA";"DEL05-PA";"UOP01-DEL05-PA"
509167;2023-01-19;"quinta-feira";"14:30:00";"ES";262;16;"VIANA";"Transitar na contramão";"Colisão frontal";"Com Vítimas Feridas";"Pleno dia";"Crescente";"Ignorado";"Simples";"Reta";"Sim";2;0;0;1;1;0;1;2;-20,38441093;-40,463078;"SPRF-ES";"DEL01-ES";"UOP01-DEL01-ES"
509194;2023-02-12;"domingo";"12:40:00";"ES";101;386,9;"RIO NOVO DO SUL";"Chuva";"Saída de leito carroçável";"Com Vítimas Feridas";"Pleno dia";"Decrescente";"Chuva";"Simples";"Reta";"Não";1;0;0;1;0;0;1;1;-20,84290625;-40,87422184;"SPRF-ES";"DEL03-ES";"UOP01-DEL03-ES"
509222;2023-01-15;"domingo";"10:30:00";"PR";476;115;"COLOMBO";"Ausência de reação do condutor";"Colisão lateral mesmo sentido";"Com Vítimas Feridas";"Pleno dia";"Decrescente";"Céu Claro";"Simples";"Reta";"Sim";3;0;2;0;1;0;2;3;-25,344196;-49,159679;"SPRF-PR";"DEL01-PR";"UOP01-DEL01-PR"
509287;2023-02-17;"sexta-feira";"02:30:00";"PR";376;388;"IMBAU";"Chuva";"Colisão com objeto";"Com Vítimas Feridas";"Plena Noite";"Crescente";"Chuva";"Dupla";"Reta";"Não";2;0;1;0;1;0;1;1;-24,46367414;-50,74958324;"SPRF-PR";"DEL03-PR";"UOP02-DEL03-PR"
509361;2023-02-17;"sexta-feira";"16:10:00";"ES";101;269,9;"SERRA";"Trafegar com motocicleta (ou similar) entre as faixas";"Atropelamento de Pedestre";"Com Vítimas Feridas";"Pleno dia";"Crescente";"Céu Claro";"Dupla";"Reta";"Sim";2;0;0;2;0;0;2;1;-20,21740496;-40,26990578;"SPRF-ES";"DEL02-ES";"UOP01-DEL02-ES"
509398;2023-02-22;"quarta-feira";"07:00:00";"PR";158;507;"CORONEL VIVIDA";"Acessar a via sem observar a presença dos outros veículos";"Colisão transversal";"Com Vítimas Feridas";"Pleno dia";"Decrescente";"Nevoeiro/Neblina";"Simples";"Curva";"Não";3;0;3;0;0;0;3;2;-26,02180124;-52,57733183;"SPRF-PR";"DEL02-PR";"UOP01-DEL02-PR"
509410;2023-02-20;"segunda-feira";"19:00:00";"AM";174;958;"MANAUS";"Ingestão de álcool pelo condutor";"Engavetamento";"Sem Vítimas";"Plena Noite";"Decrescente";"Chuva";"Simples";"Não Informado";"Não";3;0;0;0;3;0;0;3;-2,32835003;-60,0474847;"SPRF-AM";"N/A";"UOP01-DEL01-AM"
509419;2023-01-30;"segunda-feira";"17:05:00";"RN";101;125;"SAO JOSE DE MIPIBU";"Ingestão de álcool pelo condutor";"Atropelamento de Pedestre";"Com Vítimas Feridas";"Anoitecer";"Crescente";"Céu Claro";"Dupla";"Reta";"Sim";3;0;2;1;0;0;3;1;-6,07815599;-35,23412006;"SPRF-RN";"DEL01-RN";"UOP01-DEL01-RN"
509424;2023-01-08;"domingo";"19:00:00";"MG";40;753,8;"EWBANK DA CAMARA";"Velocidade Incompatível";"Tombamento";"Sem Vítimas";"Plena Noite";"Decrescente";"Chuva";"Simples";"Reta";"Não";1;0;0;0;0;1;0;1;-21,47144207;-43,5456067;"SPRF-MG";"DEL05-MG";"UOP01-DEL05-MG"
509438;2023-02-24;"sexta-feira";"17:50:00";"SC";282;589,4;"SAUDADES";"Deficiência do Sistema de Iluminação/Sinalização";"Colisão traseira";"Com Vítimas Fatais";"Anoitecer";"Crescente";"Chuva";"Simples";"Não Informado";"Não";2;1;0;0;1;0;0;2;-26,825861;-53,072893;"SPRF-SC";"DEL07-SC";"UOP02-DEL07-SC"
509448;2023-02-26;"domingo";"09:45:00";"MG";116;684,8;"MURIAE";"Ultrapassagem Indevida";"Colisão com objeto";"Com Vítimas Feridas";"Pleno dia";"Crescente";"Céu Claro";"Simples";"Reta";"Não";2;0;0;1;1;0;1;2;-20,97323599;-42,35516386;"SPRF-MG";"DEL07-MG";"UOP02-DEL07-MG"
509451;2023-02-18;"sábado";"12:50:00";"CE";304;97,9;"ARACATI";"Manobra de mudança de faixa";"Colisão frontal";"Com Vítimas Fatais";"Pleno dia";"Crescente";"Céu Claro";"Simples";"Reta";"Sim";4;2;1;1;0;0;2;2;-4,855756;-37,462703;"SPRF-CE";"DEL03-CE";"UOP03-DEL03-CE"
509453;2023-02-21;"terça-feira";"07:05:00";"PR";467;108,9;"CASCAVEL";"Ingestão de álcool pelo condutor";"Saída de leito carroçável";"Com Vítimas Feridas";"Pleno dia";"Decrescente";"Céu Claro";"Dupla";"Curva";"Sim";1;0;1;0;0;0;1;1;-24,9261;-53,4589;"SPRF-PR";"DEL04-PR";"UOP01-DEL04-PR"
509456;2023-02-21;"terça-feira";"20:20:00";"MG";365;648;"UBERLANDIA";"Reação tardia ou ineficiente do condutor";"Colisão lateral mesmo sentido";"Com Vítimas Feridas";"Plena Noite";"Decrescente";"Céu Claro";"Dupla";"Reta";"Não";3;0;1;0;2;0;1;2;-18,87284932;-48,54026605;"SPRF-MG";"DEL15-MG";"UOP01-DEL15-MG"
509474;2023-02-05;"domingo";"18:05:00";"RS";386;350;"ESTRELA";"Ausência de reação do condutor";"Tombamento";"Com Vítimas Feridas";"Pleno dia";"Crescente";"Céu Claro";"Dupla";"Não Informado";"Sim";2;0;1;0;0;1;1;1;-29,4743;-51,952923;"SPRF-RS";"DEL04-RS";"UOP02-DEL04-RS"
509488;2023-02-19;"domingo";"22:30:00";"PI";316;293;"PICOS";"Animais na Pista";"Atropelamento de Animal";"Com Vítimas Feridas";"Plena Noite";"Decrescente";"Céu Claro";"Simples";"Reta";"Não";1;0;0;1;0;0;1;1;-7,0096163;-41,59571616;"SPRF-PI";"DEL04-PI";"UOP01-DEL04-PI"
509515;2023-02-26;"domingo";"11:45:00";"RS";116;512;"PELOTAS";"Condutor deixou de manter distância do veículo da frente";"Colisão lateral mesmo sentido";"Com Vítimas Fatais";"Pleno dia";"Crescente";"Céu Claro";"Simples";"Curva";"Não";3;1;0;0;2;0;0;2;-31,612702;-52,305235;"SPRF-RS";"DEL07-RS";"UOP01-DEL07-RS"
509523;2023-01-18;"quarta-feira";"20:25:00";"MG";153;150,2;"COMENDADOR GOMES";"Ausência de reação do condutor";"Saída de leito carroçável";"Sem Vítimas";"Plena Noite";"Crescente";"Céu Claro";"Simples";"Curva";"Não";2;0;0;0;0;2;0;1;-19,640994;-48,863813;"SPRF-MG";"DEL13-MG";"UOP02-DEL13-MG"
509576;2023-02-22;"quarta-feira";"19:30:00";"PR";467;92,8;"CASCAVEL";"Acumulo de água sobre o pavimento";"Saída de leito carroçável";"Com Vítimas Feridas";"Plena Noite";"Decrescente";"Chuva";"Dupla";"Não Informado";"Não";5;0;3;1;1;0;4;1;-24,8543;-53,5952;"SPRF-PR";"DEL04-PR";"UOP01-DEL04-PR"
509578;2023-02-13;"segunda-feira";"15:20:00";"MA";226;301,6;"BARRA DO CORDA";"Ultrapassagem Indevida";"Colisão lateral sentido oposto";"Com Vítimas Feridas";"Pleno dia";"Decrescente";"Sol";"Simples";"Reta";"Sim";2;0;0;1;1;0;1;2;-5,49793816;-45,25652507;"SPRF-MA";"DEL03-MA";"UOP03-DEL03-MA"
509652;2023-01-01;"domingo";"13:50:00";"RJ";101;170;"MACAE";"Avarias e/ou desgaste excessivo no pneu";"Capotamento";"Com Vítimas Feridas";"Pleno dia";"Decrescente";"Garoa/Chuvisco";"Simples";"Curva";"Não";2;0;0;1;1;0;1;1;-22,35596699;-41,93020001;"SPRF-RJ";"DEL08-RJ";"UOP04-DEL08-RJ"
509653;2023-01-26;"quinta-feira";"11:10:00";"GO";NA;NA;"SIMOLANDIA";"Ingestão de álcool e/ou substâncias psicoativas pelo pedestre";"Eventos atípicos";"Sem Vítimas";"Pleno dia";"Não Informado";"Céu Claro";"Dupla";"Reta";"Sim";2;0;0;0;2;0;0;1;-14,46123018;-46,47907197;"SPRF-DF";"DEL02-DF";"UOP03-DEL02-DF"
509692;2023-01-01;"domingo";"18:30:00";"ES";259;23;"COLATINA";"Reação tardia ou ineficiente do condutor";"Colisão lateral sentido oposto";"Com Vítimas Feridas";"Plena Noite";"Decrescente";"Céu Claro";"Simples";"Curva";"Não";6;0;2;0;4;0;2;2;-19,62639552;-40,46257541;"SPRF-ES";"DEL02-ES";"UOP01-DEL02-ES"
509794;2023-02-23;"quinta-feira";"10:21:00";"MT";70;2;"BARRA DO GARCAS";"Acessar a via sem observar a presença dos outros veículos";"Colisão transversal";"Com Vítimas Feridas";"Pleno dia";"Crescente";"Céu Claro";"Simples";"Não Informado";"Sim";2;0;2;0;0;0;2;2;-15,88749699;-52,26810568;"SPRF-MT";"DEL07-MT";"UOP01-DEL07-MT"
509814;2023-02-23;"quinta-feira";"17:55:00";"AM";174;999;"PRESIDENTE FIGUEIREDO";"Pista esburacada";"Queda de ocupante de veículo";"Com Vítimas Feridas";"Anoitecer";"Crescente";"Chuva";"Simples";"Não Informado";"Não";2;0;0;1;1;0;1;1;-1,97676692;-60,02991559;"SPRF-AM";"N/A";"UOP02-DEL01-AM"
509818;2023-02-03;"sexta-feira";"23:50:00";"PR";369;174;"ROLANDIA";"Conversão proibida";"Colisão transversal";"Com Vítimas Feridas";"Plena Noite";"Decrescente";"Garoa/Chuvisco";"Simples";"Reta";"Sim";2;0;0;1;1;0;1;2;-23,32741612;-51,38842106;"SPRF-PR";"DEL07-PR";"UOP01-DEL07-PR"
509857;2023-02-28;"terça-feira";"20:30:00";"RO";319;62;"PORTO VELHO";"Ausência de reação do condutor";"Colisão lateral mesmo sentido";"Com Vítimas Feridas";"Plena Noite";"Decrescente";"Nublado";"Múltipla";"Reta";"Sim";2;0;1;0;0;1;1;2;-8,766685;-63,884052;"SPRF-RO";"DEL01-RO";"UOP01-DEL01-RO"
509861;2023-02-26;"domingo";"07:50:00";"ES";101;296;"CARIACICA";"Acessar a via sem observar a presença dos outros veículos";"Colisão transversal";"Com Vítimas Feridas";"Pleno dia";"Decrescente";"Céu Claro";"Dupla";"Viaduto";"Sim";2;0;0;1;1;0;1;2;-20,34029997;-40,40405712;"SPRF-ES";"DEL01-ES";"UOP01-DEL01-ES"
510186;2023-02-15;"quarta-feira";"11:00:00";"PR";369;185,2;"ARAPONGAS";"Ultrapassagem Indevida";"Colisão lateral mesmo sentido";"Com Vítimas Feridas";"Pleno dia";"Crescente";"Céu Claro";"Simples";"Não Informado";"Não";2;0;1;0;1;0;1;2;-23,40943064;-51,42773151;"SPRF-PR";"DEL07-PR";"UOP03-DEL07-PR"
510275;2023-02-13;"segunda-feira";"11:15:00";"SC";101;194;"BIGUACU";"Trafegar com motocicleta (ou similar) entre as faixas";"Colisão lateral mesmo sentido";"Com Vítimas Feridas";"Pleno dia";"Crescente";"Sol";"Múltipla";"Reta";"Sim";2;0;1;0;1;0;1;2;-27,49815117;-48,65661236;"SPRF-SC";"DEL01-SC";"UOP01-DEL01-SC"
510299;2023-02-26;"domingo";"01:00:00";"RS";392;647,6;"GUARANI DAS MISSOES";"Ingestão de álcool pelo condutor";"Colisão lateral sentido oposto";"Com Vítimas Feridas";"Plena Noite";"Decrescente";"Nublado";"Simples";"Reta";"Não";5;0;3;1;1;0;4;2;-28,13691867;-54,59728395;"SPRF-RS";"DEL10-RS";"UOP01-DEL10-RS"
510301;2023-02-17;"sexta-feira";"18:20:00";"BA";110;360;"CATU";"Condutor deixou de manter distância do veículo da frente";"Colisão lateral mesmo sentido";"Com Vítimas Feridas";"Anoitecer";"Crescente";"Céu Claro";"Simples";"Reta";"Sim";2;0;1;0;0;1;1;2;-12,36659322;-38,38801135;"SPRF-BA";"DEL01-BA";"UOP04-DEL01-BA"
510330;2023-01-07;"sábado";"00:40:00";"RS";116;263,6;"CANOAS";"Reação tardia ou ineficiente do condutor";"Colisão traseira";"Com Vítimas Fatais";"Plena Noite";"Crescente";"Céu Claro";"Dupla";"Reta";"Sim";3;1;0;2;0;0;2;2;-29,90545398;-51,17674031;"SPRF-RS";"DEL01-RS";"UOP01-DEL01-RS"
510381;2023-02-20;"segunda-feira";"12:10:00";"MT";163;865;"SINOP";"Ausência de reação do condutor";"Saída de leito carroçável";"Com Vítimas Feridas";"Pleno dia";"Crescente";"Nublado";"Simples";"Não Informado";"Não";3;0;2;1;0;0;3;1;-11,60121669;-55,42772055;"SPRF-MT";"DEL06-MT";"UOP02-DEL06-MT"
510428;2023-01-15;"domingo";"19:50:00";"PI";343;345;"TERESINA";"Acessar a via sem observar a presença dos outros veículos";"Colisão transversal";"Com Vítimas Feridas";"Plena Noite";"Crescente";"Céu Claro";"Dupla";"Interseção de vias";"Sim";2;0;0;1;0;1;1;2;-5,10586808;-42,76803851;"SPRF-PI";"DEL01-PI";"UOP01-DEL01-PI"
510439;2023-01-19;"quinta-feira";"04:55:00";"PI";135;212;"COLONIA DO GURGUEIA";"Condutor Dormindo";"Colisão com objeto";"Com Vítimas Fatais";"Amanhecer";"Decrescente";"Chuva";"Simples";"Reta";"Não";4;1;0;3;0;0;3;1;-8,11237971;-43,67821646;"SPRF-PI";"DEL03-PI";"UOP02-DEL03-PI"
510441;2023-02-23;"quinta-feira";"00:30:00";"MA";402;14,1;"ROSARIO";"Entrada inopinada do pedestre";"Atropelamento de Pedestre";"Com Vítimas Fatais";"Plena Noite";"Crescente";"Chuva";"Simples";"Reta";"Não";2;1;0;0;0;1;0;1;-2,948198;-44,214413;"SPRF-MA";"DEL01-MA";"UOP01-DEL01-MA"
510446;2023-01-13;"sexta-feira";"21:50:00";"RS";285;207,8;"LAGOA VERMELHA";"Transitar na contramão";"Colisão frontal";"Com Vítimas Fatais";"Plena Noite";"Decrescente";"Nublado";"Simples";"Reta";"Não";4;2;0;2;0;0;2;2;-28,22011;-51,588711;"SPRF-RS";"DEL08-RS";"UOP05-DEL08-RS"
510449;2023-01-13;"sexta-feira";"12:12:00";"GO";70;10;"AGUAS LINDAS DE GOIAS";"Reação tardia ou ineficiente do condutor";"Atropelamento de Pedestre";"Com Vítimas Feridas";"Pleno dia";"Crescente";"Nublado";"Dupla";"Reta";"Sim";4;0;0;1;3;0;1;1;-15,73738129;-48,29228118;"SPRF-DF";"DEL01-DF";"UOP03-DEL01-DF"
510485;2023-02-08;"quarta-feira";"17:15:00";"RN";101;76;"NATAL";"Demais Fenômenos da natureza";"Colisão traseira";"Com Vítimas Feridas";"Anoitecer";"Crescente";"Céu Claro";"Dupla";"Reta";"Sim";4;0;3;0;1;0;3;2;-5,72603024;-35,28461489;"SPRF-RN";"DEL02-RN";"UOP01-DEL02-RN"
510487;2023-01-30;"segunda-feira";"06:50:00";"MS";262;367,1;"CAMPO GRANDE";"Reação tardia ou ineficiente do condutor";"Tombamento";"Com Vítimas Feridas";"Amanhecer";"Crescente";"Chuva";"Simples";"Rotatória";"Sim";1;0;1;0;0;0;1;1;-20,477449;-54,750077;"SPRF-MS";"DEL01-MS";"UOP03-DEL01-MS"
510489;2023-01-13;"sexta-feira";"12:00:00";"RS";116;112,7;"SAO MARCOS";"Acesso irregular";"Colisão transversal";"Com Vítimas Feridas";"Pleno dia";"Crescente";"Nublado";"Simples";"Não Informado";"Sim";2;0;0;1;1;0;1;2;-28,9542778;-51,08099699;"SPRF-RS";"DEL05-RS";"UOP01-DEL05-RS"
510504;2023-02-10;"sexta-feira";"22:46:00";"ES";393;6;"CACHOEIRO DE ITAPEMIRIM";"Transitar na contramão";"Colisão frontal";"Com Vítimas Fatais";"Plena Noite";"Decrescente";"Céu Claro";"Simples";"Curva";"Não";2;1;0;0;1;0;0;2;-20,82324;-41,204822;"SPRF-ES";"DEL03-ES";"UOP02-DEL03-ES"
510506;2023-01-28;"sábado";"11:05:00";"RS";116;150,1;"CAXIAS DO SUL";"Condutor desrespeitou a iluminação vermelha do semáforo";"Colisão transversal";"Com Vítimas Feridas";"Pleno dia";"Decrescente";"Céu Claro";"Múltipla";"Reta";"Sim";2;0;0;1;1;0;1;2;-29,17025278;-51,15915656;"SPRF-RS";"DEL05-RS";"UOP01-DEL05-RS"
510545;2023-02-26;"domingo";"21:20:00";"PR";376;139;"BALSA NOVA";"Pista esburacada";"Tombamento";"Com Vítimas Feridas";"Plena Noite";"Decrescente";"Céu Claro";"Dupla";"Curva";"Não";2;0;2;0;0;0;2;1;-25,4660927;-49,7287299;"SPRF-PR";"DEL09-PR";"UOP02-DEL09-PR"
510547;2023-02-24;"sexta-feira";"14:40:00";"PI";135;126,3;"BERTOLINIA";"Manobra de mudança de faixa";"Colisão transversal";"Com Vítimas Fatais";"Pleno dia";"Crescente";"Céu Claro";"Simples";"Reta";"Não";2;1;0;0;1;0;0;2;-7,65678248;-43,95378325;"SPRF-PI";"DEL03-PI";"UOP01-DEL03-PI"
510573;2023-02-05;"domingo";"16:30:00";"PI";316;65;"MONSENHOR GIL";"Acessar a via sem observar a presença dos outros veículos";"Colisão transversal";"Com Vítimas Fatais";"Pleno dia";"Decrescente";"Céu Claro";"Simples";"Reta";"Não";2;1;0;0;1;0;0;2;-5,61717113;-42,60352135;"SPRF-PI";"DEL01-PI";"UOP02-DEL01-PI"
510657;2023-01-13;"sexta-feira";"07:20:00";"CE";NA;NA;"CAUCAIA";"Obras na pista";"Eventos atípicos";"Sem Vítimas";"Pleno dia";"Não Informado";"Céu Claro";"Dupla";"Não Informado";"Sim";2;0;0;0;2;0;0;1;-3,69503591;-38,86872701;"SPRF-CE";"DEL01-CE";"UOP03-DEL01-CE"
510675;2023-02-28;"terça-feira";"18:20:00";"AC";364;137,4;"RIO BRANCO";"Retorno proibido";"Colisão transversal";"Com Vítimas Feridas";"Anoitecer";"Crescente";"Céu Claro";"Dupla";"Reta";"Sim";4;0;1;1;2;0;2;3;-9,965672;-67,854363;"SPRF-AC";"N/A";"UOP01-DEL01-AC"
510700;2023-01-14;"sábado";"05:00:00";"RS";116;406;"CAMAQUA";"Ausência de reação do condutor";"Saída de leito carroçável";"Com Vítimas Feridas";"Amanhecer";"Crescente";"Céu Claro";"Simples";"Reta";"Não";1;0;0;1;0;0;1;1;-30,89948457;-51,85879823;"SPRF-RS";"DEL02-RS";"UOP02-DEL02-RS"
510740;2023-02-27;"segunda-feira";"12:25:00";"SP";116;93,8;"PINDAMONHANGABA";"Mal súbito do condutor";"Queda de ocupante de veículo";"Com Vítimas Feridas";"Pleno dia";"Decrescente";"Céu Claro";"Dupla";"Reta";"Não";1;0;1;0;0;0;1;1;-22,95653207;-45,41300297;"SPRF-SP";"DEL08-SP";"UOP01-DEL08-SP"
510835;2023-02-25;"sábado";"00:45:00";"PR";158;536,7;"PATO BRANCO";"Acessar a via sem observar a presença dos outros veículos";"Colisão transversal";"Com Vítimas Feridas";"Plena Noite";"Crescente";"Céu Claro";"Simples";"Interseção de vias";"Sim";3;0;1;0;2;0;1;2;-26,24248639;-52,69697646;"SPRF-PR";"DEL02-PR";"UOP01-DEL02-PR"
510863;2023-02-04;"sábado";"18:20:00";"PB";230;86;"CALDAS BRANDAO";"Reação tardia ou ineficiente do condutor";"Colisão traseira";"Sem Vítimas";"Plena Noite";"Decrescente";"Céu Claro";"Simples";"Reta";"Sim";4;0;0;0;2;2;0;2;-7,168183;-35,350528;"SPRF-PB";"DEL01-PB";"UOP03-DEL01-PB"
510873;2023-02-17;"sexta-feira";"04:35:00";"RN";304;38;"MOSSORO";"Ingestão de álcool e/ou substâncias psicoativas pelo pedestre";"Atropelamento de Pedestre";"Com Vítimas Feridas";"Pleno dia";"Decrescente";"Céu Claro";"Dupla";"Reta";"Sim";2;0;0;2;0;0;2;1;-5,18138457;-37,36832252;"SPRF-RN";"DEL04-RN";"UOP02-DEL04-RN"
510957;2023-02-13;"segunda-feira";"17:20:00";"BA";324;623;"SALVADOR";"Manobra de mudança de faixa";"Tombamento";"Com Vítimas Feridas";"Anoitecer";"Crescente";"Nublado";"Múltipla";"Reta";"Sim";1;0;1;0;0;0;1;1;-12,92628699;-38,46838679;"SPRF-BA";"DEL01-BA";"UOP01-DEL01-BA"
511028;2023-01-17;"terça-feira";"07:30:00";"PR";376;173;"MARINGA";"Manobra de mudança de faixa";"Queda de ocupante de veículo";"Com Vítimas Feridas";"Pleno dia";"Crescente";"Ignorado";"Dupla";"Reta";"Sim";1;0;1;0;0;0;1;1;-23,4176585;-51,95943654;"SPRF-PR";"DEL09-PR";"UOP01-DEL09-PR"
511136;2023-02-02;"quinta-feira";"06:00:00";"PA";230;112;"MARABA";"Transitar na contramão";"Colisão frontal";"Com Vítimas Feridas";"Amanhecer";"Crescente";"Nublado";"Simples";"Reta";"Sim";2;0;0;1;1;0;1;2;-5,36913479;-49,04877095;"SPRF-PA";"DEL03-PA";"UOP01-DEL03-PA"
511140;2023-02-24;"sexta-feira";"20:00:00";"PR";467;81;"CASCAVEL";"Ausência de reação do condutor";"Tombamento";"Com Vítimas Feridas";"Plena Noite";"Crescente";"Ignorado";"Dupla";"Reta";"Não";1;0;1;0;0;0;1;1;-24,7961;-53,6747;"SPRF-PR";"DEL04-PR";"UOP01-DEL04-PR"
511282;2023-02-22;"quarta-feira";"09:30:00";"MG";40;788,1;"JUIZ DE FORA";"Reação tardia ou ineficiente do condutor";"Colisão traseira";"Com Vítimas Feridas";"Pleno dia";"Crescente";"Céu Claro";"Dupla";"Não Informado";"Não";2;0;1;0;1;0;1;2;-21,76073531;-43,44077826;"SPRF-MG";"DEL05-MG";"UOP01-DEL05-MG"
511486;2023-02-12;"domingo";"01:50:00";"RS";101;58,2;"MAQUINE";"Ausência de reação do condutor";"Saída de leito carroçável";"Com Vítimas Feridas";"Plena Noite";"Decrescente";"Céu Claro";"Dupla";"Curva";"Não";1;0;0;1;0;0;1;1;-29,6769048;-50,14451981;"SPRF-RS";"DEL03-RS";"UOP02-DEL03-RS"
511627;2023-01-25;"quarta-feira";"02:10:00";"RS";392;103;"MORRO REDONDO";"Reação tardia ou ineficiente do condutor";"Saída de leito carroçável";"Com Vítimas Feridas";"Plena Noite";"Decrescente";"Céu Claro";"Simples";"Reta";"Não";1;0;0;1;0;0;1;1;-31,5163521;-52,5982911;"SPRF-RS";"DEL07-RS";"UOP01-DEL07-RS"